[1575013.850] {Default Queue}  -> wl_display#1.get_registry(new id wl_registry#2)
[1575013.869] {Default Queue}  -> wl_display#1.sync(new id wl_callback#3)
[1575013.986] {Display Queue} wl_display#1.delete_id(3)
[1575013.995] {Default Queue} wl_registry#2.global(1, "wl_compositor", 4)
[1575014.003] {Default Queue}  -> wl_registry#2.bind(1, "wl_compositor", 4, new id [unknown]#4)
[1575014.009] {Default Queue} wl_registry#2.global(2, "xdg_wm_base", 4)
[1575014.014] {Default Queue} wl_registry#2.global(3, "zwp_linux_dmabuf_v1", 3)
[1575014.020] {Default Queue} wl_registry#2.global(4, "wl_output", 4)
[1575014.024] {Default Queue}  -> wl_registry#2.bind(4, "wl_output", 3, new id [unknown]#5)
[1575014.128] {Default Queue}  -> wl_display#1.sync(new id wl_callback#6)
[1575014.133] {Default Queue} wl_registry#2.global(5, "wl_seat", 5)
[1575014.138] {Default Queue} wl_registry#2.global(6, "wl_shm", 1)
[1575014.142] {Default Queue}  -> wl_registry#2.bind(6, "wl_shm", 1, new id [unknown]#7)
[1575014.147] {Default Queue} wl_registry#2.global(7, "xdg_menu_manager_v1", 2)
[1575014.151] {Default Queue} wl_registry#2.global(8, "wl_subcompositor", 1)
[1575014.156] {Default Queue}  -> wl_registry#2.bind(8, "wl_subcompositor", 1, new id [unknown]#8)
[1575014.161] {Default Queue} wl_registry#2.global(9, "wl_data_device_manager", 3)
[1575014.166] {Default Queue}  -> wl_registry#2.bind(9, "wl_data_device_manager", 3, new id [unknown]#9)
[1575014.170] {Default Queue} wl_registry#2.global(10, "zxdg_decoration_manager_v1", 1)
[1575014.174] {Default Queue} wl_registry#2.global(11, "wp_cursor_shape_manager_v1", 1)
[1575014.179] {Default Queue}  -> wl_registry#2.bind(11, "wp_cursor_shape_manager_v1", 1, new id [unknown]#10)
[1575014.183] {Default Queue} wl_registry#2.global(12, "wp_viewporter", 1)
[1575014.188] {Default Queue}  -> wl_registry#2.bind(12, "wp_viewporter", 1, new id [unknown]#11)
[1575014.192] {Default Queue} wl_registry#2.global(13, "zwp_text_input_manager_v3", 1)
[1575014.197] {Default Queue} wl_registry#2.global(16, "keiland_titlebar_manager_v1", 3)
[1575014.201] {Default Queue} wl_registry#2.global(17, "keiland_glass_manager_v1", 2)
[1575014.206] {Default Queue} wl_registry#2.global(18, "zwp_primary_selection_device_manager_v1", 1)
[1575014.210] {Default Queue}  -> wl_registry#2.bind(18, "zwp_primary_selection_device_manager_v1", 1, new id [unknown]#12)
[1575014.216] {Default Queue} wl_registry#2.global(19, "zwp_tablet_manager_v2", 1)
[1575014.220] {Default Queue}  -> wl_registry#2.bind(19, "zwp_tablet_manager_v2", 1, new id [unknown]#13)
[1575014.224] {Default Queue} wl_registry#2.global(21, "keiland_desktop_manager_v1", 1)
[1575014.229] {Default Queue} wl_registry#2.global(22, "keiland_keyboard_inset_manager_v1", 1)
[1575014.233] {Default Queue} wl_registry#2.global(23, "keiland_edit_manager_v1", 1)
[1575014.238] {Default Queue} wl_callback#3.done(370191)
[1575014.293] {Default Queue}  -> wl_shm#7.create_pool(new id wl_shm_pool#3, fd 10, 2304)
[1575014.300] {Default Queue}  -> wl_registry#2.bind(5, "wl_seat", 5, new id [unknown]#14)
[1575017.615] {Default Queue}  -> zwp_primary_selection_device_manager_v1#12.get_device(new id zwp_primary_selection_device_v1#15, wl_seat#14)
[1575017.624] {Default Queue}  -> wl_data_device_manager#9.get_data_device(new id wl_data_device#16, wl_seat#14)
[1575017.670] {Default Queue}  -> wl_compositor#4.create_surface(new id wl_surface#17)
[1575017.673] {Default Queue}  -> wp_viewporter#11.get_viewport(new id wp_viewport#18, wl_surface#17)
[1575017.676] {Default Queue}  -> zwp_tablet_manager_v2#13.get_tablet_seat(new id zwp_tablet_seat_v2#19, wl_seat#14)
[1575017.681] {Default Queue}  -> wl_display#1.sync(new id wl_callback#20)
[1575017.805] {Display Queue} wl_display#1.delete_id(6)
[1575017.812] {Display Queue} wl_display#1.delete_id(20)
[1575017.818] {Default Queue} wl_output#5.geometry(0, 0, 0, 0, 0, "Unknown", "Unknown", 0)
[1575017.831] {Default Queue} wl_output#5.mode(3, 1280, 800, 74994)
[1575017.837] {Default Queue} wl_output#5.scale(1)
[1575017.842] {Default Queue} wl_output#5.done()
[1575017.846] {Default Queue} wl_callback#6.done(370195)
[1575017.856] {Default Queue} wl_shm#7.format(0)
[1575017.860] {Default Queue} wl_shm#7.format(1)
[1575017.864] {Default Queue} wl_seat#14.capabilities(3)
[1575017.868] {Default Queue}  -> wl_seat#14.get_pointer(new id wl_pointer#6)
[1575017.880] {Default Queue}  -> wp_cursor_shape_manager_v1#10.get_pointer(new id wp_cursor_shape_device_v1#21, wl_pointer#6)
[1575017.884] {Default Queue}  -> wl_seat#14.get_keyboard(new id wl_keyboard#22)
[1575017.892] {Default Queue} wl_seat#14.name("seat0")
[1575017.896] {Default Queue} wl_callback#20.done(370195)
[1575017.901] {Default Queue}  -> wl_registry#2.bind(2, "xdg_wm_base", 4, new id [unknown]#20)

(python3:890): Gtk-WARNING **: 07:20:28.065: Unable to acquire the address of the accessibility bus: GDBus.Error:org.freedesktop.DBus.Error.ServiceUnknown: The name org.a11y.Bus was not provided by any .service files. If you are attempting to run GTK without a11y support, GTK_A11Y should be set to 'none'.
[1575051.282] {Default Queue}  -> wl_compositor#4.create_surface(new id wl_surface#23)
[1575051.302] {Default Queue}  -> wp_viewporter#11.get_viewport(new id wp_viewport#24, wl_surface#23)
[1575076.606] {mesa egl display queue}  -> wl_display#1.get_registry(new id wl_registry#25)
[1575076.618] {mesa egl display queue}  -> wl_display#1.sync(new id wl_callback#26)
[1575076.922] {mesa egl display queue} wl_registry#25.global(1, "wl_compositor", 4)
[1575076.934] {mesa egl display queue} wl_registry#25.global(2, "xdg_wm_base", 4)
[1575076.940] {mesa egl display queue} wl_registry#25.global(3, "zwp_linux_dmabuf_v1", 3)
[1575076.946] {mesa egl display queue}  -> wl_registry#25.bind(3, "zwp_linux_dmabuf_v1", 3, new id [unknown]#27)
[1575076.953] {mesa egl display queue} wl_registry#25.global(4, "wl_output", 4)
[1575076.958] {mesa egl display queue} wl_registry#25.global(5, "wl_seat", 5)
[1575076.964] {mesa egl display queue} wl_registry#25.global(6, "wl_shm", 1)
[1575076.970] {mesa egl display queue} wl_registry#25.global(7, "xdg_menu_manager_v1", 2)
[1575077.011] {Display Queue} wl_display#1.delete_id(26)
[1575077.018] {mesa egl display queue} wl_registry#25.global(8, "wl_subcompositor", 1)
[1575077.024] {mesa egl display queue} wl_registry#25.global(9, "wl_data_device_manager", 3)
[1575077.028] {mesa egl display queue} wl_registry#25.global(10, "zxdg_decoration_manager_v1", 1)
[1575077.034] {mesa egl display queue} wl_registry#25.global(11, "wp_cursor_shape_manager_v1", 1)
[1575077.039] {mesa egl display queue} wl_registry#25.global(12, "wp_viewporter", 1)
[1575077.045] {mesa egl display queue} wl_registry#25.global(13, "zwp_text_input_manager_v3", 1)
[1575077.052] {mesa egl display queue} wl_registry#25.global(16, "keiland_titlebar_manager_v1", 3)
[1575077.057] {mesa egl display queue} wl_registry#25.global(17, "keiland_glass_manager_v1", 2)
[1575077.063] {mesa egl display queue} wl_registry#25.global(18, "zwp_primary_selection_device_manager_v1", 1)
[1575077.069] {mesa egl display queue} wl_registry#25.global(19, "zwp_tablet_manager_v2", 1)
[1575077.073] {mesa egl display queue} wl_registry#25.global(21, "keiland_desktop_manager_v1", 1)
[1575077.080] {mesa egl display queue} wl_registry#25.global(22, "keiland_keyboard_inset_manager_v1", 1)
[1575077.086] {mesa egl display queue} wl_registry#25.global(23, "keiland_edit_manager_v1", 1)
[1575077.090] {mesa egl display queue} wl_callback#26.done(370254)
[1575077.097] {mesa egl display queue}  -> wl_display#1.sync(new id wl_callback#26)
[1575077.121] {mesa egl display queue} zwp_linux_dmabuf_v1#27.format(875713089)
[1575077.127] {mesa egl display queue} zwp_linux_dmabuf_v1#27.modifier(875713089, 0, 0)
[1575077.132] {mesa egl display queue} zwp_linux_dmabuf_v1#27.format(875713112)
[1575077.136] {mesa egl display queue} zwp_linux_dmabuf_v1#27.modifier(875713112, 0, 0)
[1575077.175] {Display Queue} wl_display#1.delete_id(26)
[1575077.181] {mesa egl display queue} wl_callback#26.done(370254)
[1575077.188] {mesa egl display queue}  -> zwp_linux_dmabuf_v1#27.destroy()
[1575077.202] {mesa egl swrast display queue}  -> wl_display#1.get_registry(new id wl_registry#26)
[1575077.212] {mesa egl swrast display queue}  -> wl_display#1.sync(new id wl_callback#28)
[1575077.306] {Display Queue} wl_display#1.delete_id(27)
[1575077.311] {mesa egl swrast display queue} wl_registry#26.global(1, "wl_compositor", 4)
[1575077.316] {mesa egl swrast display queue} wl_registry#26.global(2, "xdg_wm_base", 4)
[1575077.320] {mesa egl swrast display queue} wl_registry#26.global(3, "zwp_linux_dmabuf_v1", 3)
[1575077.325] {mesa egl swrast display queue}  -> wl_registry#26.bind(3, "zwp_linux_dmabuf_v1", 3, new id [unknown]#27)
[1575077.353] {mesa egl swrast display queue} wl_registry#26.global(4, "wl_output", 4)
[1575077.361] {mesa egl swrast display queue} wl_registry#26.global(5, "wl_seat", 5)
[1575077.367] {mesa egl swrast display queue} wl_registry#26.global(6, "wl_shm", 1)
[1575077.371] {mesa egl swrast display queue}  -> wl_registry#26.bind(6, "wl_shm", 1, new id [unknown]#29)
[1575077.376] {mesa egl swrast display queue} wl_registry#26.global(7, "xdg_menu_manager_v1", 2)
[1575077.380] {mesa egl swrast display queue} wl_registry#26.global(8, "wl_subcompositor", 1)
[1575077.384] {mesa egl swrast display queue} wl_registry#26.global(9, "wl_data_device_manager", 3)
[1575077.389] {mesa egl swrast display queue} wl_registry#26.global(10, "zxdg_decoration_manager_v1", 1)
[1575077.420] {Display Queue} wl_display#1.delete_id(28)
[1575077.425] {mesa egl swrast display queue} wl_registry#26.global(11, "wp_cursor_shape_manager_v1", 1)
[1575077.430] {mesa egl swrast display queue} wl_registry#26.global(12, "wp_viewporter", 1)
[1575077.435] {mesa egl swrast display queue} wl_registry#26.global(13, "zwp_text_input_manager_v3", 1)
[1575077.440] {mesa egl swrast display queue} wl_registry#26.global(16, "keiland_titlebar_manager_v1", 3)
[1575077.444] {mesa egl swrast display queue} wl_registry#26.global(17, "keiland_glass_manager_v1", 2)
[1575077.449] {mesa egl swrast display queue} wl_registry#26.global(18, "zwp_primary_selection_device_manager_v1", 1)
[1575077.454] {mesa egl swrast display queue} wl_registry#26.global(19, "zwp_tablet_manager_v2", 1)
[1575077.458] {mesa egl swrast display queue} wl_registry#26.global(21, "keiland_desktop_manager_v1", 1)
[1575077.462] {mesa egl swrast display queue} wl_registry#26.global(22, "keiland_keyboard_inset_manager_v1", 1)
[1575077.466] {mesa egl swrast display queue} wl_registry#26.global(23, "keiland_edit_manager_v1", 1)
[1575077.470] {mesa egl swrast display queue} wl_callback#28.done(370254)
[1575077.474] {mesa egl swrast display queue}  -> wl_display#1.sync(new id wl_callback#28)
[1575077.493] {mesa egl swrast display queue} zwp_linux_dmabuf_v1#27.format(875713089)
[1575077.497] {mesa egl swrast display queue} zwp_linux_dmabuf_v1#27.modifier(875713089, 0, 0)
[1575077.503] {mesa egl swrast display queue} zwp_linux_dmabuf_v1#27.format(875713112)
[1575077.506] {mesa egl swrast display queue} zwp_linux_dmabuf_v1#27.modifier(875713112, 0, 0)
[1575077.510] {mesa egl swrast display queue} wl_shm#29.format(0)
[1575077.514] {mesa egl swrast display queue} wl_shm#29.format(1)
[1575077.525] {Display Queue} wl_display#1.delete_id(28)
[1575077.529] {mesa egl swrast display queue} wl_callback#28.done(370255)
[1575077.533] {mesa egl swrast display queue}  -> wl_display#1.sync(new id wl_callback#28)
[1575077.579] {Display Queue} wl_display#1.delete_id(28)
[1575077.585] {mesa egl swrast display queue} wl_callback#28.done(370255)
[1575077.590] {mesa egl swrast display queue}  -> zwp_linux_dmabuf_v1#27.destroy()
[1575077.597] {mesa egl swrast display queue}  -> wl_display#1.get_registry(new id wl_registry#28)
[1575077.601] {mesa egl swrast display queue}  -> wl_display#1.sync(new id wl_callback#30)
[1575077.676] {Display Queue} wl_display#1.delete_id(27)
[1575077.681] {mesa egl swrast display queue} wl_registry#28.global(1, "wl_compositor", 4)
[1575077.696] {mesa egl swrast display queue} wl_registry#28.global(2, "xdg_wm_base", 4)
[1575077.699] {mesa egl swrast display queue} wl_registry#28.global(3, "zwp_linux_dmabuf_v1", 3)
[1575077.707] {mesa egl swrast display queue} wl_registry#28.global(4, "wl_output", 4)
[1575077.730] {mesa egl swrast display queue} wl_registry#28.global(5, "wl_seat", 5)
[1575077.734] {mesa egl swrast display queue} wl_registry#28.global(6, "wl_shm", 1)
[1575077.740] {mesa egl swrast display queue}  -> wl_registry#28.bind(6, "wl_shm", 1, new id [unknown]#27)
[1575077.746] {mesa egl swrast display queue} wl_registry#28.global(7, "xdg_menu_manager_v1", 2)
[1575077.750] {mesa egl swrast display queue} wl_registry#28.global(8, "wl_subcompositor", 1)
[1575077.755] {mesa egl swrast display queue} wl_registry#28.global(9, "wl_data_device_manager", 3)
[1575077.760] {mesa egl swrast display queue} wl_registry#28.global(10, "zxdg_decoration_manager_v1", 1)
[1575077.765] {mesa egl swrast display queue} wl_registry#28.global(11, "wp_cursor_shape_manager_v1", 1)
[1575077.770] {mesa egl swrast display queue} wl_registry#28.global(12, "wp_viewporter", 1)
[1575077.775] {mesa egl swrast display queue} wl_registry#28.global(13, "zwp_text_input_manager_v3", 1)
[1575077.780] {mesa egl swrast display queue} wl_registry#28.global(16, "keiland_titlebar_manager_v1", 3)
[1575077.785] {mesa egl swrast display queue} wl_registry#28.global(17, "keiland_glass_manager_v1", 2)
[1575077.812] {Display Queue} wl_display#1.delete_id(30)
[1575077.817] {mesa egl swrast display queue} wl_registry#28.global(18, "zwp_primary_selection_device_manager_v1", 1)
[1575077.822] {mesa egl swrast display queue} wl_registry#28.global(19, "zwp_tablet_manager_v2", 1)
[1575077.827] {mesa egl swrast display queue} wl_registry#28.global(21, "keiland_desktop_manager_v1", 1)
[1575077.832] {mesa egl swrast display queue} wl_registry#28.global(22, "keiland_keyboard_inset_manager_v1", 1)
[1575077.837] {mesa egl swrast display queue} wl_registry#28.global(23, "keiland_edit_manager_v1", 1)
[1575077.842] {mesa egl swrast display queue} wl_callback#30.done(370255)
[1575077.847] {mesa egl swrast display queue}  -> wl_display#1.sync(new id wl_callback#30)
[1575077.863] {mesa egl swrast display queue} wl_shm#27.format(0)
[1575077.868] {mesa egl swrast display queue} wl_shm#27.format(1)
[1575077.882] {Display Queue} wl_display#1.delete_id(30)
[1575077.887] {mesa egl swrast display queue} wl_callback#30.done(370255)
Not using GL: renderer is llvmpipe
Using renderer 'GskGLRenderer' for surface 'GdkWaylandToplevel'
[1575109.351] {Default Queue}  -> xdg_wm_base#20.get_xdg_surface(new id xdg_surface#30, wl_surface#23)
[1575109.361]  -> xdg_surface#30.get_toplevel(new id xdg_toplevel#31)
[1575109.365]  -> xdg_toplevel#31.set_parent(nil)
[1575109.368]  -> xdg_toplevel#31.set_title("WS114 GTK4 baseline")
[1575109.370]  -> xdg_toplevel#31.set_app_id("org.zedbsd.WS114Baseline")
[1575109.372]  -> wl_surface#23.commit()
[1575112.137] {Default Queue}  -> wl_display#1.get_registry(new id wl_registry#32)
[1575112.515] {Default Queue} wl_keyboard#22.keymap(1, fd 12, 6896)
[1575113.006] {Default Queue} wl_keyboard#22.repeat_info(25, 400)
[1575113.505] {Default Queue} wl_registry#32.global(1, "wl_compositor", 4)
[1575113.516] {Default Queue} wl_registry#32.global(2, "xdg_wm_base", 4)
[1575113.521] {Default Queue} wl_registry#32.global(3, "zwp_linux_dmabuf_v1", 3)
[1575113.525] {Default Queue} wl_registry#32.global(4, "wl_output", 4)
[1575113.530] {Default Queue} wl_registry#32.global(5, "wl_seat", 5)
[1575113.533] {Default Queue} wl_registry#32.global(6, "wl_shm", 1)
[1575113.537] {Default Queue} wl_registry#32.global(7, "xdg_menu_manager_v1", 2)
[1575113.541] {Default Queue} wl_registry#32.global(8, "wl_subcompositor", 1)
[1575113.545] {Default Queue} wl_registry#32.global(9, "wl_data_device_manager", 3)
[1575113.549] {Default Queue} wl_registry#32.global(10, "zxdg_decoration_manager_v1", 1)
[1575113.553] {Default Queue} wl_registry#32.global(11, "wp_cursor_shape_manager_v1", 1)
[1575113.556] {Default Queue} wl_registry#32.global(12, "wp_viewporter", 1)
[1575113.560] {Default Queue} wl_registry#32.global(13, "zwp_text_input_manager_v3", 1)
[1575113.568] {Default Queue}  -> wl_registry#32.bind(13, "zwp_text_input_manager_v3", 1, new id [unknown]#33)
[1575113.581] {Default Queue}  -> zwp_text_input_manager_v3#33.get_text_input(new id zwp_text_input_v3#34, wl_seat#14)
[1575113.588] {Default Queue} wl_registry#32.global(16, "keiland_titlebar_manager_v1", 3)
[1575113.594] {Default Queue} wl_registry#32.global(17, "keiland_glass_manager_v1", 2)
[1575113.601] {Default Queue} wl_registry#32.global(18, "zwp_primary_selection_device_manager_v1", 1)
[1575113.604] {Default Queue} wl_registry#32.global(19, "zwp_tablet_manager_v2", 1)
[1575113.608] {Default Queue} wl_registry#32.global(21, "keiland_desktop_manager_v1", 1)
[1575113.612] {Default Queue} wl_registry#32.global(22, "keiland_keyboard_inset_manager_v1", 1)
[1575113.616] {Default Queue} wl_registry#32.global(23, "keiland_edit_manager_v1", 1)
[1575113.620] xdg_toplevel#31.configure_bounds(1256, 690)
[1575113.625] xdg_toplevel#31.configure(0, 0, array[4])
[1575113.629] xdg_surface#30.configure(39)
[1575113.658]  -> xdg_surface#30.ack_configure(39)
[1575116.793]  -> xdg_toplevel#31.set_min_size(485, 338)
[1575116.804]  -> xdg_toplevel#31.set_max_size(0, 0)
[1575124.285] {mesa egl swrast display queue}  -> wl_shm#27.create_pool(new id wl_shm_pool#35, fd 18, 1423968)
[1575124.297] {mesa egl surface queue}  -> wl_shm_pool#35.create_buffer(new id wl_buffer#36, 0, 728, 489, 2912, 0)
[1575124.303] {mesa egl surface queue}  -> wl_shm_pool#35.destroy()
[1575246.888]  -> xdg_toplevel#31.set_min_size(457, 309)
[1575246.906]  -> xdg_toplevel#31.set_max_size(0, 0)
[1575246.913]  -> xdg_surface#30.set_window_geometry(14, 12, 700, 460)
[1575246.919] {Default Queue}  -> wl_compositor#4.create_region(new id wl_region#37)
[1575246.924] {Default Queue}  -> wl_region#37.add(14, 20, 700, 452)
[1575246.927]  -> wl_surface#23.set_opaque_region(wl_region#37)
[1575246.930] {Default Queue}  -> wl_region#37.destroy()
[1575246.933] {Default Queue}  -> wl_compositor#4.create_region(new id wl_region#38)
[1575246.936] {Default Queue}  -> wl_region#38.add(2, 0, 724, 484)
[1575246.939]  -> wl_surface#23.set_input_region(wl_region#38)
[1575246.942] {Default Queue}  -> wl_region#38.destroy()
[1575246.945] {Default Queue}  -> wp_viewport#24.set_destination(728, 489)
[1575246.948]  -> wl_surface#23.frame(new id wl_callback#39)
[1575246.974] {mesa egl surface queue}  -> wl_surface#23.attach(wl_buffer#36, 0, 0)
[1575246.978] {mesa egl surface queue}  -> wl_surface#23.damage_buffer(0, 0, 728, 489)
[1575248.997] {mesa egl surface queue}  -> wl_surface#23.commit()
[1575249.007] {mesa egl surface queue}  -> wl_display#1.sync(new id wl_callback#40)
[1575249.212] {Display Queue} wl_display#1.delete_id(35)
[1575249.219] {Display Queue} wl_display#1.delete_id(37)
[1575249.223] {Display Queue} wl_display#1.delete_id(38)
[1575249.227] {Display Queue} wl_display#1.delete_id(40)
[1575272.018] {Default Queue} wl_data_device#16.selection(nil)
[1575272.042] {Default Queue} zwp_primary_selection_device_v1#15.selection(nil)
[1575272.047] {Default Queue} wl_keyboard#22.enter(40, wl_surface#23, array[0])
[1575272.060] {Default Queue} wl_keyboard#22.modifiers(41, 0, 0, 0, 0)
[1575272.085] {Default Queue} zwp_text_input_v3#34.enter(wl_surface#23)
[1575272.089] {Default Queue}  -> zwp_text_input_v3#34.enable()
[1575272.108] {Default Queue}  -> zwp_text_input_v3#34.set_surrounding_text("q581 clipboard Ω 日本語", 27, 0)
[1575272.112] {Default Queue}  -> zwp_text_input_v3#34.set_text_change_cause(1)
[1575272.119] {Default Queue}  -> zwp_text_input_v3#34.set_content_type(0, 0)
[1575272.132] {Default Queue}  -> zwp_text_input_v3#34.set_cursor_rectangle(189, 112, 0, 32)
[1575272.135] {Default Queue}  -> zwp_text_input_v3#34.commit()
[1575272.138] {Default Queue} wl_pointer#6.enter(42, wl_surface#23, 57.00000000, 33.00000000)
[1575272.143] {Default Queue} wl_pointer#6.frame()
[1575272.156] {Default Queue}  -> wp_cursor_shape_device_v1#21.set_shape(42, 1)
[1575273.080] {Display Queue} wl_display#1.delete_id(39)
[1575273.090] {Default Queue} wl_callback#39.done(370450)
[1575273.790] {mesa egl surface queue} wl_callback#40.done(370426)
[1575273.798] {mesa egl surface queue} wl_buffer#36.release()
[1575274.242]  -> wl_surface#23.frame(new id wl_callback#40)
[1575274.267] {mesa egl surface queue}  -> wl_surface#23.attach(wl_buffer#36, 0, 0)
[1575274.274] {mesa egl surface queue}  -> wl_surface#23.damage_buffer(21, 19, 77, 32)
[1575274.280] {mesa egl surface queue}  -> wl_surface#23.damage_buffer(32, 107, 664, 42)
[1575275.038] {mesa egl surface queue}  -> wl_surface#23.commit()
[1575275.048] {mesa egl surface queue}  -> wl_display#1.sync(new id wl_callback#39)
[1575275.117] {Display Queue} wl_display#1.delete_id(39)
[1575293.535] {Display Queue} wl_display#1.delete_id(40)
[1575293.563] {Default Queue} wl_callback#40.done(370470)
[1575293.937] {mesa egl surface queue} wl_callback#39.done(370452)
[1575293.943] {mesa egl surface queue} wl_buffer#36.release()
[1575294.170]  -> wl_surface#23.frame(new id wl_callback#39)
[1575294.190] {mesa egl surface queue}  -> wl_surface#23.attach(wl_buffer#36, 0, 0)
[1575294.197] {mesa egl surface queue}  -> wl_surface#23.damage_buffer(35, 110, 658, 36)
[1575294.872] {mesa egl surface queue}  -> wl_surface#23.commit()
[1575294.893] {mesa egl surface queue}  -> wl_display#1.sync(new id wl_callback#40)
[1575295.040] {Display Queue} wl_display#1.delete_id(40)
[1575312.735] {Display Queue} wl_display#1.delete_id(39)
[1575312.763] {Default Queue} wl_callback#39.done(370490)
[1575313.234] {mesa egl surface queue} wl_callback#40.done(370472)
[1575313.248] {mesa egl surface queue} wl_buffer#36.release()
[1575313.623]  -> wl_surface#23.frame(new id wl_callback#40)
[1575313.659] {mesa egl surface queue}  -> wl_surface#23.attach(wl_buffer#36, 0, 0)
[1575313.673] {mesa egl surface queue}  -> wl_surface#23.damage_buffer(35, 110, 658, 36)
[1575314.667] {mesa egl surface queue}  -> wl_surface#23.commit()
[1575314.682] {mesa egl surface queue}  -> wl_display#1.sync(new id wl_callback#39)
[1575314.796] {Display Queue} wl_display#1.delete_id(39)
[1575329.743] {Display Queue} wl_display#1.delete_id(40)
[1575329.775] {Default Queue} wl_callback#40.done(370507)
[1575330.110] {mesa egl surface queue} wl_callback#39.done(370492)
[1575330.121] {mesa egl surface queue} wl_buffer#36.release()
[1575330.378]  -> wl_surface#23.frame(new id wl_callback#39)
[1575330.404] {mesa egl surface queue}  -> wl_surface#23.attach(wl_buffer#36, 0, 0)
[1575330.413] {mesa egl surface queue}  -> wl_surface#23.damage_buffer(35, 110, 658, 36)
[1575331.135] {mesa egl surface queue}  -> wl_surface#23.commit()
[1575331.146] {mesa egl surface queue}  -> wl_display#1.sync(new id wl_callback#40)
[1575331.246] {Display Queue} wl_display#1.delete_id(40)
[1575343.393] {Display Queue} wl_display#1.delete_id(39)
[1575343.418] {Default Queue} wl_callback#39.done(370520)
[1575343.883] {mesa egl surface queue} wl_callback#40.done(370508)
[1575343.902] {mesa egl surface queue} wl_buffer#36.release()
[1575344.331]  -> wl_surface#23.frame(new id wl_callback#40)
[1575344.355] {mesa egl surface queue}  -> wl_surface#23.attach(wl_buffer#36, 0, 0)
[1575344.365] {mesa egl surface queue}  -> wl_surface#23.damage_buffer(35, 110, 658, 36)
[1575345.144] {mesa egl surface queue}  -> wl_surface#23.commit()
[1575345.156] {mesa egl surface queue}  -> wl_display#1.sync(new id wl_callback#39)
[1575345.254] {Display Queue} wl_display#1.delete_id(39)
[1575358.645] {Display Queue} wl_display#1.delete_id(40)
[1575358.675] {Default Queue} wl_callback#40.done(370536)
[1575359.039] {mesa egl surface queue} wl_callback#39.done(370522)
[1575359.058] {mesa egl surface queue} wl_buffer#36.release()
[1575359.340]  -> wl_surface#23.frame(new id wl_callback#39)
[1575359.360] {mesa egl surface queue}  -> wl_surface#23.attach(wl_buffer#36, 0, 0)
[1575359.368] {mesa egl surface queue}  -> wl_surface#23.damage_buffer(35, 110, 658, 36)
[1575359.941] {mesa egl surface queue}  -> wl_surface#23.commit()
[1575359.952] {mesa egl surface queue}  -> wl_display#1.sync(new id wl_callback#40)
[1575360.038] {Display Queue} wl_display#1.delete_id(40)
[1575370.230] {Display Queue} wl_display#1.delete_id(39)
[1575370.257] {Default Queue} wl_callback#39.done(370547)
[1575370.786] {mesa egl surface queue} wl_callback#40.done(370537)
[1575370.810] {mesa egl surface queue} wl_buffer#36.release()
[1575371.624]  -> wl_surface#23.frame(new id wl_callback#40)
[1575371.657] {mesa egl surface queue}  -> wl_surface#23.attach(wl_buffer#36, 0, 0)
[1575371.665] {mesa egl surface queue}  -> wl_surface#23.damage_buffer(35, 110, 658, 36)
[1575371.872] {mesa egl surface queue}  -> wl_surface#23.commit()
[1575371.878] {mesa egl surface queue}  -> wl_display#1.sync(new id wl_callback#39)
[1575371.966] {Display Queue} wl_display#1.delete_id(39)
[1575382.450] {Display Queue} wl_display#1.delete_id(40)
[1575382.477] {Default Queue} wl_callback#40.done(370559)
[1575382.668] {mesa egl surface queue} wl_callback#39.done(370549)
[1575382.675] {mesa egl surface queue} wl_buffer#36.release()
[1575382.877]  -> wl_surface#23.frame(new id wl_callback#39)
[1575382.899] {mesa egl surface queue}  -> wl_surface#23.attach(wl_buffer#36, 0, 0)
[1575382.908] {mesa egl surface queue}  -> wl_surface#23.damage_buffer(35, 110, 658, 36)
[1575383.512] {mesa egl surface queue}  -> wl_surface#23.commit()
[1575383.527] {mesa egl surface queue}  -> wl_display#1.sync(new id wl_callback#40)
[1575383.599] {Display Queue} wl_display#1.delete_id(40)
[1575394.361] {Display Queue} wl_display#1.delete_id(39)
[1575394.389] {Default Queue} wl_callback#39.done(370571)
[1575394.640] {mesa egl surface queue} wl_callback#40.done(370561)
[1575394.649] {mesa egl surface queue} wl_buffer#36.release()
[1575394.859]  -> wl_surface#23.frame(new id wl_callback#40)
[1575394.884] {mesa egl surface queue}  -> wl_surface#23.attach(wl_buffer#36, 0, 0)
[1575394.893] {mesa egl surface queue}  -> wl_surface#23.damage_buffer(35, 110, 658, 36)
[1575395.515] {mesa egl surface queue}  -> wl_surface#23.commit()
[1575395.525] {mesa egl surface queue}  -> wl_display#1.sync(new id wl_callback#39)
[1575395.587] {Display Queue} wl_display#1.delete_id(39)
[1575406.699] {Display Queue} wl_display#1.delete_id(40)
[1575406.710] {Default Queue} wl_callback#40.done(370584)
[1575406.878] {mesa egl surface queue} wl_callback#39.done(370573)
[1575406.884] {mesa egl surface queue} wl_buffer#36.release()
[1575407.095]  -> wl_surface#23.frame(new id wl_callback#39)
[1575407.109] {mesa egl surface queue}  -> wl_surface#23.attach(wl_buffer#36, 0, 0)
[1575407.113] {mesa egl surface queue}  -> wl_surface#23.damage_buffer(35, 110, 658, 36)
[1575407.722] {mesa egl surface queue}  -> wl_surface#23.commit()
[1575407.730] {mesa egl surface queue}  -> wl_display#1.sync(new id wl_callback#40)
[1575407.833] {Display Queue} wl_display#1.delete_id(40)
[1575418.366] {Display Queue} wl_display#1.delete_id(39)
[1575418.390] {Default Queue} wl_callback#39.done(370595)
[1575418.771] {mesa egl surface queue} wl_callback#40.done(370585)
[1575418.789] {mesa egl surface queue} wl_buffer#36.release()
[1575419.226]  -> wl_surface#23.frame(new id wl_callback#40)
[1575419.261] {mesa egl surface queue}  -> wl_surface#23.attach(wl_buffer#36, 0, 0)
[1575419.273] {mesa egl surface queue}  -> wl_surface#23.damage_buffer(35, 110, 658, 36)
[1575419.945] {mesa egl surface queue}  -> wl_surface#23.commit()
[1575419.952] {mesa egl surface queue}  -> wl_display#1.sync(new id wl_callback#39)
[1575420.044] {Display Queue} wl_display#1.delete_id(39)
[1575430.397] {Display Queue} wl_display#1.delete_id(40)
[1575430.421] {Default Queue} wl_callback#40.done(370607)
[1575773.768] {Default Queue}  -> wl_compositor#4.create_surface(new id wl_surface#40)
[1575773.799] {Default Queue}  -> wp_viewporter#11.get_viewport(new id wp_viewport#38, wl_surface#40)
Not using GL: renderer is llvmpipe
Using renderer 'GskGLRenderer' for surface 'GdkWaylandPopup'
[1575801.882] {Default Queue}  -> xdg_wm_base#20.create_positioner(new id xdg_positioner#37)
[1575801.894] {Default Queue}  -> xdg_positioner#37.set_size(153, 32)
[1575801.899] {Default Queue}  -> xdg_positioner#37.set_anchor_rect(2, 2, 87, 42)
[1575801.903] {Default Queue}  -> xdg_positioner#37.set_offset(0, 0)
[1575801.907] {Default Queue}  -> xdg_positioner#37.set_anchor(2)
[1575801.918] {Default Queue}  -> xdg_positioner#37.set_gravity(2)
[1575801.921] {Default Queue}  -> xdg_positioner#37.set_constraint_adjustment(9)
[1575801.924] {Default Queue}  -> xdg_positioner#37.set_reactive()
[1575801.929] {Default Queue}  -> xdg_wm_base#20.get_xdg_surface(new id xdg_surface#35, wl_surface#40)
[1575801.934]  -> xdg_surface#35.get_popup(new id xdg_popup#41, xdg_surface#30, xdg_positioner#37)
[1575801.939] {Default Queue}  -> xdg_positioner#37.destroy()
[1575801.943]  -> wl_surface#40.commit()
[1575802.223] {Display Queue} wl_display#1.delete_id(37)
[1575802.231] xdg_popup#41.configure(-31, 44, 153, 32)
[1575802.236] xdg_surface#35.configure(43)
[1575802.254]  -> xdg_surface#35.ack_configure(43)
[1575802.263] {Default Queue}  -> xdg_wm_base#20.create_positioner(new id xdg_positioner#37)
[1575802.267] {Default Queue}  -> xdg_positioner#37.set_size(1, 1)
[1575802.271] {Default Queue}  -> xdg_positioner#37.set_anchor_rect(2, 2, 87, 42)
[1575802.275] {Default Queue}  -> xdg_positioner#37.set_offset(0, 0)
[1575802.278] {Default Queue}  -> xdg_positioner#37.set_anchor(2)
[1575802.282] {Default Queue}  -> xdg_positioner#37.set_gravity(2)
[1575802.285] {Default Queue}  -> xdg_positioner#37.set_constraint_adjustment(9)
[1575802.288] {Default Queue}  -> xdg_positioner#37.set_reactive()
[1575802.291] {Default Queue}  -> xdg_positioner#37.set_parent_size(700, 460)
[1575802.295] {Default Queue}  -> xdg_positioner#37.set_parent_configure(39)
[1575802.298]  -> xdg_popup#41.reposition(xdg_positioner#37, 1)
[1575802.302] {Default Queue}  -> xdg_positioner#37.destroy()
[1575802.419] {Display Queue} wl_display#1.delete_id(37)
[1575802.425] xdg_popup#41.repositioned(1)
[1575802.429] xdg_popup#41.configure(45, 44, 1, 1)
[1575802.433] xdg_surface#35.configure(44)
[1575802.436]  -> xdg_surface#35.ack_configure(44)
[1575802.611] {Default Queue}  -> xdg_wm_base#20.create_positioner(new id xdg_positioner#37)
[1575802.618] {Default Queue}  -> xdg_positioner#37.set_size(153, 32)
[1575802.622] {Default Queue}  -> xdg_positioner#37.set_anchor_rect(2, 2, 87, 42)
[1575802.625] {Default Queue}  -> xdg_positioner#37.set_offset(0, 0)
[1575802.629] {Default Queue}  -> xdg_positioner#37.set_anchor(2)
[1575802.632] {Default Queue}  -> xdg_positioner#37.set_gravity(2)
[1575802.635] {Default Queue}  -> xdg_positioner#37.set_constraint_adjustment(9)
[1575802.639] {Default Queue}  -> xdg_positioner#37.set_reactive()
[1575802.642] {Default Queue}  -> xdg_positioner#37.set_parent_size(700, 460)
[1575802.645] {Default Queue}  -> xdg_positioner#37.set_parent_configure(39)
[1575802.649]  -> xdg_popup#41.reposition(xdg_positioner#37, 2)
[1575802.652] {Default Queue}  -> xdg_positioner#37.destroy()
[1575824.340] {Display Queue} wl_display#1.delete_id(37)
[1575824.354] xdg_popup#41.repositioned(2)
[1575824.358] xdg_popup#41.configure(-31, 44, 153, 32)
[1575824.362] xdg_surface#35.configure(45)
[1575824.366]  -> xdg_surface#35.ack_configure(45)
[1575824.733] {mesa egl swrast display queue}  -> wl_shm#27.create_pool(new id wl_shm_pool#37, fd 18, 19584)
[1575824.743] {mesa egl surface queue}  -> wl_shm_pool#37.create_buffer(new id wl_buffer#42, 0, 153, 32, 612, 0)
[1575824.747] {mesa egl surface queue}  -> wl_shm_pool#37.destroy()
[1575849.894]  -> xdg_surface#35.set_window_geometry(0, 0, 153, 32)
[1575849.905] {Default Queue}  -> wp_viewport#38.set_destination(153, 32)
[1575849.909]  -> wl_surface#40.frame(new id wl_callback#43)
[1575849.934] {mesa egl surface queue}  -> wl_surface#40.attach(wl_buffer#42, 0, 0)
[1575849.938] {mesa egl surface queue}  -> wl_surface#40.damage_buffer(0, 0, 153, 32)
[1575854.576] {mesa egl surface queue}  -> wl_surface#40.commit()
[1575854.585] {mesa egl surface queue}  -> wl_display#1.sync(new id wl_callback#44)
[1575860.468] {Display Queue} wl_display#1.delete_id(37)
[1575860.481] {Display Queue} wl_display#1.delete_id(44)
[1575906.644] {Display Queue} wl_display#1.delete_id(43)
[1575906.665] {Default Queue} wl_callback#43.done(371084)
[1575931.827] {Default Queue} wl_pointer#6.motion(371109, 223.00000000, 341.00000000)
[1575931.884] {Default Queue} wl_pointer#6.frame()
[1575932.422] {Default Queue}  -> wp_cursor_shape_device_v1#21.set_shape(42, 9)
[1575932.643]  -> xdg_popup#41.destroy()
[1575932.660]  -> xdg_surface#35.destroy()
[1575932.670]  -> wl_surface#40.attach(nil, 0, 0)
[1575932.680]  -> wl_surface#40.commit()
[1575933.183] {mesa egl surface queue} wl_callback#39.done(370597)
[1575933.201] {mesa egl surface queue} wl_buffer#36.release()
[1575933.963]  -> wl_surface#23.frame(new id wl_callback#39)
[1575934.007] {mesa egl surface queue}  -> wl_surface#23.attach(wl_buffer#36, 0, 0)
[1575934.020] {mesa egl surface queue}  -> wl_surface#23.damage_buffer(21, 19, 77, 32)
[1575935.171] {mesa egl surface queue}  -> wl_surface#23.commit()
[1575935.193] {mesa egl surface queue}  -> wl_display#1.sync(new id wl_callback#43)
[1575959.966] {Display Queue} wl_display#1.delete_id(41)
[1575959.994] {Display Queue} wl_display#1.delete_id(35)
[1575960.003] {Display Queue} wl_display#1.delete_id(43)
[1575978.576] {Display Queue} wl_display#1.delete_id(39)
[1575978.595] {Default Queue} wl_callback#39.done(371155)
[1575980.610] {mesa egl surface queue} wl_callback#43.done(371137)
[1575980.626] {mesa egl surface queue} wl_buffer#36.release()
[1575991.656]  -> wl_surface#23.frame(new id wl_callback#43)
[1575991.690] {mesa egl surface queue}  -> wl_surface#23.attach(wl_buffer#36, 0, 0)
[1575991.696] {mesa egl surface queue}  -> wl_surface#23.damage_buffer(36, 257, 139, 67)
[1575991.700] {mesa egl surface queue}  -> wl_surface#23.damage_buffer(687, 257, 5, 67)
[1575991.704] {mesa egl surface queue}  -> wl_surface#23.damage_buffer(36, 324, 139, 127)
[1575992.398] {mesa egl surface queue}  -> wl_surface#23.commit()
[1575992.417] {mesa egl surface queue}  -> wl_display#1.sync(new id wl_callback#39)
[1575992.535] {Display Queue} wl_display#1.delete_id(39)
[1575992.542] {Default Queue} wl_pointer#6.axis_source(0)
[1575992.548] {Default Queue} wl_pointer#6.axis_discrete(0, 1)
[1575992.553] {Default Queue} wl_pointer#6.axis(371167, 0, 15.00000000)
[1575992.559] {Default Queue} wl_pointer#6.frame()
[1576003.992] {Display Queue} wl_display#1.delete_id(43)
[1576004.011] {Default Queue} wl_callback#43.done(371181)
[1576004.863] {mesa egl surface queue} wl_callback#39.done(371170)
[1576004.877] {mesa egl surface queue} wl_buffer#36.release()
[1576005.561]  -> wl_surface#23.frame(new id wl_callback#39)
[1576005.589] {mesa egl surface queue}  -> wl_surface#23.attach(wl_buffer#36, 0, 0)
[1576005.596] {mesa egl surface queue}  -> wl_surface#23.damage_buffer(36, 255, 656, 197)
[1576005.918] {mesa egl surface queue}  -> wl_surface#23.commit()
[1576005.926] {mesa egl surface queue}  -> wl_display#1.sync(new id wl_callback#43)
[1576006.018] {Display Queue} wl_display#1.delete_id(43)
[1576018.988] {Display Queue} wl_display#1.delete_id(39)
[1576019.006] {Default Queue} wl_callback#39.done(371196)
[1576019.479] {mesa egl surface queue} wl_callback#43.done(371183)
[1576019.491] {mesa egl surface queue} wl_buffer#36.release()
[1576019.802]  -> wl_surface#23.frame(new id wl_callback#43)
[1576019.828] {mesa egl surface queue}  -> wl_surface#23.attach(wl_buffer#36, 0, 0)
[1576019.837] {mesa egl surface queue}  -> wl_surface#23.damage_buffer(687, 269, 5, 67)
[1576020.156] {mesa egl surface queue}  -> wl_surface#23.commit()
[1576020.164] {mesa egl surface queue}  -> wl_display#1.sync(new id wl_callback#39)
[1576020.247] {Display Queue} wl_display#1.delete_id(39)
[1576035.025] {Display Queue} wl_display#1.delete_id(43)
[1576035.043] {Default Queue} wl_callback#43.done(371212)
[1576035.366] {mesa egl surface queue} wl_callback#39.done(371197)
[1576035.377] {mesa egl surface queue} wl_buffer#36.release()
[1576035.718]  -> wl_surface#23.frame(new id wl_callback#39)
[1576035.754] {mesa egl surface queue}  -> wl_surface#23.attach(wl_buffer#36, 0, 0)
[1576035.761] {mesa egl surface queue}  -> wl_surface#23.damage_buffer(687, 269, 5, 67)
[1576036.102] {mesa egl surface queue}  -> wl_surface#23.commit()
[1576036.113] {mesa egl surface queue}  -> wl_display#1.sync(new id wl_callback#43)
[1576036.215] {Display Queue} wl_display#1.delete_id(43)
[1576048.230] {Display Queue} wl_display#1.delete_id(39)
[1576048.251] {Default Queue} wl_callback#39.done(371225)
[1576048.642] {mesa egl surface queue} wl_callback#43.done(371213)
[1576048.655] {mesa egl surface queue} wl_buffer#36.release()
[1576049.019]  -> wl_surface#23.frame(new id wl_callback#43)
[1576049.045] {mesa egl surface queue}  -> wl_surface#23.attach(wl_buffer#36, 0, 0)
[1576049.052] {mesa egl surface queue}  -> wl_surface#23.damage_buffer(687, 269, 5, 67)
[1576049.412] {mesa egl surface queue}  -> wl_surface#23.commit()
[1576049.422] {mesa egl surface queue}  -> wl_display#1.sync(new id wl_callback#39)
[1576049.506] {Display Queue} wl_display#1.delete_id(39)
[1576065.542] {Display Queue} wl_display#1.delete_id(43)
[1576065.573] {Default Queue} wl_callback#43.done(371242)
[1576066.070] {mesa egl surface queue} wl_callback#39.done(371227)
[1576066.086] {mesa egl surface queue} wl_buffer#36.release()
[1576066.479]  -> wl_surface#23.frame(new id wl_callback#39)
[1576066.515] {mesa egl surface queue}  -> wl_surface#23.attach(wl_buffer#36, 0, 0)
[1576066.525] {mesa egl surface queue}  -> wl_surface#23.damage_buffer(687, 269, 5, 67)
[1576066.863] {mesa egl surface queue}  -> wl_surface#23.commit()
[1576066.874] {mesa egl surface queue}  -> wl_display#1.sync(new id wl_callback#43)
[1576066.987] {Display Queue} wl_display#1.delete_id(43)
[1576080.834] {Display Queue} wl_display#1.delete_id(39)
[1576080.862] {Default Queue} wl_callback#39.done(371258)
[1576081.354] {mesa egl surface queue} wl_callback#43.done(371244)
[1576081.374] {mesa egl surface queue} wl_buffer#36.release()
[1576081.828]  -> wl_surface#23.frame(new id wl_callback#43)
[1576081.867] {mesa egl surface queue}  -> wl_surface#23.attach(wl_buffer#36, 0, 0)
[1576081.879] {mesa egl surface queue}  -> wl_surface#23.damage_buffer(687, 269, 5, 67)
[1576082.241] {mesa egl surface queue}  -> wl_surface#23.commit()
[1576082.253] {mesa egl surface queue}  -> wl_display#1.sync(new id wl_callback#39)
[1576082.382] {Display Queue} wl_display#1.delete_id(39)
[1576095.170] {Display Queue} wl_display#1.delete_id(43)
[1576095.192] {Default Queue} wl_callback#43.done(371272)
[1576095.576] {mesa egl surface queue} wl_callback#39.done(371259)
[1576095.591] {mesa egl surface queue} wl_buffer#36.release()
[1576095.927]  -> wl_surface#23.frame(new id wl_callback#39)
[1576095.958] {mesa egl surface queue}  -> wl_surface#23.attach(wl_buffer#36, 0, 0)
[1576095.968] {mesa egl surface queue}  -> wl_surface#23.damage_buffer(687, 269, 5, 67)
[1576096.277] {mesa egl surface queue}  -> wl_surface#23.commit()
[1576096.288] {mesa egl surface queue}  -> wl_display#1.sync(new id wl_callback#43)
[1576096.393] {Display Queue} wl_display#1.delete_id(43)
[1576107.225] {Display Queue} wl_display#1.delete_id(39)
[1576107.249] {Default Queue} wl_callback#39.done(371284)
[1576107.680] {mesa egl surface queue} wl_callback#43.done(371273)
[1576107.699] {mesa egl surface queue} wl_buffer#36.release()
[1576108.172]  -> wl_surface#23.frame(new id wl_callback#43)
[1576108.200] {mesa egl surface queue}  -> wl_surface#23.attach(wl_buffer#36, 0, 0)
[1576108.205] {mesa egl surface queue}  -> wl_surface#23.damage_buffer(687, 269, 5, 67)
[1576108.501] {mesa egl surface queue}  -> wl_surface#23.commit()
[1576108.510] {mesa egl surface queue}  -> wl_display#1.sync(new id wl_callback#39)
[1576108.606] {Display Queue} wl_display#1.delete_id(39)
[1576123.880] {Display Queue} wl_display#1.delete_id(43)
[1576123.909] {Default Queue} wl_callback#43.done(371301)
[1576124.370] {mesa egl surface queue} wl_callback#39.done(371286)
[1576124.386] {mesa egl surface queue} wl_buffer#36.release()
[1576124.781]  -> wl_surface#23.frame(new id wl_callback#39)
[1576124.814] {mesa egl surface queue}  -> wl_surface#23.attach(wl_buffer#36, 0, 0)
[1576124.823] {mesa egl surface queue}  -> wl_surface#23.damage_buffer(687, 269, 5, 67)
[1576125.098] {mesa egl surface queue}  -> wl_surface#23.commit()
[1576125.106] {mesa egl surface queue}  -> wl_display#1.sync(new id wl_callback#43)
[1576125.211] {Display Queue} wl_display#1.delete_id(43)
[1576136.437] {Display Queue} wl_display#1.delete_id(39)
[1576136.495] {Default Queue} wl_callback#39.done(371313)
[1576136.958] {mesa egl surface queue} wl_callback#43.done(371302)
[1576136.977] {mesa egl surface queue} wl_buffer#36.release()
[1576137.458]  -> wl_surface#23.frame(new id wl_callback#43)
[1576137.485] {mesa egl surface queue}  -> wl_surface#23.attach(wl_buffer#36, 0, 0)
[1576137.494] {mesa egl surface queue}  -> wl_surface#23.damage_buffer(687, 269, 5, 67)
[1576137.788] {mesa egl surface queue}  -> wl_surface#23.commit()
[1576137.798] {mesa egl surface queue}  -> wl_display#1.sync(new id wl_callback#39)
[1576137.889] {Display Queue} wl_display#1.delete_id(39)
[1576147.814] {Display Queue} wl_display#1.delete_id(43)
[1576147.845] {Default Queue} wl_callback#43.done(371325)
[1576147.878] {Default Queue} wl_pointer#6.axis_source(0)
[1576147.894] {Default Queue} wl_pointer#6.axis_discrete(0, 1)
[1576147.909] {Default Queue} wl_pointer#6.axis(371320, 0, 15.00000000)
[1576147.926] {Default Queue} wl_pointer#6.frame()
[1576149.272] {mesa egl surface queue} wl_callback#39.done(371315)
[1576149.289] {mesa egl surface queue} wl_buffer#36.release()
[1576150.134]  -> wl_surface#23.frame(new id wl_callback#39)
[1576150.167] {mesa egl surface queue}  -> wl_surface#23.attach(wl_buffer#36, 0, 0)
[1576150.176] {mesa egl surface queue}  -> wl_surface#23.damage_buffer(36, 255, 656, 197)
[1576150.509] {mesa egl surface queue}  -> wl_surface#23.commit()
[1576150.519] {mesa egl surface queue}  -> wl_display#1.sync(new id wl_callback#43)
[1576150.630] {Display Queue} wl_display#1.delete_id(43)
[1576163.009] {Display Queue} wl_display#1.delete_id(39)
[1576163.037] {Default Queue} wl_callback#39.done(371340)
[1576163.549] {mesa egl surface queue} wl_callback#43.done(371328)
[1576163.571] {mesa egl surface queue} wl_buffer#36.release()
[1576164.119]  -> wl_surface#23.frame(new id wl_callback#43)
[1576164.162] {mesa egl surface queue}  -> wl_surface#23.attach(wl_buffer#36, 0, 0)
[1576164.175] {mesa egl surface queue}  -> wl_surface#23.damage_buffer(687, 281, 5, 67)
[1576164.495] {mesa egl surface queue}  -> wl_surface#23.commit()
[1576164.504] {mesa egl surface queue}  -> wl_display#1.sync(new id wl_callback#39)
[1576164.580] {Display Queue} wl_display#1.delete_id(39)
[1576175.052] {Display Queue} wl_display#1.delete_id(43)
[1576175.076] {Default Queue} wl_callback#43.done(371352)
[1576175.577] {mesa egl surface queue} wl_callback#39.done(371342)
[1576175.588] {mesa egl surface queue} wl_buffer#36.release()
[1576175.941]  -> wl_surface#23.frame(new id wl_callback#39)
[1576175.968] {mesa egl surface queue}  -> wl_surface#23.attach(wl_buffer#36, 0, 0)
[1576175.974] {mesa egl surface queue}  -> wl_surface#23.damage_buffer(687, 281, 5, 67)
[1576176.255] {mesa egl surface queue}  -> wl_surface#23.commit()
[1576176.263] {mesa egl surface queue}  -> wl_display#1.sync(new id wl_callback#43)
[1576176.334] {Display Queue} wl_display#1.delete_id(43)
[1576186.017] {Display Queue} wl_display#1.delete_id(39)
[1576186.042] {Default Queue} wl_callback#39.done(371363)
[1576186.534] {mesa egl surface queue} wl_callback#43.done(371353)
[1576186.555] {mesa egl surface queue} wl_buffer#36.release()
[1576187.058]  -> wl_surface#23.frame(new id wl_callback#43)
[1576187.099] {mesa egl surface queue}  -> wl_surface#23.attach(wl_buffer#36, 0, 0)
[1576187.111] {mesa egl surface queue}  -> wl_surface#23.damage_buffer(687, 281, 5, 67)
[1576187.494] {mesa egl surface queue}  -> wl_surface#23.commit()
[1576187.501] {mesa egl surface queue}  -> wl_display#1.sync(new id wl_callback#39)
[1576187.559] {Display Queue} wl_display#1.delete_id(39)
[1576197.258] {Display Queue} wl_display#1.delete_id(43)
[1576197.274] {Default Queue} wl_callback#43.done(371374)
[1576197.548] {mesa egl surface queue} wl_callback#39.done(371365)
[1576197.558] {mesa egl surface queue} wl_buffer#36.release()
[1576197.822]  -> wl_surface#23.frame(new id wl_callback#39)
[1576197.845] {mesa egl surface queue}  -> wl_surface#23.attach(wl_buffer#36, 0, 0)
[1576197.860] {mesa egl surface queue}  -> wl_surface#23.damage_buffer(687, 281, 5, 67)
[1576198.200] {mesa egl surface queue}  -> wl_surface#23.commit()
[1576198.217] {mesa egl surface queue}  -> wl_display#1.sync(new id wl_callback#43)
[1576198.327] {Display Queue} wl_display#1.delete_id(43)
[1576209.413] {Display Queue} wl_display#1.delete_id(39)
[1576209.429] {Default Queue} wl_callback#39.done(371386)
[1576209.736] {mesa egl surface queue} wl_callback#43.done(371375)
[1576209.746] {mesa egl surface queue} wl_buffer#36.release()
[1576210.054]  -> wl_surface#23.frame(new id wl_callback#43)
[1576210.080] {mesa egl surface queue}  -> wl_surface#23.attach(wl_buffer#36, 0, 0)
[1576210.085] {mesa egl surface queue}  -> wl_surface#23.damage_buffer(687, 281, 5, 67)
[1576210.314] {mesa egl surface queue}  -> wl_surface#23.commit()
[1576210.320] {mesa egl surface queue}  -> wl_display#1.sync(new id wl_callback#39)
[1576210.416] {Display Queue} wl_display#1.delete_id(39)
[1576222.717] {Display Queue} wl_display#1.delete_id(43)
[1576222.735] {Default Queue} wl_callback#43.done(371400)
[1576223.062] {mesa egl surface queue} wl_callback#39.done(371387)
[1576223.075] {mesa egl surface queue} wl_buffer#36.release()
[1576223.340]  -> wl_surface#23.frame(new id wl_callback#39)
[1576223.373] {mesa egl surface queue}  -> wl_surface#23.attach(wl_buffer#36, 0, 0)
[1576223.386] {mesa egl surface queue}  -> wl_surface#23.damage_buffer(687, 281, 5, 67)
[1576223.673] {mesa egl surface queue}  -> wl_surface#23.commit()
[1576223.683] {mesa egl surface queue}  -> wl_display#1.sync(new id wl_callback#43)
[1576223.780] {Display Queue} wl_display#1.delete_id(43)
[1576236.905] {Display Queue} wl_display#1.delete_id(39)
[1576236.929] {Default Queue} wl_callback#39.done(371414)
[1576237.349] {mesa egl surface queue} wl_callback#43.done(371401)
[1576237.366] {mesa egl surface queue} wl_buffer#36.release()
[1576237.716]  -> wl_surface#23.frame(new id wl_callback#43)
[1576237.739] {mesa egl surface queue}  -> wl_surface#23.attach(wl_buffer#36, 0, 0)
[1576237.744] {mesa egl surface queue}  -> wl_surface#23.damage_buffer(687, 281, 5, 67)
[1576238.023] {mesa egl surface queue}  -> wl_surface#23.commit()
[1576238.031] {mesa egl surface queue}  -> wl_display#1.sync(new id wl_callback#39)
[1576238.155] {Display Queue} wl_display#1.delete_id(39)
[1576249.319] {Display Queue} wl_display#1.delete_id(43)
[1576249.334] {Default Queue} wl_callback#43.done(371426)
[1576249.621] {mesa egl surface queue} wl_callback#39.done(371415)
[1576249.631] {mesa egl surface queue} wl_buffer#36.release()
[1576249.974]  -> wl_surface#23.frame(new id wl_callback#39)
[1576249.999] {mesa egl surface queue}  -> wl_surface#23.attach(wl_buffer#36, 0, 0)
[1576250.008] {mesa egl surface queue}  -> wl_surface#23.damage_buffer(687, 281, 5, 67)
[1576250.307] {mesa egl surface queue}  -> wl_surface#23.commit()
[1576250.317] {mesa egl surface queue}  -> wl_display#1.sync(new id wl_callback#43)
[1576250.399] {Display Queue} wl_display#1.delete_id(43)
[1576264.002] {Display Queue} wl_display#1.delete_id(39)
[1576264.017] {Default Queue} wl_callback#39.done(371441)
[1576264.317] {mesa egl surface queue} wl_callback#43.done(371427)
[1576264.328] {mesa egl surface queue} wl_buffer#36.release()
[1576264.746]  -> wl_surface#23.frame(new id wl_callback#43)
[1576264.772] {mesa egl surface queue}  -> wl_surface#23.attach(wl_buffer#36, 0, 0)
[1576264.779] {mesa egl surface queue}  -> wl_surface#23.damage_buffer(687, 281, 5, 67)
[1576265.021] {mesa egl surface queue}  -> wl_surface#23.commit()
[1576265.028] {mesa egl surface queue}  -> wl_display#1.sync(new id wl_callback#39)
[1576265.165] {Display Queue} wl_display#1.delete_id(39)
[1576279.011] {Display Queue} wl_display#1.delete_id(43)
[1576279.036] {Default Queue} wl_callback#43.done(371456)
[1576279.500] {mesa egl surface queue} wl_callback#39.done(371442)
[1576279.518] {mesa egl surface queue} wl_buffer#36.release()
[1576279.927]  -> wl_surface#23.frame(new id wl_callback#39)
[1576279.994] {mesa egl surface queue}  -> wl_surface#23.attach(wl_buffer#36, 0, 0)
[1576280.009] {mesa egl surface queue}  -> wl_surface#23.damage_buffer(687, 281, 5, 67)
[1576280.262] {mesa egl surface queue}  -> wl_surface#23.commit()
[1576280.269] {mesa egl surface queue}  -> wl_display#1.sync(new id wl_callback#43)
[1576280.387] {Display Queue} wl_display#1.delete_id(43)
[1576298.285] {Display Queue} wl_display#1.delete_id(39)
[1576298.305] {Default Queue} wl_callback#39.done(371475)
[1576298.701] {mesa egl surface queue} wl_callback#43.done(371457)
[1576298.714] {mesa egl surface queue} wl_buffer#36.release()
[1576299.082]  -> wl_surface#23.frame(new id wl_callback#43)
[1576299.105] {mesa egl surface queue}  -> wl_surface#23.attach(wl_buffer#36, 0, 0)
[1576299.113] {mesa egl surface queue}  -> wl_surface#23.damage_buffer(687, 281, 5, 67)
[1576299.468] {mesa egl surface queue}  -> wl_surface#23.commit()
[1576299.477] {mesa egl surface queue}  -> wl_display#1.sync(new id wl_callback#39)
[1576299.586] {Display Queue} wl_display#1.delete_id(39)
[1576310.045] {Display Queue} wl_display#1.delete_id(43)
[1576310.062] {Default Queue} wl_callback#43.done(371487)
[1576310.081] {Default Queue} wl_pointer#6.axis_source(0)
[1576310.088] {Default Queue} wl_pointer#6.axis_discrete(0, 1)
[1576310.115] {Default Queue} wl_pointer#6.axis(371479, 0, 15.00000000)
[1576310.123] {Default Queue} wl_pointer#6.frame()
[1576311.107] {mesa egl surface queue} wl_callback#39.done(371477)
[1576311.123] {mesa egl surface queue} wl_buffer#36.release()
[1576311.974]  -> wl_surface#23.frame(new id wl_callback#39)
[1576312.020] {mesa egl surface queue}  -> wl_surface#23.attach(wl_buffer#36, 0, 0)
[1576312.030] {mesa egl surface queue}  -> wl_surface#23.damage_buffer(36, 255, 656, 197)
[1576312.328] {mesa egl surface queue}  -> wl_surface#23.commit()
[1576312.352] {mesa egl surface queue}  -> wl_display#1.sync(new id wl_callback#43)
[1576312.490] {Display Queue} wl_display#1.delete_id(43)
[1576324.493] {Display Queue} wl_display#1.delete_id(39)
[1576324.517] {Default Queue} wl_callback#39.done(371501)
[1576324.878] {mesa egl surface queue} wl_callback#43.done(371489)
[1576324.889] {mesa egl surface queue} wl_buffer#36.release()
[1576325.203]  -> wl_surface#23.frame(new id wl_callback#43)
[1576325.233] {mesa egl surface queue}  -> wl_surface#23.attach(wl_buffer#36, 0, 0)
[1576325.238] {mesa egl surface queue}  -> wl_surface#23.damage_buffer(687, 294, 5, 67)
[1576325.551] {mesa egl surface queue}  -> wl_surface#23.commit()
[1576325.559] {mesa egl surface queue}  -> wl_display#1.sync(new id wl_callback#39)
[1576325.628] {Display Queue} wl_display#1.delete_id(39)
[1576338.432] {Display Queue} wl_display#1.delete_id(43)
[1576338.490] {Default Queue} wl_callback#43.done(371515)
[1576339.121] {mesa egl surface queue} wl_callback#39.done(371503)
[1576339.142] {mesa egl surface queue} wl_buffer#36.release()
[1576339.658]  -> wl_surface#23.frame(new id wl_callback#39)
[1576339.682] {mesa egl surface queue}  -> wl_surface#23.attach(wl_buffer#36, 0, 0)
[1576339.689] {mesa egl surface queue}  -> wl_surface#23.damage_buffer(687, 294, 5, 67)
[1576339.980] {mesa egl surface queue}  -> wl_surface#23.commit()
[1576339.989] {mesa egl surface queue}  -> wl_display#1.sync(new id wl_callback#43)
[1576340.071] {Display Queue} wl_display#1.delete_id(43)
[1576350.819] {Display Queue} wl_display#1.delete_id(39)
[1576350.836] {Default Queue} wl_callback#39.done(371528)
[1576351.146] {mesa egl surface queue} wl_callback#43.done(371517)
[1576351.160] {mesa egl surface queue} wl_buffer#36.release()
[1576351.511]  -> wl_surface#23.frame(new id wl_callback#43)
[1576351.549] {mesa egl surface queue}  -> wl_surface#23.attach(wl_buffer#36, 0, 0)
[1576351.558] {mesa egl surface queue}  -> wl_surface#23.damage_buffer(687, 294, 5, 67)
[1576351.891] {mesa egl surface queue}  -> wl_surface#23.commit()
[1576351.901] {mesa egl surface queue}  -> wl_display#1.sync(new id wl_callback#39)
[1576351.990] {Display Queue} wl_display#1.delete_id(39)
[1576366.071] {Display Queue} wl_display#1.delete_id(43)
[1576366.100] {Default Queue} wl_callback#43.done(371543)
[1576366.626] {mesa egl surface queue} wl_callback#39.done(371529)
[1576366.647] {mesa egl surface queue} wl_buffer#36.release()
[1576367.065]  -> wl_surface#23.frame(new id wl_callback#39)
[1576367.089] {mesa egl surface queue}  -> wl_surface#23.attach(wl_buffer#36, 0, 0)
[1576367.097] {mesa egl surface queue}  -> wl_surface#23.damage_buffer(687, 294, 5, 67)
[1576367.378] {mesa egl surface queue}  -> wl_surface#23.commit()
[1576367.387] {mesa egl surface queue}  -> wl_display#1.sync(new id wl_callback#43)
[1576367.462] {Display Queue} wl_display#1.delete_id(43)
[1576379.954] {Display Queue} wl_display#1.delete_id(39)
[1576379.981] {Default Queue} wl_callback#39.done(371557)
[1576380.444] {mesa egl surface queue} wl_callback#43.done(371544)
[1576380.490] {mesa egl surface queue} wl_buffer#36.release()
[1576380.918]  -> wl_surface#23.frame(new id wl_callback#43)
[1576380.952] {mesa egl surface queue}  -> wl_surface#23.attach(wl_buffer#36, 0, 0)
[1576380.962] {mesa egl surface queue}  -> wl_surface#23.damage_buffer(687, 294, 5, 67)
[1576381.259] {mesa egl surface queue}  -> wl_surface#23.commit()
[1576381.270] {mesa egl surface queue}  -> wl_display#1.sync(new id wl_callback#39)
[1576381.381] {Display Queue} wl_display#1.delete_id(39)
[1576394.986] {Display Queue} wl_display#1.delete_id(43)
[1576395.009] {Default Queue} wl_callback#43.done(371572)
[1576395.466] {mesa egl surface queue} wl_callback#39.done(371558)
[1576395.493] {mesa egl surface queue} wl_buffer#36.release()
[1576395.971]  -> wl_surface#23.frame(new id wl_callback#39)
[1576396.008] {mesa egl surface queue}  -> wl_surface#23.attach(wl_buffer#36, 0, 0)
[1576396.023] {mesa egl surface queue}  -> wl_surface#23.damage_buffer(687, 294, 5, 67)
[1576396.414] {mesa egl surface queue}  -> wl_surface#23.commit()
[1576396.429] {mesa egl surface queue}  -> wl_display#1.sync(new id wl_callback#43)
[1576396.576] {Display Queue} wl_display#1.delete_id(43)
[1576407.980] {Display Queue} wl_display#1.delete_id(39)
[1576408.007] {Default Queue} wl_callback#39.done(371585)
[1576408.498] {mesa egl surface queue} wl_callback#43.done(371574)
[1576408.519] {mesa egl surface queue} wl_buffer#36.release()
[1576408.988]  -> wl_surface#23.frame(new id wl_callback#43)
[1576409.018] {mesa egl surface queue}  -> wl_surface#23.attach(wl_buffer#36, 0, 0)
[1576409.028] {mesa egl surface queue}  -> wl_surface#23.damage_buffer(687, 294, 5, 67)
[1576409.320] {mesa egl surface queue}  -> wl_surface#23.commit()
[1576409.329] {mesa egl surface queue}  -> wl_display#1.sync(new id wl_callback#39)
[1576409.427] {Display Queue} wl_display#1.delete_id(39)
[1576420.271] {Display Queue} wl_display#1.delete_id(43)
[1576420.295] {Default Queue} wl_callback#43.done(371597)
[1576420.709] {mesa egl surface queue} wl_callback#39.done(371586)
[1576420.724] {mesa egl surface queue} wl_buffer#36.release()
[1576421.194]  -> wl_surface#23.frame(new id wl_callback#39)
[1576421.228] {mesa egl surface queue}  -> wl_surface#23.attach(wl_buffer#36, 0, 0)
[1576421.236] {mesa egl surface queue}  -> wl_surface#23.damage_buffer(687, 294, 5, 67)
[1576421.507] {mesa egl surface queue}  -> wl_surface#23.commit()
[1576421.517] {mesa egl surface queue}  -> wl_display#1.sync(new id wl_callback#43)
[1576421.604] {Display Queue} wl_display#1.delete_id(43)
[1576432.778] {mesa egl surface queue} wl_callback#44.done(371037)
[1576432.795] {mesa egl surface queue} wl_buffer#42.release()
[1576433.173] {mesa egl surface queue}  -> wl_buffer#42.destroy()
[1576433.235] {Default Queue}  -> wp_viewport#38.destroy()
[1576433.243]  -> wl_surface#40.destroy()
[1576433.555] {Display Queue} wl_display#1.delete_id(39)
[1576433.565] {Display Queue} wl_display#1.delete_id(42)
[1576433.570] {Display Queue} wl_display#1.delete_id(38)
[1576433.575] {Display Queue} wl_display#1.delete_id(40)
[1576433.579] {Default Queue} wl_callback#39.done(371610)
[1576433.682] {mesa egl surface queue} wl_callback#43.done(371599)
[1576433.691] {mesa egl surface queue} wl_buffer#36.release()
[1576436.728]  -> wl_surface#23.frame(new id wl_callback#43)
[1576436.760] {mesa egl surface queue}  -> wl_surface#23.attach(wl_buffer#36, 0, 0)
[1576436.765] {mesa egl surface queue}  -> wl_surface#23.damage_buffer(687, 294, 5, 67)
[1576437.025] {mesa egl surface queue}  -> wl_surface#23.commit()
[1576437.032] {mesa egl surface queue}  -> wl_display#1.sync(new id wl_callback#39)
[1576437.112] {Display Queue} wl_display#1.delete_id(39)
[1576453.705] {Display Queue} wl_display#1.delete_id(43)
[1576453.714] {Default Queue} wl_callback#43.done(371631)
[1576453.724] {Default Queue} wl_pointer#6.axis_source(0)
[1576453.728] {Default Queue} wl_pointer#6.axis_discrete(0, 1)
[1576453.732] {Default Queue} wl_pointer#6.axis(371631, 0, 15.00000000)
[1576453.736] {Default Queue} wl_pointer#6.frame()
[1576454.397] {mesa egl surface queue} wl_callback#39.done(371614)
[1576454.408] {mesa egl surface queue} wl_buffer#36.release()
[1576455.148]  -> wl_surface#23.frame(new id wl_callback#39)
[1576455.167] {mesa egl surface queue}  -> wl_surface#23.attach(wl_buffer#36, 0, 0)
[1576455.171] {mesa egl surface queue}  -> wl_surface#23.damage_buffer(36, 255, 656, 197)
[1576455.465] {mesa egl surface queue}  -> wl_surface#23.commit()
[1576455.471] {mesa egl surface queue}  -> wl_display#1.sync(new id wl_callback#43)
[1576455.536] {Display Queue} wl_display#1.delete_id(43)
[1576465.542] {Display Queue} wl_display#1.delete_id(39)
[1576465.553] {Default Queue} wl_callback#39.done(371643)
[1576465.797] {mesa egl surface queue} wl_callback#43.done(371633)
[1576465.815] {mesa egl surface queue} wl_buffer#36.release()
[1576466.024]  -> wl_surface#23.frame(new id wl_callback#43)
[1576466.041] {mesa egl surface queue}  -> wl_surface#23.attach(wl_buffer#36, 0, 0)
[1576466.053] {mesa egl surface queue}  -> wl_surface#23.damage_buffer(687, 306, 5, 67)
[1576466.329] {mesa egl surface queue}  -> wl_surface#23.commit()
[1576466.335] {mesa egl surface queue}  -> wl_display#1.sync(new id wl_callback#39)
[1576466.391] {Display Queue} wl_display#1.delete_id(39)
[1576476.047] {Display Queue} wl_display#1.delete_id(43)
[1576476.064] {Default Queue} wl_callback#43.done(371653)
[1576476.523] {mesa egl surface queue} wl_callback#39.done(371643)
[1576476.537] {mesa egl surface queue} wl_buffer#36.release()
[1576476.856]  -> wl_surface#23.frame(new id wl_callback#39)
[1576476.880] {mesa egl surface queue}  -> wl_surface#23.attach(wl_buffer#36, 0, 0)
[1576476.885] {mesa egl surface queue}  -> wl_surface#23.damage_buffer(687, 306, 5, 67)
[1576477.142] {mesa egl surface queue}  -> wl_surface#23.commit()
[1576477.149] {mesa egl surface queue}  -> wl_display#1.sync(new id wl_callback#43)
[1576477.229] {Display Queue} wl_display#1.delete_id(43)
[1576486.834] {Display Queue} wl_display#1.delete_id(39)
[1576486.844] {Default Queue} wl_callback#39.done(371664)
[1576487.089] {mesa egl surface queue} wl_callback#43.done(371654)
[1576487.097] {mesa egl surface queue} wl_buffer#36.release()
[1576487.333]  -> wl_surface#23.frame(new id wl_callback#43)
[1576487.350] {mesa egl surface queue}  -> wl_surface#23.attach(wl_buffer#36, 0, 0)
[1576487.355] {mesa egl surface queue}  -> wl_surface#23.damage_buffer(687, 306, 5, 67)
[1576487.633] {mesa egl surface queue}  -> wl_surface#23.commit()
[1576487.641] {mesa egl surface queue}  -> wl_display#1.sync(new id wl_callback#39)
[1576487.696] {Display Queue} wl_display#1.delete_id(39)
[1576497.713] {Display Queue} wl_display#1.delete_id(43)
[1576497.728] {Default Queue} wl_callback#43.done(371675)
[1576498.003] {mesa egl surface queue} wl_callback#39.done(371665)
[1576498.011] {mesa egl surface queue} wl_buffer#36.release()
[1576498.313]  -> wl_surface#23.frame(new id wl_callback#39)
[1576498.331] {mesa egl surface queue}  -> wl_surface#23.attach(wl_buffer#36, 0, 0)
[1576498.336] {mesa egl surface queue}  -> wl_surface#23.damage_buffer(687, 306, 5, 67)
[1576498.627] {mesa egl surface queue}  -> wl_surface#23.commit()
[1576498.635] {mesa egl surface queue}  -> wl_display#1.sync(new id wl_callback#43)
[1576498.696] {Display Queue} wl_display#1.delete_id(43)
[1576509.001] {Display Queue} wl_display#1.delete_id(39)
[1576509.028] {Default Queue} wl_callback#39.done(371686)
[1576509.354] {mesa egl surface queue} wl_callback#43.done(371676)
[1576509.365] {mesa egl surface queue} wl_buffer#36.release()
[1576509.637]  -> wl_surface#23.frame(new id wl_callback#43)
[1576509.657] {mesa egl surface queue}  -> wl_surface#23.attach(wl_buffer#36, 0, 0)
[1576509.663] {mesa egl surface queue}  -> wl_surface#23.damage_buffer(687, 306, 5, 67)
[1576509.939] {mesa egl surface queue}  -> wl_surface#23.commit()
[1576509.946] {mesa egl surface queue}  -> wl_display#1.sync(new id wl_callback#39)
[1576510.015] {Display Queue} wl_display#1.delete_id(39)
[1576522.234] {Display Queue} wl_display#1.delete_id(43)
[1576522.252] {Default Queue} wl_callback#43.done(371699)
[1576522.589] {mesa egl surface queue} wl_callback#39.done(371687)
[1576522.602] {mesa egl surface queue} wl_buffer#36.release()
[1576522.955]  -> wl_surface#23.frame(new id wl_callback#39)
[1576522.983] {mesa egl surface queue}  -> wl_surface#23.attach(wl_buffer#36, 0, 0)
[1576522.991] {mesa egl surface queue}  -> wl_surface#23.damage_buffer(687, 306, 5, 67)
[1576523.280] {mesa egl surface queue}  -> wl_surface#23.commit()
[1576523.287] {mesa egl surface queue}  -> wl_display#1.sync(new id wl_callback#43)
[1576523.376] {Display Queue} wl_display#1.delete_id(43)
[1576538.505] {Display Queue} wl_display#1.delete_id(39)
[1576538.534] {Default Queue} wl_callback#39.done(371715)
[1576538.895] {mesa egl surface queue} wl_callback#43.done(371700)
[1576538.904] {mesa egl surface queue} wl_buffer#36.release()
[1576539.173]  -> wl_surface#23.frame(new id wl_callback#43)
[1576539.189] {mesa egl surface queue}  -> wl_surface#23.attach(wl_buffer#36, 0, 0)
[1576539.194] {mesa egl surface queue}  -> wl_surface#23.damage_buffer(687, 306, 5, 67)
[1576539.498] {mesa egl surface queue}  -> wl_surface#23.commit()
[1576539.505] {mesa egl surface queue}  -> wl_display#1.sync(new id wl_callback#39)
[1576539.576] {Display Queue} wl_display#1.delete_id(39)
[1576551.230] {Display Queue} wl_display#1.delete_id(43)
[1576551.253] {Default Queue} wl_callback#43.done(371728)
[1576551.675] {mesa egl surface queue} wl_callback#39.done(371717)
[1576551.694] {mesa egl surface queue} wl_buffer#36.release()
[1576552.167]  -> wl_surface#23.frame(new id wl_callback#39)
[1576552.185] {mesa egl surface queue}  -> wl_surface#23.attach(wl_buffer#36, 0, 0)
[1576552.190] {mesa egl surface queue}  -> wl_surface#23.damage_buffer(687, 306, 5, 67)
[1576552.502] {mesa egl surface queue}  -> wl_surface#23.commit()
[1576552.509] {mesa egl surface queue}  -> wl_display#1.sync(new id wl_callback#43)
[1576552.578] {Display Queue} wl_display#1.delete_id(43)
[1576566.709] {Display Queue} wl_display#1.delete_id(39)
[1576566.723] {Default Queue} wl_callback#39.done(371744)
[1576566.982] {mesa egl surface queue} wl_callback#43.done(371730)
[1576566.992] {mesa egl surface queue} wl_buffer#36.release()
[1576567.313]  -> wl_surface#23.frame(new id wl_callback#43)
[1576567.334] {mesa egl surface queue}  -> wl_surface#23.attach(wl_buffer#36, 0, 0)
[1576567.339] {mesa egl surface queue}  -> wl_surface#23.damage_buffer(687, 306, 5, 67)
[1576567.601] {mesa egl surface queue}  -> wl_surface#23.commit()
[1576567.608] {mesa egl surface queue}  -> wl_display#1.sync(new id wl_callback#39)
[1576567.675] {Display Queue} wl_display#1.delete_id(39)
[1576579.471] {Display Queue} wl_display#1.delete_id(43)
[1576579.482] {Default Queue} wl_callback#43.done(371756)
[1576579.718] {mesa egl surface queue} wl_callback#39.done(371745)
[1576579.728] {mesa egl surface queue} wl_buffer#36.release()
[1576580.005]  -> wl_surface#23.frame(new id wl_callback#39)
[1576580.022] {mesa egl surface queue}  -> wl_surface#23.attach(wl_buffer#36, 0, 0)
[1576580.027] {mesa egl surface queue}  -> wl_surface#23.damage_buffer(687, 306, 5, 67)
[1576580.296] {mesa egl surface queue}  -> wl_surface#23.commit()
[1576580.303] {mesa egl surface queue}  -> wl_display#1.sync(new id wl_callback#43)
[1576580.360] {Display Queue} wl_display#1.delete_id(43)
[1576591.670] {Display Queue} wl_display#1.delete_id(39)
[1576591.696] {Default Queue} wl_callback#39.done(371769)
[1576601.236] {Default Queue} wl_pointer#6.axis_source(0)
[1576601.254] {Default Queue} wl_pointer#6.axis_discrete(0, 1)
[1576601.261] {Default Queue} wl_pointer#6.axis(371778, 0, 15.00000000)
[1576601.268] {Default Queue} wl_pointer#6.frame()
[1576604.567] {mesa egl surface queue} wl_callback#43.done(371757)
[1576604.583] {mesa egl surface queue} wl_buffer#36.release()
[1576605.430]  -> wl_surface#23.frame(new id wl_callback#43)
[1576605.458] {mesa egl surface queue}  -> wl_surface#23.attach(wl_buffer#36, 0, 0)
[1576605.468] {mesa egl surface queue}  -> wl_surface#23.damage_buffer(36, 255, 656, 197)
[1576605.786] {mesa egl surface queue}  -> wl_surface#23.commit()
[1576605.796] {mesa egl surface queue}  -> wl_display#1.sync(new id wl_callback#39)
[1576605.897] {Display Queue} wl_display#1.delete_id(39)
[1576621.457] {Display Queue} wl_display#1.delete_id(43)
[1576621.478] {Default Queue} wl_callback#43.done(371798)
[1576621.976] {mesa egl surface queue} wl_callback#39.done(371783)
[1576621.992] {mesa egl surface queue} wl_buffer#36.release()
[1576622.387]  -> wl_surface#23.frame(new id wl_callback#39)
[1576622.414] {mesa egl surface queue}  -> wl_surface#23.attach(wl_buffer#36, 0, 0)
[1576622.422] {mesa egl surface queue}  -> wl_surface#23.damage_buffer(687, 319, 5, 67)
[1576622.754] {mesa egl surface queue}  -> wl_surface#23.commit()
[1576622.766] {mesa egl surface queue}  -> wl_display#1.sync(new id wl_callback#43)
[1576622.864] {Display Queue} wl_display#1.delete_id(43)
[1576637.806] {Display Queue} wl_display#1.delete_id(39)
[1576637.830] {Default Queue} wl_callback#39.done(371815)
[1576638.246] {mesa egl surface queue} wl_callback#43.done(371800)
[1576638.261] {mesa egl surface queue} wl_buffer#36.release()
[1576638.732]  -> wl_surface#23.frame(new id wl_callback#43)
[1576638.764] {mesa egl surface queue}  -> wl_surface#23.attach(wl_buffer#36, 0, 0)
[1576638.772] {mesa egl surface queue}  -> wl_surface#23.damage_buffer(687, 319, 5, 67)
[1576639.124] {mesa egl surface queue}  -> wl_surface#23.commit()
[1576639.135] {mesa egl surface queue}  -> wl_display#1.sync(new id wl_callback#39)
[1576639.237] {Display Queue} wl_display#1.delete_id(39)
[1576652.488] {Display Queue} wl_display#1.delete_id(43)
[1576652.516] {Default Queue} wl_callback#43.done(371829)
[1576653.020] {mesa egl surface queue} wl_callback#39.done(371816)
[1576653.041] {mesa egl surface queue} wl_buffer#36.release()
[1576653.548]  -> wl_surface#23.frame(new id wl_callback#39)
[1576653.575] {mesa egl surface queue}  -> wl_surface#23.attach(wl_buffer#36, 0, 0)
[1576653.583] {mesa egl surface queue}  -> wl_surface#23.damage_buffer(687, 319, 5, 67)
[1576653.897] {mesa egl surface queue}  -> wl_surface#23.commit()
[1576653.907] {mesa egl surface queue}  -> wl_display#1.sync(new id wl_callback#43)
[1576654.016] {Display Queue} wl_display#1.delete_id(43)
[1576667.794] {Display Queue} wl_display#1.delete_id(39)
[1576667.823] {Default Queue} wl_callback#39.done(371845)
[1576668.305] {mesa egl surface queue} wl_callback#43.done(371831)
[1576668.327] {mesa egl surface queue} wl_buffer#36.release()
[1576668.773]  -> wl_surface#23.frame(new id wl_callback#43)
[1576668.802] {mesa egl surface queue}  -> wl_surface#23.attach(wl_buffer#36, 0, 0)
[1576668.810] {mesa egl surface queue}  -> wl_surface#23.damage_buffer(687, 319, 5, 67)
[1576669.106] {mesa egl surface queue}  -> wl_surface#23.commit()
[1576669.114] {mesa egl surface queue}  -> wl_display#1.sync(new id wl_callback#39)
[1576669.234] {Display Queue} wl_display#1.delete_id(39)
[1576683.517] {Display Queue} wl_display#1.delete_id(43)
[1576683.544] {Default Queue} wl_callback#43.done(371860)
[1576703.248] {mesa egl surface queue} wl_callback#39.done(371846)
[1576703.279] {mesa egl surface queue} wl_buffer#36.release()
[1576703.899]  -> wl_surface#23.frame(new id wl_callback#39)
[1576703.959] {mesa egl surface queue}  -> wl_surface#23.attach(wl_buffer#36, 0, 0)
[1576703.973] {mesa egl surface queue}  -> wl_surface#23.damage_buffer(687, 319, 5, 67)
[1576704.519] {mesa egl surface queue}  -> wl_surface#23.commit()
[1576704.540] {mesa egl surface queue}  -> wl_display#1.sync(new id wl_callback#43)
[1576704.708] {Display Queue} wl_display#1.delete_id(43)
[1576722.842] {Display Queue} wl_display#1.delete_id(39)
[1576722.871] {Default Queue} wl_callback#39.done(371900)
[1576723.447] {mesa egl surface queue} wl_callback#43.done(371882)
[1576723.478] {mesa egl surface queue} wl_buffer#36.release()
[1576723.946]  -> wl_surface#23.frame(new id wl_callback#43)
[1576723.988] {mesa egl surface queue}  -> wl_surface#23.attach(wl_buffer#36, 0, 0)
[1576724.001] {mesa egl surface queue}  -> wl_surface#23.damage_buffer(687, 319, 5, 67)
[1576724.508] {mesa egl surface queue}  -> wl_surface#23.commit()
[1576724.526] {mesa egl surface queue}  -> wl_display#1.sync(new id wl_callback#39)
[1576724.654] {Display Queue} wl_display#1.delete_id(39)
[1576739.455] {Display Queue} wl_display#1.delete_id(43)
[1576739.485] {Default Queue} wl_callback#43.done(371916)
[1576754.212] {mesa egl surface queue} wl_callback#39.done(371902)
[1576754.243] {mesa egl surface queue} wl_buffer#36.release()
[1576754.818]  -> wl_surface#23.frame(new id wl_callback#39)
[1576754.862] {mesa egl surface queue}  -> wl_surface#23.attach(wl_buffer#36, 0, 0)
[1576754.877] {mesa egl surface queue}  -> wl_surface#23.damage_buffer(687, 319, 5, 67)
[1576755.372] {mesa egl surface queue}  -> wl_surface#23.commit()
[1576755.398] {mesa egl surface queue}  -> wl_display#1.sync(new id wl_callback#43)
[1576755.574] {Display Queue} wl_display#1.delete_id(43)
[1576771.793] {Display Queue} wl_display#1.delete_id(39)
[1576771.814] {Default Queue} wl_callback#39.done(371949)
[1576804.499] {mesa egl surface queue} wl_callback#43.done(371933)
[1576804.532] {mesa egl surface queue} wl_buffer#36.release()
[1576804.792]  -> wl_surface#23.frame(new id wl_callback#43)
[1576804.829] {mesa egl surface queue}  -> wl_surface#23.attach(wl_buffer#36, 0, 0)
[1576804.841] {mesa egl surface queue}  -> wl_surface#23.damage_buffer(687, 319, 5, 67)
[1576805.462] {mesa egl surface queue}  -> wl_surface#23.commit()
[1576805.482] {mesa egl surface queue}  -> wl_display#1.sync(new id wl_callback#39)
[1576805.666] {Display Queue} wl_display#1.delete_id(39)
[1576824.906] {Display Queue} wl_display#1.delete_id(43)
[1576824.936] {Default Queue} wl_callback#43.done(372002)
[1577774.931] {Default Queue} wl_pointer#6.motion(372900, 57.00000000, 33.00000000)
[1577774.981] {Default Queue} wl_pointer#6.frame()
[1577775.373] {Default Queue}  -> wp_cursor_shape_device_v1#21.set_shape(42, 1)
[1577776.642] {mesa egl surface queue} wl_callback#39.done(371983)
[1577776.671] {mesa egl surface queue} wl_buffer#36.release()
[1577777.320]  -> wl_surface#23.frame(new id wl_callback#39)
[1577777.366] {mesa egl surface queue}  -> wl_surface#23.attach(wl_buffer#36, 0, 0)
[1577777.379] {mesa egl surface queue}  -> wl_surface#23.damage_buffer(21, 19, 77, 32)
[1577782.511] {mesa egl surface queue}  -> wl_surface#23.commit()
[1577782.543] {mesa egl surface queue}  -> wl_display#1.sync(new id wl_callback#43)
[1577785.471] {Display Queue} wl_display#1.delete_id(43)
[1577810.681] {Display Queue} wl_display#1.delete_id(39)
[1577810.710] {Default Queue} wl_callback#39.done(372988)
[1578276.742] {Default Queue}  -> wl_compositor#4.create_surface(new id wl_surface#39)
[1578276.780] {Default Queue}  -> wp_viewporter#11.get_viewport(new id wp_viewport#40, wl_surface#39)
Not using GL: renderer is llvmpipe
Using renderer 'GskGLRenderer' for surface 'GdkWaylandPopup'
[1578302.233] {Default Queue}  -> xdg_wm_base#20.create_positioner(new id xdg_positioner#38)
[1578302.246] {Default Queue}  -> xdg_positioner#38.set_size(153, 32)
[1578302.250] {Default Queue}  -> xdg_positioner#38.set_anchor_rect(2, 2, 87, 42)
[1578302.254] {Default Queue}  -> xdg_positioner#38.set_offset(0, 0)
[1578302.258] {Default Queue}  -> xdg_positioner#38.set_anchor(2)
[1578302.262] {Default Queue}  -> xdg_positioner#38.set_gravity(2)
[1578302.265] {Default Queue}  -> xdg_positioner#38.set_constraint_adjustment(9)
[1578302.276] {Default Queue}  -> xdg_positioner#38.set_reactive()
[1578302.281] {Default Queue}  -> xdg_wm_base#20.get_xdg_surface(new id xdg_surface#42, wl_surface#39)
[1578302.286]  -> xdg_surface#42.get_popup(new id xdg_popup#44, xdg_surface#30, xdg_positioner#38)
[1578302.291] {Default Queue}  -> xdg_positioner#38.destroy()
[1578302.295]  -> wl_surface#39.commit()
[1578302.516] {Display Queue} wl_display#1.delete_id(38)
[1578302.525] xdg_popup#44.configure(-31, 44, 153, 32)
[1578302.531] xdg_surface#42.configure(46)
[1578302.552]  -> xdg_surface#42.ack_configure(46)
[1578302.562] {Default Queue}  -> xdg_wm_base#20.create_positioner(new id xdg_positioner#38)
[1578302.566] {Default Queue}  -> xdg_positioner#38.set_size(1, 1)
[1578302.570] {Default Queue}  -> xdg_positioner#38.set_anchor_rect(2, 2, 87, 42)
[1578302.574] {Default Queue}  -> xdg_positioner#38.set_offset(0, 0)
[1578302.577] {Default Queue}  -> xdg_positioner#38.set_anchor(2)
[1578302.581] {Default Queue}  -> xdg_positioner#38.set_gravity(2)
[1578302.584] {Default Queue}  -> xdg_positioner#38.set_constraint_adjustment(9)
[1578302.587] {Default Queue}  -> xdg_positioner#38.set_reactive()
[1578302.591] {Default Queue}  -> xdg_positioner#38.set_parent_size(700, 460)
[1578302.594] {Default Queue}  -> xdg_positioner#38.set_parent_configure(39)
[1578302.598]  -> xdg_popup#44.reposition(xdg_positioner#38, 1)
[1578302.602] {Default Queue}  -> xdg_positioner#38.destroy()
[1578302.722] {Display Queue} wl_display#1.delete_id(38)
[1578302.727] xdg_popup#44.repositioned(1)
[1578302.731] xdg_popup#44.configure(45, 44, 1, 1)
[1578302.735] xdg_surface#42.configure(47)
[1578302.739]  -> xdg_surface#42.ack_configure(47)
[1578302.893] {Default Queue}  -> xdg_wm_base#20.create_positioner(new id xdg_positioner#38)
[1578302.898] {Default Queue}  -> xdg_positioner#38.set_size(153, 32)
[1578302.902] {Default Queue}  -> xdg_positioner#38.set_anchor_rect(2, 2, 87, 42)
[1578302.906] {Default Queue}  -> xdg_positioner#38.set_offset(0, 0)
[1578302.909] {Default Queue}  -> xdg_positioner#38.set_anchor(2)
[1578302.912] {Default Queue}  -> xdg_positioner#38.set_gravity(2)
[1578302.915] {Default Queue}  -> xdg_positioner#38.set_constraint_adjustment(9)
[1578302.919] {Default Queue}  -> xdg_positioner#38.set_reactive()
[1578302.922] {Default Queue}  -> xdg_positioner#38.set_parent_size(700, 460)
[1578302.926] {Default Queue}  -> xdg_positioner#38.set_parent_configure(39)
[1578302.929]  -> xdg_popup#44.reposition(xdg_positioner#38, 2)
[1578302.933] {Default Queue}  -> xdg_positioner#38.destroy()
[1578325.016] {Display Queue} wl_display#1.delete_id(38)
[1578325.031] xdg_popup#44.repositioned(2)
[1578325.035] xdg_popup#44.configure(-31, 44, 153, 32)
[1578325.039] xdg_surface#42.configure(48)
[1578325.043]  -> xdg_surface#42.ack_configure(48)
[1578325.352] {mesa egl swrast display queue}  -> wl_shm#27.create_pool(new id wl_shm_pool#38, fd 18, 19584)
[1578325.360] {mesa egl surface queue}  -> wl_shm_pool#38.create_buffer(new id wl_buffer#35, 0, 153, 32, 612, 0)
[1578325.364] {mesa egl surface queue}  -> wl_shm_pool#38.destroy()
[1578349.115]  -> xdg_surface#42.set_window_geometry(0, 0, 153, 32)
[1578349.127] {Default Queue}  -> wp_viewport#40.set_destination(153, 32)
[1578349.132]  -> wl_surface#39.frame(new id wl_callback#41)
[1578349.160] {mesa egl surface queue}  -> wl_surface#39.attach(wl_buffer#35, 0, 0)
[1578349.164] {mesa egl surface queue}  -> wl_surface#39.damage_buffer(0, 0, 153, 32)
[1578350.687] {mesa egl surface queue}  -> wl_surface#39.commit()
[1578350.692] {mesa egl surface queue}  -> wl_display#1.sync(new id wl_callback#37)
[1578373.715] {Display Queue} wl_display#1.delete_id(38)
[1578373.736] {Display Queue} wl_display#1.delete_id(37)
[1578423.054] {Display Queue} wl_display#1.delete_id(41)
[1578423.079] {Default Queue} wl_callback#41.done(373600)
[1578952.858] {mesa egl surface queue} wl_callback#43.done(372962)
[1578952.893] {mesa egl surface queue} wl_buffer#36.release()
[1578953.824]  -> wl_surface#23.frame(new id wl_callback#43)
[1578953.876] {mesa egl surface queue}  -> wl_surface#23.attach(wl_buffer#36, 0, 0)
[1578953.911] {mesa egl surface queue}  -> wl_surface#23.damage_buffer(687, 319, 5, 67)
[1578954.381] {mesa egl surface queue}  -> wl_surface#23.commit()
[1578954.394] {mesa egl surface queue}  -> wl_display#1.sync(new id wl_callback#41)
[1578954.622] {Display Queue} wl_display#1.delete_id(41)
[1578981.474] {Display Queue} wl_display#1.delete_id(43)
[1578981.503] {Default Queue} wl_callback#43.done(374158)
[1578986.191] {mesa egl surface queue} wl_callback#41.done(374132)
[1578986.209] {mesa egl surface queue} wl_buffer#36.release()
[1578986.603]  -> wl_surface#23.frame(new id wl_callback#41)
[1578986.629] {mesa egl surface queue}  -> wl_surface#23.attach(wl_buffer#36, 0, 0)
[1578986.635] {mesa egl surface queue}  -> wl_surface#23.damage_buffer(687, 319, 5, 67)
[1578987.065] {mesa egl surface queue}  -> wl_surface#23.commit()
[1578987.077] {mesa egl surface queue}  -> wl_display#1.sync(new id wl_callback#43)
[1578987.203] {Display Queue} wl_display#1.delete_id(43)
[1579024.786] {Display Queue} wl_display#1.delete_id(41)
[1579024.808] {Default Queue} wl_callback#41.done(374202)
[1579036.139] {mesa egl surface queue} wl_callback#43.done(374164)
[1579036.170] {mesa egl surface queue} wl_buffer#36.release()
[1579036.858]  -> wl_surface#23.frame(new id wl_callback#43)
[1579036.902] {mesa egl surface queue}  -> wl_surface#23.attach(wl_buffer#36, 0, 0)
[1579036.914] {mesa egl surface queue}  -> wl_surface#23.damage_buffer(687, 319, 5, 67)
[1579037.436] {mesa egl surface queue}  -> wl_surface#23.commit()
[1579037.455] {mesa egl surface queue}  -> wl_display#1.sync(new id wl_callback#41)
[1579037.659] {Display Queue} wl_display#1.delete_id(41)
[1579073.621] {Display Queue} wl_display#1.delete_id(43)
[1579073.654] {Default Queue} wl_callback#43.done(374250)
[1579086.601] {mesa egl surface queue} wl_callback#41.done(374215)
[1579086.633] {mesa egl surface queue} wl_buffer#36.release()
[1579087.323]  -> wl_surface#23.frame(new id wl_callback#41)
[1579087.389] {mesa egl surface queue}  -> wl_surface#23.attach(wl_buffer#36, 0, 0)
[1579087.403] {mesa egl surface queue}  -> wl_surface#23.damage_buffer(687, 319, 5, 67)
[1579087.882] {mesa egl surface queue}  -> wl_surface#23.commit()
[1579087.901] {mesa egl surface queue}  -> wl_display#1.sync(new id wl_callback#43)
[1579088.072] {Display Queue} wl_display#1.delete_id(43)
[1579114.562] {Display Queue} wl_display#1.delete_id(41)
[1579114.592] {Default Queue} wl_callback#41.done(374292)
[1579119.776] {mesa egl surface queue} wl_callback#43.done(374265)
[1579119.807] {mesa egl surface queue} wl_buffer#36.release()
[1579120.410]  -> wl_surface#23.frame(new id wl_callback#43)
[1579120.479] {mesa egl surface queue}  -> wl_surface#23.attach(wl_buffer#36, 0, 0)
[1579120.495] {mesa egl surface queue}  -> wl_surface#23.damage_buffer(687, 319, 5, 67)
[1579120.977] {mesa egl surface queue}  -> wl_surface#23.commit()
[1579120.990] {mesa egl surface queue}  -> wl_display#1.sync(new id wl_callback#41)
[1579121.160] {Display Queue} wl_display#1.delete_id(41)
[1579159.706] {Display Queue} wl_display#1.delete_id(43)
[1579159.737] {Default Queue} wl_callback#43.done(374337)
[1579169.378] {mesa egl surface queue} wl_callback#41.done(374298)
[1579169.410] {mesa egl surface queue} wl_buffer#36.release()
[1579170.011]  -> wl_surface#23.frame(new id wl_callback#41)
[1579170.061] {mesa egl surface queue}  -> wl_surface#23.attach(wl_buffer#36, 0, 0)
[1579170.074] {mesa egl surface queue}  -> wl_surface#23.damage_buffer(687, 319, 5, 67)
[1579170.576] {mesa egl surface queue}  -> wl_surface#23.commit()
[1579170.591] {mesa egl surface queue}  -> wl_display#1.sync(new id wl_callback#43)
[1579170.791] {Display Queue} wl_display#1.delete_id(43)
[1579209.463] {Display Queue} wl_display#1.delete_id(41)
[1579209.494] {Default Queue} wl_callback#41.done(374386)
[1579219.729] {mesa egl surface queue} wl_callback#43.done(374348)
[1579219.763] {mesa egl surface queue} wl_buffer#36.release()
[1579220.387]  -> wl_surface#23.frame(new id wl_callback#43)
[1579220.432] {mesa egl surface queue}  -> wl_surface#23.attach(wl_buffer#36, 0, 0)
[1579220.514] {mesa egl surface queue}  -> wl_surface#23.damage_buffer(687, 319, 5, 67)
[1579220.974] {mesa egl surface queue}  -> wl_surface#23.commit()
[1579220.988] {mesa egl surface queue}  -> wl_display#1.sync(new id wl_callback#41)
[1579221.144] {Display Queue} wl_display#1.delete_id(41)
[1579260.123] {Display Queue} wl_display#1.delete_id(43)
[1579260.144] {Default Queue} wl_callback#43.done(374437)
[1579269.365] {mesa egl surface queue} wl_callback#41.done(374398)
[1579269.403] {mesa egl surface queue} wl_buffer#36.release()
[1579269.946]  -> wl_surface#23.frame(new id wl_callback#41)
[1579269.985] {mesa egl surface queue}  -> wl_surface#23.attach(wl_buffer#36, 0, 0)
[1579269.996] {mesa egl surface queue}  -> wl_surface#23.damage_buffer(687, 319, 5, 67)
[1579270.639] {mesa egl surface queue}  -> wl_surface#23.commit()
[1579270.672] {mesa egl surface queue}  -> wl_display#1.sync(new id wl_callback#43)
[1579270.831] {Display Queue} wl_display#1.delete_id(43)
[1579308.352] {Display Queue} wl_display#1.delete_id(41)
[1579308.373] {Default Queue} wl_callback#41.done(374485)
[1579319.742] {mesa egl surface queue} wl_callback#43.done(374448)
[1579319.775] {mesa egl surface queue} wl_buffer#36.release()
[1579320.437]  -> wl_surface#23.frame(new id wl_callback#43)
[1579320.500] {mesa egl surface queue}  -> wl_surface#23.attach(wl_buffer#36, 0, 0)
[1579320.509] {mesa egl surface queue}  -> wl_surface#23.damage_buffer(687, 319, 5, 67)
[1579320.926] {mesa egl surface queue}  -> wl_surface#23.commit()
[1579320.938] {mesa egl surface queue}  -> wl_display#1.sync(new id wl_callback#41)
[1579321.127] {Display Queue} wl_display#1.delete_id(41)
[1579350.581] {Display Queue} wl_display#1.delete_id(43)
[1579350.612] {Default Queue} wl_callback#43.done(374527)
[1579352.189] {mesa egl surface queue} wl_callback#41.done(374498)
[1579352.214] {mesa egl surface queue} wl_buffer#36.release()
[1579352.842]  -> wl_surface#23.frame(new id wl_callback#41)
[1579352.883] {mesa egl surface queue}  -> wl_surface#23.attach(wl_buffer#36, 0, 0)
[1579352.894] {mesa egl surface queue}  -> wl_surface#23.damage_buffer(687, 319, 5, 67)
[1579353.393] {mesa egl surface queue}  -> wl_surface#23.commit()
[1579353.410] {mesa egl surface queue}  -> wl_display#1.sync(new id wl_callback#43)
[1579353.579] {Display Queue} wl_display#1.delete_id(43)
[1579392.014] {Display Queue} wl_display#1.delete_id(41)
[1579392.045] {Default Queue} wl_callback#41.done(374569)
[1579402.546] {mesa egl surface queue} wl_callback#43.done(374531)
[1579402.577] {mesa egl surface queue} wl_buffer#36.release()
[1579403.067]  -> wl_surface#23.frame(new id wl_callback#43)
[1579403.114] {mesa egl surface queue}  -> wl_surface#23.attach(wl_buffer#36, 0, 0)
[1579403.127] {mesa egl surface queue}  -> wl_surface#23.damage_buffer(687, 319, 5, 67)
[1579403.586] {mesa egl surface queue}  -> wl_surface#23.commit()
[1579403.600] {mesa egl surface queue}  -> wl_display#1.sync(new id wl_callback#41)
[1579403.790] {Display Queue} wl_display#1.delete_id(41)
[1579444.795] {Display Queue} wl_display#1.delete_id(43)
[1579444.817] {Default Queue} wl_callback#43.done(374622)
[1579452.743] {mesa egl surface queue} wl_callback#41.done(374581)
[1579452.775] {mesa egl surface queue} wl_buffer#36.release()
[1579453.425]  -> wl_surface#23.frame(new id wl_callback#41)
[1579453.474] {mesa egl surface queue}  -> wl_surface#23.attach(wl_buffer#36, 0, 0)
[1579453.483] {mesa egl surface queue}  -> wl_surface#23.damage_buffer(687, 319, 5, 67)
[1579453.916] {mesa egl surface queue}  -> wl_surface#23.commit()
[1579453.932] {mesa egl surface queue}  -> wl_display#1.sync(new id wl_callback#43)
[1579454.095] {Display Queue} wl_display#1.delete_id(43)
[1579494.514] {Display Queue} wl_display#1.delete_id(41)
[1579494.544] {Default Queue} wl_callback#41.done(374671)
[1579503.151] {mesa egl surface queue} wl_callback#43.done(374631)
[1579503.184] {mesa egl surface queue} wl_buffer#36.release()
[1579503.768]  -> wl_surface#23.frame(new id wl_callback#43)
[1579503.812] {mesa egl surface queue}  -> wl_surface#23.attach(wl_buffer#36, 0, 0)
[1579503.847] {mesa egl surface queue}  -> wl_surface#23.damage_buffer(687, 319, 5, 67)
[1579504.297] {mesa egl surface queue}  -> wl_surface#23.commit()
[1579504.310] {mesa egl surface queue}  -> wl_display#1.sync(new id wl_callback#41)
[1579504.536] {Display Queue} wl_display#1.delete_id(41)
[1579545.151] {Display Queue} wl_display#1.delete_id(43)
[1579545.176] {Default Queue} wl_callback#43.done(374722)
[1579552.488] {mesa egl surface queue} wl_callback#41.done(374681)
[1579552.513] {mesa egl surface queue} wl_buffer#36.release()
[1579553.067]  -> wl_surface#23.frame(new id wl_callback#41)
[1579553.131] {mesa egl surface queue}  -> wl_surface#23.attach(wl_buffer#36, 0, 0)
[1579553.145] {mesa egl surface queue}  -> wl_surface#23.damage_buffer(687, 319, 5, 67)
[1579553.588] {mesa egl surface queue}  -> wl_surface#23.commit()
[1579553.602] {mesa egl surface queue}  -> wl_display#1.sync(new id wl_callback#43)
[1579553.785] {Display Queue} wl_display#1.delete_id(43)
[1579591.054] {Display Queue} wl_display#1.delete_id(41)
[1579591.074] {Default Queue} wl_callback#41.done(374768)
[1579602.774] {mesa egl surface queue} wl_callback#43.done(374731)
[1579602.805] {mesa egl surface queue} wl_buffer#36.release()
[1579603.467]  -> wl_surface#23.frame(new id wl_callback#43)
[1579603.517] {mesa egl surface queue}  -> wl_surface#23.attach(wl_buffer#36, 0, 0)
[1579603.529] {mesa egl surface queue}  -> wl_surface#23.damage_buffer(687, 319, 5, 67)
[1579604.038] {mesa egl surface queue}  -> wl_surface#23.commit()
[1579604.052] {mesa egl surface queue}  -> wl_display#1.sync(new id wl_callback#41)
[1579604.236] {Display Queue} wl_display#1.delete_id(41)
[1579629.450] {Display Queue} wl_display#1.delete_id(43)
[1579629.477] {Default Queue} wl_callback#43.done(374806)
[1579635.992] {mesa egl surface queue} wl_callback#41.done(374781)
[1579636.025] {mesa egl surface queue} wl_buffer#36.release()
[1579636.747]  -> wl_surface#23.frame(new id wl_callback#41)
[1579636.809] {mesa egl surface queue}  -> wl_surface#23.attach(wl_buffer#36, 0, 0)
[1579636.826] {mesa egl surface queue}  -> wl_surface#23.damage_buffer(687, 319, 5, 67)
[1579637.262] {mesa egl surface queue}  -> wl_surface#23.commit()
[1579637.276] {mesa egl surface queue}  -> wl_display#1.sync(new id wl_callback#43)
[1579637.474] {Display Queue} wl_display#1.delete_id(43)
[1579675.076] {Display Queue} wl_display#1.delete_id(41)
[1579675.106] {Default Queue} wl_callback#41.done(374852)
[1579686.373] {mesa egl surface queue} wl_callback#43.done(374814)
[1579686.405] {mesa egl surface queue} wl_buffer#36.release()
[1579687.030]  -> wl_surface#23.frame(new id wl_callback#43)
[1579687.075] {mesa egl surface queue}  -> wl_surface#23.attach(wl_buffer#36, 0, 0)
[1579687.087] {mesa egl surface queue}  -> wl_surface#23.damage_buffer(687, 319, 5, 67)
[1579687.534] {mesa egl surface queue}  -> wl_surface#23.commit()
[1579687.548] {mesa egl surface queue}  -> wl_display#1.sync(new id wl_callback#41)
[1579687.779] {Display Queue} wl_display#1.delete_id(41)
[1579781.021] {Display Queue} wl_display#1.delete_id(43)
[1579781.053] {Default Queue} wl_callback#43.done(374958)
[1579786.612] {mesa egl surface queue} wl_callback#41.done(374865)
[1579786.643] {mesa egl surface queue} wl_buffer#36.release()
[1579787.172]  -> wl_surface#23.frame(new id wl_callback#41)
[1579787.218] {mesa egl surface queue}  -> wl_surface#23.attach(wl_buffer#36, 0, 0)
[1579787.230] {mesa egl surface queue}  -> wl_surface#23.damage_buffer(687, 319, 5, 67)
[1579787.744] {mesa egl surface queue}  -> wl_surface#23.commit()
[1579787.760] {mesa egl surface queue}  -> wl_display#1.sync(new id wl_callback#43)
[1579787.963] {Display Queue} wl_display#1.delete_id(43)
[1579994.081] {Display Queue} wl_display#1.delete_id(41)
[1579994.113] {Default Queue} wl_callback#41.done(375171)
[1580002.691] {mesa egl surface queue} wl_callback#43.done(374965)
[1580002.722] {mesa egl surface queue} wl_buffer#36.release()
[1580003.265]  -> wl_surface#23.frame(new id wl_callback#43)
[1580003.306] {mesa egl surface queue}  -> wl_surface#23.attach(wl_buffer#36, 0, 0)
[1580003.339] {mesa egl surface queue}  -> wl_surface#23.damage_buffer(36, 255, 85, 64)
[1580003.350] {mesa egl surface queue}  -> wl_surface#23.damage_buffer(36, 319, 85, 67)
[1580003.359] {mesa egl surface queue}  -> wl_surface#23.damage_buffer(687, 319, 5, 67)
[1580003.368] {mesa egl surface queue}  -> wl_surface#23.damage_buffer(36, 386, 85, 66)
[1580004.113] {mesa egl surface queue}  -> wl_surface#23.commit()
[1580004.131] {mesa egl surface queue}  -> wl_display#1.sync(new id wl_callback#41)
[1580004.294] {Display Queue} wl_display#1.delete_id(41)
[1580070.156] {Display Queue} wl_display#1.delete_id(43)
[1580070.171] {Default Queue} wl_callback#43.done(375247)
[1604538.777] {Default Queue} wl_pointer#6.motion(399715, 188.00000000, 127.00000000)
[1604538.827] {Default Queue} wl_pointer#6.frame()
[1604539.202] {Default Queue}  -> wp_cursor_shape_device_v1#21.set_shape(42, 9)
[1604539.375]  -> xdg_popup#44.destroy()
[1604539.391]  -> xdg_surface#42.destroy()
[1604539.401]  -> wl_surface#39.attach(nil, 0, 0)
[1604539.411]  -> wl_surface#39.commit()
[1604540.040] {mesa egl surface queue} wl_callback#41.done(375181)
[1604540.065] {mesa egl surface queue} wl_buffer#36.release()
[1604542.206]  -> wl_surface#23.frame(new id wl_callback#41)
[1604542.265] {mesa egl surface queue}  -> wl_surface#23.attach(wl_buffer#36, 0, 0)
[1604542.278] {mesa egl surface queue}  -> wl_surface#23.damage_buffer(21, 19, 77, 32)
[1604543.305] {mesa egl surface queue}  -> wl_surface#23.commit()
[1604543.330] {mesa egl surface queue}  -> wl_display#1.sync(new id wl_callback#43)
[1604569.825] {Display Queue} wl_display#1.delete_id(44)
[1604569.844] {Display Queue} wl_display#1.delete_id(42)
[1604569.848] {Display Queue} wl_display#1.delete_id(43)
[1604588.241] {Display Queue} wl_display#1.delete_id(41)
[1604588.272] {Default Queue} wl_callback#41.done(399765)
[1604595.260] {Default Queue} wl_pointer#6.button(49, 399772, 272, 1)
[1604595.282] {Default Queue} xdg_wm_base#20.ping(50)
[1604595.289] {Default Queue}  -> xdg_wm_base#20.pong(50)
[1604595.293] {Default Queue} wl_pointer#6.frame()
[1604595.523] {Default Queue}  -> zwp_text_input_v3#34.set_surrounding_text("q581 clipboard Ω 日本語", 27, 0)
[1604595.536] {Default Queue}  -> zwp_text_input_v3#34.set_text_change_cause(1)
[1604595.548] {Default Queue}  -> zwp_text_input_v3#34.set_content_type(0, 0)
[1604595.557] {Default Queue}  -> zwp_text_input_v3#34.set_cursor_rectangle(189, 112, 0, 32)
[1604595.562] {Default Queue}  -> zwp_text_input_v3#34.commit()
[1604652.093] {Default Queue} wl_pointer#6.button(51, 399829, 272, 0)
[1604652.139] {Default Queue} wl_pointer#6.frame()
[1604653.513] {mesa egl surface queue} wl_callback#43.done(399747)
[1604653.542] {mesa egl surface queue} wl_buffer#36.release()
[1604654.339]  -> wl_surface#23.frame(new id wl_callback#43)
[1604654.388] {mesa egl surface queue}  -> wl_surface#23.attach(wl_buffer#36, 0, 0)
[1604654.403] {mesa egl surface queue}  -> wl_surface#23.damage_buffer(45, 119, 144, 3)
[1604654.414] {mesa egl surface queue}  -> wl_surface#23.damage_buffer(45, 122, 145, 13)
[1604654.424] {mesa egl surface queue}  -> wl_surface#23.damage_buffer(45, 135, 144, 2)
[1604655.218] {mesa egl surface queue}  -> wl_surface#23.commit()
[1604655.240] {mesa egl surface queue}  -> wl_display#1.sync(new id wl_callback#41)
[1604655.428] {Display Queue} wl_display#1.delete_id(41)
[1604673.396] {Display Queue} wl_display#1.delete_id(43)
[1604673.418] {Default Queue} wl_callback#43.done(399850)
[1604686.399] {Default Queue} wl_keyboard#22.key(52, 399863, 29, 1)
[1604686.571] {Default Queue} wl_keyboard#22.modifiers(54, 4, 0, 0, 0)
[1604686.606] {Default Queue} wl_keyboard#22.key(55, 399863, 30, 1)
[1604686.744] {Default Queue}  -> wl_surface#17.attach(nil, 0, 0)
[1604686.757] {Default Queue}  -> wl_surface#17.commit()
[1604686.765] {Default Queue}  -> wl_pointer#6.set_cursor(42, wl_surface#17, 0, 0)
[1604688.835] {Default Queue}  -> zwp_primary_selection_device_manager_v1#12.create_source(new id zwp_primary_selection_source_v1#43)
[1604688.894] {Default Queue}  -> zwp_primary_selection_source_v1#43.offer("text/plain;charset=utf-8")
[1604688.906] {Default Queue}  -> zwp_primary_selection_source_v1#43.offer("text/plain")
[1604688.917] {Default Queue}  -> zwp_primary_selection_device_v1#15.set_selection(zwp_primary_selection_source_v1#43, 55)
[1604689.309] {Default Queue} zwp_primary_selection_device_v1#15.data_offer(new id zwp_primary_selection_offer_v1#4278190080)
[1604689.326] {Default Queue} zwp_primary_selection_offer_v1#4278190080.offer("text/plain;charset=utf-8")
[1604689.337] {Default Queue} zwp_primary_selection_offer_v1#4278190080.offer("text/plain")
[1604689.346] {Default Queue} zwp_primary_selection_device_v1#15.selection(zwp_primary_selection_offer_v1#4278190080)
[1604689.357] {Default Queue}  -> zwp_primary_selection_offer_v1#4278190080.destroy()
[1604691.256] {mesa egl surface queue} wl_callback#41.done(399832)
[1604691.281] {mesa egl surface queue} wl_buffer#36.release()
[1604709.418]  -> wl_surface#23.frame(new id wl_callback#41)
[1604709.456] {mesa egl surface queue}  -> wl_surface#23.attach(wl_buffer#36, 0, 0)
[1604709.465] {mesa egl surface queue}  -> wl_surface#23.damage_buffer(45, 119, 144, 3)
[1604709.471] {mesa egl surface queue}  -> wl_surface#23.damage_buffer(45, 122, 145, 13)
[1604709.476] {mesa egl surface queue}  -> wl_surface#23.damage_buffer(45, 135, 144, 2)
[1604710.068] {mesa egl surface queue}  -> wl_surface#23.commit()
[1604710.079] {mesa egl surface queue}  -> wl_display#1.sync(new id wl_callback#42)
[1604718.937] {Display Queue} wl_display#1.delete_id(42)
[1604729.415] {Display Queue} wl_display#1.delete_id(41)
[1604729.440] {Default Queue} wl_callback#41.done(399906)
[1604739.304] {Default Queue} wl_keyboard#22.key(56, 399916, 30, 0)
[1604739.351] {Default Queue} wl_keyboard#22.key(57, 399916, 29, 0)
[1604739.362] {Default Queue} wl_keyboard#22.modifiers(59, 0, 0, 0, 0)
[1604739.540] {Default Queue}  -> wp_cursor_shape_device_v1#21.set_shape(42, 9)
[1604799.224] {Default Queue} wl_keyboard#22.key(60, 399976, 29, 1)
[1604799.294] {Default Queue} wl_keyboard#22.modifiers(62, 4, 0, 0, 0)
[1604799.331] {Default Queue} wl_keyboard#22.key(63, 399976, 46, 1)
[1604799.447] {Default Queue}  -> wl_surface#17.attach(nil, 0, 0)
[1604799.460] {Default Queue}  -> wl_surface#17.commit()
[1604799.470] {Default Queue}  -> wl_pointer#6.set_cursor(42, wl_surface#17, 0, 0)
[1604799.814] {Default Queue}  -> wl_data_device_manager#9.create_data_source(new id wl_data_source#41)
[1604799.831] {Default Queue}  -> wl_data_source#41.offer("text/plain;charset=utf-8")
[1604799.839] {Default Queue}  -> wl_data_source#41.offer("text/plain")
[1604799.850] {Default Queue}  -> wl_data_device#16.set_selection(wl_data_source#41, 63)
[1604800.279] {Default Queue} wl_data_device#16.data_offer(new id wl_data_offer#4278190081)
[1604800.295] {Default Queue} wl_data_offer#4278190081.offer("text/plain;charset=utf-8")
[1604800.305] {Default Queue} wl_data_offer#4278190081.offer("text/plain")
[1604800.314] {Default Queue} wl_data_device#16.selection(wl_data_offer#4278190081)
[1604800.324] {Default Queue} wl_data_source#41.send("text/plain;charset=utf-8", fd 12)
[1604859.804] {Default Queue} wl_keyboard#22.key(64, 400037, 46, 0)
[1604859.872] {Default Queue} wl_keyboard#22.key(65, 400037, 29, 0)
[1604859.886] {Default Queue} wl_keyboard#22.modifiers(67, 0, 0, 0, 0)
[1605039.707] {mesa egl surface queue} wl_callback#37.done(373551)
[1605039.743] {mesa egl surface queue} wl_buffer#35.release()
[1605039.869] {mesa egl surface queue}  -> wl_buffer#35.destroy()
[1605039.942] {Default Queue}  -> wp_viewport#40.destroy()
[1605039.956]  -> wl_surface#39.destroy()
[1605040.622] {Display Queue} wl_display#1.delete_id(35)
[1605040.642] {Display Queue} wl_display#1.delete_id(40)
[1605040.651] {Display Queue} wl_display#1.delete_id(39)
[1605462.944] {Default Queue} wl_keyboard#22.leave(69, wl_surface#23)
[1605462.983] {Default Queue} zwp_text_input_v3#34.leave(wl_surface#23)
[1605462.993] {Default Queue}  -> zwp_text_input_v3#34.disable()
[1605463.006] {Default Queue}  -> zwp_text_input_v3#34.commit()
[1605463.023] {Default Queue} wl_pointer#6.leave(72, wl_surface#23)
[1605463.034] {Default Queue}  -> wl_surface#17.attach(nil, 0, 0)
[1605463.041] {Default Queue}  -> wl_surface#17.commit()
[1605463.047] {Default Queue}  -> wl_pointer#6.set_cursor(42, wl_surface#17, 0, 0)
[1605463.056] {Default Queue} wl_pointer#6.frame()
[1605464.151] {mesa egl surface queue} wl_callback#42.done(399896)
[1605464.167] {mesa egl surface queue} wl_buffer#36.release()
[1605464.598]  -> wl_surface#23.frame(new id wl_callback#42)
[1605464.626] {mesa egl surface queue}  -> wl_surface#23.attach(wl_buffer#36, 0, 0)
[1605464.634] {mesa egl surface queue}  -> wl_surface#23.damage_buffer(45, 119, 144, 18)
[1605465.193] {mesa egl surface queue}  -> wl_surface#23.commit()
[1605465.213] {mesa egl surface queue}  -> wl_display#1.sync(new id wl_callback#39)
[1605465.330] {Display Queue} wl_display#1.delete_id(39)
[1605484.141] {Display Queue} wl_display#1.delete_id(42)
[1605484.171] {Default Queue} wl_callback#42.done(400661)
[1605484.651] {mesa egl surface queue} wl_callback#39.done(400642)
[1605484.672] {mesa egl surface queue} wl_buffer#36.release()
[1605485.320]  -> wl_surface#23.frame(new id wl_callback#39)
[1605485.341] {mesa egl surface queue}  -> wl_surface#23.attach(wl_buffer#36, 0, 0)
[1605485.345] {mesa egl surface queue}  -> wl_surface#23.damage_buffer(35, 110, 658, 36)
[1605486.059] {mesa egl surface queue}  -> wl_surface#23.commit()
[1605486.073] {mesa egl surface queue}  -> wl_display#1.sync(new id wl_callback#42)
[1605486.143] {Display Queue} wl_display#1.delete_id(42)
[1605502.831] {Display Queue} wl_display#1.delete_id(39)
[1605502.859] {Default Queue} wl_callback#39.done(400680)
[1605503.136] {mesa egl surface queue} wl_callback#42.done(400663)
[1605503.142] {mesa egl surface queue} wl_buffer#36.release()
[1605503.752]  -> wl_surface#23.frame(new id wl_callback#42)
[1605503.769] {mesa egl surface queue}  -> wl_surface#23.attach(wl_buffer#36, 0, 0)
[1605503.774] {mesa egl surface queue}  -> wl_surface#23.damage_buffer(35, 110, 658, 36)
[1605504.125] {mesa egl surface queue}  -> wl_surface#23.commit()
[1605504.132] {mesa egl surface queue}  -> wl_display#1.sync(new id wl_callback#39)
[1605504.190] {Display Queue} wl_display#1.delete_id(39)
[1605519.811] {Display Queue} wl_display#1.delete_id(42)
[1605519.840] {Default Queue} wl_callback#42.done(400697)
[1605520.191] {mesa egl surface queue} wl_callback#39.done(400681)
[1605520.198] {mesa egl surface queue} wl_buffer#36.release()
[1605520.452]  -> wl_surface#23.frame(new id wl_callback#39)
[1605520.466] {mesa egl surface queue}  -> wl_surface#23.attach(wl_buffer#36, 0, 0)
[1605520.470] {mesa egl surface queue}  -> wl_surface#23.damage_buffer(34, 109, 660, 38)
[1605521.243] {mesa egl surface queue}  -> wl_surface#23.commit()
[1605521.252] {mesa egl surface queue}  -> wl_display#1.sync(new id wl_callback#42)
[1605521.309] {Display Queue} wl_display#1.delete_id(42)
[1605537.264] {Display Queue} wl_display#1.delete_id(39)
[1605537.292] {Default Queue} wl_callback#39.done(400714)
[1605537.694] {mesa egl surface queue} wl_callback#42.done(400698)
[1605537.712] {mesa egl surface queue} wl_buffer#36.release()
[1605537.945]  -> wl_surface#23.frame(new id wl_callback#42)
[1605537.958] {mesa egl surface queue}  -> wl_surface#23.attach(wl_buffer#36, 0, 0)
[1605537.962] {mesa egl surface queue}  -> wl_surface#23.damage_buffer(34, 109, 660, 38)
[1605538.738] {mesa egl surface queue}  -> wl_surface#23.commit()
[1605538.749] {mesa egl surface queue}  -> wl_display#1.sync(new id wl_callback#39)
[1605538.808] {Display Queue} wl_display#1.delete_id(39)
[1605554.281] {Display Queue} wl_display#1.delete_id(42)
[1605554.310] {Default Queue} wl_callback#42.done(400731)
[1605554.746] {mesa egl surface queue} wl_callback#39.done(400716)
[1605554.764] {mesa egl surface queue} wl_buffer#36.release()
[1605555.233]  -> wl_surface#23.frame(new id wl_callback#39)
[1605555.248] {mesa egl surface queue}  -> wl_surface#23.attach(wl_buffer#36, 0, 0)
[1605555.253] {mesa egl surface queue}  -> wl_surface#23.damage_buffer(33, 108, 662, 40)
[1605556.087] {mesa egl surface queue}  -> wl_surface#23.commit()
[1605556.097] {mesa egl surface queue}  -> wl_display#1.sync(new id wl_callback#42)
[1605556.155] {Display Queue} wl_display#1.delete_id(42)
[1605571.476] {Display Queue} wl_display#1.delete_id(39)
[1605571.500] {Default Queue} wl_callback#39.done(400748)
[1605571.886] {mesa egl surface queue} wl_callback#42.done(400733)
[1605571.904] {mesa egl surface queue} wl_buffer#36.release()
[1605572.293]  -> wl_surface#23.frame(new id wl_callback#42)
[1605572.309] {mesa egl surface queue}  -> wl_surface#23.attach(wl_buffer#36, 0, 0)
[1605572.315] {mesa egl surface queue}  -> wl_surface#23.damage_buffer(33, 108, 662, 40)
[1605573.343] {mesa egl surface queue}  -> wl_surface#23.commit()
[1605573.352] {mesa egl surface queue}  -> wl_display#1.sync(new id wl_callback#39)
[1605573.408] {Display Queue} wl_display#1.delete_id(39)
[1605589.945] {Display Queue} wl_display#1.delete_id(42)
[1605589.975] {Default Queue} wl_callback#42.done(400767)
[1605590.215] {mesa egl surface queue} wl_callback#39.done(400750)
[1605590.221] {mesa egl surface queue} wl_buffer#36.release()
[1605590.476]  -> wl_surface#23.frame(new id wl_callback#39)
[1605590.490] {mesa egl surface queue}  -> wl_surface#23.attach(wl_buffer#36, 0, 0)
[1605590.495] {mesa egl surface queue}  -> wl_surface#23.damage_buffer(33, 108, 662, 40)
[1605591.533] {mesa egl surface queue}  -> wl_surface#23.commit()
[1605591.540] {mesa egl surface queue}  -> wl_display#1.sync(new id wl_callback#42)
[1605591.588] {Display Queue} wl_display#1.delete_id(42)
[1605607.248] {Display Queue} wl_display#1.delete_id(39)
[1605607.271] {Default Queue} wl_callback#39.done(400784)
[1605607.653] {mesa egl surface queue} wl_callback#42.done(400769)
[1605607.672] {mesa egl surface queue} wl_buffer#36.release()
[1605607.938]  -> wl_surface#23.frame(new id wl_callback#42)
[1605607.951] {mesa egl surface queue}  -> wl_surface#23.attach(wl_buffer#36, 0, 0)
[1605607.955] {mesa egl surface queue}  -> wl_surface#23.damage_buffer(32, 107, 664, 42)
[1605608.916] {mesa egl surface queue}  -> wl_surface#23.commit()
[1605608.924] {mesa egl surface queue}  -> wl_display#1.sync(new id wl_callback#39)
[1605608.983] {Display Queue} wl_display#1.delete_id(39)
[1605624.977] {Display Queue} wl_display#1.delete_id(42)
[1605625.005] {Default Queue} wl_callback#42.done(400802)
[1605625.342] {mesa egl surface queue} wl_callback#39.done(400786)
[1605625.349] {mesa egl surface queue} wl_buffer#36.release()
[1605625.584]  -> wl_surface#23.frame(new id wl_callback#39)
[1605625.600] {mesa egl surface queue}  -> wl_surface#23.attach(wl_buffer#36, 0, 0)
[1605625.606] {mesa egl surface queue}  -> wl_surface#23.damage_buffer(32, 107, 664, 42)
[1605626.168] {mesa egl surface queue}  -> wl_surface#23.commit()
[1605626.179] {mesa egl surface queue}  -> wl_display#1.sync(new id wl_callback#42)
[1605626.247] {Display Queue} wl_display#1.delete_id(42)
[1605668.943] {Display Queue} wl_display#1.delete_id(39)
[1605668.970] {Default Queue} wl_callback#39.done(400846)
[1605669.233] {mesa egl surface queue} wl_callback#42.done(400803)
[1605669.244] {mesa egl surface queue} wl_buffer#36.release()
[1605669.496]  -> wl_surface#23.frame(new id wl_callback#42)
[1605669.514] {mesa egl surface queue}  -> wl_surface#23.attach(wl_buffer#36, 0, 0)
[1605669.519] {mesa egl surface queue}  -> wl_surface#23.damage_buffer(32, 107, 664, 42)
[1605670.226] {mesa egl surface queue}  -> wl_surface#23.commit()
[1605670.236] {mesa egl surface queue}  -> wl_display#1.sync(new id wl_callback#39)
[1605670.306] {Display Queue} wl_display#1.delete_id(39)
[1605721.738] {Display Queue} wl_display#1.delete_id(42)
[1605721.768] {Default Queue} wl_callback#42.done(400899)
[1605722.196] {mesa egl surface queue} wl_callback#39.done(400847)
[1605722.217] {mesa egl surface queue} wl_buffer#36.release()
[1605722.582]  -> wl_surface#23.frame(new id wl_callback#39)
[1605722.604] {mesa egl surface queue}  -> wl_surface#23.attach(wl_buffer#36, 0, 0)
[1605722.624] {mesa egl surface queue}  -> wl_surface#23.damage_buffer(32, 107, 664, 42)
[1605723.213] {mesa egl surface queue}  -> wl_surface#23.commit()
[1605723.224] {mesa egl surface queue}  -> wl_display#1.sync(new id wl_callback#42)
[1605723.305] {Display Queue} wl_display#1.delete_id(42)
[1605825.076] {Display Queue} wl_display#1.delete_id(39)
[1605825.109] {Default Queue} wl_callback#39.done(401002)
[1605825.559] {mesa egl surface queue} wl_callback#42.done(400900)
[1605825.582] {mesa egl surface queue} wl_buffer#36.release()
[1605826.061]  -> wl_surface#23.frame(new id wl_callback#42)
[1605826.104] {mesa egl surface queue}  -> wl_surface#23.attach(wl_buffer#36, 0, 0)
[1605826.117] {mesa egl surface queue}  -> wl_surface#23.damage_buffer(32, 107, 664, 42)
[1605827.106] {mesa egl surface queue}  -> wl_surface#23.commit()
[1605827.129] {mesa egl surface queue}  -> wl_display#1.sync(new id wl_callback#39)
[1605827.320] {Display Queue} wl_display#1.delete_id(39)
[1605903.158] {Display Queue} wl_display#1.delete_id(42)
[1605903.190] {Default Queue} wl_callback#42.done(401080)
[1631136.643] {Default Queue} wl_data_source#41.send("text/plain;charset=utf-8", fd 12)
[1633017.673] {Default Queue} wl_data_device#16.data_offer(new id wl_data_offer#4278190082)
[1633017.706] {Default Queue} wl_data_offer#4278190082.offer("text/plain;charset=utf-8")
[1633017.724] {Default Queue} wl_data_offer#4278190082.offer("text/plain")
[1633017.737] {Default Queue} wl_data_device#16.selection(wl_data_offer#4278190082)
[1633017.752] {Default Queue} zwp_primary_selection_device_v1#15.data_offer(new id zwp_primary_selection_offer_v1#4278190083)
[1633017.763] {Default Queue} zwp_primary_selection_offer_v1#4278190083.offer("text/plain;charset=utf-8")
[1633017.773] {Default Queue} zwp_primary_selection_offer_v1#4278190083.offer("text/plain")
[1633017.781] {Default Queue} zwp_primary_selection_device_v1#15.selection(zwp_primary_selection_offer_v1#4278190083)
[1633017.792] {Default Queue}  -> zwp_primary_selection_offer_v1#4278190083.destroy()
[1633017.804] {Default Queue} wl_keyboard#22.enter(96, wl_surface#23, array[0])
[1633017.832] {Default Queue} wl_keyboard#22.modifiers(97, 0, 0, 0, 0)
[1633017.872] {Default Queue} zwp_text_input_v3#34.enter(wl_surface#23)
[1633017.883] {Default Queue} wl_pointer#6.enter(99, wl_surface#23, 323.00000000, -32.00000000)
[1633017.899] {Default Queue}  -> wl_surface#17.attach(nil, 0, 0)
[1633017.910] {Default Queue}  -> wl_surface#17.commit()
[1633017.919] {Default Queue}  -> wl_pointer#6.set_cursor(99, wl_surface#17, 0, 0)
[1633017.931] {Default Queue} wl_pointer#6.frame()
[1633017.953] {Default Queue}  -> wp_cursor_shape_device_v1#21.set_shape(99, 9)
[1633018.008] {Default Queue} wl_pointer#6.frame()
[1633018.122] {Default Queue}  -> zwp_text_input_v3#34.enable()
[1633018.151] {Default Queue}  -> zwp_text_input_v3#34.set_surrounding_text("q581 clipboard Ω 日本語", 27, 0)
[1633018.162] {Default Queue}  -> zwp_text_input_v3#34.set_text_change_cause(1)
[1633018.178] {Default Queue}  -> zwp_text_input_v3#34.set_content_type(0, 0)
[1633018.289] {Default Queue}  -> zwp_text_input_v3#34.set_cursor_rectangle(189, 112, 0, 32)
[1633018.302] {Default Queue}  -> zwp_text_input_v3#34.commit()
[1633018.692] {Default Queue}  -> wp_cursor_shape_device_v1#21.set_shape(99, 1)
[1633019.267] {mesa egl surface queue} wl_callback#39.done(401004)
[1633019.287] {mesa egl surface queue} wl_buffer#36.release()
[1633019.842]  -> wl_surface#23.frame(new id wl_callback#39)
[1633019.879] {mesa egl surface queue}  -> wl_surface#23.attach(wl_buffer#36, 0, 0)
[1633019.891] {mesa egl surface queue}  -> wl_surface#23.damage_buffer(45, 119, 144, 18)
[1633021.019] {mesa egl surface queue}  -> wl_surface#23.commit()
[1633021.038] {mesa egl surface queue}  -> wl_display#1.sync(new id wl_callback#42)
[1633043.921] {Display Queue} wl_display#1.delete_id(42)
[1633058.609] {Display Queue} wl_display#1.delete_id(39)
[1633058.621] {Default Queue} wl_callback#39.done(428236)
[1633058.842] {mesa egl surface queue} wl_callback#42.done(428221)
[1633058.850] {mesa egl surface queue} wl_buffer#36.release()
[1633059.152]  -> wl_surface#23.frame(new id wl_callback#42)
[1633059.168] {mesa egl surface queue}  -> wl_surface#23.attach(wl_buffer#36, 0, 0)
[1633059.172] {mesa egl surface queue}  -> wl_surface#23.damage_buffer(32, 107, 664, 42)
[1633060.224] {mesa egl surface queue}  -> wl_surface#23.commit()
[1633060.235] {mesa egl surface queue}  -> wl_display#1.sync(new id wl_callback#39)
[1633060.299] {Display Queue} wl_display#1.delete_id(39)
[1633075.281] {Display Queue} wl_display#1.delete_id(42)
[1633075.290] {Default Queue} wl_callback#42.done(428252)
[1633075.301] {Default Queue} wl_pointer#6.frame()
[1633075.482] {mesa egl surface queue} wl_callback#39.done(428237)
[1633075.488] {mesa egl surface queue} wl_buffer#36.release()
[1633075.717]  -> wl_surface#23.frame(new id wl_callback#39)
[1633075.732] {mesa egl surface queue}  -> wl_surface#23.attach(wl_buffer#36, 0, 0)
[1633075.736] {mesa egl surface queue}  -> wl_surface#23.damage_buffer(32, 107, 664, 42)
[1633076.941] {mesa egl surface queue}  -> wl_surface#23.commit()
[1633076.949] {mesa egl surface queue}  -> wl_display#1.sync(new id wl_callback#42)
[1633077.008] {Display Queue} wl_display#1.delete_id(42)
[1633092.707] {Display Queue} wl_display#1.delete_id(39)
[1633092.735] {Default Queue} wl_callback#39.done(428270)
[1633093.120] {mesa egl surface queue} wl_callback#42.done(428254)
[1633093.138] {mesa egl surface queue} wl_buffer#36.release()
[1633093.590]  -> wl_surface#23.frame(new id wl_callback#42)
[1633093.604] {mesa egl surface queue}  -> wl_surface#23.attach(wl_buffer#36, 0, 0)
[1633093.608] {mesa egl surface queue}  -> wl_surface#23.damage_buffer(33, 108, 662, 40)
[1633094.416] {mesa egl surface queue}  -> wl_surface#23.commit()
[1633094.428] {mesa egl surface queue}  -> wl_display#1.sync(new id wl_callback#39)
[1633094.525] {Display Queue} wl_display#1.delete_id(39)
[1633110.158] {Display Queue} wl_display#1.delete_id(42)
[1633110.186] {Default Queue} wl_callback#42.done(428287)
[1633110.601] {mesa egl surface queue} wl_callback#39.done(428272)
[1633110.620] {mesa egl surface queue} wl_buffer#36.release()
[1633111.037]  -> wl_surface#23.frame(new id wl_callback#39)
[1633111.069] {mesa egl surface queue}  -> wl_surface#23.attach(wl_buffer#36, 0, 0)
[1633111.079] {mesa egl surface queue}  -> wl_surface#23.damage_buffer(33, 108, 662, 40)
[1633112.756] {mesa egl surface queue}  -> wl_surface#23.commit()
[1633112.768] {mesa egl surface queue}  -> wl_display#1.sync(new id wl_callback#42)
[1633112.848] {Display Queue} wl_display#1.delete_id(42)
[1633135.973] {Display Queue} wl_display#1.delete_id(39)
[1633135.997] {Default Queue} wl_callback#39.done(428313)
[1633136.372] {mesa egl surface queue} wl_callback#42.done(428290)
[1633136.392] {mesa egl surface queue} wl_buffer#36.release()
[1633136.850]  -> wl_surface#23.frame(new id wl_callback#42)
[1633136.892] {mesa egl surface queue}  -> wl_surface#23.attach(wl_buffer#36, 0, 0)
[1633136.897] {mesa egl surface queue}  -> wl_surface#23.damage_buffer(34, 109, 660, 38)
[1633137.457] {mesa egl surface queue}  -> wl_surface#23.commit()
[1633137.466] {mesa egl surface queue}  -> wl_display#1.sync(new id wl_callback#39)
[1633137.562] {Display Queue} wl_display#1.delete_id(39)
[1633156.317] {Display Queue} wl_display#1.delete_id(42)
[1633156.343] {Default Queue} wl_callback#42.done(428333)
[1633156.746] {mesa egl surface queue} wl_callback#39.done(428315)
[1633156.766] {mesa egl surface queue} wl_buffer#36.release()
[1633157.071]  -> wl_surface#23.frame(new id wl_callback#39)
[1633157.085] {mesa egl surface queue}  -> wl_surface#23.attach(wl_buffer#36, 0, 0)
[1633157.089] {mesa egl surface queue}  -> wl_surface#23.damage_buffer(34, 109, 660, 38)
[1633157.824] {mesa egl surface queue}  -> wl_surface#23.commit()
[1633157.832] {mesa egl surface queue}  -> wl_display#1.sync(new id wl_callback#42)
[1633157.885] {Display Queue} wl_display#1.delete_id(42)
[1633174.813] {Display Queue} wl_display#1.delete_id(39)
[1633174.839] {Default Queue} wl_callback#39.done(428352)
[1633175.209] {mesa egl surface queue} wl_callback#42.done(428335)
[1633175.247] {mesa egl surface queue} wl_buffer#36.release()
[1633176.058]  -> wl_surface#23.frame(new id wl_callback#42)
[1633176.075] {mesa egl surface queue}  -> wl_surface#23.attach(wl_buffer#36, 0, 0)
[1633176.078] {mesa egl surface queue}  -> wl_surface#23.damage_buffer(34, 109, 660, 38)
[1633176.652] {mesa egl surface queue}  -> wl_surface#23.commit()
[1633176.663] {mesa egl surface queue}  -> wl_display#1.sync(new id wl_callback#39)
[1633176.727] {Display Queue} wl_display#1.delete_id(39)
[1633192.099] {Display Queue} wl_display#1.delete_id(42)
[1633192.122] {Default Queue} wl_callback#42.done(428369)
[1633192.476] {mesa egl surface queue} wl_callback#39.done(428354)
[1633192.493] {mesa egl surface queue} wl_buffer#36.release()
[1633192.787]  -> wl_surface#23.frame(new id wl_callback#39)
[1633192.816] {mesa egl surface queue}  -> wl_surface#23.attach(wl_buffer#36, 0, 0)
[1633192.820] {mesa egl surface queue}  -> wl_surface#23.damage_buffer(35, 110, 658, 36)
[1633193.667] {mesa egl surface queue}  -> wl_surface#23.commit()
[1633193.678] {mesa egl surface queue}  -> wl_display#1.sync(new id wl_callback#42)
[1633193.759] {Display Queue} wl_display#1.delete_id(42)
[1633208.741] {Display Queue} wl_display#1.delete_id(39)
[1633208.768] {Default Queue} wl_callback#39.done(428386)
[1633209.045] {mesa egl surface queue} wl_callback#42.done(428371)
[1633209.052] {mesa egl surface queue} wl_buffer#36.release()
[1633209.271]  -> wl_surface#23.frame(new id wl_callback#42)
[1633209.284] {mesa egl surface queue}  -> wl_surface#23.attach(wl_buffer#36, 0, 0)
[1633209.288] {mesa egl surface queue}  -> wl_surface#23.damage_buffer(35, 110, 658, 36)
[1633209.815] {mesa egl surface queue}  -> wl_surface#23.commit()
[1633209.825] {mesa egl surface queue}  -> wl_display#1.sync(new id wl_callback#39)
[1633210.182] {Display Queue} wl_display#1.delete_id(39)
[1633225.925] {Display Queue} wl_display#1.delete_id(42)
[1633225.935] {Default Queue} wl_callback#42.done(428402)
[1633226.094] {mesa egl surface queue} wl_callback#39.done(428387)
[1633226.101] {mesa egl surface queue} wl_buffer#36.release()
[1633226.297]  -> wl_surface#23.frame(new id wl_callback#39)
[1633226.309] {mesa egl surface queue}  -> wl_surface#23.attach(wl_buffer#36, 0, 0)
[1633226.313] {mesa egl surface queue}  -> wl_surface#23.damage_buffer(35, 110, 658, 36)
[1633226.902] {mesa egl surface queue}  -> wl_surface#23.commit()
[1633226.910] {mesa egl surface queue}  -> wl_display#1.sync(new id wl_callback#42)
[1633226.973] {Display Queue} wl_display#1.delete_id(42)
[1633242.969] {Display Queue} wl_display#1.delete_id(39)
[1633242.979] {Default Queue} wl_callback#39.done(428420)
[1633243.134] {mesa egl surface queue} wl_callback#42.done(428404)
[1633243.139] {mesa egl surface queue} wl_buffer#36.release()
[1633243.340]  -> wl_surface#23.frame(new id wl_callback#42)
[1633243.353] {mesa egl surface queue}  -> wl_surface#23.attach(wl_buffer#36, 0, 0)
[1633243.356] {mesa egl surface queue}  -> wl_surface#23.damage_buffer(35, 110, 658, 36)
[1633243.954] {mesa egl surface queue}  -> wl_surface#23.commit()
[1633243.961] {mesa egl surface queue}  -> wl_display#1.sync(new id wl_callback#39)
[1633244.059] {Display Queue} wl_display#1.delete_id(39)
[1633260.332] {Default Queue} wl_callback#42.done(428437)
[1633260.740] {mesa egl surface queue} wl_callback#39.done(428421)
[1633260.750] {mesa egl surface queue} wl_buffer#36.release()
[1633260.948]  -> wl_surface#23.frame(new id wl_callback#39)
[1633260.966] {mesa egl surface queue}  -> wl_surface#23.attach(wl_buffer#36, 0, 0)
[1633260.971] {mesa egl surface queue}  -> wl_surface#23.damage_buffer(35, 110, 658, 36)
[1633261.702] {mesa egl surface queue}  -> wl_surface#23.commit()
[1633261.711] {mesa egl surface queue}  -> wl_display#1.sync(new id wl_callback#40)
[1633261.819] {Display Queue} wl_display#1.delete_id(42)
[1633261.824] {Display Queue} wl_display#1.delete_id(40)
[1633284.265] {Display Queue} wl_display#1.delete_id(39)
[1633284.291] {Default Queue} wl_callback#39.done(428461)
[1633284.710] {mesa egl surface queue} wl_callback#40.done(428439)
[1633284.730] {mesa egl surface queue} wl_buffer#36.release()
[1633285.052]  -> wl_surface#23.frame(new id wl_callback#40)
[1633285.082] {mesa egl surface queue}  -> wl_surface#23.attach(wl_buffer#36, 0, 0)
[1633285.088] {mesa egl surface queue}  -> wl_surface#23.damage_buffer(35, 110, 658, 36)
[1633286.072] {mesa egl surface queue}  -> wl_surface#23.commit()
[1633286.083] {mesa egl surface queue}  -> wl_display#1.sync(new id wl_callback#39)
[1633286.147] {Display Queue} wl_display#1.delete_id(39)
[1633305.289] {Display Queue} wl_display#1.delete_id(40)
[1633305.299] {Default Queue} wl_callback#40.done(428481)
[1633305.458] {mesa egl surface queue} wl_callback#39.done(428463)
[1633305.465] {mesa egl surface queue} wl_buffer#36.release()
[1633305.654]  -> wl_surface#23.frame(new id wl_callback#39)
[1633305.683] {mesa egl surface queue}  -> wl_surface#23.attach(wl_buffer#36, 0, 0)
[1633305.687] {mesa egl surface queue}  -> wl_surface#23.damage_buffer(35, 110, 658, 36)
[1633307.068] {mesa egl surface queue}  -> wl_surface#23.commit()
[1633307.075] {mesa egl surface queue}  -> wl_display#1.sync(new id wl_callback#40)
[1633307.128] {Display Queue} wl_display#1.delete_id(40)
[1633322.969] {Display Queue} wl_display#1.delete_id(39)
[1633322.978] {Default Queue} wl_callback#39.done(428500)
[1633322.986] {Default Queue} wl_pointer#6.motion(428487, 323.00000000, 17.00000000)
[1633322.993] {Default Queue} wl_pointer#6.frame()
[1633323.260] {mesa egl surface queue} wl_callback#40.done(428484)
[1633323.267] {mesa egl surface queue} wl_buffer#36.release()
[1633323.464]  -> wl_surface#23.frame(new id wl_callback#40)
[1633323.476] {mesa egl surface queue}  -> wl_surface#23.attach(wl_buffer#36, 0, 0)
[1633323.481] {mesa egl surface queue}  -> wl_surface#23.damage_buffer(35, 110, 658, 36)
[1633324.799] {mesa egl surface queue}  -> wl_surface#23.commit()
[1633324.808] {mesa egl surface queue}  -> wl_display#1.sync(new id wl_callback#39)
[1633337.365] {Display Queue} wl_display#1.delete_id(39)
[1633352.915] {Display Queue} wl_display#1.delete_id(40)
[1633352.943] {Default Queue} wl_callback#40.done(428529)
[1633353.338] {mesa egl surface queue} wl_callback#39.done(428514)
[1633353.353] {mesa egl surface queue} wl_buffer#36.release()
[1633353.725]  -> wl_surface#23.frame(new id wl_callback#39)
[1633353.754] {mesa egl surface queue}  -> wl_surface#23.attach(wl_buffer#36, 0, 0)
[1633353.765] {mesa egl surface queue}  -> wl_surface#23.damage_buffer(35, 110, 658, 36)
[1633356.023] {mesa egl surface queue}  -> wl_surface#23.commit()
[1633356.048] {mesa egl surface queue}  -> wl_display#1.sync(new id wl_callback#40)
[1633356.279] {Display Queue} wl_display#1.delete_id(40)
[1633358.159] {Default Queue} wl_pointer#6.button(100, 428535, 272, 1)
[1633358.181] {Default Queue} xdg_wm_base#20.ping(101)
[1633358.192] {Default Queue}  -> xdg_wm_base#20.pong(101)
[1633358.201] {Default Queue} wl_pointer#6.frame()
[1633378.568] {Display Queue} wl_display#1.delete_id(39)
[1633378.596] {Default Queue} wl_callback#39.done(428555)
[1633404.923] {Default Queue} wl_pointer#6.button(102, 428582, 272, 0)
[1633404.959] {Default Queue} wl_pointer#6.frame()
