[1712704.652] {Default Queue}  -> wl_display#1.get_registry(new id wl_registry#2)
[1712704.695] {Default Queue}  -> wl_display#1.sync(new id wl_callback#3)
[1712705.162] {Display Queue} wl_display#1.delete_id(3)
[1712705.194] {Default Queue} wl_registry#2.global(1, "wl_compositor", 4)
[1712705.213] {Default Queue}  -> wl_registry#2.bind(1, "wl_compositor", 4, new id [unknown]#4)
[1712705.231] {Default Queue} wl_registry#2.global(2, "xdg_wm_base", 4)
[1712705.243] {Default Queue} wl_registry#2.global(3, "zwp_linux_dmabuf_v1", 3)
[1712705.254] {Default Queue} wl_registry#2.global(4, "wl_output", 4)
[1712705.263] {Default Queue}  -> wl_registry#2.bind(4, "wl_output", 3, new id [unknown]#5)
[1712705.449] {Default Queue}  -> wl_display#1.sync(new id wl_callback#6)
[1712705.463] {Default Queue} wl_registry#2.global(5, "wl_seat", 5)
[1712705.474] {Default Queue} wl_registry#2.global(6, "wl_shm", 1)
[1712705.485] {Default Queue}  -> wl_registry#2.bind(6, "wl_shm", 1, new id [unknown]#7)
[1712705.495] {Default Queue} wl_registry#2.global(7, "xdg_menu_manager_v1", 2)
[1712705.505] {Default Queue} wl_registry#2.global(8, "wl_subcompositor", 1)
[1712705.515] {Default Queue}  -> wl_registry#2.bind(8, "wl_subcompositor", 1, new id [unknown]#8)
[1712705.528] {Default Queue} wl_registry#2.global(9, "wl_data_device_manager", 3)
[1712705.537] {Default Queue}  -> wl_registry#2.bind(9, "wl_data_device_manager", 3, new id [unknown]#9)
[1712705.547] {Default Queue} wl_registry#2.global(10, "zxdg_decoration_manager_v1", 1)
[1712705.556] {Default Queue} wl_registry#2.global(11, "wp_cursor_shape_manager_v1", 1)
[1712705.566] {Default Queue}  -> wl_registry#2.bind(11, "wp_cursor_shape_manager_v1", 1, new id [unknown]#10)
[1712705.575] {Default Queue} wl_registry#2.global(12, "wp_viewporter", 1)
[1712705.585] {Default Queue}  -> wl_registry#2.bind(12, "wp_viewporter", 1, new id [unknown]#11)
[1712705.596] {Default Queue} wl_registry#2.global(13, "zwp_text_input_manager_v3", 1)
[1712705.605] {Default Queue} wl_registry#2.global(16, "keiland_titlebar_manager_v1", 3)
[1712705.614] {Default Queue} wl_registry#2.global(17, "keiland_glass_manager_v1", 2)
[1712705.625] {Default Queue} wl_registry#2.global(18, "zwp_primary_selection_device_manager_v1", 1)
[1712705.634] {Default Queue}  -> wl_registry#2.bind(18, "zwp_primary_selection_device_manager_v1", 1, new id [unknown]#12)
[1712705.648] {Default Queue} wl_registry#2.global(19, "zwp_tablet_manager_v2", 1)
[1712705.658] {Default Queue}  -> wl_registry#2.bind(19, "zwp_tablet_manager_v2", 1, new id [unknown]#13)
[1712705.668] {Default Queue} wl_registry#2.global(21, "keiland_desktop_manager_v1", 1)
[1712705.677] {Default Queue} wl_registry#2.global(22, "keiland_keyboard_inset_manager_v1", 1)
[1712705.687] {Default Queue} wl_registry#2.global(23, "keiland_edit_manager_v1", 1)
[1712705.697] {Default Queue} wl_callback#3.done(507882)
[1712705.884] {Default Queue}  -> wl_shm#7.create_pool(new id wl_shm_pool#3, fd 13, 2304)
[1712705.905] {Default Queue}  -> wl_registry#2.bind(5, "wl_seat", 5, new id [unknown]#14)
[1712715.930] {Default Queue}  -> zwp_primary_selection_device_manager_v1#12.get_device(new id zwp_primary_selection_device_v1#15, wl_seat#14)
[1712715.951] {Default Queue}  -> wl_data_device_manager#9.get_data_device(new id wl_data_device#16, wl_seat#14)
[1712716.057] {Default Queue}  -> wl_compositor#4.create_surface(new id wl_surface#17)
[1712716.066] {Default Queue}  -> wp_viewporter#11.get_viewport(new id wp_viewport#18, wl_surface#17)
[1712716.073] {Default Queue}  -> zwp_tablet_manager_v2#13.get_tablet_seat(new id zwp_tablet_seat_v2#19, wl_seat#14)
[1712716.084] {Default Queue}  -> wl_display#1.sync(new id wl_callback#20)
[1712716.360] {Display Queue} wl_display#1.delete_id(6)
[1712716.370] {Display Queue} wl_display#1.delete_id(20)
[1712716.376] {Default Queue} wl_output#5.geometry(0, 0, 0, 0, 0, "Unknown", "Unknown", 0)
[1712716.392] {Default Queue} wl_output#5.mode(3, 1280, 800, 74994)
[1712716.401] {Default Queue} wl_output#5.scale(1)
[1712716.407] {Default Queue} wl_output#5.done()
[1712716.412] {Default Queue} wl_callback#6.done(507893)
[1712716.430] {Default Queue} wl_shm#7.format(0)
[1712716.436] {Default Queue} wl_shm#7.format(1)
[1712716.441] {Default Queue} wl_seat#14.capabilities(3)
[1712716.448] {Default Queue}  -> wl_seat#14.get_pointer(new id wl_pointer#6)
[1712716.463] {Default Queue}  -> wp_cursor_shape_manager_v1#10.get_pointer(new id wp_cursor_shape_device_v1#21, wl_pointer#6)
[1712716.471] {Default Queue}  -> wl_seat#14.get_keyboard(new id wl_keyboard#22)
[1712716.482] {Default Queue} wl_seat#14.name("seat0")
[1712716.488] {Default Queue} wl_callback#20.done(507893)
[1712716.495] {Default Queue}  -> wl_registry#2.bind(2, "xdg_wm_base", 4, new id [unknown]#20)

(python3:1050): Gtk-WARNING **: 07:22:45.775: Unable to acquire the address of the accessibility bus: GDBus.Error:org.freedesktop.DBus.Error.ServiceUnknown: The name org.a11y.Bus was not provided by any .service files. If you are attempting to run GTK without a11y support, GTK_A11Y should be set to 'none'.
[1712765.019] {Default Queue}  -> wl_compositor#4.create_surface(new id wl_surface#23)
[1712765.034] {Default Queue}  -> wp_viewporter#11.get_viewport(new id wp_viewport#24, wl_surface#23)
Environment variable GSK_RENDERER=vulkan set, trying GskVulkanRenderer
[1712810.597] {Default Queue}  -> wl_display#1.get_registry(new id wl_registry#2)
[1712810.792] {Default Queue} wl_registry#2.global(1, "wl_compositor", 4)
[1712810.797] {Default Queue} wl_registry#2.global(2, "xdg_wm_base", 4)
[1712810.800] {Default Queue} wl_registry#2.global(3, "zwp_linux_dmabuf_v1", 3)
[1712810.802] {Default Queue} wl_registry#2.global(4, "wl_output", 4)
[1712810.807] {Default Queue}  -> wl_display#1.sync(new id wl_callback#3)
[1712810.826] {Default Queue} wl_registry#2.global(5, "wl_seat", 5)
[1712810.828] {Default Queue} wl_registry#2.global(6, "wl_shm", 1)
[1712810.831] {Default Queue} wl_registry#2.global(7, "xdg_menu_manager_v1", 2)
[1712810.833] {Default Queue} wl_registry#2.global(8, "wl_subcompositor", 1)
[1712810.836] {Default Queue} wl_registry#2.global(9, "wl_data_device_manager", 3)
[1712810.838] {Default Queue} wl_registry#2.global(10, "zxdg_decoration_manager_v1", 1)
[1712810.840] {Default Queue} wl_registry#2.global(11, "wp_cursor_shape_manager_v1", 1)
[1712810.843] {Default Queue} wl_registry#2.global(12, "wp_viewporter", 1)
[1712810.871] {Default Queue} wl_registry#2.global(13, "zwp_text_input_manager_v3", 1)
[1712810.874] {Default Queue} wl_registry#2.global(16, "keiland_titlebar_manager_v1", 3)
[1712810.876] {Default Queue} wl_registry#2.global(17, "keiland_glass_manager_v1", 2)
[1712810.878] {Default Queue} wl_registry#2.global(18, "zwp_primary_selection_device_manager_v1", 1)
[1712810.880] {Default Queue} wl_registry#2.global(19, "zwp_tablet_manager_v2", 1)
[1712810.883] {Default Queue} wl_registry#2.global(21, "keiland_desktop_manager_v1", 1)
[1712810.885] {Default Queue} wl_registry#2.global(22, "keiland_keyboard_inset_manager_v1", 1)
[1712810.891] {Default Queue} wl_registry#2.global(23, "keiland_edit_manager_v1", 1)
[1712810.935] {Display Queue} wl_display#1.delete_id(3)
[1712810.938] {Default Queue} wl_callback#3.done(507988)
[1712811.116] {Default Queue}  -> wl_display#1.get_registry(new id wl_registry#2)
[1712811.246] {Default Queue} wl_registry#2.global(1, "wl_compositor", 4)
[1712811.250] {Default Queue} wl_registry#2.global(2, "xdg_wm_base", 4)
[1712811.252] {Default Queue} wl_registry#2.global(3, "zwp_linux_dmabuf_v1", 3)
[1712811.255] {Default Queue}  -> wl_display#1.sync(new id wl_callback#3)
[1712811.270] {Default Queue} wl_registry#2.global(4, "wl_output", 4)
[1712811.273] {Default Queue} wl_registry#2.global(5, "wl_seat", 5)
[1712811.275] {Default Queue} wl_registry#2.global(6, "wl_shm", 1)
[1712811.277] {Default Queue} wl_registry#2.global(7, "xdg_menu_manager_v1", 2)
[1712811.280] {Default Queue} wl_registry#2.global(8, "wl_subcompositor", 1)
[1712811.282] {Default Queue} wl_registry#2.global(9, "wl_data_device_manager", 3)
[1712811.292] {Default Queue} wl_registry#2.global(10, "zxdg_decoration_manager_v1", 1)
[1712811.295] {Default Queue} wl_registry#2.global(11, "wp_cursor_shape_manager_v1", 1)
[1712811.301] {Default Queue} wl_registry#2.global(12, "wp_viewporter", 1)
[1712811.304] {Default Queue} wl_registry#2.global(13, "zwp_text_input_manager_v3", 1)
[1712811.306] {Default Queue} wl_registry#2.global(16, "keiland_titlebar_manager_v1", 3)
[1712811.317] {Default Queue} wl_registry#2.global(17, "keiland_glass_manager_v1", 2)
[1712811.319] {Default Queue} wl_registry#2.global(18, "zwp_primary_selection_device_manager_v1", 1)
[1712811.321] {Default Queue} wl_registry#2.global(19, "zwp_tablet_manager_v2", 1)
[1712811.324] {Default Queue} wl_registry#2.global(21, "keiland_desktop_manager_v1", 1)
[1712811.326] {Default Queue} wl_registry#2.global(22, "keiland_keyboard_inset_manager_v1", 1)
[1712811.328] {Default Queue} wl_registry#2.global(23, "keiland_edit_manager_v1", 1)
[1712811.364] {Display Queue} wl_display#1.delete_id(3)
[1712811.366] {Default Queue} wl_callback#3.done(507988)
[1712842.850] {mesa formats query}  -> wl_display#1.get_registry(new id wl_registry#25)
[1712842.865] {mesa formats query}  -> wl_display#1.sync(new id wl_callback#26)
[1712843.054] {mesa formats query} wl_registry#25.global(1, "wl_compositor", 4)
[1712843.061] {mesa formats query} wl_registry#25.global(2, "xdg_wm_base", 4)
[1712843.066] {mesa formats query} wl_registry#25.global(3, "zwp_linux_dmabuf_v1", 3)
[1712843.069] {mesa formats query} wl_registry#25.global(4, "wl_output", 4)
[1712843.073] {mesa formats query} wl_registry#25.global(5, "wl_seat", 5)
[1712843.092] {mesa formats query} wl_registry#25.global(6, "wl_shm", 1)
[1712843.097] {mesa formats query}  -> wl_registry#25.bind(6, "wl_shm", 1, new id [unknown]#27)
[1712843.102] {mesa formats query} wl_registry#25.global(7, "xdg_menu_manager_v1", 2)
[1712843.106] {mesa formats query} wl_registry#25.global(8, "wl_subcompositor", 1)
[1712843.109] {mesa formats query} wl_registry#25.global(9, "wl_data_device_manager", 3)
[1712843.113] {mesa formats query} wl_registry#25.global(10, "zxdg_decoration_manager_v1", 1)
[1712843.117] {mesa formats query} wl_registry#25.global(11, "wp_cursor_shape_manager_v1", 1)
[1712843.120] {mesa formats query} wl_registry#25.global(12, "wp_viewporter", 1)
[1712843.124] {mesa formats query} wl_registry#25.global(13, "zwp_text_input_manager_v3", 1)
[1712843.127] {mesa formats query} wl_registry#25.global(16, "keiland_titlebar_manager_v1", 3)
[1712843.149] {Display Queue} wl_display#1.delete_id(26)
[1712843.154] {mesa formats query} wl_registry#25.global(17, "keiland_glass_manager_v1", 2)
[1712843.157] {mesa formats query} wl_registry#25.global(18, "zwp_primary_selection_device_manager_v1", 1)
[1712843.161] {mesa formats query} wl_registry#25.global(19, "zwp_tablet_manager_v2", 1)
[1712843.165] {mesa formats query} wl_registry#25.global(21, "keiland_desktop_manager_v1", 1)
[1712843.169] {mesa formats query} wl_registry#25.global(22, "keiland_keyboard_inset_manager_v1", 1)
[1712843.172] {mesa formats query} wl_registry#25.global(23, "keiland_edit_manager_v1", 1)
[1712843.176] {mesa formats query} wl_callback#26.done(508020)
[1712843.181] {mesa formats query}  -> wl_display#1.sync(new id wl_callback#26)
[1712843.195] {mesa formats query} wl_shm#27.format(0)
[1712843.222] {mesa formats query} wl_shm#27.format(1)
[1712843.234] {Display Queue} wl_display#1.delete_id(26)
[1712843.238] {mesa formats query} wl_callback#26.done(508020)
[1712843.250] {mesa formats query}  -> wl_display#1.get_registry(new id wl_registry#26)
[1712843.254] {mesa formats query}  -> wl_display#1.sync(new id wl_callback#28)
[1712843.350] {mesa formats query} wl_registry#26.global(1, "wl_compositor", 4)
[1712843.356] {mesa formats query} wl_registry#26.global(2, "xdg_wm_base", 4)
[1712843.360] {mesa formats query} wl_registry#26.global(3, "zwp_linux_dmabuf_v1", 3)
[1712843.363] {mesa formats query} wl_registry#26.global(4, "wl_output", 4)
[1712843.367] {mesa formats query} wl_registry#26.global(5, "wl_seat", 5)
[1712843.385] {mesa formats query} wl_registry#26.global(6, "wl_shm", 1)
[1712843.389] {mesa formats query}  -> wl_registry#26.bind(6, "wl_shm", 1, new id [unknown]#29)
[1712843.400] {mesa formats query} wl_registry#26.global(7, "xdg_menu_manager_v1", 2)
[1712843.404] {mesa formats query} wl_registry#26.global(8, "wl_subcompositor", 1)
[1712843.407] {mesa formats query} wl_registry#26.global(9, "wl_data_device_manager", 3)
[1712843.411] {mesa formats query} wl_registry#26.global(10, "zxdg_decoration_manager_v1", 1)
[1712843.415] {mesa formats query} wl_registry#26.global(11, "wp_cursor_shape_manager_v1", 1)
[1712843.418] {mesa formats query} wl_registry#26.global(12, "wp_viewporter", 1)
[1712843.422] {mesa formats query} wl_registry#26.global(13, "zwp_text_input_manager_v3", 1)
[1712843.443] {Display Queue} wl_display#1.delete_id(28)
[1712843.447] {mesa formats query} wl_registry#26.global(16, "keiland_titlebar_manager_v1", 3)
[1712843.451] {mesa formats query} wl_registry#26.global(17, "keiland_glass_manager_v1", 2)
[1712843.455] {mesa formats query} wl_registry#26.global(18, "zwp_primary_selection_device_manager_v1", 1)
[1712843.458] {mesa formats query} wl_registry#26.global(19, "zwp_tablet_manager_v2", 1)
[1712843.462] {mesa formats query} wl_registry#26.global(21, "keiland_desktop_manager_v1", 1)
[1712843.466] {mesa formats query} wl_registry#26.global(22, "keiland_keyboard_inset_manager_v1", 1)
[1712843.469] {mesa formats query} wl_registry#26.global(23, "keiland_edit_manager_v1", 1)
[1712843.473] {mesa formats query} wl_callback#28.done(508020)
[1712843.477] {mesa formats query}  -> wl_display#1.sync(new id wl_callback#28)
[1712843.491] {mesa formats query} wl_shm#29.format(0)
[1712843.496] {mesa formats query} wl_shm#29.format(1)
[1712843.508] {Display Queue} wl_display#1.delete_id(28)
[1712843.512] {mesa formats query} wl_callback#28.done(508021)
[1712843.663] {mesa image count query}  -> wl_display#1.get_registry(new id wl_registry#28)
[1712843.668] {mesa image count query}  -> wl_display#1.sync(new id wl_callback#30)
[1712843.745] {mesa image count query} wl_registry#28.global(1, "wl_compositor", 4)
[1712843.751] {mesa image count query} wl_registry#28.global(2, "xdg_wm_base", 4)
[1712843.765] {mesa image count query} wl_registry#28.global(3, "zwp_linux_dmabuf_v1", 3)
[1712843.769] {mesa image count query} wl_registry#28.global(4, "wl_output", 4)
[1712843.773] {mesa image count query} wl_registry#28.global(5, "wl_seat", 5)
[1712843.776] {mesa image count query} wl_registry#28.global(6, "wl_shm", 1)
[1712843.780] {mesa image count query}  -> wl_registry#28.bind(6, "wl_shm", 1, new id [unknown]#31)
[1712843.785] {mesa image count query} wl_registry#28.global(7, "xdg_menu_manager_v1", 2)
[1712843.809] {mesa image count query} wl_registry#28.global(8, "wl_subcompositor", 1)
[1712843.813] {mesa image count query} wl_registry#28.global(9, "wl_data_device_manager", 3)
[1712843.817] {mesa image count query} wl_registry#28.global(10, "zxdg_decoration_manager_v1", 1)
[1712843.821] {mesa image count query} wl_registry#28.global(11, "wp_cursor_shape_manager_v1", 1)
[1712843.825] {mesa image count query} wl_registry#28.global(12, "wp_viewporter", 1)
[1712843.828] {mesa image count query} wl_registry#28.global(13, "zwp_text_input_manager_v3", 1)
[1712843.832] {mesa image count query} wl_registry#28.global(16, "keiland_titlebar_manager_v1", 3)
[1712843.836] {mesa image count query} wl_registry#28.global(17, "keiland_glass_manager_v1", 2)
[1712843.839] {mesa image count query} wl_registry#28.global(18, "zwp_primary_selection_device_manager_v1", 1)
[1712843.843] {mesa image count query} wl_registry#28.global(19, "zwp_tablet_manager_v2", 1)
[1712843.857] {Display Queue} wl_display#1.delete_id(30)
[1712843.861] {mesa image count query} wl_registry#28.global(21, "keiland_desktop_manager_v1", 1)
[1712843.864] {mesa image count query} wl_registry#28.global(22, "keiland_keyboard_inset_manager_v1", 1)
[1712843.868] {mesa image count query} wl_registry#28.global(23, "keiland_edit_manager_v1", 1)
[1712843.872] {mesa image count query} wl_callback#30.done(508021)
[1712843.876] {mesa image count query}  -> wl_display#1.sync(new id wl_callback#30)
[1712843.893] {mesa image count query} wl_shm#31.format(0)
[1712843.898] {mesa image count query} wl_shm#31.format(1)
[1712843.922] {Display Queue} wl_display#1.delete_id(30)
[1712843.926] {mesa image count query} wl_callback#30.done(508021)
[1712843.937] {mesa present modes query}  -> wl_display#1.get_registry(new id wl_registry#30)
[1712843.942] {mesa present modes query}  -> wl_display#1.sync(new id wl_callback#32)
[1712844.002] {mesa present modes query} wl_registry#30.global(1, "wl_compositor", 4)
[1712844.007] {mesa present modes query} wl_registry#30.global(2, "xdg_wm_base", 4)
[1712844.020] {mesa present modes query} wl_registry#30.global(3, "zwp_linux_dmabuf_v1", 3)
[1712844.025] {mesa present modes query} wl_registry#30.global(4, "wl_output", 4)
[1712844.028] {mesa present modes query} wl_registry#30.global(5, "wl_seat", 5)
[1712844.032] {mesa present modes query} wl_registry#30.global(6, "wl_shm", 1)
[1712844.036] {mesa present modes query}  -> wl_registry#30.bind(6, "wl_shm", 1, new id [unknown]#33)
[1712844.059] {mesa present modes query} wl_registry#30.global(7, "xdg_menu_manager_v1", 2)
[1712844.063] {mesa present modes query} wl_registry#30.global(8, "wl_subcompositor", 1)
[1712844.067] {mesa present modes query} wl_registry#30.global(9, "wl_data_device_manager", 3)
[1712844.070] {mesa present modes query} wl_registry#30.global(10, "zxdg_decoration_manager_v1", 1)
[1712844.074] {mesa present modes query} wl_registry#30.global(11, "wp_cursor_shape_manager_v1", 1)
[1712844.078] {mesa present modes query} wl_registry#30.global(12, "wp_viewporter", 1)
[1712844.081] {mesa present modes query} wl_registry#30.global(13, "zwp_text_input_manager_v3", 1)
[1712844.085] {mesa present modes query} wl_registry#30.global(16, "keiland_titlebar_manager_v1", 3)
[1712844.089] {mesa present modes query} wl_registry#30.global(17, "keiland_glass_manager_v1", 2)
[1712844.103] {Display Queue} wl_display#1.delete_id(32)
[1712844.107] {mesa present modes query} wl_registry#30.global(18, "zwp_primary_selection_device_manager_v1", 1)
[1712844.111] {mesa present modes query} wl_registry#30.global(19, "zwp_tablet_manager_v2", 1)
[1712844.115] {mesa present modes query} wl_registry#30.global(21, "keiland_desktop_manager_v1", 1)
[1712844.118] {mesa present modes query} wl_registry#30.global(22, "keiland_keyboard_inset_manager_v1", 1)
[1712844.122] {mesa present modes query} wl_registry#30.global(23, "keiland_edit_manager_v1", 1)
[1712844.125] {mesa present modes query} wl_callback#32.done(508021)
[1712844.129] {mesa present modes query}  -> wl_display#1.sync(new id wl_callback#32)
[1712844.143] {mesa present modes query} wl_shm#33.format(0)
[1712844.148] {mesa present modes query} wl_shm#33.format(1)
[1712844.176] {Display Queue} wl_display#1.delete_id(32)
[1712844.180] {mesa present modes query} wl_callback#32.done(508021)
[1712844.185] {mesa present modes query}  -> wl_display#1.get_registry(new id wl_registry#32)
[1712844.189] {mesa present modes query}  -> wl_display#1.sync(new id wl_callback#34)
[1712844.243] {mesa present modes query} wl_registry#32.global(1, "wl_compositor", 4)
[1712844.248] {mesa present modes query} wl_registry#32.global(2, "xdg_wm_base", 4)
[1712844.261] {mesa present modes query} wl_registry#32.global(3, "zwp_linux_dmabuf_v1", 3)
[1712844.265] {mesa present modes query} wl_registry#32.global(4, "wl_output", 4)
[1712844.269] {mesa present modes query} wl_registry#32.global(5, "wl_seat", 5)
[1712844.273] {mesa present modes query} wl_registry#32.global(6, "wl_shm", 1)
[1712844.277] {mesa present modes query}  -> wl_registry#32.bind(6, "wl_shm", 1, new id [unknown]#35)
[1712844.299] {mesa present modes query} wl_registry#32.global(7, "xdg_menu_manager_v1", 2)
[1712844.303] {mesa present modes query} wl_registry#32.global(8, "wl_subcompositor", 1)
[1712844.307] {mesa present modes query} wl_registry#32.global(9, "wl_data_device_manager", 3)
[1712844.310] {mesa present modes query} wl_registry#32.global(10, "zxdg_decoration_manager_v1", 1)
[1712844.314] {mesa present modes query} wl_registry#32.global(11, "wp_cursor_shape_manager_v1", 1)
[1712844.321] {mesa present modes query} wl_registry#32.global(12, "wp_viewporter", 1)
[1712844.325] {mesa present modes query} wl_registry#32.global(13, "zwp_text_input_manager_v3", 1)
[1712844.328] {mesa present modes query} wl_registry#32.global(16, "keiland_titlebar_manager_v1", 3)
[1712844.332] {mesa present modes query} wl_registry#32.global(17, "keiland_glass_manager_v1", 2)
[1712844.347] {Display Queue} wl_display#1.delete_id(34)
[1712844.351] {mesa present modes query} wl_registry#32.global(18, "zwp_primary_selection_device_manager_v1", 1)
[1712844.355] {mesa present modes query} wl_registry#32.global(19, "zwp_tablet_manager_v2", 1)
[1712844.358] {mesa present modes query} wl_registry#32.global(21, "keiland_desktop_manager_v1", 1)
[1712844.362] {mesa present modes query} wl_registry#32.global(22, "keiland_keyboard_inset_manager_v1", 1)
[1712844.366] {mesa present modes query} wl_registry#32.global(23, "keiland_edit_manager_v1", 1)
[1712844.369] {mesa present modes query} wl_callback#34.done(508021)
[1712844.373] {mesa present modes query}  -> wl_display#1.sync(new id wl_callback#34)
[1712844.387] {mesa present modes query} wl_shm#35.format(0)
[1712844.392] {mesa present modes query} wl_shm#35.format(1)
[1712844.417] {Display Queue} wl_display#1.delete_id(34)
[1712844.421] {mesa present modes query} wl_callback#34.done(508021)
[1712844.431] {mesa vk display queue}  -> wl_display#1.get_registry(new id wl_registry#34)
[1712844.435] {mesa vk display queue}  -> wl_display#1.sync(new id wl_callback#36)
[1712844.496] {mesa vk display queue} wl_registry#34.global(1, "wl_compositor", 4)
[1712844.500] {mesa vk display queue} wl_registry#34.global(2, "xdg_wm_base", 4)
[1712844.504] {mesa vk display queue} wl_registry#34.global(3, "zwp_linux_dmabuf_v1", 3)
[1712844.518] {mesa vk display queue} wl_registry#34.global(4, "wl_output", 4)
[1712844.522] {mesa vk display queue} wl_registry#34.global(5, "wl_seat", 5)
[1712844.526] {mesa vk display queue} wl_registry#34.global(6, "wl_shm", 1)
[1712844.530] {mesa vk display queue}  -> wl_registry#34.bind(6, "wl_shm", 1, new id [unknown]#37)
[1712844.534] {mesa vk display queue} wl_registry#34.global(7, "xdg_menu_manager_v1", 2)
[1712844.538] {mesa vk display queue} wl_registry#34.global(8, "wl_subcompositor", 1)
[1712844.561] {mesa vk display queue} wl_registry#34.global(9, "wl_data_device_manager", 3)
[1712844.565] {mesa vk display queue} wl_registry#34.global(10, "zxdg_decoration_manager_v1", 1)
[1712844.569] {mesa vk display queue} wl_registry#34.global(11, "wp_cursor_shape_manager_v1", 1)
[1712844.573] {mesa vk display queue} wl_registry#34.global(12, "wp_viewporter", 1)
[1712844.577] {mesa vk display queue} wl_registry#34.global(13, "zwp_text_input_manager_v3", 1)
[1712844.580] {mesa vk display queue} wl_registry#34.global(16, "keiland_titlebar_manager_v1", 3)
[1712844.584] {mesa vk display queue} wl_registry#34.global(17, "keiland_glass_manager_v1", 2)
[1712844.587] {mesa vk display queue} wl_registry#34.global(18, "zwp_primary_selection_device_manager_v1", 1)
[1712844.591] {mesa vk display queue} wl_registry#34.global(19, "zwp_tablet_manager_v2", 1)
[1712844.595] {mesa vk display queue} wl_registry#34.global(21, "keiland_desktop_manager_v1", 1)
[1712844.608] {Display Queue} wl_display#1.delete_id(36)
[1712844.611] {mesa vk display queue} wl_registry#34.global(22, "keiland_keyboard_inset_manager_v1", 1)
[1712844.615] {mesa vk display queue} wl_registry#34.global(23, "keiland_edit_manager_v1", 1)
[1712844.619] {mesa vk display queue} wl_callback#36.done(508022)
[1712844.623] {mesa vk display queue}  -> wl_display#1.sync(new id wl_callback#36)
[1712844.647] {mesa vk display queue} wl_shm#37.format(0)
[1712844.652] {mesa vk display queue} wl_shm#37.format(1)
[1712844.688] {Display Queue} wl_display#1.delete_id(36)
[1712844.693] {mesa vk display queue} wl_callback#36.done(508022)
[1712844.741] {mesa vk display queue}  -> wl_shm#37.create_pool(new id wl_shm_pool#36, fd 19, 256)
[1712844.747] {mesa vk display queue}  -> wl_shm_pool#36.create_buffer(new id wl_buffer#38, 0, 1, 1, 64, 0)
[1712844.756] {mesa vk display queue}  -> wl_shm_pool#36.destroy()
[1712844.773] {mesa vk display queue}  -> wl_shm#37.create_pool(new id wl_shm_pool#39, fd 21, 256)
[1712844.778] {mesa vk display queue}  -> wl_shm_pool#39.create_buffer(new id wl_buffer#40, 0, 1, 1, 64, 0)
[1712844.783] {mesa vk display queue}  -> wl_shm_pool#39.destroy()
[1712844.798] {mesa vk display queue}  -> wl_shm#37.create_pool(new id wl_shm_pool#41, fd 23, 256)
[1712844.803] {mesa vk display queue}  -> wl_shm_pool#41.create_buffer(new id wl_buffer#42, 0, 1, 1, 64, 0)
[1712844.807] {mesa vk display queue}  -> wl_shm_pool#41.destroy()
[1712844.824] {mesa vk display queue}  -> wl_shm#37.create_pool(new id wl_shm_pool#43, fd 25, 256)
[1712844.828] {mesa vk display queue}  -> wl_shm_pool#43.create_buffer(new id wl_buffer#44, 0, 1, 1, 64, 0)
[1712844.833] {mesa vk display queue}  -> wl_shm_pool#43.destroy()
Using renderer 'GskVulkanRenderer' for surface 'GdkWaylandToplevel'
[1712844.972] {Default Queue}  -> xdg_wm_base#20.get_xdg_surface(new id xdg_surface#45, wl_surface#23)
[1712844.979]  -> xdg_surface#45.get_toplevel(new id xdg_toplevel#46)
[1712844.983]  -> xdg_toplevel#46.set_parent(nil)
[1712844.987]  -> xdg_toplevel#46.set_title("WS114 GTK4 baseline")
[1712844.990]  -> xdg_toplevel#46.set_app_id("org.zedbsd.WS114Baseline")
[1712844.994]  -> wl_surface#23.commit()
[1712848.151] {Default Queue}  -> wl_display#1.get_registry(new id wl_registry#47)
[1712848.494] {Default Queue} wl_keyboard#22.keymap(1, fd 17, 6896)
[1712849.011] {Default Queue} wl_keyboard#22.repeat_info(25, 400)
[1712849.512] {Display Queue} wl_display#1.delete_id(36)
[1712849.519] {Display Queue} wl_display#1.delete_id(39)
[1712849.522] {Display Queue} wl_display#1.delete_id(41)
[1712849.524] {Display Queue} wl_display#1.delete_id(43)
[1712849.526] {Default Queue} wl_registry#47.global(1, "wl_compositor", 4)
[1712849.530] {Default Queue} wl_registry#47.global(2, "xdg_wm_base", 4)
[1712849.533] {Default Queue} wl_registry#47.global(3, "zwp_linux_dmabuf_v1", 3)
[1712849.535] {Default Queue} wl_registry#47.global(4, "wl_output", 4)
[1712849.538] {Default Queue} wl_registry#47.global(5, "wl_seat", 5)
[1712849.541] {Default Queue} wl_registry#47.global(6, "wl_shm", 1)
[1712849.543] {Default Queue} wl_registry#47.global(7, "xdg_menu_manager_v1", 2)
[1712849.546] {Default Queue} wl_registry#47.global(8, "wl_subcompositor", 1)
[1712849.548] {Default Queue} wl_registry#47.global(9, "wl_data_device_manager", 3)
[1712849.551] {Default Queue} wl_registry#47.global(10, "zxdg_decoration_manager_v1", 1)
[1712849.553] {Default Queue} wl_registry#47.global(11, "wp_cursor_shape_manager_v1", 1)
[1712849.556] {Default Queue} wl_registry#47.global(12, "wp_viewporter", 1)
[1712849.559] {Default Queue} wl_registry#47.global(13, "zwp_text_input_manager_v3", 1)
[1712849.562] {Default Queue}  -> wl_registry#47.bind(13, "zwp_text_input_manager_v3", 1, new id [unknown]#43)
[1712849.567] {Default Queue}  -> zwp_text_input_manager_v3#43.get_text_input(new id zwp_text_input_v3#41, wl_seat#14)
[1712849.570] {Default Queue} wl_registry#47.global(16, "keiland_titlebar_manager_v1", 3)
[1712849.573] {Default Queue} wl_registry#47.global(17, "keiland_glass_manager_v1", 2)
[1712849.575] {Default Queue} wl_registry#47.global(18, "zwp_primary_selection_device_manager_v1", 1)
[1712849.578] {Default Queue} wl_registry#47.global(19, "zwp_tablet_manager_v2", 1)
[1712849.581] {Default Queue} wl_registry#47.global(21, "keiland_desktop_manager_v1", 1)
[1712849.583] {Default Queue} wl_registry#47.global(22, "keiland_keyboard_inset_manager_v1", 1)
[1712849.586] {Default Queue} wl_registry#47.global(23, "keiland_edit_manager_v1", 1)
[1712849.589] xdg_toplevel#46.configure_bounds(1256, 690)
[1712849.592] xdg_toplevel#46.configure(0, 0, array[4])
[1712849.595] xdg_surface#45.configure(121)
[1712849.608]  -> xdg_surface#45.ack_configure(121)
[1712855.761]  -> xdg_toplevel#46.set_min_size(485, 338)
[1712855.770]  -> xdg_toplevel#46.set_max_size(0, 0)
[1712858.495] {mesa present modes query}  -> wl_display#1.get_registry(new id wl_registry#39)
[1712858.507] {mesa present modes query}  -> wl_display#1.sync(new id wl_callback#36)
[1712868.450] {mesa present modes query} wl_registry#39.global(1, "wl_compositor", 4)
[1712868.461] {mesa present modes query} wl_registry#39.global(2, "xdg_wm_base", 4)
[1712868.465] {mesa present modes query} wl_registry#39.global(3, "zwp_linux_dmabuf_v1", 3)
[1712868.467] {mesa present modes query} wl_registry#39.global(4, "wl_output", 4)
[1712868.470] {mesa present modes query} wl_registry#39.global(5, "wl_seat", 5)
[1712868.472] {mesa present modes query} wl_registry#39.global(6, "wl_shm", 1)
[1712868.475] {mesa present modes query}  -> wl_registry#39.bind(6, "wl_shm", 1, new id [unknown]#48)
[1712868.479] {mesa present modes query} wl_registry#39.global(7, "xdg_menu_manager_v1", 2)
[1712868.482] {mesa present modes query} wl_registry#39.global(8, "wl_subcompositor", 1)
[1712868.484] {mesa present modes query} wl_registry#39.global(9, "wl_data_device_manager", 3)
[1712868.487] {mesa present modes query} wl_registry#39.global(10, "zxdg_decoration_manager_v1", 1)
[1712868.490] {mesa present modes query} wl_registry#39.global(11, "wp_cursor_shape_manager_v1", 1)
[1712868.492] {mesa present modes query} wl_registry#39.global(12, "wp_viewporter", 1)
[1712868.495] {mesa present modes query} wl_registry#39.global(13, "zwp_text_input_manager_v3", 1)
[1712868.497] {mesa present modes query} wl_registry#39.global(16, "keiland_titlebar_manager_v1", 3)
[1712868.499] {mesa present modes query} wl_registry#39.global(17, "keiland_glass_manager_v1", 2)
[1712868.502] {mesa present modes query} wl_registry#39.global(18, "zwp_primary_selection_device_manager_v1", 1)
[1712868.504] {mesa present modes query} wl_registry#39.global(19, "zwp_tablet_manager_v2", 1)
[1712868.507] {mesa present modes query} wl_registry#39.global(21, "keiland_desktop_manager_v1", 1)
[1712868.509] {mesa present modes query} wl_registry#39.global(22, "keiland_keyboard_inset_manager_v1", 1)
[1712868.531] {Display Queue} wl_display#1.delete_id(36)
[1712868.534] {mesa present modes query} wl_registry#39.global(23, "keiland_edit_manager_v1", 1)
[1712868.537] {mesa present modes query} wl_callback#36.done(508045)
[1712868.540] {mesa present modes query}  -> wl_display#1.sync(new id wl_callback#36)
[1712868.603] {Display Queue} wl_display#1.delete_id(36)
[1712868.606] {mesa present modes query} wl_shm#48.format(0)
[1712868.612] {mesa present modes query} wl_shm#48.format(1)
[1712868.615] {mesa present modes query} wl_callback#36.done(508046)
[1712868.622] {mesa present modes query}  -> wl_display#1.get_registry(new id wl_registry#36)
[1712868.640] {mesa present modes query}  -> wl_display#1.sync(new id wl_callback#49)
[1712868.715] {mesa present modes query} wl_registry#36.global(1, "wl_compositor", 4)
[1712868.719] {mesa present modes query} wl_registry#36.global(2, "xdg_wm_base", 4)
[1712868.727] {mesa present modes query} wl_registry#36.global(3, "zwp_linux_dmabuf_v1", 3)
[1712868.730] {mesa present modes query} wl_registry#36.global(4, "wl_output", 4)
[1712868.733] {mesa present modes query} wl_registry#36.global(5, "wl_seat", 5)
[1712868.742] {mesa present modes query} wl_registry#36.global(6, "wl_shm", 1)
[1712868.745] {mesa present modes query}  -> wl_registry#36.bind(6, "wl_shm", 1, new id [unknown]#50)
[1712868.748] {mesa present modes query} wl_registry#36.global(7, "xdg_menu_manager_v1", 2)
[1712868.751] {mesa present modes query} wl_registry#36.global(8, "wl_subcompositor", 1)
[1712868.765] {mesa present modes query} wl_registry#36.global(9, "wl_data_device_manager", 3)
[1712868.768] {mesa present modes query} wl_registry#36.global(10, "zxdg_decoration_manager_v1", 1)
[1712868.770] {mesa present modes query} wl_registry#36.global(11, "wp_cursor_shape_manager_v1", 1)
[1712868.773] {mesa present modes query} wl_registry#36.global(12, "wp_viewporter", 1)
[1712868.775] {mesa present modes query} wl_registry#36.global(13, "zwp_text_input_manager_v3", 1)
[1712868.786] {mesa present modes query} wl_registry#36.global(16, "keiland_titlebar_manager_v1", 3)
[1712868.793] {mesa present modes query} wl_registry#36.global(17, "keiland_glass_manager_v1", 2)
[1712868.796] {mesa present modes query} wl_registry#36.global(18, "zwp_primary_selection_device_manager_v1", 1)
[1712868.798] {mesa present modes query} wl_registry#36.global(19, "zwp_tablet_manager_v2", 1)
[1712868.801] {mesa present modes query} wl_registry#36.global(21, "keiland_desktop_manager_v1", 1)
[1712868.810] {Display Queue} wl_display#1.delete_id(49)
[1712868.813] {mesa present modes query} wl_registry#36.global(22, "keiland_keyboard_inset_manager_v1", 1)
[1712868.816] {mesa present modes query} wl_registry#36.global(23, "keiland_edit_manager_v1", 1)
[1712868.818] {mesa present modes query} wl_callback#49.done(508046)
[1712868.821] {mesa present modes query}  -> wl_display#1.sync(new id wl_callback#49)
[1712868.858] {mesa present modes query} wl_shm#50.format(0)
[1712868.861] {mesa present modes query} wl_shm#50.format(1)
[1712868.869] {Display Queue} wl_display#1.delete_id(49)
[1712868.872] {mesa present modes query} wl_callback#49.done(508046)
[1712868.908] {mesa vk display queue}  -> wl_shm#37.create_pool(new id wl_shm_pool#49, fd 19, 1448448)
[1712868.913] {mesa vk display queue}  -> wl_shm_pool#49.create_buffer(new id wl_buffer#51, 0, 728, 489, 2944, 0)
[1712868.917] {mesa vk display queue}  -> wl_shm_pool#49.destroy()
[1712868.930] {mesa vk display queue}  -> wl_shm#37.create_pool(new id wl_shm_pool#52, fd 23, 1448448)
[1712868.934] {mesa vk display queue}  -> wl_shm_pool#52.create_buffer(new id wl_buffer#53, 0, 728, 489, 2944, 0)
[1712868.937] {mesa vk display queue}  -> wl_shm_pool#52.destroy()
[1712868.953] {mesa vk display queue}  -> wl_shm#37.create_pool(new id wl_shm_pool#54, fd 26, 1448448)
[1712868.956] {mesa vk display queue}  -> wl_shm_pool#54.create_buffer(new id wl_buffer#55, 0, 728, 489, 2944, 0)
[1712868.959] {mesa vk display queue}  -> wl_shm_pool#54.destroy()
[1712868.971] {mesa vk display queue}  -> wl_shm#37.create_pool(new id wl_shm_pool#56, fd 28, 1448448)
[1712868.974] {mesa vk display queue}  -> wl_shm_pool#56.create_buffer(new id wl_buffer#57, 0, 728, 489, 2944, 0)
[1712868.977] {mesa vk display queue}  -> wl_shm_pool#56.destroy()
[1712868.981] {mesa vk display queue}  -> wl_buffer#38.destroy()
[1712869.005] {mesa vk display queue}  -> wl_buffer#40.destroy()
[1712869.012] {mesa vk display queue}  -> wl_buffer#42.destroy()
[1712869.018] {mesa vk display queue}  -> wl_buffer#44.destroy()
[1713257.689]  -> xdg_toplevel#46.set_min_size(457, 309)
[1713257.706]  -> xdg_toplevel#46.set_max_size(0, 0)
[1713257.710]  -> xdg_surface#45.set_window_geometry(14, 12, 700, 460)
[1713257.715] {Default Queue}  -> wl_compositor#4.create_region(new id wl_region#58)
[1713257.721] {Default Queue}  -> wl_region#58.add(14, 20, 700, 452)
[1713257.724]  -> wl_surface#23.set_opaque_region(wl_region#58)
[1713257.727] {Default Queue}  -> wl_region#58.destroy()
[1713257.730] {Default Queue}  -> wl_compositor#4.create_region(new id wl_region#59)
[1713257.733] {Default Queue}  -> wl_region#59.add(2, 0, 724, 484)
[1713257.736]  -> wl_surface#23.set_input_region(wl_region#59)
[1713257.738] {Default Queue}  -> wl_region#59.destroy()
[1713257.741] {Default Queue}  -> wp_viewport#24.set_destination(728, 489)
[1713257.745]  -> wl_surface#23.frame(new id wl_callback#60)
[1714333.984] {mesa vk display queue}  -> wl_surface#23.attach(wl_buffer#51, 0, 0)
[1714334.012] {mesa vk display queue}  -> wl_surface#23.damage_buffer(0, 0, 728, 489)
[1714334.024] {mesa vk display queue}  -> wl_surface#23.commit()
[1714336.810] {Display Queue} wl_display#1.delete_id(49)
[1714336.830] {Display Queue} wl_display#1.delete_id(52)
[1714336.839] {Display Queue} wl_display#1.delete_id(54)
[1714336.849] {Display Queue} wl_display#1.delete_id(56)
[1714336.857] {Display Queue} wl_display#1.delete_id(38)
[1714336.865] {Display Queue} wl_display#1.delete_id(40)
[1714336.873] {Display Queue} wl_display#1.delete_id(42)
[1714336.880] {Display Queue} wl_display#1.delete_id(44)
[1714336.888] {Display Queue} wl_display#1.delete_id(58)
[1714336.909] {Display Queue} wl_display#1.delete_id(59)
[1714356.412] {Default Queue} wl_data_device#16.selection(nil)
[1714356.449] {Default Queue} zwp_primary_selection_device_v1#15.selection(nil)
[1714356.458] {Default Queue} wl_keyboard#22.enter(122, wl_surface#23, array[0])
[1714356.477] {Default Queue} wl_keyboard#22.modifiers(123, 0, 0, 0, 0)
[1714356.516] {Default Queue} zwp_text_input_v3#41.enter(wl_surface#23)
[1714356.526] {Default Queue}  -> zwp_text_input_v3#41.enable()
[1714356.552] {Default Queue}  -> zwp_text_input_v3#41.set_surrounding_text("q581 clipboard Ω 日本語", 27, 0)
[1714356.562] {Default Queue}  -> zwp_text_input_v3#41.set_text_change_cause(1)
[1714356.575] {Default Queue}  -> zwp_text_input_v3#41.set_content_type(0, 0)
[1714356.594] {Default Queue}  -> zwp_text_input_v3#41.set_cursor_rectangle(189, 112, 0, 32)
[1714356.601] {Default Queue}  -> zwp_text_input_v3#41.commit()
[1714356.606] {Default Queue} wl_pointer#6.enter(124, wl_surface#23, 223.00000000, 175.00000000)
[1714356.617] {Default Queue} wl_pointer#6.frame()
[1714356.654] {Default Queue}  -> wp_cursor_shape_device_v1#21.set_shape(124, 1)
[1714357.232] {Default Queue}  -> wp_cursor_shape_device_v1#21.set_shape(124, 9)
[1714357.888] {Display Queue} wl_display#1.delete_id(60)
[1714357.903] {Default Queue} wl_callback#60.done(509535)
[1714359.042]  -> wl_surface#23.frame(new id wl_callback#60)
[1714364.772] {mesa vk display queue}  -> wl_surface#23.attach(wl_buffer#53, 0, 0)
[1714364.785] {mesa vk display queue}  -> wl_surface#23.damage_buffer(0, 0, 728, 489)
[1714364.791] {mesa vk display queue}  -> wl_surface#23.commit()
[1714380.768] {Display Queue} wl_display#1.delete_id(60)
[1714380.781] {Default Queue} wl_callback#60.done(509558)
[1729379.030] {Default Queue} wl_pointer#6.button(125, 524556, 272, 1)
[1729379.091] {Default Queue} xdg_wm_base#20.ping(126)
[1729379.106] {Default Queue}  -> xdg_wm_base#20.pong(126)
[1729379.116] {Default Queue} wl_pointer#6.frame()
[1729379.488] {Default Queue}  -> zwp_text_input_v3#41.disable()
[1729379.507] {Default Queue}  -> zwp_text_input_v3#41.commit()
[1729379.593] {Default Queue}  -> zwp_text_input_v3#41.enable()
[1729379.619] {Default Queue}  -> zwp_text_input_v3#41.set_surrounding_text("", 0, 0)
[1729379.633] {Default Queue}  -> zwp_text_input_v3#41.set_text_change_cause(1)
[1729379.648] {Default Queue}  -> zwp_text_input_v3#41.set_content_type(0, 0)
[1729379.718] {Default Queue}  -> zwp_text_input_v3#41.set_cursor_rectangle(45, 160, 0, 32)
[1729379.731] {Default Queue}  -> zwp_text_input_v3#41.commit()
[1729379.838] {Default Queue}  -> zwp_text_input_v3#41.set_surrounding_text("", 0, 0)
[1729379.854] {Default Queue}  -> zwp_text_input_v3#41.set_text_change_cause(1)
[1729379.866] {Default Queue}  -> zwp_text_input_v3#41.set_content_type(0, 0)
[1729379.879] {Default Queue}  -> zwp_text_input_v3#41.set_cursor_rectangle(45, 160, 0, 32)
[1729379.889] {Default Queue}  -> zwp_text_input_v3#41.commit()
[1729381.546]  -> wl_surface#23.frame(new id wl_callback#60)
[1729396.233] {mesa vk display queue}  -> wl_surface#23.attach(wl_buffer#55, 0, 0)
[1729396.259] {mesa vk display queue}  -> wl_surface#23.damage_buffer(0, 0, 728, 489)
[1729396.269] {mesa vk display queue}  -> wl_surface#23.commit()
[1729414.931] {Display Queue} wl_display#1.delete_id(60)
[1729414.960] {Default Queue} wl_callback#60.done(524592)
[1729415.874]  -> wl_surface#23.frame(new id wl_callback#60)
[1729424.114] {mesa vk display queue}  -> wl_surface#23.attach(wl_buffer#57, 0, 0)
[1729424.145] {mesa vk display queue}  -> wl_surface#23.damage_buffer(0, 0, 728, 489)
[1729424.158] {mesa vk display queue}  -> wl_surface#23.commit()
[1729435.882] {Display Queue} wl_display#1.delete_id(60)
[1729435.904] {Default Queue} wl_callback#60.done(524613)
[1729435.927] {Default Queue} wl_pointer#6.button(127, 524604, 272, 0)
[1729435.945] {Default Queue} wl_pointer#6.frame()
[1729436.248] {Default Queue}  -> zwp_text_input_v3#41.enable()
[1729436.270] {Default Queue}  -> zwp_text_input_v3#41.set_surrounding_text("", 0, 0)
[1729436.280] {Default Queue}  -> zwp_text_input_v3#41.set_text_change_cause(1)
[1729436.304] {Default Queue}  -> zwp_text_input_v3#41.set_content_type(0, 0)
[1729436.316] {Default Queue}  -> zwp_text_input_v3#41.set_cursor_rectangle(45, 160, 0, 32)
[1729436.327] {Default Queue}  -> zwp_text_input_v3#41.commit()
[1729436.948] {mesa vk display queue} wl_buffer#51.release()
[1729436.963] {mesa vk display queue} wl_buffer#53.release()
[1729436.970] {mesa vk display queue} wl_buffer#55.release()
[1729436.976] {mesa vk display queue} wl_buffer#57.release()
[1729437.294]  -> wl_surface#23.frame(new id wl_callback#60)
[1729438.532] {mesa vk display queue}  -> wl_surface#23.attach(wl_buffer#51, 0, 0)
[1729438.555] {mesa vk display queue}  -> wl_surface#23.damage_buffer(32, 107, 664, 42)
[1729438.565] {mesa vk display queue}  -> wl_surface#23.damage_buffer(33, 156, 662, 40)
[1729438.574] {mesa vk display queue}  -> wl_surface#23.commit()
[1729453.636] {Display Queue} wl_display#1.delete_id(60)
[1729453.668] {Default Queue} wl_callback#60.done(524631)
[1729454.376]  -> wl_surface#23.frame(new id wl_callback#60)
[1729455.588] {mesa vk display queue}  -> wl_surface#23.attach(wl_buffer#53, 0, 0)
[1729455.603] {mesa vk display queue}  -> wl_surface#23.damage_buffer(33, 108, 662, 40)
[1729455.609] {mesa vk display queue}  -> wl_surface#23.damage_buffer(33, 156, 662, 40)
[1729455.615] {mesa vk display queue}  -> wl_surface#23.commit()
[1729466.631] {Display Queue} wl_display#1.delete_id(60)
[1729466.644] {Default Queue} wl_callback#60.done(524644)
[1729466.898]  -> wl_surface#23.frame(new id wl_callback#60)
[1729467.983] {mesa vk display queue}  -> wl_surface#23.attach(wl_buffer#55, 0, 0)
[1729467.997] {mesa vk display queue}  -> wl_surface#23.damage_buffer(33, 108, 662, 40)
[1729468.004] {mesa vk display queue}  -> wl_surface#23.damage_buffer(33, 156, 662, 40)
[1729468.009] {mesa vk display queue}  -> wl_surface#23.commit()
[1729480.038] {Display Queue} wl_display#1.delete_id(60)
[1729480.063] {Default Queue} wl_callback#60.done(524657)
[1729480.468]  -> wl_surface#23.frame(new id wl_callback#60)
[1729481.673] {mesa vk display queue}  -> wl_surface#23.attach(wl_buffer#57, 0, 0)
[1729481.686] {mesa vk display queue}  -> wl_surface#23.damage_buffer(33, 108, 662, 40)
[1729481.695] {mesa vk display queue}  -> wl_surface#23.damage_buffer(33, 156, 662, 40)
[1729481.702] {mesa vk display queue}  -> wl_surface#23.commit()
[1729494.505] {Display Queue} wl_display#1.delete_id(60)
[1729494.517] {Default Queue} wl_callback#60.done(524671)
[1729494.527] {Default Queue} wl_keyboard#22.key(128, 524663, 47, 1)
[1729495.040] {Default Queue}  -> wl_surface#17.attach(nil, 0, 0)
[1729495.049] {Default Queue}  -> wl_surface#17.commit()
[1729495.054] {Default Queue}  -> wl_pointer#6.set_cursor(124, wl_surface#17, 0, 0)
[1729495.069] {Default Queue}  -> zwp_text_input_v3#41.set_surrounding_text("v", 1, 1)
[1729495.073] {Default Queue}  -> zwp_text_input_v3#41.set_text_change_cause(0)
[1729495.080] {Default Queue}  -> zwp_text_input_v3#41.set_content_type(0, 0)
[1729495.087] {Default Queue}  -> zwp_text_input_v3#41.set_cursor_rectangle(52, 160, 0, 32)
[1729495.091] {Default Queue}  -> zwp_text_input_v3#41.commit()
[1729495.368] {mesa vk display queue} wl_buffer#51.release()
[1729495.376] {mesa vk display queue} wl_buffer#53.release()
[1729495.379] {mesa vk display queue} wl_buffer#55.release()
[1729495.385] {mesa vk display queue} wl_buffer#57.release()
[1729495.581]  -> wl_surface#23.frame(new id wl_callback#60)
[1729496.778] {mesa vk display queue}  -> wl_surface#23.attach(wl_buffer#51, 0, 0)
[1729496.787] {mesa vk display queue}  -> wl_surface#23.damage_buffer(33, 108, 662, 40)
[1729496.793] {mesa vk display queue}  -> wl_surface#23.damage_buffer(33, 156, 662, 40)
[1729496.799] {mesa vk display queue}  -> wl_surface#23.commit()
[1729516.701] {Display Queue} wl_display#1.delete_id(60)
[1729516.732] {Default Queue} wl_callback#60.done(524694)
[1729517.400]  -> wl_surface#23.frame(new id wl_callback#60)
[1729518.504] {mesa vk display queue}  -> wl_surface#23.attach(wl_buffer#53, 0, 0)
[1729518.525] {mesa vk display queue}  -> wl_surface#23.damage_buffer(32, 107, 664, 42)
[1729518.530] {mesa vk display queue}  -> wl_surface#23.damage_buffer(34, 157, 660, 38)
[1729518.533] {mesa vk display queue}  -> wl_surface#23.commit()
[1729527.990] {Display Queue} wl_display#1.delete_id(60)
[1729528.015] {Default Queue} wl_callback#60.done(524705)
[1729528.436]  -> wl_surface#23.frame(new id wl_callback#60)
[1729529.452] {mesa vk display queue}  -> wl_surface#23.attach(wl_buffer#55, 0, 0)
[1729529.472] {mesa vk display queue}  -> wl_surface#23.damage_buffer(32, 107, 664, 42)
[1729529.480] {mesa vk display queue}  -> wl_surface#23.damage_buffer(34, 157, 660, 38)
[1729529.489] {mesa vk display queue}  -> wl_surface#23.commit()
[1729539.040] {Display Queue} wl_display#1.delete_id(60)
[1729539.067] {Default Queue} wl_callback#60.done(524716)
[1729539.541]  -> wl_surface#23.frame(new id wl_callback#60)
[1729540.647] {mesa vk display queue}  -> wl_surface#23.attach(wl_buffer#57, 0, 0)
[1729540.661] {mesa vk display queue}  -> wl_surface#23.damage_buffer(32, 107, 664, 42)
[1729540.670] {mesa vk display queue}  -> wl_surface#23.damage_buffer(34, 157, 660, 38)
[1729540.678] {mesa vk display queue}  -> wl_surface#23.commit()
[1729548.594] {Display Queue} wl_display#1.delete_id(60)
[1729548.639] {Default Queue} wl_callback#60.done(524726)
[1729548.660] {Default Queue} wl_keyboard#22.key(129, 524720, 47, 0)
[1729549.084] {mesa vk display queue} wl_buffer#51.release()
[1729549.098] {mesa vk display queue} wl_buffer#53.release()
[1729549.104] {mesa vk display queue} wl_buffer#55.release()
[1729549.111] {mesa vk display queue} wl_buffer#57.release()
[1729549.245]  -> wl_surface#23.frame(new id wl_callback#60)
[1729550.299] {mesa vk display queue}  -> wl_surface#23.attach(wl_buffer#51, 0, 0)
[1729550.313] {mesa vk display queue}  -> wl_surface#23.damage_buffer(32, 107, 664, 42)
[1729550.322] {mesa vk display queue}  -> wl_surface#23.damage_buffer(34, 157, 660, 38)
[1729550.330] {mesa vk display queue}  -> wl_surface#23.commit()
[1729560.245] {Display Queue} wl_display#1.delete_id(60)
[1729560.275] {Default Queue} wl_callback#60.done(524737)
[1729560.799]  -> wl_surface#23.frame(new id wl_callback#60)
[1729561.804] {mesa vk display queue}  -> wl_surface#23.attach(wl_buffer#53, 0, 0)
[1729561.817] {mesa vk display queue}  -> wl_surface#23.damage_buffer(32, 107, 664, 42)
[1729561.825] {mesa vk display queue}  -> wl_surface#23.damage_buffer(35, 158, 658, 36)
[1729561.832] {mesa vk display queue}  -> wl_surface#23.commit()
[1729571.518] {Display Queue} wl_display#1.delete_id(60)
[1729571.545] {Default Queue} wl_callback#60.done(524748)
[1729571.989]  -> wl_surface#23.frame(new id wl_callback#60)
[1729573.596] {mesa vk display queue}  -> wl_surface#23.attach(wl_buffer#55, 0, 0)
[1729573.609] {mesa vk display queue}  -> wl_surface#23.damage_buffer(32, 107, 664, 42)
[1729573.619] {mesa vk display queue}  -> wl_surface#23.damage_buffer(35, 158, 658, 36)
[1729573.625] {mesa vk display queue}  -> wl_surface#23.commit()
[1729587.384] {Display Queue} wl_display#1.delete_id(60)
[1729587.410] {Default Queue} wl_callback#60.done(524764)
[1729587.802]  -> wl_surface#23.frame(new id wl_callback#60)
[1729589.221] {mesa vk display queue}  -> wl_surface#23.attach(wl_buffer#57, 0, 0)
[1729589.230] {mesa vk display queue}  -> wl_surface#23.damage_buffer(32, 107, 664, 42)
[1729589.235] {mesa vk display queue}  -> wl_surface#23.damage_buffer(35, 158, 658, 36)
[1729589.239] {mesa vk display queue}  -> wl_surface#23.commit()
[1729602.033] {Display Queue} wl_display#1.delete_id(60)
[1729602.061] {Default Queue} wl_callback#60.done(524779)
[1729602.277] {mesa vk display queue} wl_buffer#51.release()
[1729602.287] {mesa vk display queue} wl_buffer#53.release()
[1729602.291] {mesa vk display queue} wl_buffer#55.release()
[1729602.295] {mesa vk display queue} wl_buffer#57.release()
[1729602.385]  -> wl_surface#23.frame(new id wl_callback#60)
[1729604.361] {mesa vk display queue}  -> wl_surface#23.attach(wl_buffer#51, 0, 0)
[1729604.379] {mesa vk display queue}  -> wl_surface#23.damage_buffer(32, 107, 664, 42)
[1729604.407] {mesa vk display queue}  -> wl_surface#23.damage_buffer(35, 158, 658, 36)
[1729604.420] {mesa vk display queue}  -> wl_surface#23.commit()
[1729619.684] {Display Queue} wl_display#1.delete_id(60)
[1729619.710] {Default Queue} wl_callback#60.done(524797)
[1729620.151]  -> wl_surface#23.frame(new id wl_callback#60)
[1729621.672] {mesa vk display queue}  -> wl_surface#23.attach(wl_buffer#53, 0, 0)
[1729621.690] {mesa vk display queue}  -> wl_surface#23.damage_buffer(32, 107, 664, 42)
[1729621.699] {mesa vk display queue}  -> wl_surface#23.damage_buffer(35, 158, 658, 36)
[1729621.709] {mesa vk display queue}  -> wl_surface#23.commit()
[1729636.492] {Display Queue} wl_display#1.delete_id(60)
[1729636.520] {Default Queue} wl_callback#60.done(524813)
[1729637.041]  -> wl_surface#23.frame(new id wl_callback#60)
[1729638.340] {mesa vk display queue}  -> wl_surface#23.attach(wl_buffer#55, 0, 0)
[1729638.353] {mesa vk display queue}  -> wl_surface#23.damage_buffer(32, 107, 664, 42)
[1729638.360] {mesa vk display queue}  -> wl_surface#23.damage_buffer(35, 158, 658, 36)
[1729638.367] {mesa vk display queue}  -> wl_surface#23.commit()
[1729654.122] {Display Queue} wl_display#1.delete_id(60)
[1729654.153] {Default Queue} wl_callback#60.done(524831)
[1729654.686]  -> wl_surface#23.frame(new id wl_callback#60)
[1729656.140] {mesa vk display queue}  -> wl_surface#23.attach(wl_buffer#57, 0, 0)
[1729656.152] {mesa vk display queue}  -> wl_surface#23.damage_buffer(32, 107, 664, 42)
[1729656.159] {mesa vk display queue}  -> wl_surface#23.damage_buffer(35, 158, 658, 36)
[1729656.167] {mesa vk display queue}  -> wl_surface#23.commit()
[1729670.742] {Display Queue} wl_display#1.delete_id(60)
[1729670.761] {Default Queue} wl_callback#60.done(524848)
[1729670.980] {mesa vk display queue} wl_buffer#51.release()
[1729670.992] {mesa vk display queue} wl_buffer#53.release()
[1729670.996] {mesa vk display queue} wl_buffer#55.release()
[1729671.001] {mesa vk display queue} wl_buffer#57.release()
[1729671.104]  -> wl_surface#23.frame(new id wl_callback#60)
[1729672.546] {mesa vk display queue}  -> wl_surface#23.attach(wl_buffer#51, 0, 0)
[1729672.556] {mesa vk display queue}  -> wl_surface#23.damage_buffer(32, 107, 664, 42)
[1729672.562] {mesa vk display queue}  -> wl_surface#23.damage_buffer(35, 158, 658, 36)
[1729672.568] {mesa vk display queue}  -> wl_surface#23.commit()
[1729686.978] {Display Queue} wl_display#1.delete_id(60)
[1729687.004] {Default Queue} wl_callback#60.done(524864)
[1729687.478]  -> wl_surface#23.frame(new id wl_callback#60)
[1729688.864] {mesa vk display queue}  -> wl_surface#23.attach(wl_buffer#53, 0, 0)
[1729688.886] {mesa vk display queue}  -> wl_surface#23.damage_buffer(32, 107, 664, 42)
[1729688.897] {mesa vk display queue}  -> wl_surface#23.damage_buffer(35, 158, 658, 36)
[1729688.903] {mesa vk display queue}  -> wl_surface#23.commit()
[1729702.904] {Display Queue} wl_display#1.delete_id(60)
[1729702.932] {Default Queue} wl_callback#60.done(524880)
[1729703.344]  -> wl_surface#23.frame(new id wl_callback#60)
[1729704.785] {mesa vk display queue}  -> wl_surface#23.attach(wl_buffer#55, 0, 0)
[1729704.801] {mesa vk display queue}  -> wl_surface#23.damage_buffer(32, 107, 664, 42)
[1729704.811] {mesa vk display queue}  -> wl_surface#23.damage_buffer(35, 158, 658, 36)
[1729704.823] {mesa vk display queue}  -> wl_surface#23.commit()
[1729721.189] {Display Queue} wl_display#1.delete_id(60)
[1729721.217] {Default Queue} wl_callback#60.done(524898)
[1729721.574]  -> wl_surface#23.frame(new id wl_callback#60)
[1729722.349] {mesa vk display queue}  -> wl_surface#23.attach(wl_buffer#57, 0, 0)
[1729722.368] {mesa vk display queue}  -> wl_surface#23.damage_buffer(35, 158, 658, 36)
[1729722.379] {mesa vk display queue}  -> wl_surface#23.commit()
[1729739.206] {Display Queue} wl_display#1.delete_id(60)
[1729739.234] {Default Queue} wl_callback#60.done(524916)
[1729739.461] {mesa vk display queue} wl_buffer#51.release()
[1729739.477] {mesa vk display queue} wl_buffer#53.release()
[1729739.505] {mesa vk display queue} wl_buffer#55.release()
[1729739.513] {mesa vk display queue} wl_buffer#57.release()
[1729739.623]  -> wl_surface#23.frame(new id wl_callback#60)
[1729740.339] {mesa vk display queue}  -> wl_surface#23.attach(wl_buffer#51, 0, 0)
[1729740.351] {mesa vk display queue}  -> wl_surface#23.damage_buffer(52, 167, 1, 18)
[1729740.359] {mesa vk display queue}  -> wl_surface#23.commit()
[1729753.568] {Display Queue} wl_display#1.delete_id(60)
[1729753.596] {Default Queue} wl_callback#60.done(524930)
[1729753.940]  -> wl_surface#23.frame(new id wl_callback#60)
[1729754.617] {mesa vk display queue}  -> wl_surface#23.attach(wl_buffer#53, 0, 0)
[1729754.632] {mesa vk display queue}  -> wl_surface#23.damage_buffer(52, 167, 1, 18)
[1729754.642] {mesa vk display queue}  -> wl_surface#23.commit()
[1729772.985] {Display Queue} wl_display#1.delete_id(60)
[1729773.013] {Default Queue} wl_callback#60.done(524950)
[1729773.344]  -> wl_surface#23.frame(new id wl_callback#60)
[1729773.920] {mesa vk display queue}  -> wl_surface#23.attach(wl_buffer#55, 0, 0)
[1729773.939] {mesa vk display queue}  -> wl_surface#23.damage_buffer(52, 167, 1, 18)
[1729773.949] {mesa vk display queue}  -> wl_surface#23.commit()
[1729791.169] {Display Queue} wl_display#1.delete_id(60)
[1729791.198] {Default Queue} wl_callback#60.done(524968)
[1729791.532]  -> wl_surface#23.frame(new id wl_callback#60)
[1729792.364] {mesa vk display queue}  -> wl_surface#23.attach(wl_buffer#57, 0, 0)
[1729792.383] {mesa vk display queue}  -> wl_surface#23.damage_buffer(52, 167, 1, 18)
[1729792.389] {mesa vk display queue}  -> wl_surface#23.commit()
[1729807.778] {Display Queue} wl_display#1.delete_id(60)
[1729807.806] {Default Queue} wl_callback#60.done(524985)
[1729808.040] {mesa vk display queue} wl_buffer#51.release()
[1729808.058] {mesa vk display queue} wl_buffer#53.release()
[1729808.068] {mesa vk display queue} wl_buffer#55.release()
[1729808.078] {mesa vk display queue} wl_buffer#57.release()
[1729808.193]  -> wl_surface#23.frame(new id wl_callback#60)
[1729808.836] {mesa vk display queue}  -> wl_surface#23.attach(wl_buffer#51, 0, 0)
[1729808.844] {mesa vk display queue}  -> wl_surface#23.damage_buffer(52, 167, 1, 18)
[1729808.849] {mesa vk display queue}  -> wl_surface#23.commit()
[1729821.536] {Display Queue} wl_display#1.delete_id(60)
[1729821.566] {Default Queue} wl_callback#60.done(524998)
[1729821.906]  -> wl_surface#23.frame(new id wl_callback#60)
[1729822.488] {mesa vk display queue}  -> wl_surface#23.attach(wl_buffer#53, 0, 0)
[1729822.501] {mesa vk display queue}  -> wl_surface#23.damage_buffer(52, 167, 1, 18)
[1729822.510] {mesa vk display queue}  -> wl_surface#23.commit()
[1729840.082] {Display Queue} wl_display#1.delete_id(60)
[1729840.112] {Default Queue} wl_callback#60.done(525017)
[1729840.460]  -> wl_surface#23.frame(new id wl_callback#60)
[1729841.006] {mesa vk display queue}  -> wl_surface#23.attach(wl_buffer#55, 0, 0)
[1729841.017] {mesa vk display queue}  -> wl_surface#23.damage_buffer(52, 167, 1, 18)
[1729841.023] {mesa vk display queue}  -> wl_surface#23.commit()
[1729856.207] {Display Queue} wl_display#1.delete_id(60)
[1729856.237] {Default Queue} wl_callback#60.done(525033)
[1729856.521]  -> wl_surface#23.frame(new id wl_callback#60)
[1729857.150] {mesa vk display queue}  -> wl_surface#23.attach(wl_buffer#57, 0, 0)
[1729857.160] {mesa vk display queue}  -> wl_surface#23.damage_buffer(52, 167, 1, 18)
[1729857.166] {mesa vk display queue}  -> wl_surface#23.commit()
[1729871.547] {Display Queue} wl_display#1.delete_id(60)
[1729871.577] {Default Queue} wl_callback#60.done(525049)
[1729871.805] {mesa vk display queue} wl_buffer#51.release()
[1729871.823] {mesa vk display queue} wl_buffer#53.release()
[1729871.832] {mesa vk display queue} wl_buffer#55.release()
[1729871.840] {mesa vk display queue} wl_buffer#57.release()
[1729871.951]  -> wl_surface#23.frame(new id wl_callback#60)
[1729872.658] {mesa vk display queue}  -> wl_surface#23.attach(wl_buffer#51, 0, 0)
[1729872.672] {mesa vk display queue}  -> wl_surface#23.damage_buffer(52, 167, 1, 18)
[1729872.694] {mesa vk display queue}  -> wl_surface#23.commit()
[1729886.084] {Display Queue} wl_display#1.delete_id(60)
[1729886.114] {Default Queue} wl_callback#60.done(525063)
[1729886.442]  -> wl_surface#23.frame(new id wl_callback#60)
[1729886.994] {mesa vk display queue}  -> wl_surface#23.attach(wl_buffer#53, 0, 0)
[1729887.009] {mesa vk display queue}  -> wl_surface#23.damage_buffer(52, 167, 1, 18)
[1729887.018] {mesa vk display queue}  -> wl_surface#23.commit()
[1729900.841] {Display Queue} wl_display#1.delete_id(60)
[1729900.869] {Default Queue} wl_callback#60.done(525078)
[1729901.196]  -> wl_surface#23.frame(new id wl_callback#60)
[1729901.873] {mesa vk display queue}  -> wl_surface#23.attach(wl_buffer#55, 0, 0)
[1729901.887] {mesa vk display queue}  -> wl_surface#23.damage_buffer(52, 167, 1, 18)
[1729901.895] {mesa vk display queue}  -> wl_surface#23.commit()
[1729914.597] {Display Queue} wl_display#1.delete_id(60)
[1729914.621] {Default Queue} wl_callback#60.done(525092)
[1729914.908]  -> wl_surface#23.frame(new id wl_callback#60)
[1729915.492] {mesa vk display queue}  -> wl_surface#23.attach(wl_buffer#57, 0, 0)
[1729915.508] {mesa vk display queue}  -> wl_surface#23.damage_buffer(52, 167, 1, 18)
[1729915.518] {mesa vk display queue}  -> wl_surface#23.commit()
[1729928.520] {Display Queue} wl_display#1.delete_id(60)
[1729928.548] {Default Queue} wl_callback#60.done(525105)
[1729928.789] {mesa vk display queue} wl_buffer#51.release()
[1729928.800] {mesa vk display queue} wl_buffer#53.release()
[1729928.806] {mesa vk display queue} wl_buffer#55.release()
[1729928.810] {mesa vk display queue} wl_buffer#57.release()
[1729928.881]  -> wl_surface#23.frame(new id wl_callback#60)
[1729929.388] {mesa vk display queue}  -> wl_surface#23.attach(wl_buffer#51, 0, 0)
[1729929.398] {mesa vk display queue}  -> wl_surface#23.damage_buffer(52, 167, 1, 18)
[1729929.404] {mesa vk display queue}  -> wl_surface#23.commit()
[1729942.064] {Display Queue} wl_display#1.delete_id(60)
[1729942.092] {Default Queue} wl_callback#60.done(525119)
[1729942.406]  -> wl_surface#23.frame(new id wl_callback#60)
[1729943.071] {mesa vk display queue}  -> wl_surface#23.attach(wl_buffer#53, 0, 0)
[1729943.084] {mesa vk display queue}  -> wl_surface#23.damage_buffer(52, 167, 1, 18)
[1729943.092] {mesa vk display queue}  -> wl_surface#23.commit()
[1729956.239] {Display Queue} wl_display#1.delete_id(60)
[1729956.259] {Default Queue} wl_callback#60.done(525133)
[1729956.491]  -> wl_surface#23.frame(new id wl_callback#60)
[1729957.165] {mesa vk display queue}  -> wl_surface#23.attach(wl_buffer#55, 0, 0)
[1729957.179] {mesa vk display queue}  -> wl_surface#23.damage_buffer(52, 167, 1, 18)
[1729957.186] {mesa vk display queue}  -> wl_surface#23.commit()
[1729969.167] {Display Queue} wl_display#1.delete_id(60)
[1729969.185] {Default Queue} wl_callback#60.done(525146)
[1729969.404]  -> wl_surface#23.frame(new id wl_callback#60)
[1729970.005] {mesa vk display queue}  -> wl_surface#23.attach(wl_buffer#57, 0, 0)
[1729970.015] {mesa vk display queue}  -> wl_surface#23.damage_buffer(52, 167, 1, 18)
[1729970.022] {mesa vk display queue}  -> wl_surface#23.commit()
[1729980.911] {Display Queue} wl_display#1.delete_id(60)
[1729980.929] {Default Queue} wl_callback#60.done(525158)
[1729981.072] {mesa vk display queue} wl_buffer#51.release()
[1729981.082] {mesa vk display queue} wl_buffer#53.release()
[1729981.088] {mesa vk display queue} wl_buffer#55.release()
[1729981.092] {mesa vk display queue} wl_buffer#57.release()
[1729981.162]  -> wl_surface#23.frame(new id wl_callback#60)
[1729981.765] {mesa vk display queue}  -> wl_surface#23.attach(wl_buffer#51, 0, 0)
[1729981.773] {mesa vk display queue}  -> wl_surface#23.damage_buffer(52, 167, 1, 18)
[1729981.779] {mesa vk display queue}  -> wl_surface#23.commit()
[1729996.299] {Display Queue} wl_display#1.delete_id(60)
[1729996.329] {Default Queue} wl_callback#60.done(525173)
[1730294.717]  -> wl_surface#23.frame(new id wl_callback#60)
[1730295.348] {mesa vk display queue}  -> wl_surface#23.attach(wl_buffer#53, 0, 0)
[1730295.381] {mesa vk display queue}  -> wl_surface#23.damage_buffer(52, 167, 1, 18)
[1730295.393] {mesa vk display queue}  -> wl_surface#23.commit()
[1730315.432] {Display Queue} wl_display#1.delete_id(60)
[1730315.470] {Default Queue} wl_callback#60.done(525492)
[1730315.773]  -> wl_surface#23.frame(new id wl_callback#60)
[1730316.356] {mesa vk display queue}  -> wl_surface#23.attach(wl_buffer#55, 0, 0)
[1730316.370] {mesa vk display queue}  -> wl_surface#23.damage_buffer(52, 167, 1, 18)
[1730316.377] {mesa vk display queue}  -> wl_surface#23.commit()
[1730331.550] {Display Queue} wl_display#1.delete_id(60)
[1730331.571] {Default Queue} wl_callback#60.done(525508)
[1730331.855]  -> wl_surface#23.frame(new id wl_callback#60)
[1730332.391] {mesa vk display queue}  -> wl_surface#23.attach(wl_buffer#57, 0, 0)
[1730332.403] {mesa vk display queue}  -> wl_surface#23.damage_buffer(52, 167, 1, 18)
[1730332.412] {mesa vk display queue}  -> wl_surface#23.commit()
[1730344.950] {Display Queue} wl_display#1.delete_id(60)
[1730344.980] {Default Queue} wl_callback#60.done(525522)
[1730345.225] {mesa vk display queue} wl_buffer#51.release()
[1730345.241] {mesa vk display queue} wl_buffer#53.release()
[1730345.250] {mesa vk display queue} wl_buffer#55.release()
[1730345.258] {mesa vk display queue} wl_buffer#57.release()
[1730345.379]  -> wl_surface#23.frame(new id wl_callback#60)
[1730345.921] {mesa vk display queue}  -> wl_surface#23.attach(wl_buffer#51, 0, 0)
[1730345.936] {mesa vk display queue}  -> wl_surface#23.damage_buffer(52, 167, 1, 18)
[1730345.945] {mesa vk display queue}  -> wl_surface#23.commit()
[1730360.585] {Display Queue} wl_display#1.delete_id(60)
[1730360.637] {Default Queue} wl_callback#60.done(525538)
[1730360.986]  -> wl_surface#23.frame(new id wl_callback#60)
[1730361.410] {mesa vk display queue}  -> wl_surface#23.attach(wl_buffer#53, 0, 0)
[1730361.429] {mesa vk display queue}  -> wl_surface#23.damage_buffer(52, 167, 1, 18)
[1730361.442] {mesa vk display queue}  -> wl_surface#23.commit()
[1730374.725] {Display Queue} wl_display#1.delete_id(60)
[1730374.738] {Default Queue} wl_callback#60.done(525552)
[1730374.919]  -> wl_surface#23.frame(new id wl_callback#60)
[1730375.308] {mesa vk display queue}  -> wl_surface#23.attach(wl_buffer#55, 0, 0)
[1730375.323] {mesa vk display queue}  -> wl_surface#23.damage_buffer(52, 167, 1, 18)
[1730375.328] {mesa vk display queue}  -> wl_surface#23.commit()
[1730388.165] {Display Queue} wl_display#1.delete_id(60)
[1730388.195] {Default Queue} wl_callback#60.done(525565)
[1730388.549]  -> wl_surface#23.frame(new id wl_callback#60)
[1730389.117] {mesa vk display queue}  -> wl_surface#23.attach(wl_buffer#57, 0, 0)
[1730389.126] {mesa vk display queue}  -> wl_surface#23.damage_buffer(52, 167, 1, 18)
[1730389.134] {mesa vk display queue}  -> wl_surface#23.commit()
[1730402.407] {Display Queue} wl_display#1.delete_id(60)
[1730402.421] {Default Queue} wl_callback#60.done(525579)
[1730402.572] {mesa vk display queue} wl_buffer#51.release()
[1730402.580] {mesa vk display queue} wl_buffer#53.release()
[1730402.585] {mesa vk display queue} wl_buffer#55.release()
[1730402.589] {mesa vk display queue} wl_buffer#57.release()
[1730402.650]  -> wl_surface#23.frame(new id wl_callback#60)
[1730402.984] {mesa vk display queue}  -> wl_surface#23.attach(wl_buffer#51, 0, 0)
[1730402.991] {mesa vk display queue}  -> wl_surface#23.damage_buffer(52, 167, 1, 18)
[1730402.996] {mesa vk display queue}  -> wl_surface#23.commit()
[1730414.544] {Display Queue} wl_display#1.delete_id(60)
[1730414.564] {Default Queue} wl_callback#60.done(525592)
[1730414.824]  -> wl_surface#23.frame(new id wl_callback#60)
[1730415.102] {mesa vk display queue}  -> wl_surface#23.attach(wl_buffer#53, 0, 0)
[1730415.113] {mesa vk display queue}  -> wl_surface#23.damage_buffer(52, 167, 1, 18)
[1730415.120] {mesa vk display queue}  -> wl_surface#23.commit()
[1730426.922] {Display Queue} wl_display#1.delete_id(60)
[1730426.940] {Default Queue} wl_callback#60.done(525604)
[1730427.177]  -> wl_surface#23.frame(new id wl_callback#60)
[1730427.478] {mesa vk display queue}  -> wl_surface#23.attach(wl_buffer#55, 0, 0)
[1730427.490] {mesa vk display queue}  -> wl_surface#23.damage_buffer(52, 167, 1, 18)
[1730427.496] {mesa vk display queue}  -> wl_surface#23.commit()
[1730438.905] {Display Queue} wl_display#1.delete_id(60)
[1730438.924] {Default Queue} wl_callback#60.done(525616)
[1730439.159]  -> wl_surface#23.frame(new id wl_callback#60)
[1730439.461] {mesa vk display queue}  -> wl_surface#23.attach(wl_buffer#57, 0, 0)
[1730439.471] {mesa vk display queue}  -> wl_surface#23.damage_buffer(52, 167, 1, 18)
[1730439.477] {mesa vk display queue}  -> wl_surface#23.commit()
[1730451.199] {Display Queue} wl_display#1.delete_id(60)
[1730451.212] {Default Queue} wl_callback#60.done(525628)
[1730451.346] {mesa vk display queue} wl_buffer#51.release()
[1730451.354] {mesa vk display queue} wl_buffer#53.release()
[1730451.359] {mesa vk display queue} wl_buffer#55.release()
[1730451.362] {mesa vk display queue} wl_buffer#57.release()
[1730451.421]  -> wl_surface#23.frame(new id wl_callback#60)
[1730451.748] {mesa vk display queue}  -> wl_surface#23.attach(wl_buffer#51, 0, 0)
[1730451.755] {mesa vk display queue}  -> wl_surface#23.damage_buffer(52, 167, 1, 18)
[1730451.762] {mesa vk display queue}  -> wl_surface#23.commit()
[1730459.017] {Display Queue} wl_display#1.delete_id(60)
[1730459.029] {Default Queue} wl_callback#60.done(525636)
[1730459.201]  -> wl_surface#23.frame(new id wl_callback#60)
[1730459.456] {mesa vk display queue}  -> wl_surface#23.attach(wl_buffer#53, 0, 0)
[1730459.465] {mesa vk display queue}  -> wl_surface#23.damage_buffer(52, 167, 1, 18)
[1730459.471] {mesa vk display queue}  -> wl_surface#23.commit()
[1730467.368] {Display Queue} wl_display#1.delete_id(60)
[1730467.378] {Default Queue} wl_callback#60.done(525644)
[1730467.517]  -> wl_surface#23.frame(new id wl_callback#60)
[1730467.756] {mesa vk display queue}  -> wl_surface#23.attach(wl_buffer#55, 0, 0)
[1730467.762] {mesa vk display queue}  -> wl_surface#23.damage_buffer(52, 167, 1, 18)
[1730467.765] {mesa vk display queue}  -> wl_surface#23.commit()
[1730475.859] {Display Queue} wl_display#1.delete_id(60)
[1730475.869] {Default Queue} wl_callback#60.done(525653)
[1730476.007]  -> wl_surface#23.frame(new id wl_callback#60)
[1730476.226] {mesa vk display queue}  -> wl_surface#23.attach(wl_buffer#57, 0, 0)
[1730476.231] {mesa vk display queue}  -> wl_surface#23.damage_buffer(52, 167, 1, 18)
[1730476.234] {mesa vk display queue}  -> wl_surface#23.commit()
[1730485.550] {Display Queue} wl_display#1.delete_id(60)
[1730485.561] {Default Queue} wl_callback#60.done(525663)
[1730485.663] {mesa vk display queue} wl_buffer#51.release()
[1730485.670] {mesa vk display queue} wl_buffer#53.release()
[1730485.673] {mesa vk display queue} wl_buffer#55.release()
[1730485.675] {mesa vk display queue} wl_buffer#57.release()
[1730485.722]  -> wl_surface#23.frame(new id wl_callback#60)
[1730485.959] {mesa vk display queue}  -> wl_surface#23.attach(wl_buffer#51, 0, 0)
[1730485.964] {mesa vk display queue}  -> wl_surface#23.damage_buffer(52, 167, 1, 18)
[1730485.969] {mesa vk display queue}  -> wl_surface#23.commit()
[1730493.123] {Display Queue} wl_display#1.delete_id(60)
[1730493.132] {Default Queue} wl_callback#60.done(525670)
[1730493.270]  -> wl_surface#23.frame(new id wl_callback#60)
[1730493.489] {mesa vk display queue}  -> wl_surface#23.attach(wl_buffer#53, 0, 0)
[1730493.493] {mesa vk display queue}  -> wl_surface#23.damage_buffer(52, 167, 1, 18)
[1730493.499] {mesa vk display queue}  -> wl_surface#23.commit()
[1730501.057] {Display Queue} wl_display#1.delete_id(60)
[1730501.067] {Default Queue} wl_callback#60.done(525678)
[1730501.202]  -> wl_surface#23.frame(new id wl_callback#60)
[1730501.455] {mesa vk display queue}  -> wl_surface#23.attach(wl_buffer#55, 0, 0)
[1730501.462] {mesa vk display queue}  -> wl_surface#23.damage_buffer(52, 167, 1, 18)
[1730501.465] {mesa vk display queue}  -> wl_surface#23.commit()
[1730518.479] {Display Queue} wl_display#1.delete_id(60)
[1730518.492] {Default Queue} wl_callback#60.done(525695)
[1730518.696]  -> wl_surface#23.frame(new id wl_callback#60)
[1730519.154] {mesa vk display queue}  -> wl_surface#23.attach(wl_buffer#57, 0, 0)
[1730519.160] {mesa vk display queue}  -> wl_surface#23.damage_buffer(52, 167, 1, 18)
[1730519.163] {mesa vk display queue}  -> wl_surface#23.commit()
[1730530.688] {Display Queue} wl_display#1.delete_id(60)
[1730530.701] {Default Queue} wl_callback#60.done(525708)
[1730530.848] {mesa vk display queue} wl_buffer#51.release()
[1730530.854] {mesa vk display queue} wl_buffer#53.release()
[1730530.857] {mesa vk display queue} wl_buffer#55.release()
[1730530.859] {mesa vk display queue} wl_buffer#57.release()
[1730530.919]  -> wl_surface#23.frame(new id wl_callback#60)
[1730531.177] {mesa vk display queue}  -> wl_surface#23.attach(wl_buffer#51, 0, 0)
[1730531.182] {mesa vk display queue}  -> wl_surface#23.damage_buffer(52, 167, 1, 18)
[1730531.185] {mesa vk display queue}  -> wl_surface#23.commit()
[1730541.390] {Display Queue} wl_display#1.delete_id(60)
[1730541.405] {Default Queue} wl_callback#60.done(525718)
[1730541.630]  -> wl_surface#23.frame(new id wl_callback#60)
[1730542.009] {mesa vk display queue}  -> wl_surface#23.attach(wl_buffer#53, 0, 0)
[1730542.022] {mesa vk display queue}  -> wl_surface#23.damage_buffer(52, 167, 1, 18)
[1730542.028] {mesa vk display queue}  -> wl_surface#23.commit()
[1730551.462] {Display Queue} wl_display#1.delete_id(60)
[1730551.479] {Default Queue} wl_callback#60.done(525728)
[1730551.699]  -> wl_surface#23.frame(new id wl_callback#60)
[1730552.059] {mesa vk display queue}  -> wl_surface#23.attach(wl_buffer#55, 0, 0)
[1730552.073] {mesa vk display queue}  -> wl_surface#23.damage_buffer(52, 167, 1, 18)
[1730552.077] {mesa vk display queue}  -> wl_surface#23.commit()
[1730561.671] {Display Queue} wl_display#1.delete_id(60)
[1730561.687] {Default Queue} wl_callback#60.done(525739)
[1730561.896]  -> wl_surface#23.frame(new id wl_callback#60)
[1730562.190] {mesa vk display queue}  -> wl_surface#23.attach(wl_buffer#57, 0, 0)
[1730562.197] {mesa vk display queue}  -> wl_surface#23.damage_buffer(52, 167, 1, 18)
[1730562.201] {mesa vk display queue}  -> wl_surface#23.commit()
[1730573.439] {Display Queue} wl_display#1.delete_id(60)
[1730573.453] {Default Queue} wl_callback#60.done(525750)
[1730573.588] {mesa vk display queue} wl_buffer#51.release()
[1730573.596] {mesa vk display queue} wl_buffer#53.release()
[1730573.600] {mesa vk display queue} wl_buffer#55.release()
[1730573.603] {mesa vk display queue} wl_buffer#57.release()
[1730573.660]  -> wl_surface#23.frame(new id wl_callback#60)
[1730574.018] {mesa vk display queue}  -> wl_surface#23.attach(wl_buffer#51, 0, 0)
[1730574.029] {mesa vk display queue}  -> wl_surface#23.damage_buffer(52, 167, 1, 18)
[1730574.033] {mesa vk display queue}  -> wl_surface#23.commit()
[1730585.044] {Display Queue} wl_display#1.delete_id(60)
[1730585.060] {Default Queue} wl_callback#60.done(525762)
[1730585.261]  -> wl_surface#23.frame(new id wl_callback#60)
[1730585.700] {mesa vk display queue}  -> wl_surface#23.attach(wl_buffer#53, 0, 0)
[1730585.709] {mesa vk display queue}  -> wl_surface#23.damage_buffer(52, 167, 1, 18)
[1730585.715] {mesa vk display queue}  -> wl_surface#23.commit()
[1730597.630] {Display Queue} wl_display#1.delete_id(60)
[1730597.647] {Default Queue} wl_callback#60.done(525775)
[1730885.348]  -> wl_surface#23.frame(new id wl_callback#60)
[1730886.197] {mesa vk display queue}  -> wl_surface#23.attach(wl_buffer#55, 0, 0)
[1730886.220] {mesa vk display queue}  -> wl_surface#23.damage_buffer(52, 167, 1, 18)
[1730886.231] {mesa vk display queue}  -> wl_surface#23.commit()
[1730908.395] {Display Queue} wl_display#1.delete_id(60)
[1730908.431] {Default Queue} wl_callback#60.done(526085)
[1730908.861]  -> wl_surface#23.frame(new id wl_callback#60)
[1730909.620] {mesa vk display queue}  -> wl_surface#23.attach(wl_buffer#57, 0, 0)
[1730909.637] {mesa vk display queue}  -> wl_surface#23.damage_buffer(52, 167, 1, 18)
[1730909.647] {mesa vk display queue}  -> wl_surface#23.commit()
[1730929.253] {Display Queue} wl_display#1.delete_id(60)
[1730929.286] {Default Queue} wl_callback#60.done(526106)
[1730929.553] {mesa vk display queue} wl_buffer#51.release()
[1730929.569] {mesa vk display queue} wl_buffer#53.release()
[1730929.577] {mesa vk display queue} wl_buffer#55.release()
[1730929.584] {mesa vk display queue} wl_buffer#57.release()
[1730929.711]  -> wl_surface#23.frame(new id wl_callback#60)
[1730930.418] {mesa vk display queue}  -> wl_surface#23.attach(wl_buffer#51, 0, 0)
[1730930.428] {mesa vk display queue}  -> wl_surface#23.damage_buffer(52, 167, 1, 18)
[1730930.435] {mesa vk display queue}  -> wl_surface#23.commit()
[1730945.755] {Display Queue} wl_display#1.delete_id(60)
[1730945.792] {Default Queue} wl_callback#60.done(526123)
[1730946.187]  -> wl_surface#23.frame(new id wl_callback#60)
[1730946.901] {mesa vk display queue}  -> wl_surface#23.attach(wl_buffer#53, 0, 0)
[1730946.919] {mesa vk display queue}  -> wl_surface#23.damage_buffer(52, 167, 1, 18)
[1730946.929] {mesa vk display queue}  -> wl_surface#23.commit()
[1730961.203] {Display Queue} wl_display#1.delete_id(60)
[1730961.237] {Default Queue} wl_callback#60.done(526138)
[1730961.616]  -> wl_surface#23.frame(new id wl_callback#60)
[1730962.302] {mesa vk display queue}  -> wl_surface#23.attach(wl_buffer#55, 0, 0)
[1730962.317] {mesa vk display queue}  -> wl_surface#23.damage_buffer(52, 167, 1, 18)
[1730962.324] {mesa vk display queue}  -> wl_surface#23.commit()
[1730979.760] {Display Queue} wl_display#1.delete_id(60)
[1730979.793] {Default Queue} wl_callback#60.done(526157)
[1730980.163]  -> wl_surface#23.frame(new id wl_callback#60)
[1730980.745] {mesa vk display queue}  -> wl_surface#23.attach(wl_buffer#57, 0, 0)
[1730980.756] {mesa vk display queue}  -> wl_surface#23.damage_buffer(52, 167, 1, 18)
[1730980.763] {mesa vk display queue}  -> wl_surface#23.commit()
[1730994.259] {Display Queue} wl_display#1.delete_id(60)
[1730994.292] {Default Queue} wl_callback#60.done(526171)
[1730994.572] {mesa vk display queue} wl_buffer#51.release()
[1730994.589] {mesa vk display queue} wl_buffer#53.release()
[1730994.599] {mesa vk display queue} wl_buffer#55.release()
[1730994.609] {mesa vk display queue} wl_buffer#57.release()
[1730994.720]  -> wl_surface#23.frame(new id wl_callback#60)
[1730995.192] {mesa vk display queue}  -> wl_surface#23.attach(wl_buffer#51, 0, 0)
[1730995.204] {mesa vk display queue}  -> wl_surface#23.damage_buffer(52, 167, 1, 18)
[1730995.212] {mesa vk display queue}  -> wl_surface#23.commit()
[1731009.397] {Display Queue} wl_display#1.delete_id(60)
[1731009.420] {Default Queue} wl_callback#60.done(526186)
[1731009.689]  -> wl_surface#23.frame(new id wl_callback#60)
[1731010.073] {mesa vk display queue}  -> wl_surface#23.attach(wl_buffer#53, 0, 0)
[1731010.086] {mesa vk display queue}  -> wl_surface#23.damage_buffer(52, 167, 1, 18)
[1731010.094] {mesa vk display queue}  -> wl_surface#23.commit()
[1731022.025] {Display Queue} wl_display#1.delete_id(60)
[1731022.055] {Default Queue} wl_callback#60.done(526199)
[1731022.398]  -> wl_surface#23.frame(new id wl_callback#60)
[1731022.950] {mesa vk display queue}  -> wl_surface#23.attach(wl_buffer#55, 0, 0)
[1731022.965] {mesa vk display queue}  -> wl_surface#23.damage_buffer(52, 167, 1, 18)
[1731022.973] {mesa vk display queue}  -> wl_surface#23.commit()
[1731035.854] {Display Queue} wl_display#1.delete_id(60)
[1731035.881] {Default Queue} wl_callback#60.done(526213)
[1731036.205]  -> wl_surface#23.frame(new id wl_callback#60)
[1731036.862] {mesa vk display queue}  -> wl_surface#23.attach(wl_buffer#57, 0, 0)
[1731036.878] {mesa vk display queue}  -> wl_surface#23.damage_buffer(52, 167, 1, 18)
[1731036.887] {mesa vk display queue}  -> wl_surface#23.commit()
[1731051.138] {Display Queue} wl_display#1.delete_id(60)
[1731051.159] {Default Queue} wl_callback#60.done(526228)
[1731051.330] {mesa vk display queue} wl_buffer#51.release()
[1731051.342] {mesa vk display queue} wl_buffer#53.release()
[1731051.350] {mesa vk display queue} wl_buffer#55.release()
[1731051.355] {mesa vk display queue} wl_buffer#57.release()
[1731051.449]  -> wl_surface#23.frame(new id wl_callback#60)
[1731052.004] {mesa vk display queue}  -> wl_surface#23.attach(wl_buffer#51, 0, 0)
[1731052.018] {mesa vk display queue}  -> wl_surface#23.damage_buffer(52, 167, 1, 18)
[1731052.025] {mesa vk display queue}  -> wl_surface#23.commit()
[1731068.315] {Display Queue} wl_display#1.delete_id(60)
[1731068.345] {Default Queue} wl_callback#60.done(526245)
[1731068.729]  -> wl_surface#23.frame(new id wl_callback#60)
[1731069.294] {mesa vk display queue}  -> wl_surface#23.attach(wl_buffer#53, 0, 0)
[1731069.315] {mesa vk display queue}  -> wl_surface#23.damage_buffer(52, 167, 1, 18)
[1731069.328] {mesa vk display queue}  -> wl_surface#23.commit()
[1731085.244] {Display Queue} wl_display#1.delete_id(60)
[1731085.274] {Default Queue} wl_callback#60.done(526262)
[1731085.625]  -> wl_surface#23.frame(new id wl_callback#60)
[1731086.266] {mesa vk display queue}  -> wl_surface#23.attach(wl_buffer#55, 0, 0)
[1731086.285] {mesa vk display queue}  -> wl_surface#23.damage_buffer(52, 167, 1, 18)
[1731086.296] {mesa vk display queue}  -> wl_surface#23.commit()
[1731103.501] {Display Queue} wl_display#1.delete_id(60)
[1731103.536] {Default Queue} wl_callback#60.done(526280)
[1731103.892]  -> wl_surface#23.frame(new id wl_callback#60)
[1731104.477] {mesa vk display queue}  -> wl_surface#23.attach(wl_buffer#57, 0, 0)
[1731104.494] {mesa vk display queue}  -> wl_surface#23.damage_buffer(52, 167, 1, 18)
[1731104.505] {mesa vk display queue}  -> wl_surface#23.commit()
[1731119.278] {Display Queue} wl_display#1.delete_id(60)
[1731119.304] {Default Queue} wl_callback#60.done(526296)
[1731119.500] {mesa vk display queue} wl_buffer#51.release()
[1731119.513] {mesa vk display queue} wl_buffer#53.release()
[1731119.521] {mesa vk display queue} wl_buffer#55.release()
[1731119.526] {mesa vk display queue} wl_buffer#57.release()
[1731119.617]  -> wl_surface#23.frame(new id wl_callback#60)
[1731120.238] {mesa vk display queue}  -> wl_surface#23.attach(wl_buffer#51, 0, 0)
[1731120.249] {mesa vk display queue}  -> wl_surface#23.damage_buffer(52, 167, 1, 18)
[1731120.257] {mesa vk display queue}  -> wl_surface#23.commit()
[1731132.293] {Display Queue} wl_display#1.delete_id(60)
[1731132.315] {Default Queue} wl_callback#60.done(526309)
[1731132.576]  -> wl_surface#23.frame(new id wl_callback#60)
[1731133.165] {mesa vk display queue}  -> wl_surface#23.attach(wl_buffer#53, 0, 0)
[1731133.180] {mesa vk display queue}  -> wl_surface#23.damage_buffer(52, 167, 1, 18)
[1731133.189] {mesa vk display queue}  -> wl_surface#23.commit()
[1731145.309] {Display Queue} wl_display#1.delete_id(60)
[1731145.329] {Default Queue} wl_callback#60.done(526322)
[1731145.546]  -> wl_surface#23.frame(new id wl_callback#60)
[1731146.224] {mesa vk display queue}  -> wl_surface#23.attach(wl_buffer#55, 0, 0)
[1731146.234] {mesa vk display queue}  -> wl_surface#23.damage_buffer(52, 167, 1, 18)
[1731146.240] {mesa vk display queue}  -> wl_surface#23.commit()
[1731159.031] {Display Queue} wl_display#1.delete_id(60)
[1731159.057] {Default Queue} wl_callback#60.done(526336)
[1731159.362]  -> wl_surface#23.frame(new id wl_callback#60)
[1731159.885] {mesa vk display queue}  -> wl_surface#23.attach(wl_buffer#57, 0, 0)
[1731159.893] {mesa vk display queue}  -> wl_surface#23.damage_buffer(52, 167, 1, 18)
[1731159.899] {mesa vk display queue}  -> wl_surface#23.commit()
[1731172.942] {Display Queue} wl_display#1.delete_id(60)
[1731172.971] {Default Queue} wl_callback#60.done(526350)
[1731173.202] {mesa vk display queue} wl_buffer#51.release()
[1731173.218] {mesa vk display queue} wl_buffer#53.release()
[1731173.227] {mesa vk display queue} wl_buffer#55.release()
[1731173.234] {mesa vk display queue} wl_buffer#57.release()
[1731173.348]  -> wl_surface#23.frame(new id wl_callback#60)
[1731173.742] {mesa vk display queue}  -> wl_surface#23.attach(wl_buffer#51, 0, 0)
[1731173.752] {mesa vk display queue}  -> wl_surface#23.damage_buffer(52, 167, 1, 18)
[1731173.759] {mesa vk display queue}  -> wl_surface#23.commit()
[1731186.036] {Display Queue} wl_display#1.delete_id(60)
[1731186.068] {Default Queue} wl_callback#60.done(526363)
[1731186.387]  -> wl_surface#23.frame(new id wl_callback#60)
[1731187.031] {mesa vk display queue}  -> wl_surface#23.attach(wl_buffer#53, 0, 0)
[1731187.051] {mesa vk display queue}  -> wl_surface#23.damage_buffer(52, 167, 1, 18)
[1731187.065] {mesa vk display queue}  -> wl_surface#23.commit()
[1731202.767] {Display Queue} wl_display#1.delete_id(60)
[1731202.792] {Default Queue} wl_callback#60.done(526380)
[1731489.448]  -> wl_surface#23.frame(new id wl_callback#60)
[1731490.218] {mesa vk display queue}  -> wl_surface#23.attach(wl_buffer#55, 0, 0)
[1731490.239] {mesa vk display queue}  -> wl_surface#23.damage_buffer(52, 167, 1, 18)
[1731490.250] {mesa vk display queue}  -> wl_surface#23.commit()
[1731507.522] {Display Queue} wl_display#1.delete_id(60)
[1731507.553] {Default Queue} wl_callback#60.done(526684)
[1731507.901]  -> wl_surface#23.frame(new id wl_callback#60)
[1731508.610] {mesa vk display queue}  -> wl_surface#23.attach(wl_buffer#57, 0, 0)
[1731508.658] {mesa vk display queue}  -> wl_surface#23.damage_buffer(52, 167, 1, 18)
[1731508.669] {mesa vk display queue}  -> wl_surface#23.commit()
[1731527.133] {Display Queue} wl_display#1.delete_id(60)
[1731527.167] {Default Queue} wl_callback#60.done(526704)
[1731527.384] {mesa vk display queue} wl_buffer#51.release()
[1731527.398] {mesa vk display queue} wl_buffer#53.release()
[1731527.403] {mesa vk display queue} wl_buffer#55.release()
[1731527.408] {mesa vk display queue} wl_buffer#57.release()
[1731527.502]  -> wl_surface#23.frame(new id wl_callback#60)
[1731528.219] {mesa vk display queue}  -> wl_surface#23.attach(wl_buffer#51, 0, 0)
[1731528.230] {mesa vk display queue}  -> wl_surface#23.damage_buffer(52, 167, 1, 18)
[1731528.237] {mesa vk display queue}  -> wl_surface#23.commit()
[1731543.902] {Display Queue} wl_display#1.delete_id(60)
[1731543.933] {Default Queue} wl_callback#60.done(526721)
[1731544.282]  -> wl_surface#23.frame(new id wl_callback#60)
[1731544.846] {mesa vk display queue}  -> wl_surface#23.attach(wl_buffer#53, 0, 0)
[1731544.859] {mesa vk display queue}  -> wl_surface#23.damage_buffer(52, 167, 1, 18)
[1731544.867] {mesa vk display queue}  -> wl_surface#23.commit()
[1731557.281] {Display Queue} wl_display#1.delete_id(60)
[1731557.306] {Default Queue} wl_callback#60.done(526734)
[1731557.584]  -> wl_surface#23.frame(new id wl_callback#60)
[1731558.106] {mesa vk display queue}  -> wl_surface#23.attach(wl_buffer#55, 0, 0)
[1731558.120] {mesa vk display queue}  -> wl_surface#23.damage_buffer(52, 167, 1, 18)
[1731558.129] {mesa vk display queue}  -> wl_surface#23.commit()
[1731572.016] {Display Queue} wl_display#1.delete_id(60)
[1731572.047] {Default Queue} wl_callback#60.done(526749)
[1731572.389]  -> wl_surface#23.frame(new id wl_callback#60)
[1731572.911] {mesa vk display queue}  -> wl_surface#23.attach(wl_buffer#57, 0, 0)
[1731572.926] {mesa vk display queue}  -> wl_surface#23.damage_buffer(52, 167, 1, 18)
[1731572.934] {mesa vk display queue}  -> wl_surface#23.commit()
[1731585.395] {Display Queue} wl_display#1.delete_id(60)
[1731585.426] {Default Queue} wl_callback#60.done(526762)
[1731585.671] {mesa vk display queue} wl_buffer#51.release()
[1731585.684] {mesa vk display queue} wl_buffer#53.release()
[1731585.689] {mesa vk display queue} wl_buffer#55.release()
[1731585.694] {mesa vk display queue} wl_buffer#57.release()
[1731585.785]  -> wl_surface#23.frame(new id wl_callback#60)
[1731586.297] {mesa vk display queue}  -> wl_surface#23.attach(wl_buffer#51, 0, 0)
[1731586.312] {mesa vk display queue}  -> wl_surface#23.damage_buffer(52, 167, 1, 18)
[1731586.320] {mesa vk display queue}  -> wl_surface#23.commit()
[1731597.913] {Display Queue} wl_display#1.delete_id(60)
[1731597.944] {Default Queue} wl_callback#60.done(526775)
[1731598.279]  -> wl_surface#23.frame(new id wl_callback#60)
[1731598.917] {mesa vk display queue}  -> wl_surface#23.attach(wl_buffer#53, 0, 0)
[1731598.933] {mesa vk display queue}  -> wl_surface#23.damage_buffer(52, 167, 1, 18)
[1731598.960] {mesa vk display queue}  -> wl_surface#23.commit()
[1731614.666] {Display Queue} wl_display#1.delete_id(60)
[1731614.696] {Default Queue} wl_callback#60.done(526792)
[1731615.029]  -> wl_surface#23.frame(new id wl_callback#60)
[1731615.585] {mesa vk display queue}  -> wl_surface#23.attach(wl_buffer#55, 0, 0)
[1731615.603] {mesa vk display queue}  -> wl_surface#23.damage_buffer(52, 167, 1, 18)
[1731615.616] {mesa vk display queue}  -> wl_surface#23.commit()
[1731628.848] {Display Queue} wl_display#1.delete_id(60)
[1731628.869] {Default Queue} wl_callback#60.done(526806)
[1731629.115]  -> wl_surface#23.frame(new id wl_callback#60)
[1731629.594] {mesa vk display queue}  -> wl_surface#23.attach(wl_buffer#57, 0, 0)
[1731629.607] {mesa vk display queue}  -> wl_surface#23.damage_buffer(52, 167, 1, 18)
[1731629.615] {mesa vk display queue}  -> wl_surface#23.commit()
[1731643.190] {Display Queue} wl_display#1.delete_id(60)
[1731643.215] {Default Queue} wl_callback#60.done(526820)
[1731643.424] {mesa vk display queue} wl_buffer#51.release()
[1731643.440] {mesa vk display queue} wl_buffer#53.release()
[1731643.449] {mesa vk display queue} wl_buffer#55.release()
[1731643.457] {mesa vk display queue} wl_buffer#57.release()
[1731643.559]  -> wl_surface#23.frame(new id wl_callback#60)
[1731644.157] {mesa vk display queue}  -> wl_surface#23.attach(wl_buffer#51, 0, 0)
[1731644.167] {mesa vk display queue}  -> wl_surface#23.damage_buffer(52, 167, 1, 18)
[1731644.176] {mesa vk display queue}  -> wl_surface#23.commit()
[1731655.484] {Display Queue} wl_display#1.delete_id(60)
[1731655.510] {Default Queue} wl_callback#60.done(526832)
[1731655.800]  -> wl_surface#23.frame(new id wl_callback#60)
[1731656.508] {mesa vk display queue}  -> wl_surface#23.attach(wl_buffer#53, 0, 0)
[1731656.526] {mesa vk display queue}  -> wl_surface#23.damage_buffer(52, 167, 1, 18)
[1731656.536] {mesa vk display queue}  -> wl_surface#23.commit()
[1731670.348] {Display Queue} wl_display#1.delete_id(60)
[1731670.377] {Default Queue} wl_callback#60.done(526847)
[1731670.693]  -> wl_surface#23.frame(new id wl_callback#60)
[1731671.294] {mesa vk display queue}  -> wl_surface#23.attach(wl_buffer#55, 0, 0)
[1731671.307] {mesa vk display queue}  -> wl_surface#23.damage_buffer(52, 167, 1, 18)
[1731671.315] {mesa vk display queue}  -> wl_surface#23.commit()
[1731684.352] {Display Queue} wl_display#1.delete_id(60)
[1731684.380] {Default Queue} wl_callback#60.done(526861)
[1731684.672]  -> wl_surface#23.frame(new id wl_callback#60)
[1731685.244] {mesa vk display queue}  -> wl_surface#23.attach(wl_buffer#57, 0, 0)
[1731685.255] {mesa vk display queue}  -> wl_surface#23.damage_buffer(52, 167, 1, 18)
[1731685.264] {mesa vk display queue}  -> wl_surface#23.commit()
[1731696.026] {Display Queue} wl_display#1.delete_id(60)
[1731696.043] {Default Queue} wl_callback#60.done(526873)
[1731696.179] {mesa vk display queue} wl_buffer#51.release()
[1731696.188] {mesa vk display queue} wl_buffer#53.release()
[1731696.194] {mesa vk display queue} wl_buffer#55.release()
[1731696.198] {mesa vk display queue} wl_buffer#57.release()
[1731696.264]  -> wl_surface#23.frame(new id wl_callback#60)
[1731696.878] {mesa vk display queue}  -> wl_surface#23.attach(wl_buffer#51, 0, 0)
[1731696.886] {mesa vk display queue}  -> wl_surface#23.damage_buffer(52, 167, 1, 18)
[1731696.892] {mesa vk display queue}  -> wl_surface#23.commit()
[1731707.363] {Display Queue} wl_display#1.delete_id(60)
[1731707.388] {Default Queue} wl_callback#60.done(526884)
[1731707.615]  -> wl_surface#23.frame(new id wl_callback#60)
[1731708.264] {mesa vk display queue}  -> wl_surface#23.attach(wl_buffer#53, 0, 0)
[1731708.274] {mesa vk display queue}  -> wl_surface#23.damage_buffer(52, 167, 1, 18)
[1731708.281] {mesa vk display queue}  -> wl_surface#23.commit()
[1731721.585] {Display Queue} wl_display#1.delete_id(60)
[1731721.615] {Default Queue} wl_callback#60.done(526899)
[1731721.930]  -> wl_surface#23.frame(new id wl_callback#60)
[1731722.512] {mesa vk display queue}  -> wl_surface#23.attach(wl_buffer#55, 0, 0)
[1731722.546] {mesa vk display queue}  -> wl_surface#23.damage_buffer(52, 167, 1, 18)
[1731722.558] {mesa vk display queue}  -> wl_surface#23.commit()
[1731739.024] {Display Queue} wl_display#1.delete_id(60)
[1731739.053] {Default Queue} wl_callback#60.done(526916)
[1731739.370]  -> wl_surface#23.frame(new id wl_callback#60)
[1731739.980] {mesa vk display queue}  -> wl_surface#23.attach(wl_buffer#57, 0, 0)
[1731739.997] {mesa vk display queue}  -> wl_surface#23.damage_buffer(52, 167, 1, 18)
[1731740.007] {mesa vk display queue}  -> wl_surface#23.commit()
[1731757.118] {Display Queue} wl_display#1.delete_id(60)
[1731757.148] {Default Queue} wl_callback#60.done(526934)
[1731757.376] {mesa vk display queue} wl_buffer#51.release()
[1731757.392] {mesa vk display queue} wl_buffer#53.release()
[1731757.402] {mesa vk display queue} wl_buffer#55.release()
[1731757.409] {mesa vk display queue} wl_buffer#57.release()
[1731757.520]  -> wl_surface#23.frame(new id wl_callback#60)
[1731758.051] {mesa vk display queue}  -> wl_surface#23.attach(wl_buffer#51, 0, 0)
[1731758.063] {mesa vk display queue}  -> wl_surface#23.damage_buffer(52, 167, 1, 18)
[1731758.070] {mesa vk display queue}  -> wl_surface#23.commit()
[1731770.328] {Display Queue} wl_display#1.delete_id(60)
[1731770.356] {Default Queue} wl_callback#60.done(526947)
[1731770.709]  -> wl_surface#23.frame(new id wl_callback#60)
[1731771.178] {mesa vk display queue}  -> wl_surface#23.attach(wl_buffer#53, 0, 0)
[1731771.192] {mesa vk display queue}  -> wl_surface#23.damage_buffer(52, 167, 1, 18)
[1731771.201] {mesa vk display queue}  -> wl_surface#23.commit()
[1731784.724] {Display Queue} wl_display#1.delete_id(60)
[1731784.752] {Default Queue} wl_callback#60.done(526962)
[1731785.082]  -> wl_surface#23.frame(new id wl_callback#60)
[1731785.437] {mesa vk display queue}  -> wl_surface#23.attach(wl_buffer#55, 0, 0)
[1731785.450] {mesa vk display queue}  -> wl_surface#23.damage_buffer(52, 167, 1, 18)
[1731785.457] {mesa vk display queue}  -> wl_surface#23.commit()
[1731796.432] {Display Queue} wl_display#1.delete_id(60)
[1731796.461] {Default Queue} wl_callback#60.done(526973)
[1732093.308]  -> wl_surface#23.frame(new id wl_callback#60)
[1732094.097] {mesa vk display queue}  -> wl_surface#23.attach(wl_buffer#57, 0, 0)
[1732094.118] {mesa vk display queue}  -> wl_surface#23.damage_buffer(52, 167, 1, 18)
[1732094.132] {mesa vk display queue}  -> wl_surface#23.commit()
[1732172.201] {Display Queue} wl_display#1.delete_id(60)
[1732172.229] {Default Queue} wl_callback#60.done(527349)
[1732172.453] {mesa vk display queue} wl_buffer#51.release()
[1732172.469] {mesa vk display queue} wl_buffer#53.release()
[1732172.477] {mesa vk display queue} wl_buffer#55.release()
[1732172.485] {mesa vk display queue} wl_buffer#57.release()
[1732172.591]  -> wl_surface#23.frame(new id wl_callback#60)
[1732173.106] {mesa vk display queue}  -> wl_surface#23.attach(wl_buffer#51, 0, 0)
[1732173.123] {mesa vk display queue}  -> wl_surface#23.damage_buffer(52, 167, 1, 18)
[1732173.131] {mesa vk display queue}  -> wl_surface#23.commit()
[1732189.406] {Display Queue} wl_display#1.delete_id(60)
[1732189.439] {Default Queue} wl_callback#60.done(527366)
[1732189.822]  -> wl_surface#23.frame(new id wl_callback#60)
[1732190.413] {mesa vk display queue}  -> wl_surface#23.attach(wl_buffer#53, 0, 0)
[1732190.427] {mesa vk display queue}  -> wl_surface#23.damage_buffer(52, 167, 1, 18)
[1732190.435] {mesa vk display queue}  -> wl_surface#23.commit()
[1732207.194] {Display Queue} wl_display#1.delete_id(60)
[1732207.226] {Default Queue} wl_callback#60.done(527384)
[1732207.583]  -> wl_surface#23.frame(new id wl_callback#60)
[1732208.232] {mesa vk display queue}  -> wl_surface#23.attach(wl_buffer#55, 0, 0)
[1732208.246] {mesa vk display queue}  -> wl_surface#23.damage_buffer(52, 167, 1, 18)
[1732208.254] {mesa vk display queue}  -> wl_surface#23.commit()
[1732224.040] {Display Queue} wl_display#1.delete_id(60)
[1732224.063] {Default Queue} wl_callback#60.done(527401)
[1732224.337]  -> wl_surface#23.frame(new id wl_callback#60)
[1732224.820] {mesa vk display queue}  -> wl_surface#23.attach(wl_buffer#57, 0, 0)
[1732224.835] {mesa vk display queue}  -> wl_surface#23.damage_buffer(52, 167, 1, 18)
[1732224.843] {mesa vk display queue}  -> wl_surface#23.commit()
[1732239.993] {Display Queue} wl_display#1.delete_id(60)
[1732240.016] {Default Queue} wl_callback#60.done(527417)
[1732240.202] {mesa vk display queue} wl_buffer#51.release()
[1732240.215] {mesa vk display queue} wl_buffer#53.release()
[1732240.222] {mesa vk display queue} wl_buffer#55.release()
[1732240.227] {mesa vk display queue} wl_buffer#57.release()
[1732240.316]  -> wl_surface#23.frame(new id wl_callback#60)
[1732240.744] {mesa vk display queue}  -> wl_surface#23.attach(wl_buffer#51, 0, 0)
[1732240.760] {mesa vk display queue}  -> wl_surface#23.damage_buffer(52, 167, 1, 18)
[1732240.765] {mesa vk display queue}  -> wl_surface#23.commit()
[1732253.404] {Display Queue} wl_display#1.delete_id(60)
[1732253.436] {Default Queue} wl_callback#60.done(527430)
[1732253.796]  -> wl_surface#23.frame(new id wl_callback#60)
[1732254.420] {mesa vk display queue}  -> wl_surface#23.attach(wl_buffer#53, 0, 0)
[1732254.447] {mesa vk display queue}  -> wl_surface#23.damage_buffer(52, 167, 1, 18)
[1732254.484] {mesa vk display queue}  -> wl_surface#23.commit()
[1732269.794] {Display Queue} wl_display#1.delete_id(60)
[1732269.824] {Default Queue} wl_callback#60.done(527447)
[1732270.142]  -> wl_surface#23.frame(new id wl_callback#60)
[1732270.655] {mesa vk display queue}  -> wl_surface#23.attach(wl_buffer#55, 0, 0)
[1732270.673] {mesa vk display queue}  -> wl_surface#23.damage_buffer(52, 167, 1, 18)
[1732270.681] {mesa vk display queue}  -> wl_surface#23.commit()
[1732283.780] {Display Queue} wl_display#1.delete_id(60)
[1732283.810] {Default Queue} wl_callback#60.done(527461)
[1732284.169]  -> wl_surface#23.frame(new id wl_callback#60)
[1732284.645] {mesa vk display queue}  -> wl_surface#23.attach(wl_buffer#57, 0, 0)
[1732284.658] {mesa vk display queue}  -> wl_surface#23.damage_buffer(52, 167, 1, 18)
[1732284.666] {mesa vk display queue}  -> wl_surface#23.commit()
[1732298.859] {Display Queue} wl_display#1.delete_id(60)
[1732298.879] {Default Queue} wl_callback#60.done(527476)
[1732299.033] {mesa vk display queue} wl_buffer#51.release()
[1732299.044] {mesa vk display queue} wl_buffer#53.release()
[1732299.049] {mesa vk display queue} wl_buffer#55.release()
[1732299.053] {mesa vk display queue} wl_buffer#57.release()
[1732299.128]  -> wl_surface#23.frame(new id wl_callback#60)
[1732299.522] {mesa vk display queue}  -> wl_surface#23.attach(wl_buffer#51, 0, 0)
[1732299.531] {mesa vk display queue}  -> wl_surface#23.damage_buffer(52, 167, 1, 18)
[1732299.537] {mesa vk display queue}  -> wl_surface#23.commit()
[1732314.514] {Display Queue} wl_display#1.delete_id(60)
[1732314.544] {Default Queue} wl_callback#60.done(527491)
[1732314.881]  -> wl_surface#23.frame(new id wl_callback#60)
[1732315.405] {mesa vk display queue}  -> wl_surface#23.attach(wl_buffer#53, 0, 0)
[1732315.413] {mesa vk display queue}  -> wl_surface#23.damage_buffer(52, 167, 1, 18)
[1732315.418] {mesa vk display queue}  -> wl_surface#23.commit()
[1732329.237] {Display Queue} wl_display#1.delete_id(60)
[1732329.266] {Default Queue} wl_callback#60.done(527506)
[1732329.555]  -> wl_surface#23.frame(new id wl_callback#60)
[1732330.104] {mesa vk display queue}  -> wl_surface#23.attach(wl_buffer#55, 0, 0)
[1732330.115] {mesa vk display queue}  -> wl_surface#23.damage_buffer(52, 167, 1, 18)
[1732330.124] {mesa vk display queue}  -> wl_surface#23.commit()
[1732342.520] {Display Queue} wl_display#1.delete_id(60)
[1732342.549] {Default Queue} wl_callback#60.done(527519)
[1732342.879]  -> wl_surface#23.frame(new id wl_callback#60)
[1732343.436] {mesa vk display queue}  -> wl_surface#23.attach(wl_buffer#57, 0, 0)
[1732343.445] {mesa vk display queue}  -> wl_surface#23.damage_buffer(52, 167, 1, 18)
[1732343.451] {mesa vk display queue}  -> wl_surface#23.commit()
[1732358.365] {Display Queue} wl_display#1.delete_id(60)
[1732358.387] {Default Queue} wl_callback#60.done(527535)
[1732358.604] {mesa vk display queue} wl_buffer#51.release()
[1732358.618] {mesa vk display queue} wl_buffer#53.release()
[1732358.623] {mesa vk display queue} wl_buffer#55.release()
[1732358.628] {mesa vk display queue} wl_buffer#57.release()
[1732358.709]  -> wl_surface#23.frame(new id wl_callback#60)
[1732359.303] {mesa vk display queue}  -> wl_surface#23.attach(wl_buffer#51, 0, 0)
[1732359.314] {mesa vk display queue}  -> wl_surface#23.damage_buffer(52, 167, 1, 18)
[1732359.322] {mesa vk display queue}  -> wl_surface#23.commit()
[1732372.491] {Display Queue} wl_display#1.delete_id(60)
[1732372.510] {Default Queue} wl_callback#60.done(527549)
[1732372.747]  -> wl_surface#23.frame(new id wl_callback#60)
[1732373.325] {mesa vk display queue}  -> wl_surface#23.attach(wl_buffer#53, 0, 0)
[1732373.337] {mesa vk display queue}  -> wl_surface#23.damage_buffer(52, 167, 1, 18)
[1732373.344] {mesa vk display queue}  -> wl_surface#23.commit()
[1732385.349] {Display Queue} wl_display#1.delete_id(60)
[1732385.377] {Default Queue} wl_callback#60.done(527562)
[1732385.649]  -> wl_surface#23.frame(new id wl_callback#60)
[1732386.261] {mesa vk display queue}  -> wl_surface#23.attach(wl_buffer#55, 0, 0)
[1732386.272] {mesa vk display queue}  -> wl_surface#23.damage_buffer(52, 167, 1, 18)
[1732386.282] {mesa vk display queue}  -> wl_surface#23.commit()
[1732399.093] {Display Queue} wl_display#1.delete_id(60)
[1732399.122] {Default Queue} wl_callback#60.done(527576)
[1732686.778]  -> wl_surface#23.frame(new id wl_callback#60)
[1732687.540] {mesa vk display queue}  -> wl_surface#23.attach(wl_buffer#57, 0, 0)
[1732687.558] {mesa vk display queue}  -> wl_surface#23.damage_buffer(52, 167, 1, 18)
[1732687.569] {mesa vk display queue}  -> wl_surface#23.commit()
[1732705.205] {Display Queue} wl_display#1.delete_id(60)
[1732705.240] {Default Queue} wl_callback#60.done(527882)
[1732705.497] {mesa vk display queue} wl_buffer#51.release()
[1732705.514] {mesa vk display queue} wl_buffer#53.release()
[1732705.525] {mesa vk display queue} wl_buffer#55.release()
[1732705.535] {mesa vk display queue} wl_buffer#57.release()
[1732705.662]  -> wl_surface#23.frame(new id wl_callback#60)
[1732706.251] {mesa vk display queue}  -> wl_surface#23.attach(wl_buffer#51, 0, 0)
[1732706.262] {mesa vk display queue}  -> wl_surface#23.damage_buffer(52, 167, 1, 18)
[1732706.269] {mesa vk display queue}  -> wl_surface#23.commit()
[1732723.372] {Display Queue} wl_display#1.delete_id(60)
[1732723.396] {Default Queue} wl_callback#60.done(527900)
[1732723.683]  -> wl_surface#23.frame(new id wl_callback#60)
[1732724.155] {mesa vk display queue}  -> wl_surface#23.attach(wl_buffer#53, 0, 0)
[1732724.169] {mesa vk display queue}  -> wl_surface#23.damage_buffer(52, 167, 1, 18)
[1732724.176] {mesa vk display queue}  -> wl_surface#23.commit()
[1732739.920] {Display Queue} wl_display#1.delete_id(60)
[1732739.951] {Default Queue} wl_callback#60.done(527917)
[1732740.305]  -> wl_surface#23.frame(new id wl_callback#60)
[1732740.848] {mesa vk display queue}  -> wl_surface#23.attach(wl_buffer#55, 0, 0)
[1732740.860] {mesa vk display queue}  -> wl_surface#23.damage_buffer(52, 167, 1, 18)
[1732740.867] {mesa vk display queue}  -> wl_surface#23.commit()
[1732754.863] {Display Queue} wl_display#1.delete_id(60)
[1732754.893] {Default Queue} wl_callback#60.done(527932)
[1732755.228]  -> wl_surface#23.frame(new id wl_callback#60)
[1732755.655] {mesa vk display queue}  -> wl_surface#23.attach(wl_buffer#57, 0, 0)
[1732755.672] {mesa vk display queue}  -> wl_surface#23.damage_buffer(52, 167, 1, 18)
[1732755.681] {mesa vk display queue}  -> wl_surface#23.commit()
[1732767.390] {Display Queue} wl_display#1.delete_id(60)
[1732767.418] {Default Queue} wl_callback#60.done(527944)
[1732767.598] {mesa vk display queue} wl_buffer#51.release()
[1732767.606] {mesa vk display queue} wl_buffer#53.release()
[1732767.612] {mesa vk display queue} wl_buffer#55.release()
[1732767.616] {mesa vk display queue} wl_buffer#57.release()
[1732767.677]  -> wl_surface#23.frame(new id wl_callback#60)
[1732768.225] {mesa vk display queue}  -> wl_surface#23.attach(wl_buffer#51, 0, 0)
[1732768.232] {mesa vk display queue}  -> wl_surface#23.damage_buffer(52, 167, 1, 18)
[1732768.237] {mesa vk display queue}  -> wl_surface#23.commit()
[1732780.142] {Display Queue} wl_display#1.delete_id(60)
[1732780.172] {Default Queue} wl_callback#60.done(527957)
[1732780.488]  -> wl_surface#23.frame(new id wl_callback#60)
[1732781.065] {mesa vk display queue}  -> wl_surface#23.attach(wl_buffer#53, 0, 0)
[1732781.075] {mesa vk display queue}  -> wl_surface#23.damage_buffer(52, 167, 1, 18)
[1732781.079] {mesa vk display queue}  -> wl_surface#23.commit()
[1732793.128] {Display Queue} wl_display#1.delete_id(60)
[1732793.155] {Default Queue} wl_callback#60.done(527970)
[1732793.462]  -> wl_surface#23.frame(new id wl_callback#60)
[1732794.005] {mesa vk display queue}  -> wl_surface#23.attach(wl_buffer#55, 0, 0)
[1732794.025] {mesa vk display queue}  -> wl_surface#23.damage_buffer(52, 167, 1, 18)
[1732794.032] {mesa vk display queue}  -> wl_surface#23.commit()
[1732805.030] {Display Queue} wl_display#1.delete_id(60)
[1732805.057] {Default Queue} wl_callback#60.done(527982)
[1732805.357]  -> wl_surface#23.frame(new id wl_callback#60)
[1732805.861] {mesa vk display queue}  -> wl_surface#23.attach(wl_buffer#57, 0, 0)
[1732805.867] {mesa vk display queue}  -> wl_surface#23.damage_buffer(52, 167, 1, 18)
[1732805.871] {mesa vk display queue}  -> wl_surface#23.commit()
[1732816.352] {Display Queue} wl_display#1.delete_id(60)
[1732816.381] {Default Queue} wl_callback#60.done(527993)
[1732816.606] {mesa vk display queue} wl_buffer#51.release()
[1732816.650] {mesa vk display queue} wl_buffer#53.release()
[1732816.660] {mesa vk display queue} wl_buffer#55.release()
[1732816.670] {mesa vk display queue} wl_buffer#57.release()
[1732816.783]  -> wl_surface#23.frame(new id wl_callback#60)
[1732817.355] {mesa vk display queue}  -> wl_surface#23.attach(wl_buffer#51, 0, 0)
[1732817.371] {mesa vk display queue}  -> wl_surface#23.damage_buffer(52, 167, 1, 18)
[1732817.382] {mesa vk display queue}  -> wl_surface#23.commit()
[1732831.964] {Display Queue} wl_display#1.delete_id(60)
[1732831.993] {Default Queue} wl_callback#60.done(528009)
[1732832.320]  -> wl_surface#23.frame(new id wl_callback#60)
[1732832.961] {mesa vk display queue}  -> wl_surface#23.attach(wl_buffer#53, 0, 0)
[1732832.985] {mesa vk display queue}  -> wl_surface#23.damage_buffer(52, 167, 1, 18)
[1732832.992] {mesa vk display queue}  -> wl_surface#23.commit()
[1732849.851] {Display Queue} wl_display#1.delete_id(60)
[1732849.880] {Default Queue} wl_callback#60.done(528027)
[1732850.213]  -> wl_surface#23.frame(new id wl_callback#60)
[1732850.826] {mesa vk display queue}  -> wl_surface#23.attach(wl_buffer#55, 0, 0)
[1732850.842] {mesa vk display queue}  -> wl_surface#23.damage_buffer(52, 167, 1, 18)
[1732850.851] {mesa vk display queue}  -> wl_surface#23.commit()
[1732865.578] {Display Queue} wl_display#1.delete_id(60)
[1732865.604] {Default Queue} wl_callback#60.done(528043)
[1732865.849]  -> wl_surface#23.frame(new id wl_callback#60)
[1732866.343] {mesa vk display queue}  -> wl_surface#23.attach(wl_buffer#57, 0, 0)
[1732866.353] {mesa vk display queue}  -> wl_surface#23.damage_buffer(52, 167, 1, 18)
[1732866.360] {mesa vk display queue}  -> wl_surface#23.commit()
[1732880.347] {Display Queue} wl_display#1.delete_id(60)
[1732880.384] {Default Queue} wl_callback#60.done(528057)
[1732880.549] {mesa vk display queue} wl_buffer#51.release()
[1732880.562] {mesa vk display queue} wl_buffer#53.release()
[1732880.569] {mesa vk display queue} wl_buffer#55.release()
[1732880.574] {mesa vk display queue} wl_buffer#57.release()
[1732880.673]  -> wl_surface#23.frame(new id wl_callback#60)
[1732881.309] {mesa vk display queue}  -> wl_surface#23.attach(wl_buffer#51, 0, 0)
[1732881.320] {mesa vk display queue}  -> wl_surface#23.damage_buffer(52, 167, 1, 18)
[1732881.327] {mesa vk display queue}  -> wl_surface#23.commit()
[1732897.154] {Display Queue} wl_display#1.delete_id(60)
[1732897.184] {Default Queue} wl_callback#60.done(528074)
[1732897.491]  -> wl_surface#23.frame(new id wl_callback#60)
[1732898.131] {mesa vk display queue}  -> wl_surface#23.attach(wl_buffer#53, 0, 0)
[1732898.140] {mesa vk display queue}  -> wl_surface#23.damage_buffer(52, 167, 1, 18)
[1732898.147] {mesa vk display queue}  -> wl_surface#23.commit()
[1732909.820] {Display Queue} wl_display#1.delete_id(60)
[1732909.839] {Default Queue} wl_callback#60.done(528087)
[1732910.068]  -> wl_surface#23.frame(new id wl_callback#60)
[1732910.752] {mesa vk display queue}  -> wl_surface#23.attach(wl_buffer#55, 0, 0)
[1732910.766] {mesa vk display queue}  -> wl_surface#23.damage_buffer(52, 167, 1, 18)
[1732910.772] {mesa vk display queue}  -> wl_surface#23.commit()
[1732923.569] {Display Queue} wl_display#1.delete_id(60)
[1732923.592] {Default Queue} wl_callback#60.done(528101)
[1732923.864]  -> wl_surface#23.frame(new id wl_callback#60)
[1732924.422] {mesa vk display queue}  -> wl_surface#23.attach(wl_buffer#57, 0, 0)
[1732924.436] {mesa vk display queue}  -> wl_surface#23.damage_buffer(52, 167, 1, 18)
[1732924.444] {mesa vk display queue}  -> wl_surface#23.commit()
[1732936.047] {Display Queue} wl_display#1.delete_id(60)
[1732936.069] {Default Queue} wl_callback#60.done(528113)
[1732936.245] {mesa vk display queue} wl_buffer#51.release()
[1732936.257] {mesa vk display queue} wl_buffer#53.release()
[1732936.263] {mesa vk display queue} wl_buffer#55.release()
[1732936.267] {mesa vk display queue} wl_buffer#57.release()
[1732936.351]  -> wl_surface#23.frame(new id wl_callback#60)
[1732936.818] {mesa vk display queue}  -> wl_surface#23.attach(wl_buffer#51, 0, 0)
[1732936.829] {mesa vk display queue}  -> wl_surface#23.damage_buffer(52, 167, 1, 18)
[1732936.837] {mesa vk display queue}  -> wl_surface#23.commit()
[1732947.260] {Display Queue} wl_display#1.delete_id(60)
[1732947.277] {Default Queue} wl_callback#60.done(528124)
[1732947.496]  -> wl_surface#23.frame(new id wl_callback#60)
[1732947.964] {mesa vk display queue}  -> wl_surface#23.attach(wl_buffer#53, 0, 0)
[1732947.992] {mesa vk display queue}  -> wl_surface#23.damage_buffer(52, 167, 1, 18)
[1732947.999] {mesa vk display queue}  -> wl_surface#23.commit()
[1732962.853] {Display Queue} wl_display#1.delete_id(60)
[1732962.878] {Default Queue} wl_callback#60.done(528140)
[1732963.161]  -> wl_surface#23.frame(new id wl_callback#60)
[1732963.653] {mesa vk display queue}  -> wl_surface#23.attach(wl_buffer#55, 0, 0)
[1732963.665] {mesa vk display queue}  -> wl_surface#23.damage_buffer(52, 167, 1, 18)
[1732963.672] {mesa vk display queue}  -> wl_surface#23.commit()
[1732978.655] {Display Queue} wl_display#1.delete_id(60)
[1732978.688] {Default Queue} wl_callback#60.done(528155)
[1732979.067]  -> wl_surface#23.frame(new id wl_callback#60)
[1732979.570] {mesa vk display queue}  -> wl_surface#23.attach(wl_buffer#57, 0, 0)
[1732979.588] {mesa vk display queue}  -> wl_surface#23.damage_buffer(52, 167, 1, 18)
[1732979.602] {mesa vk display queue}  -> wl_surface#23.commit()
[1732991.790] {Display Queue} wl_display#1.delete_id(60)
[1732991.818] {Default Queue} wl_callback#60.done(528169)
[1732992.062] {mesa vk display queue} wl_buffer#51.release()
[1732992.080] {mesa vk display queue} wl_buffer#53.release()
[1732992.089] {mesa vk display queue} wl_buffer#55.release()
[1732992.098] {mesa vk display queue} wl_buffer#57.release()
[1732992.215]  -> wl_surface#23.frame(new id wl_callback#60)
[1732992.845] {mesa vk display queue}  -> wl_surface#23.attach(wl_buffer#51, 0, 0)
[1732992.864] {mesa vk display queue}  -> wl_surface#23.damage_buffer(52, 167, 1, 18)
[1732992.874] {mesa vk display queue}  -> wl_surface#23.commit()
[1733005.486] {Display Queue} wl_display#1.delete_id(60)
[1733005.513] {Default Queue} wl_callback#60.done(528182)
[1733293.075]  -> wl_surface#23.frame(new id wl_callback#60)
[1733293.820] {mesa vk display queue}  -> wl_surface#23.attach(wl_buffer#53, 0, 0)
[1733293.841] {mesa vk display queue}  -> wl_surface#23.damage_buffer(52, 167, 1, 18)
[1733293.852] {mesa vk display queue}  -> wl_surface#23.commit()
[1733311.130] {Display Queue} wl_display#1.delete_id(60)
[1733311.155] {Default Queue} wl_callback#60.done(528488)
[1733311.439]  -> wl_surface#23.frame(new id wl_callback#60)
[1733312.062] {mesa vk display queue}  -> wl_surface#23.attach(wl_buffer#55, 0, 0)
[1733312.074] {mesa vk display queue}  -> wl_surface#23.damage_buffer(52, 167, 1, 18)
[1733312.081] {mesa vk display queue}  -> wl_surface#23.commit()
[1733326.107] {Display Queue} wl_display#1.delete_id(60)
[1733326.138] {Default Queue} wl_callback#60.done(528503)
[1733326.526]  -> wl_surface#23.frame(new id wl_callback#60)
[1733327.154] {mesa vk display queue}  -> wl_surface#23.attach(wl_buffer#57, 0, 0)
[1733327.177] {mesa vk display queue}  -> wl_surface#23.damage_buffer(52, 167, 1, 18)
[1733327.186] {mesa vk display queue}  -> wl_surface#23.commit()
[1733342.611] {Display Queue} wl_display#1.delete_id(60)
[1733342.642] {Default Queue} wl_callback#60.done(528520)
[1733342.825] {mesa vk display queue} wl_buffer#51.release()
[1733342.836] {mesa vk display queue} wl_buffer#53.release()
[1733342.842] {mesa vk display queue} wl_buffer#55.release()
[1733342.848] {mesa vk display queue} wl_buffer#57.release()
[1733342.929]  -> wl_surface#23.frame(new id wl_callback#60)
[1733343.583] {mesa vk display queue}  -> wl_surface#23.attach(wl_buffer#51, 0, 0)
[1733343.606] {mesa vk display queue}  -> wl_surface#23.damage_buffer(52, 167, 1, 18)
[1733343.613] {mesa vk display queue}  -> wl_surface#23.commit()
[1733357.851] {Display Queue} wl_display#1.delete_id(60)
[1733357.882] {Default Queue} wl_callback#60.done(528535)
[1733358.177]  -> wl_surface#23.frame(new id wl_callback#60)
[1733358.841] {mesa vk display queue}  -> wl_surface#23.attach(wl_buffer#53, 0, 0)
[1733358.854] {mesa vk display queue}  -> wl_surface#23.damage_buffer(52, 167, 1, 18)
[1733358.861] {mesa vk display queue}  -> wl_surface#23.commit()
[1733372.967] {Display Queue} wl_display#1.delete_id(60)
[1733372.996] {Default Queue} wl_callback#60.done(528550)
[1733373.343]  -> wl_surface#23.frame(new id wl_callback#60)
[1733373.964] {mesa vk display queue}  -> wl_surface#23.attach(wl_buffer#55, 0, 0)
[1733373.973] {mesa vk display queue}  -> wl_surface#23.damage_buffer(52, 167, 1, 18)
[1733373.978] {mesa vk display queue}  -> wl_surface#23.commit()
[1733390.630] {Display Queue} wl_display#1.delete_id(60)
[1733390.661] {Default Queue} wl_callback#60.done(528568)
[1733390.999]  -> wl_surface#23.frame(new id wl_callback#60)
[1733391.621] {mesa vk display queue}  -> wl_surface#23.attach(wl_buffer#57, 0, 0)
[1733391.653] {mesa vk display queue}  -> wl_surface#23.damage_buffer(52, 167, 1, 18)
[1733391.665] {mesa vk display queue}  -> wl_surface#23.commit()
[1733404.272] {Display Queue} wl_display#1.delete_id(60)
[1733404.302] {Default Queue} wl_callback#60.done(528581)
[1733404.537] {mesa vk display queue} wl_buffer#51.release()
[1733404.555] {mesa vk display queue} wl_buffer#53.release()
[1733404.565] {mesa vk display queue} wl_buffer#55.release()
[1733404.573] {mesa vk display queue} wl_buffer#57.release()
[1733404.715]  -> wl_surface#23.frame(new id wl_callback#60)
[1733405.315] {mesa vk display queue}  -> wl_surface#23.attach(wl_buffer#51, 0, 0)
[1733405.333] {mesa vk display queue}  -> wl_surface#23.damage_buffer(52, 167, 1, 18)
[1733405.342] {mesa vk display queue}  -> wl_surface#23.commit()
[1733418.430] {Display Queue} wl_display#1.delete_id(60)
[1733418.495] {Default Queue} wl_callback#60.done(528595)
[1733418.817]  -> wl_surface#23.frame(new id wl_callback#60)
[1733419.294] {mesa vk display queue}  -> wl_surface#23.attach(wl_buffer#53, 0, 0)
[1733419.327] {mesa vk display queue}  -> wl_surface#23.damage_buffer(52, 167, 1, 18)
[1733419.337] {mesa vk display queue}  -> wl_surface#23.commit()
[1733431.851] {Display Queue} wl_display#1.delete_id(60)
[1733431.879] {Default Queue} wl_callback#60.done(528609)
[1733432.203]  -> wl_surface#23.frame(new id wl_callback#60)
[1733432.828] {mesa vk display queue}  -> wl_surface#23.attach(wl_buffer#55, 0, 0)
[1733432.842] {mesa vk display queue}  -> wl_surface#23.damage_buffer(52, 167, 1, 18)
[1733432.865] {mesa vk display queue}  -> wl_surface#23.commit()
[1733443.770] {Display Queue} wl_display#1.delete_id(60)
[1733443.798] {Default Queue} wl_callback#60.done(528621)
[1733444.119]  -> wl_surface#23.frame(new id wl_callback#60)
[1733444.649] {mesa vk display queue}  -> wl_surface#23.attach(wl_buffer#57, 0, 0)
[1733444.665] {mesa vk display queue}  -> wl_surface#23.damage_buffer(52, 167, 1, 18)
[1733444.676] {mesa vk display queue}  -> wl_surface#23.commit()
[1733460.268] {Display Queue} wl_display#1.delete_id(60)
[1733460.297] {Default Queue} wl_callback#60.done(528637)
[1733460.519] {mesa vk display queue} wl_buffer#51.release()
[1733460.537] {mesa vk display queue} wl_buffer#53.release()
[1733460.545] {mesa vk display queue} wl_buffer#55.release()
[1733460.553] {mesa vk display queue} wl_buffer#57.release()
[1733460.687]  -> wl_surface#23.frame(new id wl_callback#60)
[1733461.291] {mesa vk display queue}  -> wl_surface#23.attach(wl_buffer#51, 0, 0)
[1733461.302] {mesa vk display queue}  -> wl_surface#23.damage_buffer(52, 167, 1, 18)
[1733461.310] {mesa vk display queue}  -> wl_surface#23.commit()
[1733473.355] {Display Queue} wl_display#1.delete_id(60)
[1733473.385] {Default Queue} wl_callback#60.done(528650)
[1733473.710]  -> wl_surface#23.frame(new id wl_callback#60)
[1733474.249] {mesa vk display queue}  -> wl_surface#23.attach(wl_buffer#53, 0, 0)
[1733474.262] {mesa vk display queue}  -> wl_surface#23.damage_buffer(52, 167, 1, 18)
[1733474.270] {mesa vk display queue}  -> wl_surface#23.commit()
[1733490.198] {Display Queue} wl_display#1.delete_id(60)
[1733490.219] {Default Queue} wl_callback#60.done(528667)
[1733490.454]  -> wl_surface#23.frame(new id wl_callback#60)
[1733491.009] {mesa vk display queue}  -> wl_surface#23.attach(wl_buffer#55, 0, 0)
[1733491.020] {mesa vk display queue}  -> wl_surface#23.damage_buffer(52, 167, 1, 18)
[1733491.031] {mesa vk display queue}  -> wl_surface#23.commit()
[1733506.184] {Display Queue} wl_display#1.delete_id(60)
[1733506.215] {Default Queue} wl_callback#60.done(528683)
[1733506.580]  -> wl_surface#23.frame(new id wl_callback#60)
[1733507.196] {mesa vk display queue}  -> wl_surface#23.attach(wl_buffer#57, 0, 0)
[1733507.207] {mesa vk display queue}  -> wl_surface#23.damage_buffer(52, 167, 1, 18)
[1733507.213] {mesa vk display queue}  -> wl_surface#23.commit()
[1733521.673] {Display Queue} wl_display#1.delete_id(60)
[1733521.704] {Default Queue} wl_callback#60.done(528699)
[1733521.937] {mesa vk display queue} wl_buffer#51.release()
[1733521.954] {mesa vk display queue} wl_buffer#53.release()
[1733521.964] {mesa vk display queue} wl_buffer#55.release()
[1733521.974] {mesa vk display queue} wl_buffer#57.release()
[1733522.087]  -> wl_surface#23.frame(new id wl_callback#60)
[1733522.622] {mesa vk display queue}  -> wl_surface#23.attach(wl_buffer#51, 0, 0)
[1733522.633] {mesa vk display queue}  -> wl_surface#23.damage_buffer(52, 167, 1, 18)
[1733522.640] {mesa vk display queue}  -> wl_surface#23.commit()
[1733536.666] {Display Queue} wl_display#1.delete_id(60)
[1733536.697] {Default Queue} wl_callback#60.done(528713)
[1733537.032]  -> wl_surface#23.frame(new id wl_callback#60)
[1733537.639] {mesa vk display queue}  -> wl_surface#23.attach(wl_buffer#53, 0, 0)
[1733537.652] {mesa vk display queue}  -> wl_surface#23.damage_buffer(52, 167, 1, 18)
[1733537.659] {mesa vk display queue}  -> wl_surface#23.commit()
[1733552.711] {Display Queue} wl_display#1.delete_id(60)
[1733552.740] {Default Queue} wl_callback#60.done(528730)
[1733553.066]  -> wl_surface#23.frame(new id wl_callback#60)
[1733553.594] {mesa vk display queue}  -> wl_surface#23.attach(wl_buffer#55, 0, 0)
[1733553.603] {mesa vk display queue}  -> wl_surface#23.damage_buffer(52, 167, 1, 18)
[1733553.609] {mesa vk display queue}  -> wl_surface#23.commit()
[1733566.335] {Display Queue} wl_display#1.delete_id(60)
[1733566.365] {Default Queue} wl_callback#60.done(528743)
[1733566.717]  -> wl_surface#23.frame(new id wl_callback#60)
[1733567.304] {mesa vk display queue}  -> wl_surface#23.attach(wl_buffer#57, 0, 0)
[1733567.349] {mesa vk display queue}  -> wl_surface#23.damage_buffer(52, 167, 1, 18)
[1733567.355] {mesa vk display queue}  -> wl_surface#23.commit()
[1733580.439] {Display Queue} wl_display#1.delete_id(60)
[1733580.468] {Default Queue} wl_callback#60.done(528757)
[1733580.724] {mesa vk display queue} wl_buffer#51.release()
[1733580.742] {mesa vk display queue} wl_buffer#53.release()
[1733580.751] {mesa vk display queue} wl_buffer#55.release()
[1733580.760] {mesa vk display queue} wl_buffer#57.release()
[1733580.871]  -> wl_surface#23.frame(new id wl_callback#60)
[1733581.498] {mesa vk display queue}  -> wl_surface#23.attach(wl_buffer#51, 0, 0)
[1733581.510] {mesa vk display queue}  -> wl_surface#23.damage_buffer(52, 167, 1, 18)
[1733581.518] {mesa vk display queue}  -> wl_surface#23.commit()
[1733593.105] {Display Queue} wl_display#1.delete_id(60)
[1733593.134] {Default Queue} wl_callback#60.done(528770)
[1733880.950]  -> wl_surface#23.frame(new id wl_callback#60)
[1733881.938] {mesa vk display queue}  -> wl_surface#23.attach(wl_buffer#53, 0, 0)
[1733881.960] {mesa vk display queue}  -> wl_surface#23.damage_buffer(52, 167, 1, 18)
[1733881.971] {mesa vk display queue}  -> wl_surface#23.commit()
[1733899.891] {Display Queue} wl_display#1.delete_id(60)
[1733899.927] {Default Queue} wl_callback#60.done(529077)
[1733900.328]  -> wl_surface#23.frame(new id wl_callback#60)
[1733900.984] {mesa vk display queue}  -> wl_surface#23.attach(wl_buffer#55, 0, 0)
[1733900.999] {mesa vk display queue}  -> wl_surface#23.damage_buffer(52, 167, 1, 18)
[1733901.010] {mesa vk display queue}  -> wl_surface#23.commit()
[1733920.376] {Display Queue} wl_display#1.delete_id(60)
[1733920.408] {Default Queue} wl_callback#60.done(529097)
[1733920.828]  -> wl_surface#23.frame(new id wl_callback#60)
[1733921.486] {mesa vk display queue}  -> wl_surface#23.attach(wl_buffer#57, 0, 0)
[1733921.511] {mesa vk display queue}  -> wl_surface#23.damage_buffer(52, 167, 1, 18)
[1733921.518] {mesa vk display queue}  -> wl_surface#23.commit()
[1733939.601] {Display Queue} wl_display#1.delete_id(60)
[1733939.631] {Default Queue} wl_callback#60.done(529116)
[1733939.856] {mesa vk display queue} wl_buffer#51.release()
[1733939.868] {mesa vk display queue} wl_buffer#53.release()
[1733939.875] {mesa vk display queue} wl_buffer#55.release()
[1733939.880] {mesa vk display queue} wl_buffer#57.release()
[1733939.963]  -> wl_surface#23.frame(new id wl_callback#60)
[1733940.600] {mesa vk display queue}  -> wl_surface#23.attach(wl_buffer#51, 0, 0)
[1733940.609] {mesa vk display queue}  -> wl_surface#23.damage_buffer(52, 167, 1, 18)
[1733940.625] {mesa vk display queue}  -> wl_surface#23.commit()
[1733954.710] {Display Queue} wl_display#1.delete_id(60)
[1733954.741] {Default Queue} wl_callback#60.done(529132)
[1733955.052]  -> wl_surface#23.frame(new id wl_callback#60)
[1733955.648] {mesa vk display queue}  -> wl_surface#23.attach(wl_buffer#53, 0, 0)
[1733955.660] {mesa vk display queue}  -> wl_surface#23.damage_buffer(52, 167, 1, 18)
[1733955.668] {mesa vk display queue}  -> wl_surface#23.commit()
[1733969.154] {Display Queue} wl_display#1.delete_id(60)
[1733969.176] {Default Queue} wl_callback#60.done(529146)
[1733969.451]  -> wl_surface#23.frame(new id wl_callback#60)
[1733970.003] {mesa vk display queue}  -> wl_surface#23.attach(wl_buffer#55, 0, 0)
[1733970.016] {mesa vk display queue}  -> wl_surface#23.damage_buffer(52, 167, 1, 18)
[1733970.023] {mesa vk display queue}  -> wl_surface#23.commit()
[1733983.778] {Display Queue} wl_display#1.delete_id(60)
[1733983.808] {Default Queue} wl_callback#60.done(529161)
[1733984.157]  -> wl_surface#23.frame(new id wl_callback#60)
[1733984.860] {mesa vk display queue}  -> wl_surface#23.attach(wl_buffer#57, 0, 0)
[1733984.877] {mesa vk display queue}  -> wl_surface#23.damage_buffer(52, 167, 1, 18)
[1733984.891] {mesa vk display queue}  -> wl_surface#23.commit()
[1734000.199] {Display Queue} wl_display#1.delete_id(60)
[1734000.224] {Default Queue} wl_callback#60.done(529177)
[1734000.435] {mesa vk display queue} wl_buffer#51.release()
[1734000.468] {mesa vk display queue} wl_buffer#53.release()
[1734000.476] {mesa vk display queue} wl_buffer#55.release()
[1734000.482] {mesa vk display queue} wl_buffer#57.release()
[1734000.583]  -> wl_surface#23.frame(new id wl_callback#60)
[1734001.186] {mesa vk display queue}  -> wl_surface#23.attach(wl_buffer#51, 0, 0)
[1734001.198] {mesa vk display queue}  -> wl_surface#23.damage_buffer(52, 167, 1, 18)
[1734001.206] {mesa vk display queue}  -> wl_surface#23.commit()
[1734015.850] {Display Queue} wl_display#1.delete_id(60)
[1734015.881] {Default Queue} wl_callback#60.done(529193)
[1734016.234]  -> wl_surface#23.frame(new id wl_callback#60)
[1734016.902] {mesa vk display queue}  -> wl_surface#23.attach(wl_buffer#53, 0, 0)
[1734016.929] {mesa vk display queue}  -> wl_surface#23.damage_buffer(52, 167, 1, 18)
[1734016.940] {mesa vk display queue}  -> wl_surface#23.commit()
[1734030.327] {Display Queue} wl_display#1.delete_id(60)
[1734030.358] {Default Queue} wl_callback#60.done(529207)
[1734030.737]  -> wl_surface#23.frame(new id wl_callback#60)
[1734031.311] {mesa vk display queue}  -> wl_surface#23.attach(wl_buffer#55, 0, 0)
[1734031.324] {mesa vk display queue}  -> wl_surface#23.damage_buffer(52, 167, 1, 18)
[1734031.332] {mesa vk display queue}  -> wl_surface#23.commit()
[1734044.812] {Display Queue} wl_display#1.delete_id(60)
[1734044.840] {Default Queue} wl_callback#60.done(529222)
[1734045.171]  -> wl_surface#23.frame(new id wl_callback#60)
[1734045.722] {mesa vk display queue}  -> wl_surface#23.attach(wl_buffer#57, 0, 0)
[1734045.740] {mesa vk display queue}  -> wl_surface#23.damage_buffer(52, 167, 1, 18)
[1734045.751] {mesa vk display queue}  -> wl_surface#23.commit()
[1734059.949] {Display Queue} wl_display#1.delete_id(60)
[1734059.973] {Default Queue} wl_callback#60.done(529237)
[1734060.181] {mesa vk display queue} wl_buffer#51.release()
[1734060.197] {mesa vk display queue} wl_buffer#53.release()
[1734060.204] {mesa vk display queue} wl_buffer#55.release()
[1734060.210] {mesa vk display queue} wl_buffer#57.release()
[1734060.305]  -> wl_surface#23.frame(new id wl_callback#60)
[1734060.820] {mesa vk display queue}  -> wl_surface#23.attach(wl_buffer#51, 0, 0)
[1734060.834] {mesa vk display queue}  -> wl_surface#23.damage_buffer(52, 167, 1, 18)
[1734060.842] {mesa vk display queue}  -> wl_surface#23.commit()
[1734076.439] {Display Queue} wl_display#1.delete_id(60)
[1734076.467] {Default Queue} wl_callback#60.done(529253)
[1734076.828]  -> wl_surface#23.frame(new id wl_callback#60)
[1734077.340] {mesa vk display queue}  -> wl_surface#23.attach(wl_buffer#53, 0, 0)
[1734077.355] {mesa vk display queue}  -> wl_surface#23.damage_buffer(52, 167, 1, 18)
[1734077.364] {mesa vk display queue}  -> wl_surface#23.commit()
[1734145.020] {Display Queue} wl_display#1.delete_id(60)
[1734145.050] {Default Queue} wl_callback#60.done(529322)
[1734145.409]  -> wl_surface#23.frame(new id wl_callback#60)
[1734146.251] {mesa vk display queue}  -> wl_surface#23.attach(wl_buffer#55, 0, 0)
[1734146.270] {mesa vk display queue}  -> wl_surface#23.damage_buffer(52, 167, 1, 18)
[1734146.281] {mesa vk display queue}  -> wl_surface#23.commit()
[1734163.149] {Display Queue} wl_display#1.delete_id(60)
[1734163.180] {Default Queue} wl_callback#60.done(529340)
[1734163.545]  -> wl_surface#23.frame(new id wl_callback#60)
[1734164.272] {mesa vk display queue}  -> wl_surface#23.attach(wl_buffer#57, 0, 0)
[1734164.289] {mesa vk display queue}  -> wl_surface#23.damage_buffer(52, 167, 1, 18)
[1734164.298] {mesa vk display queue}  -> wl_surface#23.commit()
[1734180.467] {Display Queue} wl_display#1.delete_id(60)
[1734180.498] {Default Queue} wl_callback#60.done(529357)
[1734180.801] {mesa vk display queue} wl_buffer#51.release()
[1734180.817] {mesa vk display queue} wl_buffer#53.release()
[1734180.822] {mesa vk display queue} wl_buffer#55.release()
[1734180.828] {mesa vk display queue} wl_buffer#57.release()
[1734180.913]  -> wl_surface#23.frame(new id wl_callback#60)
[1734181.460] {mesa vk display queue}  -> wl_surface#23.attach(wl_buffer#51, 0, 0)
[1734181.486] {mesa vk display queue}  -> wl_surface#23.damage_buffer(52, 167, 1, 18)
[1734181.496] {mesa vk display queue}  -> wl_surface#23.commit()
[1734197.114] {Display Queue} wl_display#1.delete_id(60)
[1734197.145] {Default Queue} wl_callback#60.done(529374)
[1734480.115]  -> wl_surface#23.frame(new id wl_callback#60)
[1734480.920] {mesa vk display queue}  -> wl_surface#23.attach(wl_buffer#53, 0, 0)
[1734480.941] {mesa vk display queue}  -> wl_surface#23.damage_buffer(52, 167, 1, 18)
[1734480.955] {mesa vk display queue}  -> wl_surface#23.commit()
[1734498.446] {Display Queue} wl_display#1.delete_id(60)
[1734498.526] {Default Queue} wl_callback#60.done(529675)
[1734498.888]  -> wl_surface#23.frame(new id wl_callback#60)
[1734499.635] {mesa vk display queue}  -> wl_surface#23.attach(wl_buffer#55, 0, 0)
[1734499.666] {mesa vk display queue}  -> wl_surface#23.damage_buffer(52, 167, 1, 18)
[1734499.680] {mesa vk display queue}  -> wl_surface#23.commit()
[1734516.425] {Display Queue} wl_display#1.delete_id(60)
[1734516.456] {Default Queue} wl_callback#60.done(529693)
[1734516.814]  -> wl_surface#23.frame(new id wl_callback#60)
[1734517.404] {mesa vk display queue}  -> wl_surface#23.attach(wl_buffer#57, 0, 0)
[1734517.423] {mesa vk display queue}  -> wl_surface#23.damage_buffer(52, 167, 1, 18)
[1734517.432] {mesa vk display queue}  -> wl_surface#23.commit()
[1734535.443] {Display Queue} wl_display#1.delete_id(60)
[1734535.474] {Default Queue} wl_callback#60.done(529712)
[1734535.719] {mesa vk display queue} wl_buffer#51.release()
[1734535.736] {mesa vk display queue} wl_buffer#53.release()
[1734535.746] {mesa vk display queue} wl_buffer#55.release()
[1734535.754] {mesa vk display queue} wl_buffer#57.release()
[1734535.873]  -> wl_surface#23.frame(new id wl_callback#60)
[1734536.492] {mesa vk display queue}  -> wl_surface#23.attach(wl_buffer#51, 0, 0)
[1734536.511] {mesa vk display queue}  -> wl_surface#23.damage_buffer(52, 167, 1, 18)
[1734536.521] {mesa vk display queue}  -> wl_surface#23.commit()
[1734550.868] {Display Queue} wl_display#1.delete_id(60)
[1734550.900] {Default Queue} wl_callback#60.done(529728)
[1734551.249]  -> wl_surface#23.frame(new id wl_callback#60)
[1734551.919] {mesa vk display queue}  -> wl_surface#23.attach(wl_buffer#53, 0, 0)
[1734551.946] {mesa vk display queue}  -> wl_surface#23.damage_buffer(52, 167, 1, 18)
[1734551.955] {mesa vk display queue}  -> wl_surface#23.commit()
[1734567.220] {Display Queue} wl_display#1.delete_id(60)
[1734567.250] {Default Queue} wl_callback#60.done(529744)
[1734567.593]  -> wl_surface#23.frame(new id wl_callback#60)
[1734568.096] {mesa vk display queue}  -> wl_surface#23.attach(wl_buffer#55, 0, 0)
[1734568.111] {mesa vk display queue}  -> wl_surface#23.damage_buffer(52, 167, 1, 18)
[1734568.122] {mesa vk display queue}  -> wl_surface#23.commit()
[1734584.125] {Display Queue} wl_display#1.delete_id(60)
[1734584.155] {Default Queue} wl_callback#60.done(529761)
[1734584.467]  -> wl_surface#23.frame(new id wl_callback#60)
[1734585.160] {mesa vk display queue}  -> wl_surface#23.attach(wl_buffer#57, 0, 0)
[1734585.168] {mesa vk display queue}  -> wl_surface#23.damage_buffer(52, 167, 1, 18)
[1734585.174] {mesa vk display queue}  -> wl_surface#23.commit()
[1734597.153] {Display Queue} wl_display#1.delete_id(60)
[1734597.180] {Default Queue} wl_callback#60.done(529774)
[1734597.407] {mesa vk display queue} wl_buffer#51.release()
[1734597.415] {mesa vk display queue} wl_buffer#53.release()
[1734597.419] {mesa vk display queue} wl_buffer#55.release()
[1734597.422] {mesa vk display queue} wl_buffer#57.release()
[1734597.476]  -> wl_surface#23.frame(new id wl_callback#60)
[1734598.074] {mesa vk display queue}  -> wl_surface#23.attach(wl_buffer#51, 0, 0)
[1734598.080] {mesa vk display queue}  -> wl_surface#23.damage_buffer(52, 167, 1, 18)
[1734598.084] {mesa vk display queue}  -> wl_surface#23.commit()
[1734611.793] {Display Queue} wl_display#1.delete_id(60)
[1734611.810] {Default Queue} wl_callback#60.done(529789)
[1734611.988]  -> wl_surface#23.frame(new id wl_callback#60)
[1734612.560] {mesa vk display queue}  -> wl_surface#23.attach(wl_buffer#53, 0, 0)
[1734612.568] {mesa vk display queue}  -> wl_surface#23.damage_buffer(52, 167, 1, 18)
[1734612.573] {mesa vk display queue}  -> wl_surface#23.commit()
[1734626.797] {Display Queue} wl_display#1.delete_id(60)
[1734626.814] {Default Queue} wl_callback#60.done(529804)
[1734627.013]  -> wl_surface#23.frame(new id wl_callback#60)
[1734627.433] {mesa vk display queue}  -> wl_surface#23.attach(wl_buffer#55, 0, 0)
[1734627.442] {mesa vk display queue}  -> wl_surface#23.damage_buffer(52, 167, 1, 18)
[1734627.450] {mesa vk display queue}  -> wl_surface#23.commit()
[1734639.410] {Display Queue} wl_display#1.delete_id(60)
[1734639.434] {Default Queue} wl_callback#60.done(529816)
[1734639.727]  -> wl_surface#23.frame(new id wl_callback#60)
[1734640.320] {mesa vk display queue}  -> wl_surface#23.attach(wl_buffer#57, 0, 0)
[1734640.332] {mesa vk display queue}  -> wl_surface#23.damage_buffer(52, 167, 1, 18)
[1734640.339] {mesa vk display queue}  -> wl_surface#23.commit()
[1734654.402] {Display Queue} wl_display#1.delete_id(60)
[1734654.422] {Default Queue} wl_callback#60.done(529831)
[1734654.594] {mesa vk display queue} wl_buffer#51.release()
[1734654.606] {mesa vk display queue} wl_buffer#53.release()
[1734654.612] {mesa vk display queue} wl_buffer#55.release()
[1734654.618] {mesa vk display queue} wl_buffer#57.release()
[1734654.689]  -> wl_surface#23.frame(new id wl_callback#60)
[1734655.175] {mesa vk display queue}  -> wl_surface#23.attach(wl_buffer#51, 0, 0)
[1734655.184] {mesa vk display queue}  -> wl_surface#23.damage_buffer(52, 167, 1, 18)
[1734655.194] {mesa vk display queue}  -> wl_surface#23.commit()
[1734670.520] {Display Queue} wl_display#1.delete_id(60)
[1734670.550] {Default Queue} wl_callback#60.done(529847)
[1734670.905]  -> wl_surface#23.frame(new id wl_callback#60)
[1734671.470] {mesa vk display queue}  -> wl_surface#23.attach(wl_buffer#53, 0, 0)
[1734671.481] {mesa vk display queue}  -> wl_surface#23.damage_buffer(52, 167, 1, 18)
[1734671.489] {mesa vk display queue}  -> wl_surface#23.commit()
[1734686.035] {Display Queue} wl_display#1.delete_id(60)
[1734686.063] {Default Queue} wl_callback#60.done(529863)
[1734686.398]  -> wl_surface#23.frame(new id wl_callback#60)
[1734686.847] {mesa vk display queue}  -> wl_surface#23.attach(wl_buffer#55, 0, 0)
[1734686.859] {mesa vk display queue}  -> wl_surface#23.damage_buffer(52, 167, 1, 18)
[1734686.866] {mesa vk display queue}  -> wl_surface#23.commit()
[1734703.814] {Display Queue} wl_display#1.delete_id(60)
[1734703.844] {Default Queue} wl_callback#60.done(529881)
[1734704.143]  -> wl_surface#23.frame(new id wl_callback#60)
[1734704.599] {mesa vk display queue}  -> wl_surface#23.attach(wl_buffer#57, 0, 0)
[1734704.608] {mesa vk display queue}  -> wl_surface#23.damage_buffer(52, 167, 1, 18)
[1734704.625] {mesa vk display queue}  -> wl_surface#23.commit()
[1734717.859] {Display Queue} wl_display#1.delete_id(60)
[1734717.888] {Default Queue} wl_callback#60.done(529895)
[1734718.115] {mesa vk display queue} wl_buffer#51.release()
[1734718.127] {mesa vk display queue} wl_buffer#53.release()
[1734718.132] {mesa vk display queue} wl_buffer#55.release()
[1734718.137] {mesa vk display queue} wl_buffer#57.release()
[1734718.219]  -> wl_surface#23.frame(new id wl_callback#60)
[1734718.704] {mesa vk display queue}  -> wl_surface#23.attach(wl_buffer#51, 0, 0)
[1734718.716] {mesa vk display queue}  -> wl_surface#23.damage_buffer(52, 167, 1, 18)
[1734718.723] {mesa vk display queue}  -> wl_surface#23.commit()
[1734733.522] {Display Queue} wl_display#1.delete_id(60)
[1734733.554] {Default Queue} wl_callback#60.done(529910)
[1734733.886]  -> wl_surface#23.frame(new id wl_callback#60)
[1734734.512] {mesa vk display queue}  -> wl_surface#23.attach(wl_buffer#53, 0, 0)
[1734734.525] {mesa vk display queue}  -> wl_surface#23.damage_buffer(52, 167, 1, 18)
[1734734.534] {mesa vk display queue}  -> wl_surface#23.commit()
[1734746.567] {Display Queue} wl_display#1.delete_id(60)
[1734746.598] {Default Queue} wl_callback#60.done(529924)
[1734746.946]  -> wl_surface#23.frame(new id wl_callback#60)
[1734747.422] {mesa vk display queue}  -> wl_surface#23.attach(wl_buffer#55, 0, 0)
[1734747.435] {mesa vk display queue}  -> wl_surface#23.damage_buffer(52, 167, 1, 18)
[1734747.443] {mesa vk display queue}  -> wl_surface#23.commit()
[1734760.034] {Display Queue} wl_display#1.delete_id(60)
[1734760.058] {Default Queue} wl_callback#60.done(529937)
[1734760.333]  -> wl_surface#23.frame(new id wl_callback#60)
[1734760.969] {mesa vk display queue}  -> wl_surface#23.attach(wl_buffer#57, 0, 0)
[1734760.982] {mesa vk display queue}  -> wl_surface#23.damage_buffer(52, 167, 1, 18)
[1734760.994] {mesa vk display queue}  -> wl_surface#23.commit()
[1734774.078] {Display Queue} wl_display#1.delete_id(60)
[1734774.122] {Default Queue} wl_callback#60.done(529951)
[1734774.290] {mesa vk display queue} wl_buffer#51.release()
[1734774.301] {mesa vk display queue} wl_buffer#53.release()
[1734774.308] {mesa vk display queue} wl_buffer#55.release()
[1734774.313] {mesa vk display queue} wl_buffer#57.release()
[1734774.395]  -> wl_surface#23.frame(new id wl_callback#60)
[1734774.891] {mesa vk display queue}  -> wl_surface#23.attach(wl_buffer#51, 0, 0)
[1734774.903] {mesa vk display queue}  -> wl_surface#23.damage_buffer(52, 167, 1, 18)
[1734774.910] {mesa vk display queue}  -> wl_surface#23.commit()
[1734786.122] {Display Queue} wl_display#1.delete_id(60)
[1734786.152] {Default Queue} wl_callback#60.done(529963)
[1734786.504]  -> wl_surface#23.frame(new id wl_callback#60)
[1734787.031] {mesa vk display queue}  -> wl_surface#23.attach(wl_buffer#53, 0, 0)
[1734787.050] {mesa vk display queue}  -> wl_surface#23.damage_buffer(52, 167, 1, 18)
[1734787.074] {mesa vk display queue}  -> wl_surface#23.commit()
[1734802.199] {Display Queue} wl_display#1.delete_id(60)
[1734802.229] {Default Queue} wl_callback#60.done(529979)
[1735082.847]  -> wl_surface#23.frame(new id wl_callback#60)
[1735083.589] {mesa vk display queue}  -> wl_surface#23.attach(wl_buffer#55, 0, 0)
[1735083.622] {mesa vk display queue}  -> wl_surface#23.damage_buffer(52, 167, 1, 18)
[1735083.637] {mesa vk display queue}  -> wl_surface#23.commit()
[1735100.810] {Display Queue} wl_display#1.delete_id(60)
[1735100.838] {Default Queue} wl_callback#60.done(530278)
[1735101.156]  -> wl_surface#23.frame(new id wl_callback#60)
[1735101.883] {mesa vk display queue}  -> wl_surface#23.attach(wl_buffer#57, 0, 0)
[1735101.909] {mesa vk display queue}  -> wl_surface#23.damage_buffer(52, 167, 1, 18)
[1735101.919] {mesa vk display queue}  -> wl_surface#23.commit()
[1735120.492] {Display Queue} wl_display#1.delete_id(60)
[1735120.514] {Default Queue} wl_callback#60.done(530297)
[1735120.723] {mesa vk display queue} wl_buffer#51.release()
[1735120.738] {mesa vk display queue} wl_buffer#53.release()
[1735120.742] {mesa vk display queue} wl_buffer#55.release()
[1735120.749] {mesa vk display queue} wl_buffer#57.release()
[1735120.834]  -> wl_surface#23.frame(new id wl_callback#60)
[1735121.547] {mesa vk display queue}  -> wl_surface#23.attach(wl_buffer#51, 0, 0)
[1735121.560] {mesa vk display queue}  -> wl_surface#23.damage_buffer(52, 167, 1, 18)
[1735121.567] {mesa vk display queue}  -> wl_surface#23.commit()
[1735136.408] {Display Queue} wl_display#1.delete_id(60)
[1735136.438] {Default Queue} wl_callback#60.done(530313)
[1735136.818]  -> wl_surface#23.frame(new id wl_callback#60)
[1735137.356] {mesa vk display queue}  -> wl_surface#23.attach(wl_buffer#53, 0, 0)
[1735137.370] {mesa vk display queue}  -> wl_surface#23.damage_buffer(52, 167, 1, 18)
[1735137.380] {mesa vk display queue}  -> wl_surface#23.commit()
[1735150.269] {Display Queue} wl_display#1.delete_id(60)
[1735150.299] {Default Queue} wl_callback#60.done(530327)
[1735150.683]  -> wl_surface#23.frame(new id wl_callback#60)
[1735151.246] {mesa vk display queue}  -> wl_surface#23.attach(wl_buffer#55, 0, 0)
[1735151.261] {mesa vk display queue}  -> wl_surface#23.damage_buffer(52, 167, 1, 18)
[1735151.268] {mesa vk display queue}  -> wl_surface#23.commit()
[1735165.220] {Display Queue} wl_display#1.delete_id(60)
[1735165.251] {Default Queue} wl_callback#60.done(530342)
[1735165.606]  -> wl_surface#23.frame(new id wl_callback#60)
[1735166.154] {mesa vk display queue}  -> wl_surface#23.attach(wl_buffer#57, 0, 0)
[1735166.187] {mesa vk display queue}  -> wl_surface#23.damage_buffer(52, 167, 1, 18)
[1735166.197] {mesa vk display queue}  -> wl_surface#23.commit()
[1735179.230] {Display Queue} wl_display#1.delete_id(60)
[1735179.261] {Default Queue} wl_callback#60.done(530356)
[1735179.499] {mesa vk display queue} wl_buffer#51.release()
[1735179.516] {mesa vk display queue} wl_buffer#53.release()
[1735179.525] {mesa vk display queue} wl_buffer#55.release()
[1735179.535] {mesa vk display queue} wl_buffer#57.release()
[1735179.650]  -> wl_surface#23.frame(new id wl_callback#60)
[1735180.252] {mesa vk display queue}  -> wl_surface#23.attach(wl_buffer#51, 0, 0)
[1735180.264] {mesa vk display queue}  -> wl_surface#23.damage_buffer(52, 167, 1, 18)
[1735180.272] {mesa vk display queue}  -> wl_surface#23.commit()
[1735191.987] {Display Queue} wl_display#1.delete_id(60)
[1735192.015] {Default Queue} wl_callback#60.done(530369)
[1735192.328]  -> wl_surface#23.frame(new id wl_callback#60)
[1735192.960] {mesa vk display queue}  -> wl_surface#23.attach(wl_buffer#53, 0, 0)
[1735192.978] {mesa vk display queue}  -> wl_surface#23.damage_buffer(52, 167, 1, 18)
[1735192.988] {mesa vk display queue}  -> wl_surface#23.commit()
[1735205.513] {Display Queue} wl_display#1.delete_id(60)
[1735205.538] {Default Queue} wl_callback#60.done(530382)
[1735205.834]  -> wl_surface#23.frame(new id wl_callback#60)
[1735206.323] {mesa vk display queue}  -> wl_surface#23.attach(wl_buffer#55, 0, 0)
[1735206.339] {mesa vk display queue}  -> wl_surface#23.damage_buffer(52, 167, 1, 18)
[1735206.349] {mesa vk display queue}  -> wl_surface#23.commit()
[1735217.982] {Display Queue} wl_display#1.delete_id(60)
[1735218.012] {Default Queue} wl_callback#60.done(530395)
[1735218.334]  -> wl_surface#23.frame(new id wl_callback#60)
[1735218.887] {mesa vk display queue}  -> wl_surface#23.attach(wl_buffer#57, 0, 0)
[1735218.904] {mesa vk display queue}  -> wl_surface#23.damage_buffer(52, 167, 1, 18)
[1735218.915] {mesa vk display queue}  -> wl_surface#23.commit()
[1735231.996] {Display Queue} wl_display#1.delete_id(60)
[1735232.024] {Default Queue} wl_callback#60.done(530409)
[1735232.249] {mesa vk display queue} wl_buffer#51.release()
[1735232.266] {mesa vk display queue} wl_buffer#53.release()
[1735232.275] {mesa vk display queue} wl_buffer#55.release()
[1735232.284] {mesa vk display queue} wl_buffer#57.release()
[1735232.398]  -> wl_surface#23.frame(new id wl_callback#60)
[1735233.014] {mesa vk display queue}  -> wl_surface#23.attach(wl_buffer#51, 0, 0)
[1735233.030] {mesa vk display queue}  -> wl_surface#23.damage_buffer(52, 167, 1, 18)
[1735233.041] {mesa vk display queue}  -> wl_surface#23.commit()
[1735245.197] {Display Queue} wl_display#1.delete_id(60)
[1735245.224] {Default Queue} wl_callback#60.done(530422)
[1735245.554]  -> wl_surface#23.frame(new id wl_callback#60)
[1735246.145] {mesa vk display queue}  -> wl_surface#23.attach(wl_buffer#53, 0, 0)
[1735246.164] {mesa vk display queue}  -> wl_surface#23.damage_buffer(52, 167, 1, 18)
[1735246.175] {mesa vk display queue}  -> wl_surface#23.commit()
[1735260.814] {Display Queue} wl_display#1.delete_id(60)
[1735260.842] {Default Queue} wl_callback#60.done(530438)
[1735261.165]  -> wl_surface#23.frame(new id wl_callback#60)
[1735261.614] {mesa vk display queue}  -> wl_surface#23.attach(wl_buffer#55, 0, 0)
[1735261.630] {mesa vk display queue}  -> wl_surface#23.damage_buffer(52, 167, 1, 18)
[1735261.639] {mesa vk display queue}  -> wl_surface#23.commit()
[1735278.076] {Display Queue} wl_display#1.delete_id(60)
[1735278.096] {Default Queue} wl_callback#60.done(530455)
[1735278.322]  -> wl_surface#23.frame(new id wl_callback#60)
[1735278.814] {mesa vk display queue}  -> wl_surface#23.attach(wl_buffer#57, 0, 0)
[1735278.828] {mesa vk display queue}  -> wl_surface#23.damage_buffer(52, 167, 1, 18)
[1735278.848] {mesa vk display queue}  -> wl_surface#23.commit()
[1735291.474] {Display Queue} wl_display#1.delete_id(60)
[1735291.504] {Default Queue} wl_callback#60.done(530468)
[1735291.728] {mesa vk display queue} wl_buffer#51.release()
[1735291.744] {mesa vk display queue} wl_buffer#53.release()
[1735291.754] {mesa vk display queue} wl_buffer#55.release()
[1735291.764] {mesa vk display queue} wl_buffer#57.release()
[1735291.873]  -> wl_surface#23.frame(new id wl_callback#60)
[1735292.527] {mesa vk display queue}  -> wl_surface#23.attach(wl_buffer#51, 0, 0)
[1735292.537] {mesa vk display queue}  -> wl_surface#23.damage_buffer(52, 167, 1, 18)
[1735292.544] {mesa vk display queue}  -> wl_surface#23.commit()
[1735306.015] {Display Queue} wl_display#1.delete_id(60)
[1735306.044] {Default Queue} wl_callback#60.done(530483)
[1735306.340]  -> wl_surface#23.frame(new id wl_callback#60)
[1735306.982] {mesa vk display queue}  -> wl_surface#23.attach(wl_buffer#53, 0, 0)
[1735307.001] {mesa vk display queue}  -> wl_surface#23.damage_buffer(52, 167, 1, 18)
[1735307.013] {mesa vk display queue}  -> wl_surface#23.commit()
[1735321.793] {Display Queue} wl_display#1.delete_id(60)
[1735321.824] {Default Queue} wl_callback#60.done(530499)
[1735322.166]  -> wl_surface#23.frame(new id wl_callback#60)
[1735322.734] {mesa vk display queue}  -> wl_surface#23.attach(wl_buffer#55, 0, 0)
[1735322.751] {mesa vk display queue}  -> wl_surface#23.damage_buffer(52, 167, 1, 18)
[1735322.759] {mesa vk display queue}  -> wl_surface#23.commit()
[1735336.269] {Display Queue} wl_display#1.delete_id(60)
[1735336.299] {Default Queue} wl_callback#60.done(530513)
[1735336.667]  -> wl_surface#23.frame(new id wl_callback#60)
[1735337.257] {mesa vk display queue}  -> wl_surface#23.attach(wl_buffer#57, 0, 0)
[1735337.273] {mesa vk display queue}  -> wl_surface#23.damage_buffer(52, 167, 1, 18)
[1735337.283] {mesa vk display queue}  -> wl_surface#23.commit()
[1735353.899] {Display Queue} wl_display#1.delete_id(60)
[1735353.928] {Default Queue} wl_callback#60.done(530531)
[1735354.167] {mesa vk display queue} wl_buffer#51.release()
[1735354.184] {mesa vk display queue} wl_buffer#53.release()
[1735354.193] {mesa vk display queue} wl_buffer#55.release()
[1735354.201] {mesa vk display queue} wl_buffer#57.release()
[1735354.319]  -> wl_surface#23.frame(new id wl_callback#60)
[1735354.817] {mesa vk display queue}  -> wl_surface#23.attach(wl_buffer#51, 0, 0)
[1735354.829] {mesa vk display queue}  -> wl_surface#23.damage_buffer(52, 167, 1, 18)
[1735354.837] {mesa vk display queue}  -> wl_surface#23.commit()
[1735372.045] {Display Queue} wl_display#1.delete_id(60)
[1735372.077] {Default Queue} wl_callback#60.done(530549)
[1735372.423]  -> wl_surface#23.frame(new id wl_callback#60)
[1735373.018] {mesa vk display queue}  -> wl_surface#23.attach(wl_buffer#53, 0, 0)
[1735373.040] {mesa vk display queue}  -> wl_surface#23.damage_buffer(52, 167, 1, 18)
[1735373.047] {mesa vk display queue}  -> wl_surface#23.commit()
[1735386.702] {Display Queue} wl_display#1.delete_id(60)
[1735386.732] {Default Queue} wl_callback#60.done(530564)
[1735387.070]  -> wl_surface#23.frame(new id wl_callback#60)
[1735387.709] {mesa vk display queue}  -> wl_surface#23.attach(wl_buffer#55, 0, 0)
[1735387.729] {mesa vk display queue}  -> wl_surface#23.damage_buffer(52, 167, 1, 18)
[1735387.740] {mesa vk display queue}  -> wl_surface#23.commit()
[1735403.050] {Display Queue} wl_display#1.delete_id(60)
[1735403.080] {Default Queue} wl_callback#60.done(530580)
[1735688.773]  -> wl_surface#23.frame(new id wl_callback#60)
[1735689.587] {mesa vk display queue}  -> wl_surface#23.attach(wl_buffer#57, 0, 0)
[1735689.616] {mesa vk display queue}  -> wl_surface#23.damage_buffer(52, 167, 1, 18)
[1735689.628] {mesa vk display queue}  -> wl_surface#23.commit()
[1735706.764] {Display Queue} wl_display#1.delete_id(60)
[1735706.796] {Default Queue} wl_callback#60.done(530884)
[1735707.049] {mesa vk display queue} wl_buffer#51.release()
[1735707.066] {mesa vk display queue} wl_buffer#53.release()
[1735707.076] {mesa vk display queue} wl_buffer#55.release()
[1735707.106] {mesa vk display queue} wl_buffer#57.release()
[1735707.228]  -> wl_surface#23.frame(new id wl_callback#60)
[1735707.939] {mesa vk display queue}  -> wl_surface#23.attach(wl_buffer#51, 0, 0)
[1735707.952] {mesa vk display queue}  -> wl_surface#23.damage_buffer(52, 167, 1, 18)
[1735707.961] {mesa vk display queue}  -> wl_surface#23.commit()
[1735724.054] {Display Queue} wl_display#1.delete_id(60)
[1735724.077] {Default Queue} wl_callback#60.done(530901)
[1735724.358]  -> wl_surface#23.frame(new id wl_callback#60)
[1735724.886] {mesa vk display queue}  -> wl_surface#23.attach(wl_buffer#53, 0, 0)
[1735724.897] {mesa vk display queue}  -> wl_surface#23.damage_buffer(52, 167, 1, 18)
[1735724.905] {mesa vk display queue}  -> wl_surface#23.commit()
[1735740.453] {Display Queue} wl_display#1.delete_id(60)
[1735740.482] {Default Queue} wl_callback#60.done(530917)
[1735740.863]  -> wl_surface#23.frame(new id wl_callback#60)
[1735741.541] {mesa vk display queue}  -> wl_surface#23.attach(wl_buffer#55, 0, 0)
[1735741.556] {mesa vk display queue}  -> wl_surface#23.damage_buffer(52, 167, 1, 18)
[1735741.568] {mesa vk display queue}  -> wl_surface#23.commit()
[1735755.774] {Display Queue} wl_display#1.delete_id(60)
[1735755.804] {Default Queue} wl_callback#60.done(530933)
[1735756.145]  -> wl_surface#23.frame(new id wl_callback#60)
[1735756.680] {mesa vk display queue}  -> wl_surface#23.attach(wl_buffer#57, 0, 0)
[1735756.693] {mesa vk display queue}  -> wl_surface#23.damage_buffer(52, 167, 1, 18)
[1735756.703] {mesa vk display queue}  -> wl_surface#23.commit()
[1735770.774] {Display Queue} wl_display#1.delete_id(60)
[1735770.800] {Default Queue} wl_callback#60.done(530948)
[1735771.004] {mesa vk display queue} wl_buffer#51.release()
[1735771.018] {mesa vk display queue} wl_buffer#53.release()
[1735771.026] {mesa vk display queue} wl_buffer#55.release()
[1735771.032] {mesa vk display queue} wl_buffer#57.release()
[1735771.129]  -> wl_surface#23.frame(new id wl_callback#60)
[1735771.596] {mesa vk display queue}  -> wl_surface#23.attach(wl_buffer#51, 0, 0)
[1735771.610] {mesa vk display queue}  -> wl_surface#23.damage_buffer(52, 167, 1, 18)
[1735771.619] {mesa vk display queue}  -> wl_surface#23.commit()
[1735787.291] {Display Queue} wl_display#1.delete_id(60)
[1735787.322] {Default Queue} wl_callback#60.done(530964)
[1735787.607]  -> wl_surface#23.frame(new id wl_callback#60)
[1735788.082] {mesa vk display queue}  -> wl_surface#23.attach(wl_buffer#53, 0, 0)
[1735788.093] {mesa vk display queue}  -> wl_surface#23.damage_buffer(52, 167, 1, 18)
[1735788.100] {mesa vk display queue}  -> wl_surface#23.commit()
[1735804.156] {Display Queue} wl_display#1.delete_id(60)
[1735804.185] {Default Queue} wl_callback#60.done(530981)
[1735804.472]  -> wl_surface#23.frame(new id wl_callback#60)
[1735804.920] {mesa vk display queue}  -> wl_surface#23.attach(wl_buffer#55, 0, 0)
[1735804.930] {mesa vk display queue}  -> wl_surface#23.damage_buffer(52, 167, 1, 18)
[1735804.937] {mesa vk display queue}  -> wl_surface#23.commit()
[1735818.527] {Display Queue} wl_display#1.delete_id(60)
[1735818.566] {Default Queue} wl_callback#60.done(530995)
[1735818.803]  -> wl_surface#23.frame(new id wl_callback#60)
[1735819.167] {mesa vk display queue}  -> wl_surface#23.attach(wl_buffer#57, 0, 0)
[1735819.180] {mesa vk display queue}  -> wl_surface#23.damage_buffer(52, 167, 1, 18)
[1735819.187] {mesa vk display queue}  -> wl_surface#23.commit()
[1735834.746] {Display Queue} wl_display#1.delete_id(60)
[1735834.766] {Default Queue} wl_callback#60.done(531012)
[1735834.913] {mesa vk display queue} wl_buffer#51.release()
[1735834.923] {mesa vk display queue} wl_buffer#53.release()
[1735834.929] {mesa vk display queue} wl_buffer#55.release()
[1735834.933] {mesa vk display queue} wl_buffer#57.release()
[1735835.001]  -> wl_surface#23.frame(new id wl_callback#60)
[1735835.372] {mesa vk display queue}  -> wl_surface#23.attach(wl_buffer#51, 0, 0)
[1735835.384] {mesa vk display queue}  -> wl_surface#23.damage_buffer(52, 167, 1, 18)
[1735835.399] {mesa vk display queue}  -> wl_surface#23.commit()
[1735846.105] {Display Queue} wl_display#1.delete_id(60)
[1735846.134] {Default Queue} wl_callback#60.done(531023)
[1735846.473]  -> wl_surface#23.frame(new id wl_callback#60)
[1735847.015] {mesa vk display queue}  -> wl_surface#23.attach(wl_buffer#53, 0, 0)
[1735847.030] {mesa vk display queue}  -> wl_surface#23.damage_buffer(52, 167, 1, 18)
[1735847.035] {mesa vk display queue}  -> wl_surface#23.commit()
[1735858.820] {Display Queue} wl_display#1.delete_id(60)
[1735858.849] {Default Queue} wl_callback#60.done(531036)
[1735859.174]  -> wl_surface#23.frame(new id wl_callback#60)
[1735859.653] {mesa vk display queue}  -> wl_surface#23.attach(wl_buffer#55, 0, 0)
[1735859.662] {mesa vk display queue}  -> wl_surface#23.damage_buffer(52, 167, 1, 18)
[1735859.668] {mesa vk display queue}  -> wl_surface#23.commit()
[1735871.662] {Display Queue} wl_display#1.delete_id(60)
[1735871.686] {Default Queue} wl_callback#60.done(531049)
[1735871.978]  -> wl_surface#23.frame(new id wl_callback#60)
[1735872.561] {mesa vk display queue}  -> wl_surface#23.attach(wl_buffer#57, 0, 0)
[1735872.575] {mesa vk display queue}  -> wl_surface#23.damage_buffer(52, 167, 1, 18)
[1735872.585] {mesa vk display queue}  -> wl_surface#23.commit()
[1735887.819] {Display Queue} wl_display#1.delete_id(60)
[1735887.848] {Default Queue} wl_callback#60.done(531065)
[1735888.073] {mesa vk display queue} wl_buffer#51.release()
[1735888.090] {mesa vk display queue} wl_buffer#53.release()
[1735888.099] {mesa vk display queue} wl_buffer#55.release()
[1735888.106] {mesa vk display queue} wl_buffer#57.release()
[1735888.220]  -> wl_surface#23.frame(new id wl_callback#60)
[1735888.785] {mesa vk display queue}  -> wl_surface#23.attach(wl_buffer#51, 0, 0)
[1735888.796] {mesa vk display queue}  -> wl_surface#23.damage_buffer(52, 167, 1, 18)
[1735888.805] {mesa vk display queue}  -> wl_surface#23.commit()
[1735902.962] {Display Queue} wl_display#1.delete_id(60)
[1735902.992] {Default Queue} wl_callback#60.done(531080)
[1735903.297]  -> wl_surface#23.frame(new id wl_callback#60)
[1735903.805] {mesa vk display queue}  -> wl_surface#23.attach(wl_buffer#53, 0, 0)
[1735903.820] {mesa vk display queue}  -> wl_surface#23.damage_buffer(52, 167, 1, 18)
[1735903.829] {mesa vk display queue}  -> wl_surface#23.commit()
[1735916.738] {Display Queue} wl_display#1.delete_id(60)
[1735916.766] {Default Queue} wl_callback#60.done(531094)
[1735917.089]  -> wl_surface#23.frame(new id wl_callback#60)
[1735917.655] {mesa vk display queue}  -> wl_surface#23.attach(wl_buffer#55, 0, 0)
[1735917.666] {mesa vk display queue}  -> wl_surface#23.damage_buffer(52, 167, 1, 18)
[1735917.677] {mesa vk display queue}  -> wl_surface#23.commit()
[1735929.037] {Display Queue} wl_display#1.delete_id(60)
[1735929.065] {Default Queue} wl_callback#60.done(531106)
[1735929.392]  -> wl_surface#23.frame(new id wl_callback#60)
[1735929.785] {mesa vk display queue}  -> wl_surface#23.attach(wl_buffer#57, 0, 0)
[1735929.802] {mesa vk display queue}  -> wl_surface#23.damage_buffer(52, 167, 1, 18)
[1735929.811] {mesa vk display queue}  -> wl_surface#23.commit()
[1735942.935] {Display Queue} wl_display#1.delete_id(60)
[1735942.964] {Default Queue} wl_callback#60.done(531120)
[1735943.186] {mesa vk display queue} wl_buffer#51.release()
[1735943.203] {mesa vk display queue} wl_buffer#53.release()
[1735943.212] {mesa vk display queue} wl_buffer#55.release()
[1735943.220] {mesa vk display queue} wl_buffer#57.release()
[1735943.336]  -> wl_surface#23.frame(new id wl_callback#60)
[1735943.861] {mesa vk display queue}  -> wl_surface#23.attach(wl_buffer#51, 0, 0)
[1735943.876] {mesa vk display queue}  -> wl_surface#23.damage_buffer(52, 167, 1, 18)
[1735943.886] {mesa vk display queue}  -> wl_surface#23.commit()
[1735958.386] {Display Queue} wl_display#1.delete_id(60)
[1735958.409] {Default Queue} wl_callback#60.done(531135)
[1735958.743]  -> wl_surface#23.frame(new id wl_callback#60)
[1735959.150] {mesa vk display queue}  -> wl_surface#23.attach(wl_buffer#53, 0, 0)
[1735959.175] {mesa vk display queue}  -> wl_surface#23.damage_buffer(52, 167, 1, 18)
[1735959.184] {mesa vk display queue}  -> wl_surface#23.commit()
[1735975.859] {Display Queue} wl_display#1.delete_id(60)
[1735975.881] {Default Queue} wl_callback#60.done(531153)
[1735976.125]  -> wl_surface#23.frame(new id wl_callback#60)
[1735976.543] {mesa vk display queue}  -> wl_surface#23.attach(wl_buffer#55, 0, 0)
[1735976.554] {mesa vk display queue}  -> wl_surface#23.damage_buffer(52, 167, 1, 18)
[1735976.560] {mesa vk display queue}  -> wl_surface#23.commit()
[1735989.460] {Display Queue} wl_display#1.delete_id(60)
[1735989.501] {Default Queue} wl_callback#60.done(531166)
[1735989.750]  -> wl_surface#23.frame(new id wl_callback#60)
[1735990.238] {mesa vk display queue}  -> wl_surface#23.attach(wl_buffer#57, 0, 0)
[1735990.251] {mesa vk display queue}  -> wl_surface#23.damage_buffer(52, 167, 1, 18)
[1735990.259] {mesa vk display queue}  -> wl_surface#23.commit()
[1736005.837] {Display Queue} wl_display#1.delete_id(60)
[1736005.860] {Default Queue} wl_callback#60.done(531183)
[1736292.353] {mesa vk display queue} wl_buffer#51.release()
[1736292.388] {mesa vk display queue} wl_buffer#53.release()
[1736292.399] {mesa vk display queue} wl_buffer#55.release()
[1736292.407] {mesa vk display queue} wl_buffer#57.release()
[1736292.536]  -> wl_surface#23.frame(new id wl_callback#60)
[1736293.364] {mesa vk display queue}  -> wl_surface#23.attach(wl_buffer#51, 0, 0)
[1736293.385] {mesa vk display queue}  -> wl_surface#23.damage_buffer(52, 167, 1, 18)
[1736293.396] {mesa vk display queue}  -> wl_surface#23.commit()
[1736312.959] {Display Queue} wl_display#1.delete_id(60)
[1736312.984] {Default Queue} wl_callback#60.done(531490)
[1736313.286]  -> wl_surface#23.frame(new id wl_callback#60)
[1736313.865] {mesa vk display queue}  -> wl_surface#23.attach(wl_buffer#53, 0, 0)
[1736313.878] {mesa vk display queue}  -> wl_surface#23.damage_buffer(52, 167, 1, 18)
[1736313.886] {mesa vk display queue}  -> wl_surface#23.commit()
[1736330.324] {Display Queue} wl_display#1.delete_id(60)
[1736330.346] {Default Queue} wl_callback#60.done(531507)
[1736330.648]  -> wl_surface#23.frame(new id wl_callback#60)
[1736331.142] {mesa vk display queue}  -> wl_surface#23.attach(wl_buffer#55, 0, 0)
[1736331.153] {mesa vk display queue}  -> wl_surface#23.damage_buffer(52, 167, 1, 18)
[1736331.162] {mesa vk display queue}  -> wl_surface#23.commit()
[1736346.934] {Display Queue} wl_display#1.delete_id(60)
[1736346.965] {Default Queue} wl_callback#60.done(531524)
[1736347.326]  -> wl_surface#23.frame(new id wl_callback#60)
[1736348.041] {mesa vk display queue}  -> wl_surface#23.attach(wl_buffer#57, 0, 0)
[1736348.055] {mesa vk display queue}  -> wl_surface#23.damage_buffer(52, 167, 1, 18)
[1736348.063] {mesa vk display queue}  -> wl_surface#23.commit()
[1736361.976] {Display Queue} wl_display#1.delete_id(60)
[1736361.999] {Default Queue} wl_callback#60.done(531539)
[1736362.175] {mesa vk display queue} wl_buffer#51.release()
[1736362.187] {mesa vk display queue} wl_buffer#53.release()
[1736362.192] {mesa vk display queue} wl_buffer#55.release()
[1736362.197] {mesa vk display queue} wl_buffer#57.release()
[1736362.283]  -> wl_surface#23.frame(new id wl_callback#60)
[1736362.844] {mesa vk display queue}  -> wl_surface#23.attach(wl_buffer#51, 0, 0)
[1736362.858] {mesa vk display queue}  -> wl_surface#23.damage_buffer(52, 167, 1, 18)
[1736362.865] {mesa vk display queue}  -> wl_surface#23.commit()
[1736379.195] {Display Queue} wl_display#1.delete_id(60)
[1736379.221] {Default Queue} wl_callback#60.done(531556)
[1736379.513]  -> wl_surface#23.frame(new id wl_callback#60)
[1736380.037] {mesa vk display queue}  -> wl_surface#23.attach(wl_buffer#53, 0, 0)
[1736380.050] {mesa vk display queue}  -> wl_surface#23.damage_buffer(52, 167, 1, 18)
[1736380.059] {mesa vk display queue}  -> wl_surface#23.commit()
[1736395.045] {Display Queue} wl_display#1.delete_id(60)
[1736395.072] {Default Queue} wl_callback#60.done(531572)
[1736395.365]  -> wl_surface#23.frame(new id wl_callback#60)
[1736395.761] {mesa vk display queue}  -> wl_surface#23.attach(wl_buffer#55, 0, 0)
[1736395.774] {mesa vk display queue}  -> wl_surface#23.damage_buffer(52, 167, 1, 18)
[1736395.781] {mesa vk display queue}  -> wl_surface#23.commit()
[1736410.902] {Display Queue} wl_display#1.delete_id(60)
[1736410.923] {Default Queue} wl_callback#60.done(531588)
[1736411.177]  -> wl_surface#23.frame(new id wl_callback#60)
[1736411.535] {mesa vk display queue}  -> wl_surface#23.attach(wl_buffer#57, 0, 0)
[1736411.550] {mesa vk display queue}  -> wl_surface#23.damage_buffer(52, 167, 1, 18)
[1736411.555] {mesa vk display queue}  -> wl_surface#23.commit()
[1736424.637] {Display Queue} wl_display#1.delete_id(60)
[1736424.653] {Default Queue} wl_callback#60.done(531602)
[1736424.790] {mesa vk display queue} wl_buffer#51.release()
[1736424.797] {mesa vk display queue} wl_buffer#53.release()
[1736424.801] {mesa vk display queue} wl_buffer#55.release()
[1736424.803] {mesa vk display queue} wl_buffer#57.release()
[1736424.864]  -> wl_surface#23.frame(new id wl_callback#60)
[1736425.555] {mesa vk display queue}  -> wl_surface#23.attach(wl_buffer#51, 0, 0)
[1736425.562] {mesa vk display queue}  -> wl_surface#23.damage_buffer(52, 167, 1, 18)
[1736425.566] {mesa vk display queue}  -> wl_surface#23.commit()
[1736441.842] {Display Queue} wl_display#1.delete_id(60)
[1736441.869] {Default Queue} wl_callback#60.done(531619)
[1736442.080]  -> wl_surface#23.frame(new id wl_callback#60)
[1736442.715] {mesa vk display queue}  -> wl_surface#23.attach(wl_buffer#53, 0, 0)
[1736442.723] {mesa vk display queue}  -> wl_surface#23.damage_buffer(52, 167, 1, 18)
[1736442.728] {mesa vk display queue}  -> wl_surface#23.commit()
[1736455.348] {Display Queue} wl_display#1.delete_id(60)
[1736455.365] {Default Queue} wl_callback#60.done(531632)
[1736455.568]  -> wl_surface#23.frame(new id wl_callback#60)
[1736456.162] {mesa vk display queue}  -> wl_surface#23.attach(wl_buffer#55, 0, 0)
[1736456.171] {mesa vk display queue}  -> wl_surface#23.damage_buffer(52, 167, 1, 18)
[1736456.178] {mesa vk display queue}  -> wl_surface#23.commit()
[1736470.106] {Display Queue} wl_display#1.delete_id(60)
[1736470.135] {Default Queue} wl_callback#60.done(531647)
[1736470.504]  -> wl_surface#23.frame(new id wl_callback#60)
[1736471.118] {mesa vk display queue}  -> wl_surface#23.attach(wl_buffer#57, 0, 0)
[1736471.128] {mesa vk display queue}  -> wl_surface#23.damage_buffer(52, 167, 1, 18)
[1736471.133] {mesa vk display queue}  -> wl_surface#23.commit()
[1736483.301] {Display Queue} wl_display#1.delete_id(60)
[1736483.326] {Default Queue} wl_callback#60.done(531660)
[1736483.535] {mesa vk display queue} wl_buffer#51.release()
[1736483.552] {mesa vk display queue} wl_buffer#53.release()
[1736483.559] {mesa vk display queue} wl_buffer#55.release()
[1736483.569] {mesa vk display queue} wl_buffer#57.release()
[1736483.680]  -> wl_surface#23.frame(new id wl_callback#60)
[1736484.102] {mesa vk display queue}  -> wl_surface#23.attach(wl_buffer#51, 0, 0)
[1736484.111] {mesa vk display queue}  -> wl_surface#23.damage_buffer(52, 167, 1, 18)
[1736484.119] {mesa vk display queue}  -> wl_surface#23.commit()
[1736496.905] {Display Queue} wl_display#1.delete_id(60)
[1736496.933] {Default Queue} wl_callback#60.done(531674)
[1736497.233]  -> wl_surface#23.frame(new id wl_callback#60)
[1736497.685] {mesa vk display queue}  -> wl_surface#23.attach(wl_buffer#53, 0, 0)
[1736497.700] {mesa vk display queue}  -> wl_surface#23.damage_buffer(52, 167, 1, 18)
[1736497.708] {mesa vk display queue}  -> wl_surface#23.commit()
[1736512.924] {Display Queue} wl_display#1.delete_id(60)
[1736512.940] {Default Queue} wl_callback#60.done(531690)
[1736513.145]  -> wl_surface#23.frame(new id wl_callback#60)
[1736513.494] {mesa vk display queue}  -> wl_surface#23.attach(wl_buffer#55, 0, 0)
[1736513.503] {mesa vk display queue}  -> wl_surface#23.damage_buffer(52, 167, 1, 18)
[1736513.509] {mesa vk display queue}  -> wl_surface#23.commit()
[1736527.091] {Display Queue} wl_display#1.delete_id(60)
[1736527.117] {Default Queue} wl_callback#60.done(531704)
[1736527.425]  -> wl_surface#23.frame(new id wl_callback#60)
[1736528.018] {mesa vk display queue}  -> wl_surface#23.attach(wl_buffer#57, 0, 0)
[1736528.034] {mesa vk display queue}  -> wl_surface#23.damage_buffer(52, 167, 1, 18)
[1736528.048] {mesa vk display queue}  -> wl_surface#23.commit()
[1736543.122] {Display Queue} wl_display#1.delete_id(60)
[1736543.147] {Default Queue} wl_callback#60.done(531720)
[1736543.353] {mesa vk display queue} wl_buffer#51.release()
[1736543.363] {mesa vk display queue} wl_buffer#53.release()
[1736543.368] {mesa vk display queue} wl_buffer#55.release()
[1736543.374] {mesa vk display queue} wl_buffer#57.release()
[1736543.434]  -> wl_surface#23.frame(new id wl_callback#60)
[1736543.895] {mesa vk display queue}  -> wl_surface#23.attach(wl_buffer#51, 0, 0)
[1736543.903] {mesa vk display queue}  -> wl_surface#23.damage_buffer(52, 167, 1, 18)
[1736543.908] {mesa vk display queue}  -> wl_surface#23.commit()
[1736559.925] {Display Queue} wl_display#1.delete_id(60)
[1736559.965] {Default Queue} wl_callback#60.done(531737)
[1736560.188]  -> wl_surface#23.frame(new id wl_callback#60)
[1736560.693] {mesa vk display queue}  -> wl_surface#23.attach(wl_buffer#53, 0, 0)
[1736560.705] {mesa vk display queue}  -> wl_surface#23.damage_buffer(52, 167, 1, 18)
[1736560.712] {mesa vk display queue}  -> wl_surface#23.commit()
[1736573.676] {Display Queue} wl_display#1.delete_id(60)
[1736573.704] {Default Queue} wl_callback#60.done(531751)
[1736574.028]  -> wl_surface#23.frame(new id wl_callback#60)
[1736574.542] {mesa vk display queue}  -> wl_surface#23.attach(wl_buffer#55, 0, 0)
[1736574.556] {mesa vk display queue}  -> wl_surface#23.damage_buffer(52, 167, 1, 18)
[1736574.562] {mesa vk display queue}  -> wl_surface#23.commit()
[1736590.077] {Display Queue} wl_display#1.delete_id(60)
[1736590.106] {Default Queue} wl_callback#60.done(531767)
[1736590.434]  -> wl_surface#23.frame(new id wl_callback#60)
[1736590.922] {mesa vk display queue}  -> wl_surface#23.attach(wl_buffer#57, 0, 0)
[1736590.932] {mesa vk display queue}  -> wl_surface#23.damage_buffer(52, 167, 1, 18)
[1736590.939] {mesa vk display queue}  -> wl_surface#23.commit()
[1736603.805] {Display Queue} wl_display#1.delete_id(60)
[1736603.834] {Default Queue} wl_callback#60.done(531781)
[1736891.485] {mesa vk display queue} wl_buffer#51.release()
[1736891.517] {mesa vk display queue} wl_buffer#53.release()
[1736891.528] {mesa vk display queue} wl_buffer#55.release()
[1736891.538] {mesa vk display queue} wl_buffer#57.release()
[1736891.665]  -> wl_surface#23.frame(new id wl_callback#60)
[1736892.427] {mesa vk display queue}  -> wl_surface#23.attach(wl_buffer#51, 0, 0)
[1736892.444] {mesa vk display queue}  -> wl_surface#23.damage_buffer(52, 167, 1, 18)
[1736892.457] {mesa vk display queue}  -> wl_surface#23.commit()
[1736911.675] {Display Queue} wl_display#1.delete_id(60)
[1736911.706] {Default Queue} wl_callback#60.done(532089)
[1736912.070]  -> wl_surface#23.frame(new id wl_callback#60)
[1736912.750] {mesa vk display queue}  -> wl_surface#23.attach(wl_buffer#53, 0, 0)
[1736912.768] {mesa vk display queue}  -> wl_surface#23.damage_buffer(52, 167, 1, 18)
[1736912.778] {mesa vk display queue}  -> wl_surface#23.commit()
[1736928.876] {Display Queue} wl_display#1.delete_id(60)
[1736928.907] {Default Queue} wl_callback#60.done(532106)
[1736929.240]  -> wl_surface#23.frame(new id wl_callback#60)
[1736929.710] {mesa vk display queue}  -> wl_surface#23.attach(wl_buffer#55, 0, 0)
[1736929.727] {mesa vk display queue}  -> wl_surface#23.damage_buffer(52, 167, 1, 18)
[1736929.736] {mesa vk display queue}  -> wl_surface#23.commit()
[1736944.932] {Display Queue} wl_display#1.delete_id(60)
[1736944.963] {Default Queue} wl_callback#60.done(532122)
[1736945.322]  -> wl_surface#23.frame(new id wl_callback#60)
[1736945.786] {mesa vk display queue}  -> wl_surface#23.attach(wl_buffer#57, 0, 0)
[1736945.800] {mesa vk display queue}  -> wl_surface#23.damage_buffer(52, 167, 1, 18)
[1736945.808] {mesa vk display queue}  -> wl_surface#23.commit()
[1736958.621] {Display Queue} wl_display#1.delete_id(60)
[1736958.652] {Default Queue} wl_callback#60.done(532136)
[1736958.891] {mesa vk display queue} wl_buffer#51.release()
[1736958.906] {mesa vk display queue} wl_buffer#53.release()
[1736958.918] {mesa vk display queue} wl_buffer#55.release()
[1736958.925] {mesa vk display queue} wl_buffer#57.release()
[1736959.044]  -> wl_surface#23.frame(new id wl_callback#60)
[1736959.555] {mesa vk display queue}  -> wl_surface#23.attach(wl_buffer#51, 0, 0)
[1736959.567] {mesa vk display queue}  -> wl_surface#23.damage_buffer(52, 167, 1, 18)
[1736959.574] {mesa vk display queue}  -> wl_surface#23.commit()
[1736975.724] {Display Queue} wl_display#1.delete_id(60)
[1736975.756] {Default Queue} wl_callback#60.done(532153)
[1736976.071]  -> wl_surface#23.frame(new id wl_callback#60)
[1736976.573] {mesa vk display queue}  -> wl_surface#23.attach(wl_buffer#53, 0, 0)
[1736976.587] {mesa vk display queue}  -> wl_surface#23.damage_buffer(52, 167, 1, 18)
[1736976.596] {mesa vk display queue}  -> wl_surface#23.commit()
[1736991.185] {Display Queue} wl_display#1.delete_id(60)
[1736991.209] {Default Queue} wl_callback#60.done(532168)
[1736991.488]  -> wl_surface#23.frame(new id wl_callback#60)
[1736991.979] {mesa vk display queue}  -> wl_surface#23.attach(wl_buffer#55, 0, 0)
[1736991.994] {mesa vk display queue}  -> wl_surface#23.damage_buffer(52, 167, 1, 18)
[1736992.003] {mesa vk display queue}  -> wl_surface#23.commit()
[1737006.043] {Display Queue} wl_display#1.delete_id(60)
[1737006.069] {Default Queue} wl_callback#60.done(532183)
[1737006.337]  -> wl_surface#23.frame(new id wl_callback#60)
[1737006.741] {mesa vk display queue}  -> wl_surface#23.attach(wl_buffer#57, 0, 0)
[1737006.753] {mesa vk display queue}  -> wl_surface#23.damage_buffer(52, 167, 1, 18)
[1737006.759] {mesa vk display queue}  -> wl_surface#23.commit()
[1737020.361] {Display Queue} wl_display#1.delete_id(60)
[1737020.390] {Default Queue} wl_callback#60.done(532197)
[1737020.598] {mesa vk display queue} wl_buffer#51.release()
[1737020.633] {mesa vk display queue} wl_buffer#53.release()
[1737020.643] {mesa vk display queue} wl_buffer#55.release()
[1737020.650] {mesa vk display queue} wl_buffer#57.release()
[1737020.749]  -> wl_surface#23.frame(new id wl_callback#60)
[1737021.158] {mesa vk display queue}  -> wl_surface#23.attach(wl_buffer#51, 0, 0)
[1737021.172] {mesa vk display queue}  -> wl_surface#23.damage_buffer(52, 167, 1, 18)
[1737021.182] {mesa vk display queue}  -> wl_surface#23.commit()
[1737035.983] {Display Queue} wl_display#1.delete_id(60)
[1737036.013] {Default Queue} wl_callback#60.done(532213)
[1737036.341]  -> wl_surface#23.frame(new id wl_callback#60)
[1737036.791] {mesa vk display queue}  -> wl_surface#23.attach(wl_buffer#53, 0, 0)
[1737036.806] {mesa vk display queue}  -> wl_surface#23.damage_buffer(52, 167, 1, 18)
[1737036.812] {mesa vk display queue}  -> wl_surface#23.commit()
[1737051.508] {Display Queue} wl_display#1.delete_id(60)
[1737051.537] {Default Queue} wl_callback#60.done(532228)
[1737051.860]  -> wl_surface#23.frame(new id wl_callback#60)
[1737052.451] {mesa vk display queue}  -> wl_surface#23.attach(wl_buffer#55, 0, 0)
[1737052.460] {mesa vk display queue}  -> wl_surface#23.damage_buffer(52, 167, 1, 18)
[1737052.465] {mesa vk display queue}  -> wl_surface#23.commit()
[1737065.550] {Display Queue} wl_display#1.delete_id(60)
[1737065.579] {Default Queue} wl_callback#60.done(532242)
[1737065.905]  -> wl_surface#23.frame(new id wl_callback#60)
[1737066.409] {mesa vk display queue}  -> wl_surface#23.attach(wl_buffer#57, 0, 0)
[1737066.418] {mesa vk display queue}  -> wl_surface#23.damage_buffer(52, 167, 1, 18)
[1737066.424] {mesa vk display queue}  -> wl_surface#23.commit()
[1737077.701] {Display Queue} wl_display#1.delete_id(60)
[1737077.726] {Default Queue} wl_callback#60.done(532255)
[1737077.927] {mesa vk display queue} wl_buffer#51.release()
[1737077.942] {mesa vk display queue} wl_buffer#53.release()
[1737077.949] {mesa vk display queue} wl_buffer#55.release()
[1737077.959] {mesa vk display queue} wl_buffer#57.release()
[1737078.078]  -> wl_surface#23.frame(new id wl_callback#60)
[1737078.587] {mesa vk display queue}  -> wl_surface#23.attach(wl_buffer#51, 0, 0)
[1737078.596] {mesa vk display queue}  -> wl_surface#23.damage_buffer(52, 167, 1, 18)
[1737078.604] {mesa vk display queue}  -> wl_surface#23.commit()
[1737089.081] {Display Queue} wl_display#1.delete_id(60)
[1737089.110] {Default Queue} wl_callback#60.done(532266)
[1737089.426]  -> wl_surface#23.frame(new id wl_callback#60)
[1737089.866] {mesa vk display queue}  -> wl_surface#23.attach(wl_buffer#53, 0, 0)
[1737089.876] {mesa vk display queue}  -> wl_surface#23.damage_buffer(52, 167, 1, 18)
[1737089.882] {mesa vk display queue}  -> wl_surface#23.commit()
[1737100.809] {Display Queue} wl_display#1.delete_id(60)
[1737100.839] {Default Queue} wl_callback#60.done(532278)
[1737101.185]  -> wl_surface#23.frame(new id wl_callback#60)
[1737101.744] {mesa vk display queue}  -> wl_surface#23.attach(wl_buffer#55, 0, 0)
[1737101.753] {mesa vk display queue}  -> wl_surface#23.damage_buffer(52, 167, 1, 18)
[1737101.758] {mesa vk display queue}  -> wl_surface#23.commit()
[1737113.844] {Display Queue} wl_display#1.delete_id(60)
[1737113.874] {Default Queue} wl_callback#60.done(532291)
[1737114.189]  -> wl_surface#23.frame(new id wl_callback#60)
[1737114.725] {mesa vk display queue}  -> wl_surface#23.attach(wl_buffer#57, 0, 0)
[1737114.743] {mesa vk display queue}  -> wl_surface#23.damage_buffer(52, 167, 1, 18)
[1737114.756] {mesa vk display queue}  -> wl_surface#23.commit()
[1737128.252] {Display Queue} wl_display#1.delete_id(60)
[1737128.277] {Default Queue} wl_callback#60.done(532305)
[1737128.464] {mesa vk display queue} wl_buffer#51.release()
[1737128.477] {mesa vk display queue} wl_buffer#53.release()
[1737128.484] {mesa vk display queue} wl_buffer#55.release()
[1737128.491] {mesa vk display queue} wl_buffer#57.release()
[1737128.581]  -> wl_surface#23.frame(new id wl_callback#60)
[1737129.123] {mesa vk display queue}  -> wl_surface#23.attach(wl_buffer#51, 0, 0)
[1737129.136] {mesa vk display queue}  -> wl_surface#23.damage_buffer(52, 167, 1, 18)
[1737129.145] {mesa vk display queue}  -> wl_surface#23.commit()
[1737141.250] {Display Queue} wl_display#1.delete_id(60)
[1737141.278] {Default Queue} wl_callback#60.done(532318)
[1737141.598]  -> wl_surface#23.frame(new id wl_callback#60)
[1737142.194] {mesa vk display queue}  -> wl_surface#23.attach(wl_buffer#53, 0, 0)
[1737142.220] {mesa vk display queue}  -> wl_surface#23.damage_buffer(52, 167, 1, 18)
[1737142.231] {mesa vk display queue}  -> wl_surface#23.commit()
[1737158.880] {Display Queue} wl_display#1.delete_id(60)
[1737158.908] {Default Queue} wl_callback#60.done(532336)
[1737159.228]  -> wl_surface#23.frame(new id wl_callback#60)
[1737159.750] {mesa vk display queue}  -> wl_surface#23.attach(wl_buffer#55, 0, 0)
[1737159.759] {mesa vk display queue}  -> wl_surface#23.damage_buffer(52, 167, 1, 18)
[1737159.766] {mesa vk display queue}  -> wl_surface#23.commit()
[1737173.568] {Display Queue} wl_display#1.delete_id(60)
[1737173.597] {Default Queue} wl_callback#60.done(532351)
[1737173.843]  -> wl_surface#23.frame(new id wl_callback#60)
[1737174.534] {mesa vk display queue}  -> wl_surface#23.attach(wl_buffer#57, 0, 0)
[1737174.546] {mesa vk display queue}  -> wl_surface#23.damage_buffer(52, 167, 1, 18)
[1737174.552] {mesa vk display queue}  -> wl_surface#23.commit()
[1737189.066] {Display Queue} wl_display#1.delete_id(60)
[1737189.095] {Default Queue} wl_callback#60.done(532366)
[1737189.320] {mesa vk display queue} wl_buffer#51.release()
[1737189.337] {mesa vk display queue} wl_buffer#53.release()
[1737189.346] {mesa vk display queue} wl_buffer#55.release()
[1737189.355] {mesa vk display queue} wl_buffer#57.release()
[1737189.465]  -> wl_surface#23.frame(new id wl_callback#60)
[1737190.118] {mesa vk display queue}  -> wl_surface#23.attach(wl_buffer#51, 0, 0)
[1737190.126] {mesa vk display queue}  -> wl_surface#23.damage_buffer(52, 167, 1, 18)
[1737190.133] {mesa vk display queue}  -> wl_surface#23.commit()
[1737202.029] {Display Queue} wl_display#1.delete_id(60)
[1737202.058] {Default Queue} wl_callback#60.done(532379)
[1737489.746]  -> wl_surface#23.frame(new id wl_callback#60)
[1737490.626] {mesa vk display queue}  -> wl_surface#23.attach(wl_buffer#53, 0, 0)
[1737490.646] {mesa vk display queue}  -> wl_surface#23.damage_buffer(52, 167, 1, 18)
[1737490.660] {mesa vk display queue}  -> wl_surface#23.commit()
[1737508.781] {Display Queue} wl_display#1.delete_id(60)
[1737508.813] {Default Queue} wl_callback#60.done(532686)
[1737509.188]  -> wl_surface#23.frame(new id wl_callback#60)
[1737509.940] {mesa vk display queue}  -> wl_surface#23.attach(wl_buffer#55, 0, 0)
[1737509.977] {mesa vk display queue}  -> wl_surface#23.damage_buffer(52, 167, 1, 18)
[1737509.989] {mesa vk display queue}  -> wl_surface#23.commit()
[1737528.942] {Display Queue} wl_display#1.delete_id(60)
[1737528.973] {Default Queue} wl_callback#60.done(532706)
[1737529.343]  -> wl_surface#23.frame(new id wl_callback#60)
[1737530.063] {mesa vk display queue}  -> wl_surface#23.attach(wl_buffer#57, 0, 0)
[1737530.082] {mesa vk display queue}  -> wl_surface#23.damage_buffer(52, 167, 1, 18)
[1737530.091] {mesa vk display queue}  -> wl_surface#23.commit()
[1737544.523] {Display Queue} wl_display#1.delete_id(60)
[1737544.549] {Default Queue} wl_callback#60.done(532721)
[1737544.788] {mesa vk display queue} wl_buffer#51.release()
[1737544.804] {mesa vk display queue} wl_buffer#53.release()
[1737544.813] {mesa vk display queue} wl_buffer#55.release()
[1737544.819] {mesa vk display queue} wl_buffer#57.release()
[1737544.918]  -> wl_surface#23.frame(new id wl_callback#60)
[1737545.539] {mesa vk display queue}  -> wl_surface#23.attach(wl_buffer#51, 0, 0)
[1737545.567] {mesa vk display queue}  -> wl_surface#23.damage_buffer(52, 167, 1, 18)
[1737545.577] {mesa vk display queue}  -> wl_surface#23.commit()
[1737559.621] {Display Queue} wl_display#1.delete_id(60)
[1737559.650] {Default Queue} wl_callback#60.done(532736)
[1737559.984]  -> wl_surface#23.frame(new id wl_callback#60)
[1737560.493] {mesa vk display queue}  -> wl_surface#23.attach(wl_buffer#53, 0, 0)
[1737560.517] {mesa vk display queue}  -> wl_surface#23.damage_buffer(52, 167, 1, 18)
[1737560.528] {mesa vk display queue}  -> wl_surface#23.commit()
[1737573.397] {Display Queue} wl_display#1.delete_id(60)
[1737573.419] {Default Queue} wl_callback#60.done(532750)
[1737573.692]  -> wl_surface#23.frame(new id wl_callback#60)
[1737574.215] {mesa vk display queue}  -> wl_surface#23.attach(wl_buffer#55, 0, 0)
[1737574.228] {mesa vk display queue}  -> wl_surface#23.damage_buffer(52, 167, 1, 18)
[1737574.237] {mesa vk display queue}  -> wl_surface#23.commit()
[1737589.381] {Display Queue} wl_display#1.delete_id(60)
[1737589.411] {Default Queue} wl_callback#60.done(532766)
[1737589.757]  -> wl_surface#23.frame(new id wl_callback#60)
[1737590.349] {mesa vk display queue}  -> wl_surface#23.attach(wl_buffer#57, 0, 0)
[1737590.367] {mesa vk display queue}  -> wl_surface#23.damage_buffer(52, 167, 1, 18)
[1737590.382] {mesa vk display queue}  -> wl_surface#23.commit()
[1737605.495] {Display Queue} wl_display#1.delete_id(60)
[1737605.524] {Default Queue} wl_callback#60.done(532782)
[1737605.764] {mesa vk display queue} wl_buffer#51.release()
[1737605.782] {mesa vk display queue} wl_buffer#53.release()
[1737605.789] {mesa vk display queue} wl_buffer#55.release()
[1737605.797] {mesa vk display queue} wl_buffer#57.release()
[1737605.914]  -> wl_surface#23.frame(new id wl_callback#60)
[1737606.489] {mesa vk display queue}  -> wl_surface#23.attach(wl_buffer#51, 0, 0)
[1737606.506] {mesa vk display queue}  -> wl_surface#23.damage_buffer(52, 167, 1, 18)
[1737606.517] {mesa vk display queue}  -> wl_surface#23.commit()
[1737621.163] {Display Queue} wl_display#1.delete_id(60)
[1737621.193] {Default Queue} wl_callback#60.done(532798)
[1737621.531]  -> wl_surface#23.frame(new id wl_callback#60)
[1737622.138] {mesa vk display queue}  -> wl_surface#23.attach(wl_buffer#53, 0, 0)
[1737622.166] {mesa vk display queue}  -> wl_surface#23.damage_buffer(52, 167, 1, 18)
[1737622.192] {mesa vk display queue}  -> wl_surface#23.commit()
[1737634.571] {Display Queue} wl_display#1.delete_id(60)
[1737634.598] {Default Queue} wl_callback#60.done(532811)
[1737634.910]  -> wl_surface#23.frame(new id wl_callback#60)
[1737635.320] {mesa vk display queue}  -> wl_surface#23.attach(wl_buffer#55, 0, 0)
[1737635.338] {mesa vk display queue}  -> wl_surface#23.damage_buffer(52, 167, 1, 18)
[1737635.350] {mesa vk display queue}  -> wl_surface#23.commit()
[1737647.497] {Display Queue} wl_display#1.delete_id(60)
[1737647.521] {Default Queue} wl_callback#60.done(532824)
[1737647.814]  -> wl_surface#23.frame(new id wl_callback#60)
[1737648.379] {mesa vk display queue}  -> wl_surface#23.attach(wl_buffer#57, 0, 0)
[1737648.395] {mesa vk display queue}  -> wl_surface#23.damage_buffer(52, 167, 1, 18)
[1737648.407] {mesa vk display queue}  -> wl_surface#23.commit()
[1737660.703] {Display Queue} wl_display#1.delete_id(60)
[1737660.730] {Default Queue} wl_callback#60.done(532838)
[1737660.939] {mesa vk display queue} wl_buffer#51.release()
[1737660.955] {mesa vk display queue} wl_buffer#53.release()
[1737660.963] {mesa vk display queue} wl_buffer#55.release()
[1737660.969] {mesa vk display queue} wl_buffer#57.release()
[1737661.074]  -> wl_surface#23.frame(new id wl_callback#60)
[1737661.509] {mesa vk display queue}  -> wl_surface#23.attach(wl_buffer#51, 0, 0)
[1737661.524] {mesa vk display queue}  -> wl_surface#23.damage_buffer(52, 167, 1, 18)
[1737661.533] {mesa vk display queue}  -> wl_surface#23.commit()
[1737674.389] {Display Queue} wl_display#1.delete_id(60)
[1737674.418] {Default Queue} wl_callback#60.done(532851)
[1737674.767]  -> wl_surface#23.frame(new id wl_callback#60)
[1737675.225] {mesa vk display queue}  -> wl_surface#23.attach(wl_buffer#53, 0, 0)
[1737675.240] {mesa vk display queue}  -> wl_surface#23.damage_buffer(52, 167, 1, 18)
[1737675.248] {mesa vk display queue}  -> wl_surface#23.commit()
[1737686.587] {Display Queue} wl_display#1.delete_id(60)
[1737686.615] {Default Queue} wl_callback#60.done(532864)
[1737686.928]  -> wl_surface#23.frame(new id wl_callback#60)
[1737687.411] {mesa vk display queue}  -> wl_surface#23.attach(wl_buffer#55, 0, 0)
[1737687.424] {mesa vk display queue}  -> wl_surface#23.damage_buffer(52, 167, 1, 18)
[1737687.435] {mesa vk display queue}  -> wl_surface#23.commit()
[1737699.829] {Display Queue} wl_display#1.delete_id(60)
[1737699.857] {Default Queue} wl_callback#60.done(532877)
[1737700.152]  -> wl_surface#23.frame(new id wl_callback#60)
[1737700.777] {mesa vk display queue}  -> wl_surface#23.attach(wl_buffer#57, 0, 0)
[1737700.796] {mesa vk display queue}  -> wl_surface#23.damage_buffer(52, 167, 1, 18)
[1737700.806] {mesa vk display queue}  -> wl_surface#23.commit()
[1737714.301] {Display Queue} wl_display#1.delete_id(60)
[1737714.329] {Default Queue} wl_callback#60.done(532891)
[1737714.593] {mesa vk display queue} wl_buffer#51.release()
[1737714.607] {mesa vk display queue} wl_buffer#53.release()
[1737714.614] {mesa vk display queue} wl_buffer#55.release()
[1737714.621] {mesa vk display queue} wl_buffer#57.release()
[1737714.702]  -> wl_surface#23.frame(new id wl_callback#60)
[1737715.066] {mesa vk display queue}  -> wl_surface#23.attach(wl_buffer#51, 0, 0)
[1737715.079] {mesa vk display queue}  -> wl_surface#23.damage_buffer(52, 167, 1, 18)
[1737715.087] {mesa vk display queue}  -> wl_surface#23.commit()
[1737729.503] {Display Queue} wl_display#1.delete_id(60)
[1737729.532] {Default Queue} wl_callback#60.done(532906)
[1737729.857]  -> wl_surface#23.frame(new id wl_callback#60)
[1737730.514] {mesa vk display queue}  -> wl_surface#23.attach(wl_buffer#53, 0, 0)
[1737730.532] {mesa vk display queue}  -> wl_surface#23.damage_buffer(52, 167, 1, 18)
[1737730.542] {mesa vk display queue}  -> wl_surface#23.commit()
[1737747.945] {Display Queue} wl_display#1.delete_id(60)
[1737747.973] {Default Queue} wl_callback#60.done(532925)
[1737748.302]  -> wl_surface#23.frame(new id wl_callback#60)
[1737748.932] {mesa vk display queue}  -> wl_surface#23.attach(wl_buffer#55, 0, 0)
[1737748.970] {mesa vk display queue}  -> wl_surface#23.damage_buffer(52, 167, 1, 18)
[1737748.981] {mesa vk display queue}  -> wl_surface#23.commit()
[1737764.083] {Display Queue} wl_display#1.delete_id(60)
[1737764.104] {Default Queue} wl_callback#60.done(532941)
[1737764.351]  -> wl_surface#23.frame(new id wl_callback#60)
[1737764.868] {mesa vk display queue}  -> wl_surface#23.attach(wl_buffer#57, 0, 0)
[1737764.881] {mesa vk display queue}  -> wl_surface#23.damage_buffer(52, 167, 1, 18)
[1737764.888] {mesa vk display queue}  -> wl_surface#23.commit()
[1737777.035] {Display Queue} wl_display#1.delete_id(60)
[1737777.058] {Default Queue} wl_callback#60.done(532954)
[1737777.247] {mesa vk display queue} wl_buffer#51.release()
[1737777.261] {mesa vk display queue} wl_buffer#53.release()
[1737777.269] {mesa vk display queue} wl_buffer#55.release()
[1737777.276] {mesa vk display queue} wl_buffer#57.release()
[1737777.368]  -> wl_surface#23.frame(new id wl_callback#60)
[1737777.937] {mesa vk display queue}  -> wl_surface#23.attach(wl_buffer#51, 0, 0)
[1737777.950] {mesa vk display queue}  -> wl_surface#23.damage_buffer(52, 167, 1, 18)
[1737777.958] {mesa vk display queue}  -> wl_surface#23.commit()
[1737791.862] {Display Queue} wl_display#1.delete_id(60)
[1737791.893] {Default Queue} wl_callback#60.done(532969)
[1737792.231]  -> wl_surface#23.frame(new id wl_callback#60)
[1737792.938] {mesa vk display queue}  -> wl_surface#23.attach(wl_buffer#53, 0, 0)
[1737792.955] {mesa vk display queue}  -> wl_surface#23.damage_buffer(52, 167, 1, 18)
[1737792.966] {mesa vk display queue}  -> wl_surface#23.commit()
[1737805.191] {Display Queue} wl_display#1.delete_id(60)
[1737805.222] {Default Queue} wl_callback#60.done(532982)
[1738093.135]  -> wl_surface#23.frame(new id wl_callback#60)
[1738093.908] {mesa vk display queue}  -> wl_surface#23.attach(wl_buffer#55, 0, 0)
[1738093.931] {mesa vk display queue}  -> wl_surface#23.damage_buffer(52, 167, 1, 18)
[1738093.943] {mesa vk display queue}  -> wl_surface#23.commit()
[1738157.035] {Display Queue} wl_display#1.delete_id(60)
[1738157.072] {Default Queue} wl_callback#60.done(533334)
[1738157.524]  -> wl_surface#23.frame(new id wl_callback#60)
[1738158.386] {mesa vk display queue}  -> wl_surface#23.attach(wl_buffer#57, 0, 0)
[1738158.408] {mesa vk display queue}  -> wl_surface#23.damage_buffer(52, 167, 1, 18)
[1738158.422] {mesa vk display queue}  -> wl_surface#23.commit()
[1738179.948] {Display Queue} wl_display#1.delete_id(60)
[1738179.975] {Default Queue} wl_callback#60.done(533357)
[1738180.204] {mesa vk display queue} wl_buffer#51.release()
[1738180.219] {mesa vk display queue} wl_buffer#53.release()
[1738180.224] {mesa vk display queue} wl_buffer#55.release()
[1738180.228] {mesa vk display queue} wl_buffer#57.release()
[1738180.328]  -> wl_surface#23.frame(new id wl_callback#60)
[1738180.924] {mesa vk display queue}  -> wl_surface#23.attach(wl_buffer#51, 0, 0)
[1738180.935] {mesa vk display queue}  -> wl_surface#23.damage_buffer(52, 167, 1, 18)
[1738180.942] {mesa vk display queue}  -> wl_surface#23.commit()
[1738196.322] {Display Queue} wl_display#1.delete_id(60)
[1738196.348] {Default Queue} wl_callback#60.done(533373)
[1738196.678]  -> wl_surface#23.frame(new id wl_callback#60)
[1738197.239] {mesa vk display queue}  -> wl_surface#23.attach(wl_buffer#53, 0, 0)
[1738197.255] {mesa vk display queue}  -> wl_surface#23.damage_buffer(52, 167, 1, 18)
[1738197.266] {mesa vk display queue}  -> wl_surface#23.commit()
[1738213.112] {Display Queue} wl_display#1.delete_id(60)
[1738213.144] {Default Queue} wl_callback#60.done(533390)
[1738213.510]  -> wl_surface#23.frame(new id wl_callback#60)
[1738214.231] {mesa vk display queue}  -> wl_surface#23.attach(wl_buffer#55, 0, 0)
[1738214.245] {mesa vk display queue}  -> wl_surface#23.damage_buffer(52, 167, 1, 18)
[1738214.253] {mesa vk display queue}  -> wl_surface#23.commit()
[1738231.162] {Display Queue} wl_display#1.delete_id(60)
[1738231.188] {Default Queue} wl_callback#60.done(533408)
[1738231.469]  -> wl_surface#23.frame(new id wl_callback#60)
[1738232.051] {mesa vk display queue}  -> wl_surface#23.attach(wl_buffer#57, 0, 0)
[1738232.064] {mesa vk display queue}  -> wl_surface#23.damage_buffer(52, 167, 1, 18)
[1738232.071] {mesa vk display queue}  -> wl_surface#23.commit()
[1738249.029] {Display Queue} wl_display#1.delete_id(60)
[1738249.060] {Default Queue} wl_callback#60.done(533426)
[1738249.319] {mesa vk display queue} wl_buffer#51.release()
[1738249.337] {mesa vk display queue} wl_buffer#53.release()
[1738249.347] {mesa vk display queue} wl_buffer#55.release()
[1738249.357] {mesa vk display queue} wl_buffer#57.release()
[1738249.481]  -> wl_surface#23.frame(new id wl_callback#60)
[1738250.188] {mesa vk display queue}  -> wl_surface#23.attach(wl_buffer#51, 0, 0)
[1738250.199] {mesa vk display queue}  -> wl_surface#23.damage_buffer(52, 167, 1, 18)
[1738250.205] {mesa vk display queue}  -> wl_surface#23.commit()
[1738263.121] {Display Queue} wl_display#1.delete_id(60)
[1738263.146] {Default Queue} wl_callback#60.done(533440)
[1738263.434]  -> wl_surface#23.frame(new id wl_callback#60)
[1738264.044] {mesa vk display queue}  -> wl_surface#23.attach(wl_buffer#53, 0, 0)
[1738264.058] {mesa vk display queue}  -> wl_surface#23.damage_buffer(52, 167, 1, 18)
[1738264.066] {mesa vk display queue}  -> wl_surface#23.commit()
[1738280.307] {Display Queue} wl_display#1.delete_id(60)
[1738280.330] {Default Queue} wl_callback#60.done(533457)
[1738280.599]  -> wl_surface#23.frame(new id wl_callback#60)
[1738281.156] {mesa vk display queue}  -> wl_surface#23.attach(wl_buffer#55, 0, 0)
[1738281.170] {mesa vk display queue}  -> wl_surface#23.damage_buffer(52, 167, 1, 18)
[1738281.179] {mesa vk display queue}  -> wl_surface#23.commit()
[1738294.457] {Display Queue} wl_display#1.delete_id(60)
[1738294.521] {Default Queue} wl_callback#60.done(533471)
[1738294.836]  -> wl_surface#23.frame(new id wl_callback#60)
[1738295.423] {mesa vk display queue}  -> wl_surface#23.attach(wl_buffer#57, 0, 0)
[1738295.441] {mesa vk display queue}  -> wl_surface#23.damage_buffer(52, 167, 1, 18)
[1738295.451] {mesa vk display queue}  -> wl_surface#23.commit()
[1738308.813] {Display Queue} wl_display#1.delete_id(60)
[1738308.841] {Default Queue} wl_callback#60.done(533486)
[1738309.076] {mesa vk display queue} wl_buffer#51.release()
[1738309.093] {mesa vk display queue} wl_buffer#53.release()
[1738309.103] {mesa vk display queue} wl_buffer#55.release()
[1738309.113] {mesa vk display queue} wl_buffer#57.release()
[1738309.229]  -> wl_surface#23.frame(new id wl_callback#60)
[1738309.736] {mesa vk display queue}  -> wl_surface#23.attach(wl_buffer#51, 0, 0)
[1738309.741] {mesa vk display queue}  -> wl_surface#23.damage_buffer(52, 167, 1, 18)
[1738309.745] {mesa vk display queue}  -> wl_surface#23.commit()
[1738325.405] {Display Queue} wl_display#1.delete_id(60)
[1738325.436] {Default Queue} wl_callback#60.done(533502)
[1738325.652]  -> wl_surface#23.frame(new id wl_callback#60)
[1738326.241] {mesa vk display queue}  -> wl_surface#23.attach(wl_buffer#53, 0, 0)
[1738326.252] {mesa vk display queue}  -> wl_surface#23.damage_buffer(52, 167, 1, 18)
[1738326.259] {mesa vk display queue}  -> wl_surface#23.commit()
[1738339.184] {Display Queue} wl_display#1.delete_id(60)
[1738339.210] {Default Queue} wl_callback#60.done(533516)
[1738339.515]  -> wl_surface#23.frame(new id wl_callback#60)
[1738339.994] {mesa vk display queue}  -> wl_surface#23.attach(wl_buffer#55, 0, 0)
[1738340.003] {mesa vk display queue}  -> wl_surface#23.damage_buffer(52, 167, 1, 18)
[1738340.008] {mesa vk display queue}  -> wl_surface#23.commit()
[1738351.000] {Display Queue} wl_display#1.delete_id(60)
[1738351.014] {Default Queue} wl_callback#60.done(533528)
[1738351.178]  -> wl_surface#23.frame(new id wl_callback#60)
[1738351.594] {mesa vk display queue}  -> wl_surface#23.attach(wl_buffer#57, 0, 0)
[1738351.618] {mesa vk display queue}  -> wl_surface#23.damage_buffer(52, 167, 1, 18)
[1738351.625] {mesa vk display queue}  -> wl_surface#23.commit()
[1738366.841] {Display Queue} wl_display#1.delete_id(60)
[1738366.865] {Default Queue} wl_callback#60.done(533544)
[1738367.053] {mesa vk display queue} wl_buffer#51.release()
[1738367.064] {mesa vk display queue} wl_buffer#53.release()
[1738367.071] {mesa vk display queue} wl_buffer#55.release()
[1738367.078] {mesa vk display queue} wl_buffer#57.release()
[1738367.163]  -> wl_surface#23.frame(new id wl_callback#60)
[1738367.760] {mesa vk display queue}  -> wl_surface#23.attach(wl_buffer#51, 0, 0)
[1738367.771] {mesa vk display queue}  -> wl_surface#23.damage_buffer(52, 167, 1, 18)
[1738367.778] {mesa vk display queue}  -> wl_surface#23.commit()
[1738380.333] {Display Queue} wl_display#1.delete_id(60)
[1738380.362] {Default Queue} wl_callback#60.done(533557)
[1738380.628]  -> wl_surface#23.frame(new id wl_callback#60)
[1738381.072] {mesa vk display queue}  -> wl_surface#23.attach(wl_buffer#53, 0, 0)
[1738381.084] {mesa vk display queue}  -> wl_surface#23.damage_buffer(52, 167, 1, 18)
[1738381.092] {mesa vk display queue}  -> wl_surface#23.commit()
[1738394.921] {Display Queue} wl_display#1.delete_id(60)
[1738394.950] {Default Queue} wl_callback#60.done(533572)
[1738680.650]  -> wl_surface#23.frame(new id wl_callback#60)
[1738681.511] {mesa vk display queue}  -> wl_surface#23.attach(wl_buffer#55, 0, 0)
[1738681.545] {mesa vk display queue}  -> wl_surface#23.damage_buffer(52, 167, 1, 18)
[1738681.557] {mesa vk display queue}  -> wl_surface#23.commit()
[1738702.070] {Display Queue} wl_display#1.delete_id(60)
[1738702.104] {Default Queue} wl_callback#60.done(533879)
[1738702.430]  -> wl_surface#23.frame(new id wl_callback#60)
[1738703.040] {mesa vk display queue}  -> wl_surface#23.attach(wl_buffer#57, 0, 0)
[1738703.074] {mesa vk display queue}  -> wl_surface#23.damage_buffer(52, 167, 1, 18)
[1738703.087] {mesa vk display queue}  -> wl_surface#23.commit()
[1738719.352] {Display Queue} wl_display#1.delete_id(60)
[1738719.383] {Default Queue} wl_callback#60.done(533896)
[1738719.641] {mesa vk display queue} wl_buffer#51.release()
[1738719.659] {mesa vk display queue} wl_buffer#53.release()
[1738719.669] {mesa vk display queue} wl_buffer#55.release()
[1738719.679] {mesa vk display queue} wl_buffer#57.release()
[1738719.801]  -> wl_surface#23.frame(new id wl_callback#60)
[1738720.543] {mesa vk display queue}  -> wl_surface#23.attach(wl_buffer#51, 0, 0)
[1738720.563] {mesa vk display queue}  -> wl_surface#23.damage_buffer(52, 167, 1, 18)
[1738720.574] {mesa vk display queue}  -> wl_surface#23.commit()
[1738737.634] {Display Queue} wl_display#1.delete_id(60)
[1738737.664] {Default Queue} wl_callback#60.done(533915)
[1738738.024]  -> wl_surface#23.frame(new id wl_callback#60)
[1738738.755] {mesa vk display queue}  -> wl_surface#23.attach(wl_buffer#53, 0, 0)
[1738738.784] {mesa vk display queue}  -> wl_surface#23.damage_buffer(52, 167, 1, 18)
[1738738.794] {mesa vk display queue}  -> wl_surface#23.commit()
[1738755.436] {Display Queue} wl_display#1.delete_id(60)
[1738755.460] {Default Queue} wl_callback#60.done(533932)
[1738755.751]  -> wl_surface#23.frame(new id wl_callback#60)
[1738756.363] {mesa vk display queue}  -> wl_surface#23.attach(wl_buffer#55, 0, 0)
[1738756.378] {mesa vk display queue}  -> wl_surface#23.damage_buffer(52, 167, 1, 18)
[1738756.388] {mesa vk display queue}  -> wl_surface#23.commit()
[1738771.299] {Display Queue} wl_display#1.delete_id(60)
[1738771.326] {Default Queue} wl_callback#60.done(533948)
[1738771.637]  -> wl_surface#23.frame(new id wl_callback#60)
[1738772.301] {mesa vk display queue}  -> wl_surface#23.attach(wl_buffer#57, 0, 0)
[1738772.320] {mesa vk display queue}  -> wl_surface#23.damage_buffer(52, 167, 1, 18)
[1738772.329] {mesa vk display queue}  -> wl_surface#23.commit()
[1738786.334] {Display Queue} wl_display#1.delete_id(60)
[1738786.368] {Default Queue} wl_callback#60.done(533963)
[1738786.655] {mesa vk display queue} wl_buffer#51.release()
[1738786.669] {mesa vk display queue} wl_buffer#53.release()
[1738786.678] {mesa vk display queue} wl_buffer#55.release()
[1738786.686] {mesa vk display queue} wl_buffer#57.release()
[1738786.779]  -> wl_surface#23.frame(new id wl_callback#60)
[1738787.260] {mesa vk display queue}  -> wl_surface#23.attach(wl_buffer#51, 0, 0)
[1738787.286] {mesa vk display queue}  -> wl_surface#23.damage_buffer(52, 167, 1, 18)
[1738787.294] {mesa vk display queue}  -> wl_surface#23.commit()
[1738801.435] {Display Queue} wl_display#1.delete_id(60)
[1738801.455] {Default Queue} wl_callback#60.done(533978)
[1738801.717]  -> wl_surface#23.frame(new id wl_callback#60)
[1738802.377] {mesa vk display queue}  -> wl_surface#23.attach(wl_buffer#53, 0, 0)
[1738802.389] {mesa vk display queue}  -> wl_surface#23.damage_buffer(52, 167, 1, 18)
[1738802.397] {mesa vk display queue}  -> wl_surface#23.commit()
[1738815.799] {Display Queue} wl_display#1.delete_id(60)
[1738815.830] {Default Queue} wl_callback#60.done(533993)
[1738816.193]  -> wl_surface#23.frame(new id wl_callback#60)
[1738816.843] {mesa vk display queue}  -> wl_surface#23.attach(wl_buffer#55, 0, 0)
[1738816.852] {mesa vk display queue}  -> wl_surface#23.damage_buffer(52, 167, 1, 18)
[1738816.857] {mesa vk display queue}  -> wl_surface#23.commit()
[1738832.590] {Display Queue} wl_display#1.delete_id(60)
[1738832.647] {Default Queue} wl_callback#60.done(534009)
[1738832.904]  -> wl_surface#23.frame(new id wl_callback#60)
[1738833.507] {mesa vk display queue}  -> wl_surface#23.attach(wl_buffer#57, 0, 0)
[1738833.516] {mesa vk display queue}  -> wl_surface#23.damage_buffer(52, 167, 1, 18)
[1738833.522] {mesa vk display queue}  -> wl_surface#23.commit()
[1738846.213] {Display Queue} wl_display#1.delete_id(60)
[1738846.240] {Default Queue} wl_callback#60.done(534023)
[1738846.504] {mesa vk display queue} wl_buffer#51.release()
[1738846.522] {mesa vk display queue} wl_buffer#53.release()
[1738846.532] {mesa vk display queue} wl_buffer#55.release()
[1738846.542] {mesa vk display queue} wl_buffer#57.release()
[1738846.645]  -> wl_surface#23.frame(new id wl_callback#60)
[1738847.207] {mesa vk display queue}  -> wl_surface#23.attach(wl_buffer#51, 0, 0)
[1738847.216] {mesa vk display queue}  -> wl_surface#23.damage_buffer(52, 167, 1, 18)
[1738847.220] {mesa vk display queue}  -> wl_surface#23.commit()
[1738859.474] {Display Queue} wl_display#1.delete_id(60)
[1738859.503] {Default Queue} wl_callback#60.done(534036)
[1738859.747]  -> wl_surface#23.frame(new id wl_callback#60)
[1738860.436] {mesa vk display queue}  -> wl_surface#23.attach(wl_buffer#53, 0, 0)
[1738860.443] {mesa vk display queue}  -> wl_surface#23.damage_buffer(52, 167, 1, 18)
[1738860.449] {mesa vk display queue}  -> wl_surface#23.commit()
[1738876.855] {Display Queue} wl_display#1.delete_id(60)
[1738876.883] {Default Queue} wl_callback#60.done(534054)
[1738877.227]  -> wl_surface#23.frame(new id wl_callback#60)
[1738877.829] {mesa vk display queue}  -> wl_surface#23.attach(wl_buffer#55, 0, 0)
[1738877.840] {mesa vk display queue}  -> wl_surface#23.damage_buffer(52, 167, 1, 18)
[1738877.846] {mesa vk display queue}  -> wl_surface#23.commit()
[1738890.402] {Display Queue} wl_display#1.delete_id(60)
[1738890.432] {Default Queue} wl_callback#60.done(534067)
[1738890.809]  -> wl_surface#23.frame(new id wl_callback#60)
[1738891.288] {mesa vk display queue}  -> wl_surface#23.attach(wl_buffer#57, 0, 0)
[1738891.298] {mesa vk display queue}  -> wl_surface#23.damage_buffer(52, 167, 1, 18)
[1738891.305] {mesa vk display queue}  -> wl_surface#23.commit()
[1738905.143] {Display Queue} wl_display#1.delete_id(60)
[1738905.172] {Default Queue} wl_callback#60.done(534082)
[1738905.406] {mesa vk display queue} wl_buffer#51.release()
[1738905.424] {mesa vk display queue} wl_buffer#53.release()
[1738905.434] {mesa vk display queue} wl_buffer#55.release()
[1738905.442] {mesa vk display queue} wl_buffer#57.release()
[1738905.556]  -> wl_surface#23.frame(new id wl_callback#60)
[1738906.101] {mesa vk display queue}  -> wl_surface#23.attach(wl_buffer#51, 0, 0)
[1738906.110] {mesa vk display queue}  -> wl_surface#23.damage_buffer(52, 167, 1, 18)
[1738906.115] {mesa vk display queue}  -> wl_surface#23.commit()
[1738917.415] {Display Queue} wl_display#1.delete_id(60)
[1738917.441] {Default Queue} wl_callback#60.done(534094)
[1738917.643]  -> wl_surface#23.frame(new id wl_callback#60)
[1738918.200] {mesa vk display queue}  -> wl_surface#23.attach(wl_buffer#53, 0, 0)
[1738918.208] {mesa vk display queue}  -> wl_surface#23.damage_buffer(52, 167, 1, 18)
[1738918.214] {mesa vk display queue}  -> wl_surface#23.commit()
[1738930.670] {Display Queue} wl_display#1.delete_id(60)
[1738930.699] {Default Queue} wl_callback#60.done(534108)
[1738931.020]  -> wl_surface#23.frame(new id wl_callback#60)
[1738931.582] {mesa vk display queue}  -> wl_surface#23.attach(wl_buffer#55, 0, 0)
[1738931.600] {mesa vk display queue}  -> wl_surface#23.damage_buffer(52, 167, 1, 18)
[1738931.611] {mesa vk display queue}  -> wl_surface#23.commit()
[1738947.543] {Display Queue} wl_display#1.delete_id(60)
[1738947.574] {Default Queue} wl_callback#60.done(534124)
[1738947.918]  -> wl_surface#23.frame(new id wl_callback#60)
[1738948.520] {mesa vk display queue}  -> wl_surface#23.attach(wl_buffer#57, 0, 0)
[1738948.535] {mesa vk display queue}  -> wl_surface#23.damage_buffer(52, 167, 1, 18)
[1738948.545] {mesa vk display queue}  -> wl_surface#23.commit()
[1738965.693] {Display Queue} wl_display#1.delete_id(60)
[1738965.723] {Default Queue} wl_callback#60.done(534143)
[1738965.969] {mesa vk display queue} wl_buffer#51.release()
[1738965.987] {mesa vk display queue} wl_buffer#53.release()
[1738965.998] {mesa vk display queue} wl_buffer#55.release()
[1738966.006] {mesa vk display queue} wl_buffer#57.release()
[1738966.122]  -> wl_surface#23.frame(new id wl_callback#60)
[1738966.912] {mesa vk display queue}  -> wl_surface#23.attach(wl_buffer#51, 0, 0)
[1738966.941] {mesa vk display queue}  -> wl_surface#23.damage_buffer(52, 167, 1, 18)
[1738966.948] {mesa vk display queue}  -> wl_surface#23.commit()
[1738979.916] {Display Queue} wl_display#1.delete_id(60)
[1738979.947] {Default Queue} wl_callback#60.done(534157)
[1738980.297]  -> wl_surface#23.frame(new id wl_callback#60)
[1738980.988] {mesa vk display queue}  -> wl_surface#23.attach(wl_buffer#53, 0, 0)
[1738981.001] {mesa vk display queue}  -> wl_surface#23.damage_buffer(52, 167, 1, 18)
[1738981.010] {mesa vk display queue}  -> wl_surface#23.commit()
[1738994.607] {Display Queue} wl_display#1.delete_id(60)
[1738994.635] {Default Queue} wl_callback#60.done(534172)
[1739282.363]  -> wl_surface#23.frame(new id wl_callback#60)
[1739283.144] {mesa vk display queue}  -> wl_surface#23.attach(wl_buffer#55, 0, 0)
[1739283.167] {mesa vk display queue}  -> wl_surface#23.damage_buffer(52, 167, 1, 18)
[1739283.178] {mesa vk display queue}  -> wl_surface#23.commit()
[1739300.169] {Display Queue} wl_display#1.delete_id(60)
[1739300.200] {Default Queue} wl_callback#60.done(534477)
[1739300.491]  -> wl_surface#23.frame(new id wl_callback#60)
[1739301.103] {mesa vk display queue}  -> wl_surface#23.attach(wl_buffer#57, 0, 0)
[1739301.127] {mesa vk display queue}  -> wl_surface#23.damage_buffer(52, 167, 1, 18)
[1739301.135] {mesa vk display queue}  -> wl_surface#23.commit()
[1739315.542] {Display Queue} wl_display#1.delete_id(60)
[1739315.569] {Default Queue} wl_callback#60.done(534492)
[1739315.795] {mesa vk display queue} wl_buffer#51.release()
[1739315.810] {mesa vk display queue} wl_buffer#53.release()
[1739315.817] {mesa vk display queue} wl_buffer#55.release()
[1739315.823] {mesa vk display queue} wl_buffer#57.release()
[1739315.933]  -> wl_surface#23.frame(new id wl_callback#60)
[1739316.593] {mesa vk display queue}  -> wl_surface#23.attach(wl_buffer#51, 0, 0)
[1739316.607] {mesa vk display queue}  -> wl_surface#23.damage_buffer(52, 167, 1, 18)
[1739316.633] {mesa vk display queue}  -> wl_surface#23.commit()
[1739333.370] {Display Queue} wl_display#1.delete_id(60)
[1739333.396] {Default Queue} wl_callback#60.done(534510)
[1739333.691]  -> wl_surface#23.frame(new id wl_callback#60)
[1739334.353] {mesa vk display queue}  -> wl_surface#23.attach(wl_buffer#53, 0, 0)
[1739334.368] {mesa vk display queue}  -> wl_surface#23.damage_buffer(52, 167, 1, 18)
[1739334.378] {mesa vk display queue}  -> wl_surface#23.commit()
[1739349.609] {Display Queue} wl_display#1.delete_id(60)
[1739349.642] {Default Queue} wl_callback#60.done(534527)
[1739349.985]  -> wl_surface#23.frame(new id wl_callback#60)
[1739350.590] {mesa vk display queue}  -> wl_surface#23.attach(wl_buffer#55, 0, 0)
[1739350.605] {mesa vk display queue}  -> wl_surface#23.damage_buffer(52, 167, 1, 18)
[1739350.614] {mesa vk display queue}  -> wl_surface#23.commit()
[1739363.194] {Display Queue} wl_display#1.delete_id(60)
[1739363.225] {Default Queue} wl_callback#60.done(534540)
[1739363.568]  -> wl_surface#23.frame(new id wl_callback#60)
[1739364.024] {mesa vk display queue}  -> wl_surface#23.attach(wl_buffer#57, 0, 0)
[1739364.038] {mesa vk display queue}  -> wl_surface#23.damage_buffer(52, 167, 1, 18)
[1739364.047] {mesa vk display queue}  -> wl_surface#23.commit()
[1739380.552] {Display Queue} wl_display#1.delete_id(60)
[1739380.583] {Default Queue} wl_callback#60.done(534557)
[1739380.860] {mesa vk display queue} wl_buffer#51.release()
[1739380.873] {mesa vk display queue} wl_buffer#53.release()
[1739380.879] {mesa vk display queue} wl_buffer#55.release()
[1739380.883] {mesa vk display queue} wl_buffer#57.release()
[1739380.967]  -> wl_surface#23.frame(new id wl_callback#60)
[1739381.525] {mesa vk display queue}  -> wl_surface#23.attach(wl_buffer#51, 0, 0)
[1739381.536] {mesa vk display queue}  -> wl_surface#23.damage_buffer(52, 167, 1, 18)
[1739381.543] {mesa vk display queue}  -> wl_surface#23.commit()
[1739394.580] {Display Queue} wl_display#1.delete_id(60)
[1739394.611] {Default Queue} wl_callback#60.done(534572)
[1840593.656] {Default Queue} wl_pointer#6.motion(635770, 690.00000000, 34.00000000)
[1840593.722] {Default Queue} wl_pointer#6.frame()
[1840594.074] {Default Queue}  -> wp_cursor_shape_device_v1#21.set_shape(124, 1)
[1840595.409]  -> wl_surface#23.frame(new id wl_callback#60)
[1840602.555] {mesa vk display queue}  -> wl_surface#23.attach(wl_buffer#53, 0, 0)
[1840602.588] {mesa vk display queue}  -> wl_surface#23.damage_buffer(676, 20, 30, 30)
[1840602.602] {mesa vk display queue}  -> wl_surface#23.damage_buffer(52, 167, 1, 18)
[1840602.615] {mesa vk display queue}  -> wl_surface#23.commit()
[1840641.560] {Display Queue} wl_display#1.delete_id(60)
[1840641.580] {Default Queue} wl_callback#60.done(635819)
[1840654.306] {Default Queue} wl_pointer#6.button(130, 635831, 272, 1)
[1840654.345] {Default Queue} xdg_wm_base#20.ping(131)
[1840654.358] {Default Queue}  -> xdg_wm_base#20.pong(131)
[1840654.368] {Default Queue} wl_pointer#6.frame()
[1840658.766]  -> wl_surface#23.frame(new id wl_callback#60)
[1840659.942] {mesa vk display queue}  -> wl_surface#23.attach(wl_buffer#55, 0, 0)
[1840659.976] {mesa vk display queue}  -> wl_surface#23.damage_buffer(676, 20, 30, 30)
[1840659.990] {mesa vk display queue}  -> wl_surface#23.damage_buffer(52, 167, 1, 18)
[1840660.002] {mesa vk display queue}  -> wl_surface#23.commit()
[1840677.913] {Display Queue} wl_display#1.delete_id(60)
[1840677.947] {Default Queue} wl_callback#60.done(635855)
[1840713.959] {Default Queue} wl_pointer#6.button(132, 635891, 272, 0)
[1840713.999] {Default Queue} wl_pointer#6.frame()
[1840714.951]  -> xdg_toplevel#46.destroy()
[1840714.972]  -> xdg_surface#45.destroy()
[1840714.985]  -> wl_surface#23.attach(nil, 0, 0)
[1840714.996]  -> wl_surface#23.commit()
[1840715.025] {Default Queue}  -> zwp_text_input_v3#41.disable()
[1840715.038] {Default Queue}  -> zwp_text_input_v3#41.commit()
[1840715.396] {mesa vk display queue}  -> wl_buffer#51.destroy()
[1840715.562] {mesa vk display queue}  -> wl_buffer#53.destroy()
[1840715.722] {mesa vk display queue}  -> wl_buffer#55.destroy()
[1840715.882] {mesa vk display queue}  -> wl_buffer#57.destroy()
[1840716.361] {Default Queue}  -> wp_viewport#24.destroy()
[1840716.381]  -> wl_surface#23.destroy()
