[3402681.420] {Default Queue}  -> wl_display#1.get_registry(new id wl_registry#2)
[3402681.477] {Default Queue}  -> wl_display#1.sync(new id wl_callback#3)
[3402681.617] {Display Queue} wl_display#1.delete_id(3)
[3402681.628] {Default Queue} wl_registry#2.global(1, "wl_compositor", 4)
[3402681.640] {Default Queue}  -> wl_registry#2.bind(1, "wl_compositor", 4, new id [unknown]#4)
[3402681.648] {Default Queue} wl_registry#2.global(2, "xdg_wm_base", 4)
[3402681.655] {Default Queue} wl_registry#2.global(3, "zwp_linux_dmabuf_v1", 3)
[3402681.668] {Default Queue} wl_registry#2.global(4, "wl_output", 4)
[3402681.671] {Default Queue}  -> wl_registry#2.bind(4, "wl_output", 3, new id [unknown]#5)
[3402681.746] {Default Queue}  -> wl_display#1.sync(new id wl_callback#6)
[3402681.750] {Default Queue} wl_registry#2.global(5, "wl_seat", 5)
[3402681.754] {Default Queue} wl_registry#2.global(6, "wl_shm", 1)
[3402681.757] {Default Queue}  -> wl_registry#2.bind(6, "wl_shm", 1, new id [unknown]#7)
[3402681.760] {Default Queue} wl_registry#2.global(7, "xdg_menu_manager_v1", 2)
[3402681.763] {Default Queue} wl_registry#2.global(8, "wl_subcompositor", 1)
[3402681.766] {Default Queue}  -> wl_registry#2.bind(8, "wl_subcompositor", 1, new id [unknown]#8)
[3402681.770] {Default Queue} wl_registry#2.global(9, "wl_data_device_manager", 3)
[3402681.772] {Default Queue}  -> wl_registry#2.bind(9, "wl_data_device_manager", 3, new id [unknown]#9)
[3402681.775] {Default Queue} wl_registry#2.global(10, "zxdg_decoration_manager_v1", 1)
[3402681.778] {Default Queue} wl_registry#2.global(11, "wp_cursor_shape_manager_v1", 1)
[3402681.781] {Default Queue}  -> wl_registry#2.bind(11, "wp_cursor_shape_manager_v1", 1, new id [unknown]#10)
[3402681.784] {Default Queue} wl_registry#2.global(12, "wp_viewporter", 1)
[3402681.787] {Default Queue}  -> wl_registry#2.bind(12, "wp_viewporter", 1, new id [unknown]#11)
[3402681.790] {Default Queue} wl_registry#2.global(13, "zwp_text_input_manager_v3", 1)
[3402681.793] {Default Queue} wl_registry#2.global(16, "keiland_titlebar_manager_v1", 3)
[3402681.800] {Default Queue} wl_registry#2.global(17, "keiland_glass_manager_v1", 2)
[3402681.807] {Default Queue} wl_registry#2.global(18, "zwp_primary_selection_device_manager_v1", 1)
[3402681.814] {Default Queue}  -> wl_registry#2.bind(18, "zwp_primary_selection_device_manager_v1", 1, new id [unknown]#12)
[3402681.827] {Default Queue} wl_registry#2.global(19, "zwp_tablet_manager_v2", 1)
[3402681.834] {Default Queue}  -> wl_registry#2.bind(19, "zwp_tablet_manager_v2", 1, new id [unknown]#13)
[3402681.840] {Default Queue} wl_registry#2.global(21, "keiland_desktop_manager_v1", 1)
[3402681.846] {Default Queue} wl_registry#2.global(22, "keiland_keyboard_inset_manager_v1", 1)
[3402681.851] {Default Queue} wl_registry#2.global(23, "keiland_edit_manager_v1", 1)
[3402681.857] {Default Queue} wl_callback#3.done(375300)
[3402681.952] {Default Queue}  -> wl_shm#7.create_pool(new id wl_shm_pool#3, fd 11, 2304)
[3402681.963] {Default Queue}  -> wl_registry#2.bind(5, "wl_seat", 5, new id [unknown]#14)
[3402687.049] {Default Queue}  -> zwp_primary_selection_device_manager_v1#12.get_device(new id zwp_primary_selection_device_v1#15, wl_seat#14)
[3402687.059] {Default Queue}  -> wl_data_device_manager#9.get_data_device(new id wl_data_device#16, wl_seat#14)
[3402687.109] {Default Queue}  -> wl_compositor#4.create_surface(new id wl_surface#17)
[3402687.113] {Default Queue}  -> wp_viewporter#11.get_viewport(new id wp_viewport#18, wl_surface#17)
[3402687.117] {Default Queue}  -> zwp_tablet_manager_v2#13.get_tablet_seat(new id zwp_tablet_seat_v2#19, wl_seat#14)
[3402687.122] {Default Queue}  -> wl_display#1.sync(new id wl_callback#20)
[3402687.256] {Display Queue} wl_display#1.delete_id(6)
[3402687.265] {Display Queue} wl_display#1.delete_id(20)
[3402687.270] {Default Queue} wl_output#5.geometry(0, 0, 0, 0, 0, "Unknown", "Unknown", 0)
[3402687.284] {Default Queue} wl_output#5.mode(3, 1280, 800, 74994)
[3402687.292] {Default Queue} wl_output#5.scale(1)
[3402687.297] {Default Queue} wl_output#5.done()
[3402687.302] {Default Queue} wl_callback#6.done(375305)
[3402687.320] {Default Queue} wl_shm#7.format(0)
[3402687.323] {Default Queue} wl_shm#7.format(1)
[3402687.325] {Default Queue} wl_seat#14.capabilities(3)
[3402687.329] {Default Queue}  -> wl_seat#14.get_pointer(new id wl_pointer#6)
[3402687.339] {Default Queue}  -> wp_cursor_shape_manager_v1#10.get_pointer(new id wp_cursor_shape_device_v1#21, wl_pointer#6)
[3402687.342] {Default Queue}  -> wl_seat#14.get_keyboard(new id wl_keyboard#22)
[3402687.347] {Default Queue} wl_seat#14.name("seat0")
[3402687.353] {Default Queue} wl_callback#20.done(375305)
[3402687.356] {Default Queue}  -> wl_registry#2.bind(2, "xdg_wm_base", 4, new id [unknown]#20)

(python3:5950): Gtk-WARNING **: 06:39:20.765: Unable to acquire the address of the accessibility bus: GDBus.Error:org.freedesktop.DBus.Error.ServiceUnknown: The name org.a11y.Bus was not provided by any .service files. If you are attempting to run GTK without a11y support, GTK_A11Y should be set to 'none'.
[3402719.883] {Default Queue}  -> wl_compositor#4.create_surface(new id wl_surface#23)
[3402719.893] {Default Queue}  -> wp_viewporter#11.get_viewport(new id wp_viewport#24, wl_surface#23)
[3402767.802] {mesa egl display queue}  -> wl_display#1.get_registry(new id wl_registry#25)
[3402767.813] {mesa egl display queue}  -> wl_display#1.sync(new id wl_callback#26)
[3402767.967] {Display Queue} wl_display#1.delete_id(26)
[3402767.976] {mesa egl display queue} wl_registry#25.global(1, "wl_compositor", 4)
[3402767.984] {mesa egl display queue} wl_registry#25.global(2, "xdg_wm_base", 4)
[3402767.987] {mesa egl display queue} wl_registry#25.global(3, "zwp_linux_dmabuf_v1", 3)
[3402767.990] {mesa egl display queue}  -> wl_registry#25.bind(3, "zwp_linux_dmabuf_v1", 3, new id [unknown]#27)
[3402768.001] {mesa egl display queue} wl_registry#25.global(4, "wl_output", 4)
[3402768.004] {mesa egl display queue} wl_registry#25.global(5, "wl_seat", 5)
[3402768.006] {mesa egl display queue} wl_registry#25.global(6, "wl_shm", 1)
[3402768.009] {mesa egl display queue} wl_registry#25.global(7, "xdg_menu_manager_v1", 2)
[3402768.012] {mesa egl display queue} wl_registry#25.global(8, "wl_subcompositor", 1)
[3402768.015] {mesa egl display queue} wl_registry#25.global(9, "wl_data_device_manager", 3)
[3402768.017] {mesa egl display queue} wl_registry#25.global(10, "zxdg_decoration_manager_v1", 1)
[3402768.020] {mesa egl display queue} wl_registry#25.global(11, "wp_cursor_shape_manager_v1", 1)
[3402768.022] {mesa egl display queue} wl_registry#25.global(12, "wp_viewporter", 1)
[3402768.025] {mesa egl display queue} wl_registry#25.global(13, "zwp_text_input_manager_v3", 1)
[3402768.027] {mesa egl display queue} wl_registry#25.global(16, "keiland_titlebar_manager_v1", 3)
[3402768.030] {mesa egl display queue} wl_registry#25.global(17, "keiland_glass_manager_v1", 2)
[3402768.032] {mesa egl display queue} wl_registry#25.global(18, "zwp_primary_selection_device_manager_v1", 1)
[3402768.035] {mesa egl display queue} wl_registry#25.global(19, "zwp_tablet_manager_v2", 1)
[3402768.037] {mesa egl display queue} wl_registry#25.global(21, "keiland_desktop_manager_v1", 1)
[3402768.040] {mesa egl display queue} wl_registry#25.global(22, "keiland_keyboard_inset_manager_v1", 1)
[3402768.042] {mesa egl display queue} wl_registry#25.global(23, "keiland_edit_manager_v1", 1)
[3402768.045] {mesa egl display queue} wl_callback#26.done(375386)
[3402768.048] {mesa egl display queue}  -> wl_display#1.sync(new id wl_callback#26)
[3402768.109] {Display Queue} wl_display#1.delete_id(26)
[3402768.116] {mesa egl display queue} zwp_linux_dmabuf_v1#27.format(875713089)
[3402768.127] {mesa egl display queue} zwp_linux_dmabuf_v1#27.modifier(875713089, 0, 0)
[3402768.132] {mesa egl display queue} zwp_linux_dmabuf_v1#27.format(875713112)
[3402768.135] {mesa egl display queue} zwp_linux_dmabuf_v1#27.modifier(875713112, 0, 0)
[3402768.137] {mesa egl display queue} wl_callback#26.done(375386)
[3402768.141] {mesa egl display queue}  -> zwp_linux_dmabuf_v1#27.destroy()
[3402768.153] {mesa egl swrast display queue}  -> wl_display#1.get_registry(new id wl_registry#26)
[3402768.164] {mesa egl swrast display queue}  -> wl_display#1.sync(new id wl_callback#28)
[3402768.256] {Display Queue} wl_display#1.delete_id(27)
[3402768.262] {Display Queue} wl_display#1.delete_id(28)
[3402768.267] {mesa egl swrast display queue} wl_registry#26.global(1, "wl_compositor", 4)
[3402768.274] {mesa egl swrast display queue} wl_registry#26.global(2, "xdg_wm_base", 4)
[3402768.279] {mesa egl swrast display queue} wl_registry#26.global(3, "zwp_linux_dmabuf_v1", 3)
[3402768.286] {mesa egl swrast display queue}  -> wl_registry#26.bind(3, "zwp_linux_dmabuf_v1", 3, new id [unknown]#27)
[3402768.290] {mesa egl swrast display queue} wl_registry#26.global(4, "wl_output", 4)
[3402768.293] {mesa egl swrast display queue} wl_registry#26.global(5, "wl_seat", 5)
[3402768.295] {mesa egl swrast display queue} wl_registry#26.global(6, "wl_shm", 1)
[3402768.298] {mesa egl swrast display queue}  -> wl_registry#26.bind(6, "wl_shm", 1, new id [unknown]#29)
[3402768.301] {mesa egl swrast display queue} wl_registry#26.global(7, "xdg_menu_manager_v1", 2)
[3402768.303] {mesa egl swrast display queue} wl_registry#26.global(8, "wl_subcompositor", 1)
[3402768.306] {mesa egl swrast display queue} wl_registry#26.global(9, "wl_data_device_manager", 3)
[3402768.308] {mesa egl swrast display queue} wl_registry#26.global(10, "zxdg_decoration_manager_v1", 1)
[3402768.311] {mesa egl swrast display queue} wl_registry#26.global(11, "wp_cursor_shape_manager_v1", 1)
[3402768.313] {mesa egl swrast display queue} wl_registry#26.global(12, "wp_viewporter", 1)
[3402768.316] {mesa egl swrast display queue} wl_registry#26.global(13, "zwp_text_input_manager_v3", 1)
[3402768.319] {mesa egl swrast display queue} wl_registry#26.global(16, "keiland_titlebar_manager_v1", 3)
[3402768.321] {mesa egl swrast display queue} wl_registry#26.global(17, "keiland_glass_manager_v1", 2)
[3402768.324] {mesa egl swrast display queue} wl_registry#26.global(18, "zwp_primary_selection_device_manager_v1", 1)
[3402768.326] {mesa egl swrast display queue} wl_registry#26.global(19, "zwp_tablet_manager_v2", 1)
[3402768.329] {mesa egl swrast display queue} wl_registry#26.global(21, "keiland_desktop_manager_v1", 1)
[3402768.331] {mesa egl swrast display queue} wl_registry#26.global(22, "keiland_keyboard_inset_manager_v1", 1)
[3402768.334] {mesa egl swrast display queue} wl_registry#26.global(23, "keiland_edit_manager_v1", 1)
[3402768.336] {mesa egl swrast display queue} wl_callback#28.done(375386)
[3402768.339] {mesa egl swrast display queue}  -> wl_display#1.sync(new id wl_callback#28)
[3402768.393] {Display Queue} wl_display#1.delete_id(28)
[3402768.398] {mesa egl swrast display queue} zwp_linux_dmabuf_v1#27.format(875713089)
[3402768.404] {mesa egl swrast display queue} zwp_linux_dmabuf_v1#27.modifier(875713089, 0, 0)
[3402768.410] {mesa egl swrast display queue} zwp_linux_dmabuf_v1#27.format(875713112)
[3402768.415] {mesa egl swrast display queue} zwp_linux_dmabuf_v1#27.modifier(875713112, 0, 0)
[3402768.421] {mesa egl swrast display queue} wl_shm#29.format(0)
[3402768.425] {mesa egl swrast display queue} wl_shm#29.format(1)
[3402768.430] {mesa egl swrast display queue} wl_callback#28.done(375386)
[3402768.436] {mesa egl swrast display queue}  -> wl_display#1.sync(new id wl_callback#28)
[3402768.480] {Display Queue} wl_display#1.delete_id(28)
[3402768.486] {mesa egl swrast display queue} wl_callback#28.done(375387)
[3402768.493] {mesa egl swrast display queue}  -> zwp_linux_dmabuf_v1#27.destroy()
[3402768.501] {mesa egl swrast display queue}  -> wl_display#1.get_registry(new id wl_registry#28)
[3402768.506] {mesa egl swrast display queue}  -> wl_display#1.sync(new id wl_callback#30)
[3402768.591] {Display Queue} wl_display#1.delete_id(27)
[3402768.597] {Display Queue} wl_display#1.delete_id(30)
[3402768.602] {mesa egl swrast display queue} wl_registry#28.global(1, "wl_compositor", 4)
[3402768.608] {mesa egl swrast display queue} wl_registry#28.global(2, "xdg_wm_base", 4)
[3402768.614] {mesa egl swrast display queue} wl_registry#28.global(3, "zwp_linux_dmabuf_v1", 3)
[3402768.630] {mesa egl swrast display queue} wl_registry#28.global(4, "wl_output", 4)
[3402768.636] {mesa egl swrast display queue} wl_registry#28.global(5, "wl_seat", 5)
[3402768.641] {mesa egl swrast display queue} wl_registry#28.global(6, "wl_shm", 1)
[3402768.648] {mesa egl swrast display queue}  -> wl_registry#28.bind(6, "wl_shm", 1, new id [unknown]#27)
[3402768.654] {mesa egl swrast display queue} wl_registry#28.global(7, "xdg_menu_manager_v1", 2)
[3402768.660] {mesa egl swrast display queue} wl_registry#28.global(8, "wl_subcompositor", 1)
[3402768.666] {mesa egl swrast display queue} wl_registry#28.global(9, "wl_data_device_manager", 3)
[3402768.671] {mesa egl swrast display queue} wl_registry#28.global(10, "zxdg_decoration_manager_v1", 1)
[3402768.677] {mesa egl swrast display queue} wl_registry#28.global(11, "wp_cursor_shape_manager_v1", 1)
[3402768.683] {mesa egl swrast display queue} wl_registry#28.global(12, "wp_viewporter", 1)
[3402768.687] {mesa egl swrast display queue} wl_registry#28.global(13, "zwp_text_input_manager_v3", 1)
[3402768.692] {mesa egl swrast display queue} wl_registry#28.global(16, "keiland_titlebar_manager_v1", 3)
[3402768.696] {mesa egl swrast display queue} wl_registry#28.global(17, "keiland_glass_manager_v1", 2)
[3402768.701] {mesa egl swrast display queue} wl_registry#28.global(18, "zwp_primary_selection_device_manager_v1", 1)
[3402768.705] {mesa egl swrast display queue} wl_registry#28.global(19, "zwp_tablet_manager_v2", 1)
[3402768.709] {mesa egl swrast display queue} wl_registry#28.global(21, "keiland_desktop_manager_v1", 1)
[3402768.714] {mesa egl swrast display queue} wl_registry#28.global(22, "keiland_keyboard_inset_manager_v1", 1)
[3402768.718] {mesa egl swrast display queue} wl_registry#28.global(23, "keiland_edit_manager_v1", 1)
[3402768.723] {mesa egl swrast display queue} wl_callback#30.done(375387)
[3402768.727] {mesa egl swrast display queue}  -> wl_display#1.sync(new id wl_callback#30)
[3402768.772] {Display Queue} wl_display#1.delete_id(30)
[3402768.778] {mesa egl swrast display queue} wl_shm#27.format(0)
[3402768.783] {mesa egl swrast display queue} wl_shm#27.format(1)
[3402768.788] {mesa egl swrast display queue} wl_callback#30.done(375387)
[3402813.691] {Default Queue}  -> xdg_wm_base#20.get_xdg_surface(new id xdg_surface#30, wl_surface#23)
[3402813.703]  -> xdg_surface#30.get_toplevel(new id xdg_toplevel#31)
[3402813.706]  -> xdg_toplevel#31.set_parent(nil)
[3402813.709]  -> xdg_toplevel#31.set_title("WS114 GTK4 baseline")
[3402813.712]  -> xdg_toplevel#31.set_app_id("org.zedbsd.WS114Baseline")
[3402813.715]  -> wl_surface#23.commit()
[3402816.922] {Default Queue}  -> wl_display#1.get_registry(new id wl_registry#32)
[3402817.346] {Default Queue} wl_keyboard#22.keymap(1, fd 4, 6896)
[3402818.028] {Default Queue} wl_keyboard#22.repeat_info(25, 400)
[3402818.802] {Default Queue} wl_registry#32.global(1, "wl_compositor", 4)
[3402818.815] {Default Queue} wl_registry#32.global(2, "xdg_wm_base", 4)
[3402818.821] {Default Queue} wl_registry#32.global(3, "zwp_linux_dmabuf_v1", 3)
[3402818.826] {Default Queue} wl_registry#32.global(4, "wl_output", 4)
[3402818.830] {Default Queue} wl_registry#32.global(5, "wl_seat", 5)
[3402818.835] {Default Queue} wl_registry#32.global(6, "wl_shm", 1)
[3402818.840] {Default Queue} wl_registry#32.global(7, "xdg_menu_manager_v1", 2)
[3402818.845] {Default Queue} wl_registry#32.global(8, "wl_subcompositor", 1)
[3402818.850] {Default Queue} wl_registry#32.global(9, "wl_data_device_manager", 3)
[3402818.855] {Default Queue} wl_registry#32.global(10, "zxdg_decoration_manager_v1", 1)
[3402818.859] {Default Queue} wl_registry#32.global(11, "wp_cursor_shape_manager_v1", 1)
[3402818.864] {Default Queue} wl_registry#32.global(12, "wp_viewporter", 1)
[3402818.869] {Default Queue} wl_registry#32.global(13, "zwp_text_input_manager_v3", 1)
[3402818.876] {Default Queue}  -> wl_registry#32.bind(13, "zwp_text_input_manager_v3", 1, new id [unknown]#33)
[3402818.883] {Default Queue}  -> zwp_text_input_manager_v3#33.get_text_input(new id zwp_text_input_v3#34, wl_seat#14)
[3402818.908] {Default Queue} wl_registry#32.global(16, "keiland_titlebar_manager_v1", 3)
[3402818.914] {Default Queue} wl_registry#32.global(17, "keiland_glass_manager_v1", 2)
[3402818.919] {Default Queue} wl_registry#32.global(18, "zwp_primary_selection_device_manager_v1", 1)
[3402818.925] {Default Queue} wl_registry#32.global(19, "zwp_tablet_manager_v2", 1)
[3402818.930] {Default Queue} wl_registry#32.global(21, "keiland_desktop_manager_v1", 1)
[3402818.935] {Default Queue} wl_registry#32.global(22, "keiland_keyboard_inset_manager_v1", 1)
[3402818.940] {Default Queue} wl_registry#32.global(23, "keiland_edit_manager_v1", 1)
[3402818.945] xdg_toplevel#31.configure_bounds(1256, 690)
[3402818.951] xdg_toplevel#31.configure(0, 0, array[4])
[3402818.956] xdg_surface#30.configure(83)
[3402818.975]  -> xdg_surface#30.ack_configure(83)
[3402827.415]  -> xdg_toplevel#31.set_min_size(485, 338)
[3402827.425]  -> xdg_toplevel#31.set_max_size(0, 0)
[3402835.847] {mesa egl swrast display queue}  -> wl_shm#27.create_pool(new id wl_shm_pool#35, fd 18, 1423968)
[3402835.876] {mesa egl surface queue}  -> wl_shm_pool#35.create_buffer(new id wl_buffer#36, 0, 728, 489, 2912, 0)
[3402835.890] {mesa egl surface queue}  -> wl_shm_pool#35.destroy()
[3403149.104]  -> xdg_toplevel#31.set_min_size(457, 309)
[3403149.120]  -> xdg_toplevel#31.set_max_size(0, 0)
[3403149.126]  -> xdg_surface#30.set_window_geometry(14, 12, 700, 460)
[3403149.133] {Default Queue}  -> wl_compositor#4.create_region(new id wl_region#37)
[3403149.140] {Default Queue}  -> wl_region#37.add(14, 20, 700, 452)
[3403149.146]  -> wl_surface#23.set_opaque_region(wl_region#37)
[3403149.150] {Default Queue}  -> wl_region#37.destroy()
[3403149.154] {Default Queue}  -> wl_compositor#4.create_region(new id wl_region#38)
[3403149.159] {Default Queue}  -> wl_region#38.add(2, 0, 724, 484)
[3403149.163]  -> wl_surface#23.set_input_region(wl_region#38)
[3403149.167] {Default Queue}  -> wl_region#38.destroy()
[3403149.171] {Default Queue}  -> wp_viewport#24.set_destination(728, 489)
[3403149.176]  -> wl_surface#23.frame(new id wl_callback#39)
[3403149.204] {mesa egl surface queue}  -> wl_surface#23.attach(wl_buffer#36, 0, 0)
[3403149.210] {mesa egl surface queue}  -> wl_surface#23.damage_buffer(0, 0, 728, 489)
[3403151.929] {mesa egl surface queue}  -> wl_surface#23.commit()
[3403151.938] {mesa egl surface queue}  -> wl_display#1.sync(new id wl_callback#40)
[3403152.365] {Display Queue} wl_display#1.delete_id(35)
[3403152.374] {Display Queue} wl_display#1.delete_id(37)
[3403152.377] {Display Queue} wl_display#1.delete_id(38)
[3403152.379] {Display Queue} wl_display#1.delete_id(40)
[3403178.144] {Default Queue} wl_data_device#16.selection(nil)
[3403178.169] {Default Queue} zwp_primary_selection_device_v1#15.selection(nil)
[3403178.175] {Default Queue} wl_keyboard#22.enter(84, wl_surface#23, array[0])
[3403178.189] {Default Queue} wl_keyboard#22.modifiers(85, 0, 0, 0, 0)
[3403178.227] {Default Queue} zwp_text_input_v3#34.enter(wl_surface#23)
[3403178.232] {Default Queue}  -> zwp_text_input_v3#34.enable()
[3403178.251] {Default Queue}  -> zwp_text_input_v3#34.set_surrounding_text("q580 clipboard omega Ω", 23, 0)
[3403178.254] {Default Queue}  -> zwp_text_input_v3#34.set_text_change_cause(1)
[3403178.270] {Default Queue}  -> zwp_text_input_v3#34.set_content_type(0, 0)
[3403178.284] {Default Queue}  -> zwp_text_input_v3#34.set_cursor_rectangle(205, 112, 0, 32)
[3403178.288] {Default Queue}  -> zwp_text_input_v3#34.commit()
[3403178.290] {Default Queue} wl_pointer#6.enter(86, wl_surface#23, 525.00000000, 88.00000000)
[3403178.297] {Default Queue} wl_pointer#6.frame()
[3403178.310] {Default Queue}  -> wp_cursor_shape_device_v1#21.set_shape(86, 1)
[3403178.878] {Display Queue} wl_display#1.delete_id(39)
[3403178.886] {Default Queue} wl_callback#39.done(375797)
[3403179.425] {mesa egl surface queue} wl_callback#40.done(375770)
[3403179.433] {mesa egl surface queue} wl_buffer#36.release()
[3403179.663]  -> wl_surface#23.frame(new id wl_callback#40)
[3403179.687] {mesa egl surface queue}  -> wl_surface#23.attach(wl_buffer#36, 0, 0)
[3403179.691] {mesa egl surface queue}  -> wl_surface#23.damage_buffer(32, 107, 664, 42)
[3403180.279] {mesa egl surface queue}  -> wl_surface#23.commit()
[3403180.288] {mesa egl surface queue}  -> wl_display#1.sync(new id wl_callback#39)
[3403180.356] {Display Queue} wl_display#1.delete_id(39)
[3403196.602] {Display Queue} wl_display#1.delete_id(40)
[3403196.612] {Default Queue} wl_callback#40.done(375815)
[3416895.964] {Default Queue} wl_pointer#6.motion(389514, 173.00000000, 221.00000000)
[3416896.021] {Default Queue} wl_pointer#6.frame()
[3416896.864] {mesa egl surface queue} wl_callback#39.done(375798)
[3416896.890] {mesa egl surface queue} wl_buffer#36.release()
[3416897.305]  -> wl_surface#23.frame(new id wl_callback#39)
[3416897.348] {mesa egl surface queue}  -> wl_surface#23.attach(wl_buffer#36, 0, 0)
[3416897.361] {mesa egl surface queue}  -> wl_surface#23.damage_buffer(126, 208, 100, 32)
[3416898.244] {mesa egl surface queue}  -> wl_surface#23.commit()
[3416898.290] {mesa egl surface queue}  -> wl_display#1.sync(new id wl_callback#40)
[3416907.213] {Display Queue} wl_display#1.delete_id(40)
[3416925.137] {Display Queue} wl_display#1.delete_id(39)
[3416925.168] {Default Queue} wl_callback#39.done(389543)
[3416942.877] {Default Queue} wl_pointer#6.button(87, 389561, 272, 1)
[3416942.920] {Default Queue} xdg_wm_base#20.ping(88)
[3416942.933] {Default Queue}  -> xdg_wm_base#20.pong(88)
[3416942.944] {Default Queue} wl_pointer#6.frame()
[3416943.252] {Default Queue}  -> zwp_text_input_v3#34.disable()
[3416943.266] {Default Queue}  -> zwp_text_input_v3#34.commit()
[3416944.521] {mesa egl surface queue} wl_callback#40.done(389525)
[3416944.545] {mesa egl surface queue} wl_buffer#36.release()
[3416945.194]  -> wl_surface#23.frame(new id wl_callback#40)
[3416945.255] {mesa egl surface queue}  -> wl_surface#23.attach(wl_buffer#36, 0, 0)
[3416945.274] {mesa egl surface queue}  -> wl_surface#23.damage_buffer(45, 119, 161, 18)
[3416945.294] {mesa egl surface queue}  -> wl_surface#23.damage_buffer(122, 205, 108, 40)
[3416946.285] {mesa egl surface queue}  -> wl_surface#23.commit()
[3416946.317] {mesa egl surface queue}  -> wl_display#1.sync(new id wl_callback#39)
[3416946.481] {Display Queue} wl_display#1.delete_id(39)
[3416965.303] {Display Queue} wl_display#1.delete_id(40)
[3416965.333] {Default Queue} wl_callback#40.done(389583)
[3416965.869] {mesa egl surface queue} wl_callback#39.done(389564)
[3416965.892] {mesa egl surface queue} wl_buffer#36.release()
[3416966.366]  -> wl_surface#23.frame(new id wl_callback#39)
[3416966.414] {mesa egl surface queue}  -> wl_surface#23.attach(wl_buffer#36, 0, 0)
[3416966.424] {mesa egl surface queue}  -> wl_surface#23.damage_buffer(35, 110, 658, 36)
[3416967.944] {mesa egl surface queue}  -> wl_surface#23.commit()
[3416967.972] {mesa egl surface queue}  -> wl_display#1.sync(new id wl_callback#40)
[3416968.156] {Display Queue} wl_display#1.delete_id(40)
[3416985.964] {Display Queue} wl_display#1.delete_id(39)
[3416985.992] {Default Queue} wl_callback#39.done(389604)
[3416986.405] {mesa egl surface queue} wl_callback#40.done(389586)
[3416986.421] {mesa egl surface queue} wl_buffer#36.release()
[3416986.802]  -> wl_surface#23.frame(new id wl_callback#40)
[3416986.832] {mesa egl surface queue}  -> wl_surface#23.attach(wl_buffer#36, 0, 0)
[3416986.843] {mesa egl surface queue}  -> wl_surface#23.damage_buffer(34, 109, 660, 38)
[3416988.016] {mesa egl surface queue}  -> wl_surface#23.commit()
[3416988.037] {mesa egl surface queue}  -> wl_display#1.sync(new id wl_callback#39)
[3416988.206] {Display Queue} wl_display#1.delete_id(39)
[3417004.511] {Display Queue} wl_display#1.delete_id(40)
[3417004.534] {Default Queue} wl_callback#40.done(389622)
[3417004.553] {Default Queue} wl_pointer#6.button(89, 389616, 272, 0)
[3417004.567] {Default Queue} wl_pointer#6.frame()
[3417030.376] {Default Queue}  -> wl_compositor#4.create_surface(new id wl_surface#40)
[3417030.388] {Default Queue}  -> wp_viewporter#11.get_viewport(new id wp_viewport#38, wl_surface#40)
[3417046.683] {Default Queue}  -> xdg_wm_base#20.get_xdg_surface(new id xdg_surface#37, wl_surface#40)
[3417046.695]  -> xdg_surface#37.get_toplevel(new id xdg_toplevel#35)
[3417046.699]  -> xdg_toplevel#35.set_parent(xdg_toplevel#31)
[3417046.702]  -> xdg_toplevel#35.set_title("WS114 choose file")
[3417046.705]  -> xdg_toplevel#35.set_app_id("python3")
[3417046.707]  -> wl_surface#40.commit()
[3417056.692] xdg_toplevel#35.configure_bounds(1256, 690)
[3417056.712] xdg_toplevel#35.configure(0, 0, array[4])
[3417056.723] xdg_surface#37.configure(90)
[3417056.752]  -> xdg_surface#37.ack_configure(90)
[3417057.129] {mesa egl surface queue} wl_callback#39.done(389606)
[3417057.144] {mesa egl surface queue} wl_buffer#36.release()
[3417058.601]  -> wl_surface#23.frame(new id wl_callback#39)
[3417058.650] {mesa egl surface queue}  -> wl_surface#23.attach(wl_buffer#36, 0, 0)
[3417058.663] {mesa egl surface queue}  -> wl_surface#23.damage_buffer(33, 108, 662, 40)
[3417058.673] {mesa egl surface queue}  -> wl_surface#23.damage_buffer(122, 205, 108, 40)
[3417070.415] {mesa egl surface queue}  -> wl_surface#23.commit()
[3417070.434] {mesa egl surface queue}  -> wl_display#1.sync(new id wl_callback#41)
[3417075.534]  -> xdg_toplevel#35.set_min_size(684, 356)
[3417075.549]  -> xdg_toplevel#35.set_max_size(0, 0)
[3417077.116] {mesa egl swrast display queue}  -> wl_shm#27.create_pool(new id wl_shm_pool#42, fd 23, 1263088)
[3417077.131] {mesa egl surface queue}  -> wl_shm_pool#42.create_buffer(new id wl_buffer#43, 0, 887, 356, 3548, 0)
[3417077.138] {mesa egl surface queue}  -> wl_shm_pool#42.destroy()
[3417445.763]  -> xdg_toplevel#35.set_min_size(656, 327)
[3417445.779]  -> xdg_toplevel#35.set_max_size(0, 0)
[3417445.784]  -> xdg_surface#37.set_window_geometry(14, 12, 859, 327)
[3417445.790] {Default Queue}  -> wl_compositor#4.create_region(new id wl_region#44)
[3417445.797] {Default Queue}  -> wl_region#44.add(22, 12, 843, 327)
[3417445.802]  -> wl_surface#40.set_opaque_region(wl_region#44)
[3417445.805] {Default Queue}  -> wl_region#44.destroy()
[3417445.809] {Default Queue}  -> wl_compositor#4.create_region(new id wl_region#45)
[3417445.812] {Default Queue}  -> wl_region#45.add(2, 0, 883, 351)
[3417445.816]  -> wl_surface#40.set_input_region(wl_region#45)
[3417445.819] {Default Queue}  -> wl_region#45.destroy()
[3417445.823] {Default Queue}  -> wp_viewport#38.set_destination(887, 356)
[3417445.827]  -> wl_surface#40.frame(new id wl_callback#46)
[3417445.857] {mesa egl surface queue}  -> wl_surface#40.attach(wl_buffer#43, 0, 0)
[3417445.863] {mesa egl surface queue}  -> wl_surface#40.damage_buffer(0, 0, 887, 356)
[3417454.227] {mesa egl surface queue}  -> wl_surface#40.commit()
[3417454.240] {mesa egl surface queue}  -> wl_display#1.sync(new id wl_callback#47)
[3417454.344] {Display Queue} wl_display#1.delete_id(41)
[3417454.352] {Display Queue} wl_display#1.delete_id(39)
[3417454.356] {Default Queue} wl_callback#39.done(389710)
[3417454.500] {Display Queue} wl_display#1.delete_id(42)
[3417454.505] {Display Queue} wl_display#1.delete_id(44)
[3417454.508] {Display Queue} wl_display#1.delete_id(45)
[3417454.511] {Display Queue} wl_display#1.delete_id(47)
[3417454.683] {mesa egl surface queue} wl_callback#41.done(389694)
[3417454.691] {mesa egl surface queue} wl_buffer#36.release()
[3417454.985]  -> wl_surface#23.frame(new id wl_callback#41)
[3417455.002] {mesa egl surface queue}  -> wl_surface#23.attach(wl_buffer#36, 0, 0)
[3417455.008] {mesa egl surface queue}  -> wl_surface#23.damage_buffer(33, 108, 662, 40)
[3417458.179] {mesa egl surface queue}  -> wl_surface#23.commit()
[3417458.192] {mesa egl surface queue}  -> wl_display#1.sync(new id wl_callback#45)
[3417487.859] {Display Queue} wl_display#1.delete_id(46)
[3417487.873] {Display Queue} wl_display#1.delete_id(45)
[3417487.876] {Default Queue} wl_keyboard#22.leave(91, wl_surface#23)
[3417487.887] {Default Queue} wl_keyboard#22.enter(92, wl_surface#40, array[0])
[3417487.892] {Default Queue} wl_keyboard#22.modifiers(93, 0, 0, 0, 0)
[3417487.917] {Default Queue} zwp_text_input_v3#34.leave(wl_surface#23)
[3417487.924] {Default Queue} zwp_text_input_v3#34.enter(wl_surface#40)
[3417487.927] {Default Queue} wl_pointer#6.leave(94, wl_surface#23)
[3417487.933] {Default Queue} wl_pointer#6.frame()
[3417487.940] {Default Queue} wl_pointer#6.enter(95, wl_surface#40, 253.00000000, 154.00000000)
[3417487.945] {Default Queue}  -> wp_cursor_shape_device_v1#21.set_shape(95, 1)
[3417487.950] {Default Queue} wl_pointer#6.frame()
[3417487.955] {Default Queue} wl_callback#46.done(390106)
[3417541.652] {Display Queue} wl_display#1.delete_id(41)
[3417541.670] {Default Queue} wl_callback#41.done(390160)
[3417542.041] {mesa egl surface queue} wl_callback#45.done(390106)
[3417542.054] {mesa egl surface queue} wl_buffer#36.release()
[3417542.298]  -> wl_surface#23.frame(new id wl_callback#45)
[3417542.320] {mesa egl surface queue}  -> wl_surface#23.attach(wl_buffer#36, 0, 0)
[3417542.327] {mesa egl surface queue}  -> wl_surface#23.damage_buffer(126, 208, 100, 32)
[3417542.849] {mesa egl surface queue}  -> wl_surface#23.commit()
[3417542.860] {mesa egl surface queue}  -> wl_display#1.sync(new id wl_callback#41)
[3417542.947] {Display Queue} wl_display#1.delete_id(41)
[3417593.390] {Display Queue} wl_display#1.delete_id(45)
[3417593.475] {Default Queue} wl_callback#45.done(390211)
[3433604.049] {Default Queue} wl_keyboard#22.key(96, 406222, 29, 1)
[3433604.192] {Default Queue} wl_keyboard#22.modifiers(98, 4, 0, 0, 0)
[3433604.235] {Default Queue} wl_keyboard#22.key(99, 406222, 38, 1)
[3433610.738] {Default Queue}  -> zwp_text_input_v3#34.enable()
[3433610.782] {Default Queue}  -> zwp_text_input_v3#34.set_surrounding_text("", 0, 0)
[3433610.796] {Default Queue}  -> zwp_text_input_v3#34.set_text_change_cause(1)
[3433610.810] {Default Queue}  -> zwp_text_input_v3#34.set_content_type(0, 0)
[3433610.890] {Default Queue}  -> zwp_text_input_v3#34.set_cursor_rectangle(155, 59, 0, 0)
[3433610.905] {Default Queue}  -> zwp_text_input_v3#34.commit()
[3433611.014] {Default Queue}  -> zwp_text_input_v3#34.set_surrounding_text("", 0, 0)
[3433611.027] {Default Queue}  -> zwp_text_input_v3#34.set_text_change_cause(1)
[3433611.040] {Default Queue}  -> zwp_text_input_v3#34.set_content_type(0, 0)
[3433611.054] {Default Queue}  -> zwp_text_input_v3#34.set_cursor_rectangle(155, 59, 0, 0)
[3433611.065] {Default Queue}  -> zwp_text_input_v3#34.commit()
[3433616.671] {mesa egl surface queue} wl_callback#47.done(390072)
[3433616.697] {mesa egl surface queue} wl_buffer#43.release()
[3433708.264]  -> wl_surface#40.frame(new id wl_callback#47)
[3433708.310] {mesa egl surface queue}  -> wl_surface#40.attach(wl_buffer#43, 0, 0)
[3433708.315] {mesa egl surface queue}  -> wl_surface#40.damage_buffer(382, 20, 123, 30)
[3433708.995] {mesa egl surface queue}  -> wl_surface#40.commit()
[3433709.027] {mesa egl surface queue}  -> wl_display#1.sync(new id wl_callback#45)
[3433709.283] {Display Queue} wl_display#1.delete_id(45)
[3433709.310] {Default Queue} wl_keyboard#22.key(100, 406269, 38, 0)
[3433709.364] {Default Queue} wl_keyboard#22.key(101, 406269, 29, 0)
[3433709.389] {Default Queue} wl_keyboard#22.modifiers(103, 0, 0, 0, 0)
[3433728.673] {Display Queue} wl_display#1.delete_id(47)
[3433728.699] {Default Queue} wl_callback#47.done(406347)
[3434065.799] {mesa egl surface queue} wl_callback#45.done(406327)
[3434065.839] {mesa egl surface queue} wl_buffer#43.release()
[3434154.344]  -> wl_surface#40.frame(new id wl_callback#45)
[3434154.424] {mesa egl surface queue}  -> wl_surface#40.attach(wl_buffer#43, 0, 0)
[3434154.430] {mesa egl surface queue}  -> wl_surface#40.damage_buffer(160, 63, 710, 40)
[3434155.391] {mesa egl surface queue}  -> wl_surface#40.commit()
[3434155.401] {mesa egl surface queue}  -> wl_display#1.sync(new id wl_callback#47)
[3434155.583] {Display Queue} wl_display#1.delete_id(47)
[3434155.592] {Default Queue} wl_keyboard#22.key(104, 406382, 53, 1)
[3434155.623] {Default Queue} wl_keyboard#22.key(105, 406432, 53, 0)
[3434155.631] {Default Queue} wl_keyboard#22.key(106, 406482, 20, 1)
[3434155.638] {Default Queue} wl_keyboard#22.key(107, 406536, 20, 0)
[3434155.655] {Default Queue} wl_keyboard#22.key(108, 406584, 50, 1)
[3434155.663] {Default Queue} wl_keyboard#22.key(109, 406634, 50, 0)
[3434155.669] {Default Queue} wl_keyboard#22.key(110, 406684, 25, 1)
[3434155.676] {Default Queue} wl_keyboard#22.key(111, 406715, 25, 0)
[3434155.683] {Default Queue} wl_keyboard#22.key(112, 406766, 53, 1)
[3434156.322] {Default Queue}  -> zwp_text_input_v3#34.set_surrounding_text("/", 1, 1)
[3434156.331] {Default Queue}  -> zwp_text_input_v3#34.set_text_change_cause(0)
[3434156.337] {Default Queue}  -> zwp_text_input_v3#34.set_content_type(0, 0)
[3434156.350] {Default Queue}  -> zwp_text_input_v3#34.set_cursor_rectangle(174, 66, 0, 32)
[3434156.353] {Default Queue}  -> zwp_text_input_v3#34.commit()
[3434156.751] {Default Queue}  -> zwp_text_input_v3#34.set_surrounding_text("/t", 2, 2)
[3434156.761] {Default Queue}  -> zwp_text_input_v3#34.set_text_change_cause(0)
[3434156.766] {Default Queue}  -> zwp_text_input_v3#34.set_content_type(0, 0)
[3434156.774] {Default Queue}  -> zwp_text_input_v3#34.set_cursor_rectangle(180, 66, 0, 32)
[3434156.778] {Default Queue}  -> zwp_text_input_v3#34.commit()
[3434156.956] {Default Queue}  -> zwp_text_input_v3#34.set_surrounding_text("/tm", 3, 3)
[3434156.962] {Default Queue}  -> zwp_text_input_v3#34.set_text_change_cause(0)
[3434156.966] {Default Queue}  -> zwp_text_input_v3#34.set_content_type(0, 0)
[3434156.971] {Default Queue}  -> zwp_text_input_v3#34.set_cursor_rectangle(193, 66, 0, 32)
[3434156.975] {Default Queue}  -> zwp_text_input_v3#34.commit()
[3434157.129] {Default Queue}  -> zwp_text_input_v3#34.set_surrounding_text("/tmp", 4, 4)
[3434157.135] {Default Queue}  -> zwp_text_input_v3#34.set_text_change_cause(0)
[3434157.139] {Default Queue}  -> zwp_text_input_v3#34.set_content_type(0, 0)
[3434157.144] {Default Queue}  -> zwp_text_input_v3#34.set_cursor_rectangle(201, 66, 0, 32)
[3434157.147] {Default Queue}  -> zwp_text_input_v3#34.commit()
[3434157.402] {Default Queue}  -> zwp_text_input_v3#34.set_surrounding_text("/tmp/", 5, 5)
[3434157.410] {Default Queue}  -> zwp_text_input_v3#34.set_text_change_cause(0)
[3434157.425] {Default Queue}  -> zwp_text_input_v3#34.set_content_type(0, 0)
[3434157.433] {Default Queue}  -> zwp_text_input_v3#34.set_cursor_rectangle(206, 66, 0, 32)
[3434157.437] {Default Queue}  -> zwp_text_input_v3#34.commit()
[3434182.390] {Display Queue} wl_display#1.delete_id(45)
[3434182.437] {Default Queue} wl_callback#45.done(406800)
[3434183.320] {mesa egl surface queue} wl_callback#47.done(406774)
[3434183.338] {mesa egl surface queue} wl_buffer#43.release()
[3434183.763]  -> wl_surface#40.frame(new id wl_callback#47)
[3434183.805] {mesa egl surface queue}  -> wl_surface#40.attach(wl_buffer#43, 0, 0)
[3434183.815] {mesa egl surface queue}  -> wl_surface#40.damage_buffer(160, 63, 710, 40)
[3434184.583] {mesa egl surface queue}  -> wl_surface#40.commit()
[3434184.595] {mesa egl surface queue}  -> wl_display#1.sync(new id wl_callback#45)
[3434184.734] {Display Queue} wl_display#1.delete_id(45)
[3434213.362] {Display Queue} wl_display#1.delete_id(47)
[3434213.390] {Default Queue} wl_callback#47.done(406831)
[3434213.408] {Default Queue} wl_keyboard#22.key(113, 406816, 53, 0)
[3434214.068] {mesa egl surface queue} wl_callback#45.done(406803)
[3434214.084] {mesa egl surface queue} wl_buffer#43.release()
[3434214.339]  -> wl_surface#40.frame(new id wl_callback#45)
[3434214.366] {mesa egl surface queue}  -> wl_surface#40.attach(wl_buffer#43, 0, 0)
[3434214.374] {mesa egl surface queue}  -> wl_surface#40.damage_buffer(207, 73, 1, 18)
[3434214.769] {mesa egl surface queue}  -> wl_surface#40.commit()
[3434214.781] {mesa egl surface queue}  -> wl_display#1.sync(new id wl_callback#47)
[3434214.902] {Display Queue} wl_display#1.delete_id(47)
[3434244.987] {Display Queue} wl_display#1.delete_id(45)
[3434245.017] {Default Queue} wl_callback#45.done(406863)
[3434245.036] {Default Queue} wl_keyboard#22.key(114, 406863, 16, 1)
[3434246.032] {Default Queue}  -> zwp_text_input_v3#34.set_surrounding_text("/tmp/q", 6, 6)
[3434246.066] {Default Queue}  -> zwp_text_input_v3#34.set_text_change_cause(0)
[3434246.086] {Default Queue}  -> zwp_text_input_v3#34.set_content_type(0, 0)
[3434246.105] {Default Queue}  -> zwp_text_input_v3#34.set_cursor_rectangle(214, 66, 0, 32)
[3434246.113] {Default Queue}  -> zwp_text_input_v3#34.commit()
[3434246.437] {Default Queue}  -> zwp_text_input_v3#34.set_surrounding_text("/tmp/q580-", 6, 6)
[3434246.456] {Default Queue}  -> zwp_text_input_v3#34.set_text_change_cause(1)
[3434246.466] {Default Queue}  -> zwp_text_input_v3#34.set_content_type(0, 0)
[3434246.479] {Default Queue}  -> zwp_text_input_v3#34.set_cursor_rectangle(214, 66, 0, 32)
[3434246.487] {Default Queue}  -> zwp_text_input_v3#34.commit()
[3434247.844] {Default Queue}  -> zwp_primary_selection_device_manager_v1#12.create_source(new id zwp_primary_selection_source_v1#45)
[3434247.869] {Default Queue}  -> zwp_primary_selection_source_v1#45.offer("text/plain;charset=utf-8")
[3434247.886] {Default Queue}  -> zwp_primary_selection_source_v1#45.offer("text/plain")
[3434247.899] {Default Queue}  -> zwp_primary_selection_device_v1#15.set_selection(zwp_primary_selection_source_v1#45, 114)
[3434248.792] {mesa egl surface queue} wl_callback#47.done(406833)
[3434248.823] {mesa egl surface queue} wl_buffer#43.release()
[3434341.406]  -> wl_surface#40.frame(new id wl_callback#47)
[3434341.511] {mesa egl surface queue}  -> wl_surface#40.attach(wl_buffer#43, 0, 0)
[3434341.521] {mesa egl surface queue}  -> wl_surface#40.damage_buffer(207, 73, 1, 2)
[3434341.526] {mesa egl surface queue}  -> wl_surface#40.damage_buffer(215, 73, 32, 2)
[3434341.531] {mesa egl surface queue}  -> wl_surface#40.damage_buffer(170, 75, 77, 17)
[3434342.170] {mesa egl surface queue}  -> wl_surface#40.commit()
[3434342.190] {mesa egl surface queue}  -> wl_display#1.sync(new id wl_callback#46)
[3434342.311] {Default Queue} zwp_primary_selection_device_v1#15.data_offer(new id zwp_primary_selection_offer_v1#4278190080)
[3434342.324] {Default Queue} zwp_primary_selection_offer_v1#4278190080.offer("text/plain;charset=utf-8")
[3434342.330] {Default Queue} zwp_primary_selection_offer_v1#4278190080.offer("text/plain")
[3434342.335] {Default Queue} zwp_primary_selection_device_v1#15.selection(zwp_primary_selection_offer_v1#4278190080)
[3434342.340] {Default Queue}  -> zwp_primary_selection_offer_v1#4278190080.destroy()
[3434342.345] {Default Queue} wl_keyboard#22.key(115, 406918, 16, 0)
[3434342.586] {Display Queue} wl_display#1.delete_id(46)
[3434349.727] {Default Queue}  -> wl_compositor#4.create_surface(new id wl_surface#44)
[3434349.746] {Default Queue}  -> wp_viewporter#11.get_viewport(new id wp_viewport#42, wl_surface#44)
[3434366.462] {Default Queue}  -> xdg_wm_base#20.create_positioner(new id xdg_positioner#39)
[3434366.482] {Default Queue}  -> xdg_positioner#39.set_size(706, 222)
[3434366.487] {Default Queue}  -> xdg_positioner#39.set_anchor_rect(147, 53, 706, 34)
[3434366.492] {Default Queue}  -> xdg_positioner#39.set_offset(0, 0)
[3434366.496] {Default Queue}  -> xdg_positioner#39.set_anchor(2)
[3434366.500] {Default Queue}  -> xdg_positioner#39.set_gravity(2)
[3434366.504] {Default Queue}  -> xdg_positioner#39.set_constraint_adjustment(57)
[3434366.508] {Default Queue}  -> xdg_positioner#39.set_reactive()
[3434366.525] {Default Queue}  -> xdg_wm_base#20.get_xdg_surface(new id xdg_surface#48, wl_surface#44)
[3434366.530]  -> xdg_surface#48.get_popup(new id xdg_popup#49, xdg_surface#37, xdg_positioner#39)
[3434366.534] {Default Queue}  -> xdg_positioner#39.destroy()
[3434366.538]  -> wl_surface#44.commit()
[3434366.568] {Display Queue} wl_display#1.delete_id(47)
[3434366.738] {Display Queue} wl_display#1.delete_id(39)
[3434366.744] xdg_popup#49.configure(147, 87, 706, 222)
[3434366.749] xdg_surface#48.configure(117)
[3434366.764]  -> xdg_surface#48.ack_configure(117)
[3434366.847] {Default Queue} wl_callback#47.done(406977)
[3434366.855] {Default Queue} wl_keyboard#22.key(116, 406968, 6, 1)
[3434367.010] {Default Queue}  -> zwp_primary_selection_source_v1#45.destroy()
[3434367.025] {Default Queue}  -> zwp_primary_selection_device_manager_v1#12.create_source(new id zwp_primary_selection_source_v1#47)
[3434367.033] {Default Queue}  -> zwp_primary_selection_device_v1#15.set_selection(zwp_primary_selection_source_v1#47, 116)
[3434367.319] {Default Queue}  -> zwp_text_input_v3#34.set_surrounding_text("/tmp/q5", 7, 7)
[3434367.328] {Default Queue}  -> zwp_text_input_v3#34.set_text_change_cause(0)
[3434367.335] {Default Queue}  -> zwp_text_input_v3#34.set_content_type(0, 0)
[3434367.344] {Default Queue}  -> zwp_text_input_v3#34.set_cursor_rectangle(222, 66, 0, 32)
[3434367.348] {Default Queue}  -> zwp_text_input_v3#34.commit()
[3434368.050] {Default Queue}  -> zwp_text_input_v3#34.set_surrounding_text("/tmp/q580-", 7, 7)
[3434368.068] {Default Queue}  -> zwp_text_input_v3#34.set_text_change_cause(1)
[3434368.074] {Default Queue}  -> zwp_text_input_v3#34.set_content_type(0, 0)
[3434368.081] {Default Queue}  -> zwp_text_input_v3#34.set_cursor_rectangle(222, 66, 0, 32)
[3434368.086] {Default Queue}  -> zwp_text_input_v3#34.commit()
[3434368.135] {Default Queue}  -> zwp_primary_selection_source_v1#47.destroy()
[3434368.143] {Default Queue}  -> zwp_primary_selection_device_manager_v1#12.create_source(new id zwp_primary_selection_source_v1#39)
[3434368.149] {Default Queue}  -> zwp_primary_selection_source_v1#39.offer("text/plain;charset=utf-8")
[3434368.153] {Default Queue}  -> zwp_primary_selection_source_v1#39.offer("text/plain")
[3434368.156] {Default Queue}  -> zwp_primary_selection_device_v1#15.set_selection(zwp_primary_selection_source_v1#39, 116)
[3434368.216] {Display Queue} wl_display#1.delete_id(45)
[3434368.223] {Default Queue} zwp_primary_selection_device_v1#15.selection(nil)
[3434368.227] {Default Queue} zwp_primary_selection_device_v1#15.data_offer(new id zwp_primary_selection_offer_v1#4278190081)
[3434368.231] {Default Queue} zwp_primary_selection_device_v1#15.selection(zwp_primary_selection_offer_v1#4278190081)
[3434368.235] {Default Queue}  -> zwp_primary_selection_offer_v1#4278190081.destroy()
[3434369.267] {mesa egl surface queue} wl_callback#46.done(406960)
[3434369.286] {mesa egl surface queue} wl_buffer#43.release()
[3434369.628]  -> wl_surface#40.frame(new id wl_callback#46)
[3434369.656] {mesa egl surface queue}  -> wl_surface#40.attach(wl_buffer#43, 0, 0)
[3434369.664] {mesa egl surface queue}  -> wl_surface#40.damage_buffer(215, 73, 32, 18)
[3434370.115] {mesa egl surface queue}  -> wl_surface#40.commit()
[3434370.126] {mesa egl surface queue}  -> wl_display#1.sync(new id wl_callback#45)
[3434370.945] {mesa egl swrast display queue}  -> wl_shm#27.create_pool(new id wl_shm_pool#50, fd 23, 649344)
[3434370.956] {mesa egl surface queue}  -> wl_shm_pool#50.create_buffer(new id wl_buffer#51, 0, 712, 228, 2848, 0)
[3434370.961] {mesa egl surface queue}  -> wl_shm_pool#50.destroy()
[3434420.627]  -> xdg_surface#48.set_window_geometry(3, 2, 706, 222)
[3434420.663] {Default Queue}  -> wl_compositor#4.create_region(new id wl_region#52)
[3434420.672] {Default Queue}  -> wl_region#52.add(12, 3, 688, 220)
[3434420.677]  -> wl_surface#44.set_opaque_region(wl_region#52)
[3434420.681] {Default Queue}  -> wl_region#52.destroy()
[3434420.686] {Default Queue}  -> wl_compositor#4.create_region(new id wl_region#53)
[3434420.690] {Default Queue}  -> wl_region#53.add(3, 2, 706, 222)
[3434420.694]  -> wl_surface#44.set_input_region(wl_region#53)
[3434420.698] {Default Queue}  -> wl_region#53.destroy()
[3434420.702] {Default Queue}  -> wp_viewport#42.set_destination(712, 228)
[3434420.707]  -> wl_surface#44.frame(new id wl_callback#54)
[3434420.739] {mesa egl surface queue}  -> wl_surface#44.attach(wl_buffer#51, 0, 0)
[3434420.744] {mesa egl surface queue}  -> wl_surface#44.damage_buffer(0, 0, 712, 228)
[3434423.433] {mesa egl surface queue}  -> wl_surface#44.commit()
[3434423.444] {mesa egl surface queue}  -> wl_display#1.sync(new id wl_callback#55)
[3434423.566] {Display Queue} wl_display#1.delete_id(47)
[3434423.575] {Display Queue} wl_display#1.delete_id(45)
[3434423.578] {Display Queue} wl_display#1.delete_id(46)
[3434423.589] {Default Queue} zwp_primary_selection_device_v1#15.selection(nil)
[3434423.596] {Default Queue} zwp_primary_selection_device_v1#15.data_offer(new id zwp_primary_selection_offer_v1#4278190082)
[3434423.600] {Default Queue} zwp_primary_selection_offer_v1#4278190082.offer("text/plain;charset=utf-8")
[3434423.606] {Default Queue} zwp_primary_selection_offer_v1#4278190082.offer("text/plain")
[3434423.609] {Default Queue} zwp_primary_selection_device_v1#15.selection(zwp_primary_selection_offer_v1#4278190082)
[3434423.614] {Default Queue}  -> zwp_primary_selection_offer_v1#4278190082.destroy()
[3434423.617] {Default Queue} wl_callback#46.done(407010)
[3434423.627] {Default Queue} wl_keyboard#22.key(118, 407016, 6, 0)
[3434423.815] {Display Queue} wl_display#1.delete_id(50)
[3434423.825] {Display Queue} wl_display#1.delete_id(52)
[3434423.828] {Display Queue} wl_display#1.delete_id(53)
[3434423.830] {Display Queue} wl_display#1.delete_id(55)
[3434457.059] {Display Queue} wl_display#1.delete_id(54)
[3434457.113] {Default Queue} wl_callback#54.done(407075)
[3434457.135] {Default Queue} wl_keyboard#22.key(119, 407071, 9, 1)
[3434457.592] {Default Queue}  -> zwp_primary_selection_source_v1#39.destroy()
[3434457.627] {Default Queue}  -> zwp_primary_selection_device_manager_v1#12.create_source(new id zwp_primary_selection_source_v1#54)
[3434457.649] {Default Queue}  -> zwp_primary_selection_device_v1#15.set_selection(zwp_primary_selection_source_v1#54, 119)
[3434458.425] {Default Queue}  -> zwp_text_input_v3#34.set_surrounding_text("/tmp/q58", 8, 8)
[3434458.449] {Default Queue}  -> zwp_text_input_v3#34.set_text_change_cause(0)
[3434458.468] {Default Queue}  -> zwp_text_input_v3#34.set_content_type(0, 0)
[3434458.495] {Default Queue}  -> zwp_text_input_v3#34.set_cursor_rectangle(231, 66, 0, 32)
[3434458.508] {Default Queue}  -> zwp_text_input_v3#34.commit()
[3434460.454] {Default Queue}  -> zwp_text_input_v3#34.set_surrounding_text("/tmp/q580-", 8, 8)
[3434460.495] {Default Queue}  -> zwp_text_input_v3#34.set_text_change_cause(1)
[3434460.513] {Default Queue}  -> zwp_text_input_v3#34.set_content_type(0, 0)
[3434460.532] {Default Queue}  -> zwp_text_input_v3#34.set_cursor_rectangle(231, 66, 0, 32)
[3434460.545] {Default Queue}  -> zwp_text_input_v3#34.commit()
[3434460.677] {Default Queue}  -> zwp_primary_selection_source_v1#54.destroy()
[3434460.697] {Default Queue}  -> zwp_primary_selection_device_manager_v1#12.create_source(new id zwp_primary_selection_source_v1#53)
[3434460.715] {Default Queue}  -> zwp_primary_selection_source_v1#53.offer("text/plain;charset=utf-8")
[3434460.726] {Default Queue}  -> zwp_primary_selection_source_v1#53.offer("text/plain")
[3434460.737] {Default Queue}  -> zwp_primary_selection_device_v1#15.set_selection(zwp_primary_selection_source_v1#53, 119)
[3434460.878] {Display Queue} wl_display#1.delete_id(39)
[3434460.898] {Default Queue} zwp_primary_selection_device_v1#15.selection(nil)
[3434460.910] {Default Queue} zwp_primary_selection_device_v1#15.data_offer(new id zwp_primary_selection_offer_v1#4278190083)
[3434460.922] {Default Queue} zwp_primary_selection_device_v1#15.selection(zwp_primary_selection_offer_v1#4278190083)
[3434460.937] {Default Queue}  -> zwp_primary_selection_offer_v1#4278190083.destroy()
[3434461.003] {Display Queue} wl_display#1.delete_id(54)
[3434461.026] {Default Queue} zwp_primary_selection_device_v1#15.selection(nil)
[3434461.038] {Default Queue} zwp_primary_selection_device_v1#15.data_offer(new id zwp_primary_selection_offer_v1#4278190084)
[3434461.049] {Default Queue} zwp_primary_selection_offer_v1#4278190084.offer("text/plain;charset=utf-8")
[3434461.060] {Default Queue} zwp_primary_selection_offer_v1#4278190084.offer("text/plain")
[3434461.070] {Default Queue} zwp_primary_selection_device_v1#15.selection(zwp_primary_selection_offer_v1#4278190084)
[3434461.081] {Default Queue}  -> zwp_primary_selection_offer_v1#4278190084.destroy()
[3434463.493] {mesa egl surface queue} wl_callback#45.done(406988)
[3434463.523] {mesa egl surface queue} wl_buffer#43.release()
[3434464.052]  -> wl_surface#40.frame(new id wl_callback#45)
[3434464.095] {mesa egl surface queue}  -> wl_surface#40.attach(wl_buffer#43, 0, 0)
[3434464.109] {mesa egl surface queue}  -> wl_surface#40.damage_buffer(223, 73, 24, 18)
[3434464.577] {mesa egl surface queue}  -> wl_surface#40.commit()
[3434464.598] {mesa egl surface queue}  -> wl_display#1.sync(new id wl_callback#54)
[3434466.421] {Display Queue} wl_display#1.delete_id(54)
[3434505.157] {Display Queue} wl_display#1.delete_id(45)
[3434505.187] {Default Queue} wl_callback#45.done(407123)
[3434505.203] {Default Queue} wl_keyboard#22.key(120, 407120, 9, 0)
[3434552.233] {Default Queue} wl_keyboard#22.key(121, 407170, 11, 1)
[3434552.603] {Default Queue}  -> zwp_primary_selection_source_v1#53.destroy()
[3434552.632] {Default Queue}  -> zwp_primary_selection_device_manager_v1#12.create_source(new id zwp_primary_selection_source_v1#45)
[3434552.653] {Default Queue}  -> zwp_primary_selection_device_v1#15.set_selection(zwp_primary_selection_source_v1#45, 121)
[3434553.407] {Default Queue}  -> zwp_text_input_v3#34.set_surrounding_text("/tmp/q580", 9, 9)
[3434553.506] {Default Queue}  -> zwp_text_input_v3#34.set_text_change_cause(0)
[3434553.526] {Default Queue}  -> zwp_text_input_v3#34.set_content_type(0, 0)
[3434553.549] {Default Queue}  -> zwp_text_input_v3#34.set_cursor_rectangle(240, 66, 0, 32)
[3434553.562] {Default Queue}  -> zwp_text_input_v3#34.commit()
[3434555.476] {Default Queue}  -> zwp_text_input_v3#34.set_surrounding_text("/tmp/q580-", 9, 9)
[3434555.517] {Default Queue}  -> zwp_text_input_v3#34.set_text_change_cause(1)
[3434555.534] {Default Queue}  -> zwp_text_input_v3#34.set_content_type(0, 0)
[3434555.553] {Default Queue}  -> zwp_text_input_v3#34.set_cursor_rectangle(240, 66, 0, 32)
[3434555.566] {Default Queue}  -> zwp_text_input_v3#34.commit()
[3434555.695] {Default Queue}  -> zwp_primary_selection_source_v1#45.destroy()
[3434555.713] {Default Queue}  -> zwp_primary_selection_device_manager_v1#12.create_source(new id zwp_primary_selection_source_v1#39)
[3434555.731] {Default Queue}  -> zwp_primary_selection_source_v1#39.offer("text/plain;charset=utf-8")
[3434555.741] {Default Queue}  -> zwp_primary_selection_source_v1#39.offer("text/plain")
[3434555.752] {Default Queue}  -> zwp_primary_selection_device_v1#15.set_selection(zwp_primary_selection_source_v1#39, 121)
[3434555.887] {Display Queue} wl_display#1.delete_id(53)
[3434555.907] {Default Queue} zwp_primary_selection_device_v1#15.selection(nil)
[3434555.920] {Default Queue} zwp_primary_selection_device_v1#15.data_offer(new id zwp_primary_selection_offer_v1#4278190085)
[3434555.931] {Default Queue} zwp_primary_selection_device_v1#15.selection(zwp_primary_selection_offer_v1#4278190085)
[3434555.942] {Default Queue}  -> zwp_primary_selection_offer_v1#4278190085.destroy()
[3434557.325] {Display Queue} wl_display#1.delete_id(45)
[3434557.347] {Default Queue} zwp_primary_selection_device_v1#15.selection(nil)
[3434557.359] {Default Queue} zwp_primary_selection_device_v1#15.data_offer(new id zwp_primary_selection_offer_v1#4278190086)
[3434557.370] {Default Queue} zwp_primary_selection_offer_v1#4278190086.offer("text/plain;charset=utf-8")
[3434557.381] {Default Queue} zwp_primary_selection_offer_v1#4278190086.offer("text/plain")
[3434557.392] {Default Queue} zwp_primary_selection_device_v1#15.selection(zwp_primary_selection_offer_v1#4278190086)
[3434557.404] {Default Queue}  -> zwp_primary_selection_offer_v1#4278190086.destroy()
[3434562.448] {mesa egl surface queue} wl_callback#54.done(407083)
[3434562.485] {mesa egl surface queue} wl_buffer#43.release()
[3434562.878]  -> wl_surface#40.frame(new id wl_callback#54)
[3434562.922] {mesa egl surface queue}  -> wl_surface#40.attach(wl_buffer#43, 0, 0)
[3434562.937] {mesa egl surface queue}  -> wl_surface#40.damage_buffer(231, 73, 16, 18)
[3434563.457] {mesa egl surface queue}  -> wl_surface#40.commit()
[3434563.480] {mesa egl surface queue}  -> wl_display#1.sync(new id wl_callback#45)
[3434565.178] {Display Queue} wl_display#1.delete_id(45)
[3434593.604] {Display Queue} wl_display#1.delete_id(54)
[3434593.625] {Default Queue} wl_callback#54.done(407212)
[3434602.117] {Default Queue} wl_keyboard#22.key(122, 407220, 11, 0)
[3434654.077] {Default Queue} wl_keyboard#22.key(123, 407272, 12, 1)
[3434654.454] {Default Queue}  -> zwp_primary_selection_source_v1#39.destroy()
[3434654.481] {Default Queue}  -> zwp_primary_selection_device_manager_v1#12.create_source(new id zwp_primary_selection_source_v1#54)
[3434654.502] {Default Queue}  -> zwp_primary_selection_device_v1#15.set_selection(zwp_primary_selection_source_v1#54, 123)
[3434655.260] {Default Queue}  -> zwp_text_input_v3#34.set_surrounding_text("/tmp/q580-", 10, 10)
[3434655.284] {Default Queue}  -> zwp_text_input_v3#34.set_text_change_cause(0)
[3434655.301] {Default Queue}  -> zwp_text_input_v3#34.set_content_type(0, 0)
[3434655.325] {Default Queue}  -> zwp_text_input_v3#34.set_cursor_rectangle(246, 66, 0, 32)
[3434655.337] {Default Queue}  -> zwp_text_input_v3#34.commit()
[3434657.160] {Display Queue} wl_display#1.delete_id(39)
[3434657.202] {Default Queue} zwp_primary_selection_device_v1#15.selection(nil)
[3434657.218] {Default Queue} zwp_primary_selection_device_v1#15.data_offer(new id zwp_primary_selection_offer_v1#4278190087)
[3434657.230] {Default Queue} zwp_primary_selection_device_v1#15.selection(zwp_primary_selection_offer_v1#4278190087)
[3434657.245] {Default Queue}  -> zwp_primary_selection_offer_v1#4278190087.destroy()
[3434663.193] {mesa egl surface queue} wl_callback#45.done(407182)
[3434663.247] {mesa egl surface queue} wl_buffer#43.release()
[3434663.605]  -> wl_surface#40.frame(new id wl_callback#45)
[3434663.649] {mesa egl surface queue}  -> wl_surface#40.attach(wl_buffer#43, 0, 0)
[3434663.664] {mesa egl surface queue}  -> wl_surface#40.damage_buffer(240, 73, 8, 18)
[3434664.225] {mesa egl surface queue}  -> wl_surface#40.commit()
[3434664.247] {mesa egl surface queue}  -> wl_display#1.sync(new id wl_callback#39)
[3434666.050] {Display Queue} wl_display#1.delete_id(39)
[3434697.795] {Display Queue} wl_display#1.delete_id(45)
[3434697.828] {Default Queue} wl_callback#45.done(407316)
[3434704.061] {Default Queue} wl_keyboard#22.key(124, 407322, 12, 0)
[3434753.997] {Default Queue} wl_keyboard#22.key(125, 407372, 50, 1)
[3434754.888] {Default Queue}  -> zwp_text_input_v3#34.set_surrounding_text("/tmp/q580-m", 11, 11)
[3434754.918] {Default Queue}  -> zwp_text_input_v3#34.set_text_change_cause(0)
[3434754.936] {Default Queue}  -> zwp_text_input_v3#34.set_content_type(0, 0)
[3434754.959] {Default Queue}  -> zwp_text_input_v3#34.set_cursor_rectangle(259, 66, 0, 32)
[3434754.972] {Default Queue}  -> zwp_text_input_v3#34.commit()
[3434755.452] {Default Queue}  -> xdg_wm_base#20.create_positioner(new id xdg_positioner#45)
[3434755.475] {Default Queue}  -> xdg_positioner#45.set_size(706, 48)
[3434755.487] {Default Queue}  -> xdg_positioner#45.set_anchor_rect(147, 53, 706, 34)
[3434755.498] {Default Queue}  -> xdg_positioner#45.set_offset(0, 0)
[3434755.510] {Default Queue}  -> xdg_positioner#45.set_anchor(2)
[3434755.520] {Default Queue}  -> xdg_positioner#45.set_gravity(2)
[3434755.529] {Default Queue}  -> xdg_positioner#45.set_constraint_adjustment(57)
[3434755.539] {Default Queue}  -> xdg_positioner#45.set_reactive()
[3434755.549] {Default Queue}  -> xdg_positioner#45.set_parent_size(859, 327)
[3434755.560] {Default Queue}  -> xdg_positioner#45.set_parent_configure(90)
[3434755.570]  -> xdg_popup#49.reposition(xdg_positioner#45, 1)
[3434755.581] {Default Queue}  -> xdg_positioner#45.destroy()
[3434755.785] {Display Queue} wl_display#1.delete_id(45)
[3434755.824] xdg_popup#49.repositioned(1)
[3434755.836] xdg_popup#49.configure(147, 87, 706, 48)
[3434755.848] xdg_surface#48.configure(126)
[3434755.859]  -> xdg_surface#48.ack_configure(126)
[3434756.097] {Default Queue}  -> zwp_text_input_v3#34.set_surrounding_text("/tmp/q580-marker.txt", 11, 11)
[3434756.117] {Default Queue}  -> zwp_text_input_v3#34.set_text_change_cause(1)
[3434756.133] {Default Queue}  -> zwp_text_input_v3#34.set_content_type(0, 0)
[3434756.171] {Default Queue}  -> zwp_text_input_v3#34.set_cursor_rectangle(259, 66, 0, 32)
[3434756.184] {Default Queue}  -> zwp_text_input_v3#34.commit()
[3434756.342] {Default Queue}  -> zwp_primary_selection_source_v1#54.destroy()
[3434756.361] {Default Queue}  -> zwp_primary_selection_device_manager_v1#12.create_source(new id zwp_primary_selection_source_v1#45)
[3434756.380] {Default Queue}  -> zwp_primary_selection_source_v1#45.offer("text/plain;charset=utf-8")
[3434756.390] {Default Queue}  -> zwp_primary_selection_source_v1#45.offer("text/plain")
[3434756.402] {Default Queue}  -> zwp_primary_selection_device_v1#15.set_selection(zwp_primary_selection_source_v1#45, 125)
[3434763.449] {mesa egl surface queue} wl_callback#39.done(407282)
[3434763.503] {mesa egl surface queue} wl_buffer#43.release()
[3434764.701]  -> wl_surface#40.frame(new id wl_callback#39)
[3434764.755] {mesa egl surface queue}  -> wl_surface#40.attach(wl_buffer#43, 0, 0)
[3434764.770] {mesa egl surface queue}  -> wl_surface#40.damage_buffer(247, 73, 1, 2)
[3434764.782] {mesa egl surface queue}  -> wl_surface#40.damage_buffer(260, 73, 55, 2)
[3434764.793] {mesa egl surface queue}  -> wl_surface#40.damage_buffer(170, 75, 146, 17)
[3434769.779] {mesa egl surface queue}  -> wl_surface#40.commit()
[3434769.796] {mesa egl surface queue}  -> wl_display#1.sync(new id wl_callback#53)
[3434770.356] {mesa egl surface queue} wl_callback#55.done(407042)
[3434770.377] {mesa egl surface queue} wl_buffer#51.release()
[3434770.386] {mesa egl surface queue}  -> wl_buffer#51.destroy()
[3434770.491] {mesa egl swrast display queue}  -> wl_shm#27.create_pool(new id wl_shm_pool#55, fd 23, 153792)
[3434770.506] {mesa egl surface queue}  -> wl_shm_pool#55.create_buffer(new id wl_buffer#52, 0, 712, 54, 2848, 0)
[3434770.516] {mesa egl surface queue}  -> wl_shm_pool#55.destroy()
[3434771.158]  -> xdg_surface#48.set_window_geometry(3, 2, 706, 48)
[3434771.178] {Default Queue}  -> wl_compositor#4.create_region(new id wl_region#50)
[3434771.188] {Default Queue}  -> wl_region#50.add(12, 3, 688, 46)
[3434771.197]  -> wl_surface#44.set_opaque_region(wl_region#50)
[3434771.204] {Default Queue}  -> wl_region#50.destroy()
[3434771.211] {Default Queue}  -> wl_compositor#4.create_region(new id wl_region#46)
[3434771.219] {Default Queue}  -> wl_region#46.add(3, 2, 706, 48)
[3434771.227]  -> wl_surface#44.set_input_region(wl_region#46)
[3434771.233] {Default Queue}  -> wl_region#46.destroy()
[3434771.241] {Default Queue}  -> wp_viewport#42.set_destination(712, 54)
[3434771.249]  -> wl_surface#44.frame(new id wl_callback#47)
[3434771.274] {mesa egl surface queue}  -> wl_surface#44.attach(wl_buffer#52, 0, 0)
[3434771.283] {mesa egl surface queue}  -> wl_surface#44.damage_buffer(0, 0, 712, 54)
[3434777.821] {mesa egl surface queue}  -> wl_surface#44.commit()
[3434777.834] {mesa egl surface queue}  -> wl_display#1.sync(new id wl_callback#56)
[3434785.775] {Display Queue} wl_display#1.delete_id(54)
[3434785.800] {Display Queue} wl_display#1.delete_id(53)
[3434785.806] {Display Queue} wl_display#1.delete_id(51)
[3434785.811] {Display Queue} wl_display#1.delete_id(55)
[3434785.816] {Display Queue} wl_display#1.delete_id(50)
[3434785.820] {Display Queue} wl_display#1.delete_id(46)
[3434785.825] {Display Queue} wl_display#1.delete_id(56)
[3434785.829] {Default Queue} zwp_primary_selection_device_v1#15.selection(nil)
[3434785.838] {Default Queue} zwp_primary_selection_device_v1#15.data_offer(new id zwp_primary_selection_offer_v1#4278190088)
[3434785.844] {Default Queue} zwp_primary_selection_offer_v1#4278190088.offer("text/plain;charset=utf-8")
[3434785.852] {Default Queue} zwp_primary_selection_offer_v1#4278190088.offer("text/plain")
[3434785.858] {Default Queue} zwp_primary_selection_device_v1#15.selection(zwp_primary_selection_offer_v1#4278190088)
[3434785.865] {Default Queue}  -> zwp_primary_selection_offer_v1#4278190088.destroy()
[3434805.700] {Default Queue} wl_keyboard#22.key(127, 407423, 50, 0)
[3434837.979] {Display Queue} wl_display#1.delete_id(39)
[3434838.021] {Display Queue} wl_display#1.delete_id(47)
[3434838.049] {Default Queue} wl_callback#39.done(407456)
[3434838.083] {Default Queue} wl_callback#47.done(407456)
[3434856.869]  -> xdg_popup#49.destroy()
[3434856.909]  -> xdg_surface#48.destroy()
[3434856.923]  -> wl_surface#44.attach(nil, 0, 0)
[3434856.935]  -> wl_surface#44.commit()
[3434857.510] {Display Queue} wl_display#1.delete_id(49)
[3434857.536] {Display Queue} wl_display#1.delete_id(48)
[3434886.598] {Default Queue} wl_keyboard#22.key(128, 407480, 30, 1)
[3434886.938] {Default Queue}  -> zwp_primary_selection_source_v1#45.destroy()
[3434886.957] {Default Queue}  -> zwp_primary_selection_device_manager_v1#12.create_source(new id zwp_primary_selection_source_v1#48)
[3434886.969] {Default Queue}  -> zwp_primary_selection_device_v1#15.set_selection(zwp_primary_selection_source_v1#48, 128)
[3434887.381] {Default Queue}  -> zwp_text_input_v3#34.set_surrounding_text("/tmp/q580-ma", 12, 12)
[3434887.397] {Default Queue}  -> zwp_text_input_v3#34.set_text_change_cause(0)
[3434887.408] {Default Queue}  -> zwp_text_input_v3#34.set_content_type(0, 0)
[3434887.425] {Default Queue}  -> zwp_text_input_v3#34.set_cursor_rectangle(267, 66, 0, 32)
[3434887.432] {Default Queue}  -> zwp_text_input_v3#34.commit()
[3434887.632] {Default Queue}  -> zwp_text_input_v3#34.set_surrounding_text("/tmp/q580-marker.txt", 12, 12)
[3434887.651] {Default Queue}  -> zwp_text_input_v3#34.set_text_change_cause(1)
[3434887.660] {Default Queue}  -> zwp_text_input_v3#34.set_content_type(0, 0)
[3434887.672] {Default Queue}  -> zwp_text_input_v3#34.set_cursor_rectangle(267, 66, 0, 32)
[3434887.679] {Default Queue}  -> zwp_text_input_v3#34.commit()
[3434887.767] {Default Queue}  -> zwp_primary_selection_source_v1#48.destroy()
[3434887.777] {Default Queue}  -> zwp_primary_selection_device_manager_v1#12.create_source(new id zwp_primary_selection_source_v1#49)
[3434887.787] {Default Queue}  -> zwp_primary_selection_source_v1#49.offer("text/plain;charset=utf-8")
[3434887.793] {Default Queue}  -> zwp_primary_selection_source_v1#49.offer("text/plain")
[3434887.800] {Default Queue}  -> zwp_primary_selection_device_v1#15.set_selection(zwp_primary_selection_source_v1#49, 128)
[3434887.893] {Display Queue} wl_display#1.delete_id(45)
[3434887.905] {Default Queue} zwp_primary_selection_device_v1#15.selection(nil)
[3434887.913] {Default Queue} zwp_primary_selection_device_v1#15.data_offer(new id zwp_primary_selection_offer_v1#4278190089)
[3434887.920] {Default Queue} zwp_primary_selection_device_v1#15.selection(zwp_primary_selection_offer_v1#4278190089)
[3434887.926] {Default Queue}  -> zwp_primary_selection_offer_v1#4278190089.destroy()
[3434887.959] {Display Queue} wl_display#1.delete_id(48)
[3434887.968] {Default Queue} zwp_primary_selection_device_v1#15.selection(nil)
[3434887.987] {Default Queue} zwp_primary_selection_device_v1#15.data_offer(new id zwp_primary_selection_offer_v1#4278190090)
[3434887.992] {Default Queue} zwp_primary_selection_offer_v1#4278190090.offer("text/plain;charset=utf-8")
[3434887.997] {Default Queue} zwp_primary_selection_offer_v1#4278190090.offer("text/plain")
[3434888.001] {Default Queue} zwp_primary_selection_device_v1#15.selection(zwp_primary_selection_offer_v1#4278190090)
[3434888.007] {Default Queue}  -> zwp_primary_selection_offer_v1#4278190090.destroy()
[3434888.374] {mesa egl surface queue} wl_callback#53.done(407404)
[3434888.390] {mesa egl surface queue} wl_buffer#43.release()
[3434888.755]  -> wl_surface#40.frame(new id wl_callback#53)
[3434888.779] {mesa egl surface queue}  -> wl_surface#40.attach(wl_buffer#43, 0, 0)
[3434888.785] {mesa egl surface queue}  -> wl_surface#40.damage_buffer(260, 73, 55, 18)
[3434889.181] {mesa egl surface queue}  -> wl_surface#40.commit()
[3434889.193] {mesa egl surface queue}  -> wl_display#1.sync(new id wl_callback#48)
[3434889.282] {Display Queue} wl_display#1.delete_id(48)
[3434928.582] {Display Queue} wl_display#1.delete_id(53)
[3434928.616] {Default Queue} wl_callback#53.done(407547)
[3434928.641] {Default Queue} wl_keyboard#22.key(129, 407541, 30, 0)
[3434968.773] {Default Queue} wl_keyboard#22.key(130, 407586, 19, 1)
[3434969.218] {Default Queue}  -> zwp_primary_selection_source_v1#49.destroy()
[3434969.245] {Default Queue}  -> zwp_primary_selection_device_manager_v1#12.create_source(new id zwp_primary_selection_source_v1#53)
[3434969.266] {Default Queue}  -> zwp_primary_selection_device_v1#15.set_selection(zwp_primary_selection_source_v1#53, 130)
[3434970.023] {Default Queue}  -> zwp_text_input_v3#34.set_surrounding_text("/tmp/q580-mar", 13, 13)
[3434970.049] {Default Queue}  -> zwp_text_input_v3#34.set_text_change_cause(0)
[3434970.066] {Default Queue}  -> zwp_text_input_v3#34.set_content_type(0, 0)
[3434970.093] {Default Queue}  -> zwp_text_input_v3#34.set_cursor_rectangle(272, 66, 0, 32)
[3434970.108] {Default Queue}  -> zwp_text_input_v3#34.commit()
[3434970.419] {Default Queue}  -> zwp_text_input_v3#34.set_surrounding_text("/tmp/q580-marker.txt", 13, 13)
[3434970.440] {Default Queue}  -> zwp_text_input_v3#34.set_text_change_cause(1)
[3434970.455] {Default Queue}  -> zwp_text_input_v3#34.set_content_type(0, 0)
[3434970.473] {Default Queue}  -> zwp_text_input_v3#34.set_cursor_rectangle(272, 66, 0, 32)
[3434970.485] {Default Queue}  -> zwp_text_input_v3#34.commit()
[3434970.629] {Default Queue}  -> zwp_primary_selection_source_v1#53.destroy()
[3434970.646] {Default Queue}  -> zwp_primary_selection_device_manager_v1#12.create_source(new id zwp_primary_selection_source_v1#45)
[3434970.663] {Default Queue}  -> zwp_primary_selection_source_v1#45.offer("text/plain;charset=utf-8")
[3434970.673] {Default Queue}  -> zwp_primary_selection_source_v1#45.offer("text/plain")
[3434970.685] {Default Queue}  -> zwp_primary_selection_device_v1#15.set_selection(zwp_primary_selection_source_v1#45, 130)
[3434970.824] {Display Queue} wl_display#1.delete_id(49)
[3434970.844] {Default Queue} zwp_primary_selection_device_v1#15.selection(nil)
[3434970.857] {Default Queue} zwp_primary_selection_device_v1#15.data_offer(new id zwp_primary_selection_offer_v1#4278190091)
[3434970.882] {Default Queue} zwp_primary_selection_device_v1#15.selection(zwp_primary_selection_offer_v1#4278190091)
[3434970.894] {Default Queue}  -> zwp_primary_selection_offer_v1#4278190091.destroy()
[3434970.951] {Display Queue} wl_display#1.delete_id(53)
[3434970.966] {Default Queue} zwp_primary_selection_device_v1#15.selection(nil)
[3434970.977] {Default Queue} zwp_primary_selection_device_v1#15.data_offer(new id zwp_primary_selection_offer_v1#4278190092)
[3434970.987] {Default Queue} zwp_primary_selection_offer_v1#4278190092.offer("text/plain;charset=utf-8")
[3434970.998] {Default Queue} zwp_primary_selection_offer_v1#4278190092.offer("text/plain")
[3434971.008] {Default Queue} zwp_primary_selection_device_v1#15.selection(zwp_primary_selection_offer_v1#4278190092)
[3434971.019] {Default Queue}  -> zwp_primary_selection_offer_v1#4278190092.destroy()
[3434971.686] {mesa egl surface queue} wl_callback#48.done(407507)
[3434971.712] {mesa egl surface queue} wl_buffer#43.release()
[3434972.134]  -> wl_surface#40.frame(new id wl_callback#48)
[3434972.175] {mesa egl surface queue}  -> wl_surface#40.attach(wl_buffer#43, 0, 0)
[3434972.189] {mesa egl surface queue}  -> wl_surface#40.damage_buffer(267, 73, 48, 18)
[3434972.797] {mesa egl surface queue}  -> wl_surface#40.commit()
[3434972.820] {mesa egl surface queue}  -> wl_display#1.sync(new id wl_callback#53)
[3434972.990] {Display Queue} wl_display#1.delete_id(53)
[3434994.335] {Display Queue} wl_display#1.delete_id(48)
[3434994.378] {Default Queue} wl_callback#48.done(407612)
[3435025.065] {Default Queue} wl_keyboard#22.key(131, 407643, 19, 0)
[3435079.908] {Default Queue} wl_keyboard#22.key(132, 407698, 37, 1)
[3435080.330] {Default Queue}  -> zwp_primary_selection_source_v1#45.destroy()
[3435080.370] {Default Queue}  -> zwp_primary_selection_device_manager_v1#12.create_source(new id zwp_primary_selection_source_v1#48)
[3435080.393] {Default Queue}  -> zwp_primary_selection_device_v1#15.set_selection(zwp_primary_selection_source_v1#48, 132)
[3435081.042] {Default Queue}  -> zwp_text_input_v3#34.set_surrounding_text("/tmp/q580-mark", 14, 14)
[3435081.109] {Default Queue}  -> zwp_text_input_v3#34.set_text_change_cause(0)
[3435081.128] {Default Queue}  -> zwp_text_input_v3#34.set_content_type(0, 0)
[3435081.155] {Default Queue}  -> zwp_text_input_v3#34.set_cursor_rectangle(280, 66, 0, 32)
[3435081.167] {Default Queue}  -> zwp_text_input_v3#34.commit()
[3435081.559] {Default Queue}  -> zwp_text_input_v3#34.set_surrounding_text("/tmp/q580-marker.txt", 14, 14)
[3435081.592] {Default Queue}  -> zwp_text_input_v3#34.set_text_change_cause(1)
[3435081.607] {Default Queue}  -> zwp_text_input_v3#34.set_content_type(0, 0)
[3435081.628] {Default Queue}  -> zwp_text_input_v3#34.set_cursor_rectangle(280, 66, 0, 32)
[3435081.640] {Default Queue}  -> zwp_text_input_v3#34.commit()
[3435081.793] {Default Queue}  -> zwp_primary_selection_source_v1#48.destroy()
[3435081.811] {Default Queue}  -> zwp_primary_selection_device_manager_v1#12.create_source(new id zwp_primary_selection_source_v1#49)
[3435081.829] {Default Queue}  -> zwp_primary_selection_source_v1#49.offer("text/plain;charset=utf-8")
[3435081.839] {Default Queue}  -> zwp_primary_selection_source_v1#49.offer("text/plain")
[3435081.850] {Default Queue}  -> zwp_primary_selection_device_v1#15.set_selection(zwp_primary_selection_source_v1#49, 132)
[3435081.992] {Display Queue} wl_display#1.delete_id(45)
[3435082.012] {Default Queue} zwp_primary_selection_device_v1#15.selection(nil)
[3435082.025] {Default Queue} zwp_primary_selection_device_v1#15.data_offer(new id zwp_primary_selection_offer_v1#4278190093)
[3435082.040] {Default Queue} zwp_primary_selection_device_v1#15.selection(zwp_primary_selection_offer_v1#4278190093)
[3435082.051] {Default Queue}  -> zwp_primary_selection_offer_v1#4278190093.destroy()
[3435082.107] {Display Queue} wl_display#1.delete_id(48)
[3435082.122] {Default Queue} zwp_primary_selection_device_v1#15.selection(nil)
[3435082.133] {Default Queue} zwp_primary_selection_device_v1#15.data_offer(new id zwp_primary_selection_offer_v1#4278190094)
[3435082.143] {Default Queue} zwp_primary_selection_offer_v1#4278190094.offer("text/plain;charset=utf-8")
[3435082.154] {Default Queue} zwp_primary_selection_offer_v1#4278190094.offer("text/plain")
[3435082.164] {Default Queue} zwp_primary_selection_device_v1#15.selection(zwp_primary_selection_offer_v1#4278190094)
[3435082.175] {Default Queue}  -> zwp_primary_selection_offer_v1#4278190094.destroy()
[3435087.631] {mesa egl surface queue} wl_callback#53.done(407591)
[3435087.668] {mesa egl surface queue} wl_buffer#43.release()
[3435088.124]  -> wl_surface#40.frame(new id wl_callback#53)
[3435088.171] {mesa egl surface queue}  -> wl_surface#40.attach(wl_buffer#43, 0, 0)
[3435088.186] {mesa egl surface queue}  -> wl_surface#40.damage_buffer(273, 73, 42, 18)
[3435088.720] {mesa egl surface queue}  -> wl_surface#40.commit()
[3435088.741] {mesa egl surface queue}  -> wl_display#1.sync(new id wl_callback#48)
[3435088.928] {Display Queue} wl_display#1.delete_id(48)
[3435108.021] {Display Queue} wl_display#1.delete_id(53)
[3435108.057] {Default Queue} wl_callback#53.done(407726)
[3435128.815] {Default Queue} wl_keyboard#22.key(133, 407747, 37, 0)
[3435179.587] {Default Queue} wl_keyboard#22.key(134, 407797, 18, 1)
[3435180.076] {Default Queue}  -> zwp_primary_selection_source_v1#49.destroy()
[3435180.105] {Default Queue}  -> zwp_primary_selection_device_manager_v1#12.create_source(new id zwp_primary_selection_source_v1#53)
[3435180.127] {Default Queue}  -> zwp_primary_selection_device_v1#15.set_selection(zwp_primary_selection_source_v1#53, 134)
[3435180.820] {Default Queue}  -> zwp_text_input_v3#34.set_surrounding_text("/tmp/q580-marke", 15, 15)
[3435180.862] {Default Queue}  -> zwp_text_input_v3#34.set_text_change_cause(0)
[3435180.881] {Default Queue}  -> zwp_text_input_v3#34.set_content_type(0, 0)
[3435180.909] {Default Queue}  -> zwp_text_input_v3#34.set_cursor_rectangle(287, 66, 0, 32)
[3435180.922] {Default Queue}  -> zwp_text_input_v3#34.commit()
[3435181.238] {Default Queue}  -> zwp_text_input_v3#34.set_surrounding_text("/tmp/q580-marker.txt", 15, 15)
[3435181.312] {Default Queue}  -> zwp_text_input_v3#34.set_text_change_cause(1)
[3435181.328] {Default Queue}  -> zwp_text_input_v3#34.set_content_type(0, 0)
[3435181.348] {Default Queue}  -> zwp_text_input_v3#34.set_cursor_rectangle(287, 66, 0, 32)
[3435181.360] {Default Queue}  -> zwp_text_input_v3#34.commit()
[3435181.604] {Default Queue}  -> zwp_primary_selection_source_v1#53.destroy()
[3435181.623] {Default Queue}  -> zwp_primary_selection_device_manager_v1#12.create_source(new id zwp_primary_selection_source_v1#45)
[3435181.641] {Default Queue}  -> zwp_primary_selection_source_v1#45.offer("text/plain;charset=utf-8")
[3435181.651] {Default Queue}  -> zwp_primary_selection_source_v1#45.offer("text/plain")
[3435181.663] {Default Queue}  -> zwp_primary_selection_device_v1#15.set_selection(zwp_primary_selection_source_v1#45, 134)
[3435181.804] {Display Queue} wl_display#1.delete_id(49)
[3435181.830] {Default Queue} zwp_primary_selection_device_v1#15.selection(nil)
[3435181.844] {Default Queue} zwp_primary_selection_device_v1#15.data_offer(new id zwp_primary_selection_offer_v1#4278190095)
[3435181.855] {Default Queue} zwp_primary_selection_device_v1#15.selection(zwp_primary_selection_offer_v1#4278190095)
[3435181.867] {Default Queue}  -> zwp_primary_selection_offer_v1#4278190095.destroy()
[3435181.927] {Display Queue} wl_display#1.delete_id(53)
[3435181.942] {Default Queue} zwp_primary_selection_device_v1#15.selection(nil)
[3435181.953] {Default Queue} zwp_primary_selection_device_v1#15.data_offer(new id zwp_primary_selection_offer_v1#4278190096)
[3435181.963] {Default Queue} zwp_primary_selection_offer_v1#4278190096.offer("text/plain;charset=utf-8")
[3435181.974] {Default Queue} zwp_primary_selection_offer_v1#4278190096.offer("text/plain")
[3435181.983] {Default Queue} zwp_primary_selection_device_v1#15.selection(zwp_primary_selection_offer_v1#4278190096)
[3435181.994] {Default Queue}  -> zwp_primary_selection_offer_v1#4278190096.destroy()
[3435182.667] {mesa egl surface queue} wl_callback#48.done(407707)
[3435182.694] {mesa egl surface queue} wl_buffer#43.release()
[3435183.144]  -> wl_surface#40.frame(new id wl_callback#48)
[3435183.188] {mesa egl surface queue}  -> wl_surface#40.attach(wl_buffer#43, 0, 0)
[3435183.202] {mesa egl surface queue}  -> wl_surface#40.damage_buffer(280, 73, 35, 18)
[3435183.719] {mesa egl surface queue}  -> wl_surface#40.commit()
[3435183.737] {mesa egl surface queue}  -> wl_display#1.sync(new id wl_callback#53)
[3435183.878] {Display Queue} wl_display#1.delete_id(53)
[3435203.786] {Display Queue} wl_display#1.delete_id(48)
[3435203.827] {Default Queue} wl_callback#48.done(407822)
[3435227.239] {Default Queue} wl_keyboard#22.key(135, 407845, 18, 0)
[3435282.191] {Default Queue} wl_keyboard#22.key(136, 407900, 19, 1)
[3435282.586] {Default Queue}  -> zwp_primary_selection_source_v1#45.destroy()
[3435282.614] {Default Queue}  -> zwp_primary_selection_device_manager_v1#12.create_source(new id zwp_primary_selection_source_v1#48)
[3435282.635] {Default Queue}  -> zwp_primary_selection_device_v1#15.set_selection(zwp_primary_selection_source_v1#48, 136)
[3435283.302] {Default Queue}  -> zwp_text_input_v3#34.set_surrounding_text("/tmp/q580-marker", 16, 16)
[3435283.328] {Default Queue}  -> zwp_text_input_v3#34.set_text_change_cause(0)
[3435283.346] {Default Queue}  -> zwp_text_input_v3#34.set_content_type(0, 0)
[3435283.373] {Default Queue}  -> zwp_text_input_v3#34.set_cursor_rectangle(293, 66, 0, 32)
[3435283.386] {Default Queue}  -> zwp_text_input_v3#34.commit()
[3435283.698] {Default Queue}  -> zwp_text_input_v3#34.set_surrounding_text("/tmp/q580-marker.txt", 16, 16)
[3435283.720] {Default Queue}  -> zwp_text_input_v3#34.set_text_change_cause(1)
[3435283.735] {Default Queue}  -> zwp_text_input_v3#34.set_content_type(0, 0)
[3435283.754] {Default Queue}  -> zwp_text_input_v3#34.set_cursor_rectangle(293, 66, 0, 32)
[3435283.766] {Default Queue}  -> zwp_text_input_v3#34.commit()
[3435283.906] {Default Queue}  -> zwp_primary_selection_source_v1#48.destroy()
[3435283.967] {Default Queue}  -> zwp_primary_selection_device_manager_v1#12.create_source(new id zwp_primary_selection_source_v1#49)
[3435283.986] {Default Queue}  -> zwp_primary_selection_source_v1#49.offer("text/plain;charset=utf-8")
[3435283.996] {Default Queue}  -> zwp_primary_selection_source_v1#49.offer("text/plain")
[3435284.008] {Default Queue}  -> zwp_primary_selection_device_v1#15.set_selection(zwp_primary_selection_source_v1#49, 136)
[3435284.150] {Display Queue} wl_display#1.delete_id(45)
[3435284.171] {Default Queue} zwp_primary_selection_device_v1#15.selection(nil)
[3435284.184] {Default Queue} zwp_primary_selection_device_v1#15.data_offer(new id zwp_primary_selection_offer_v1#4278190097)
[3435284.211] {Default Queue} zwp_primary_selection_device_v1#15.selection(zwp_primary_selection_offer_v1#4278190097)
[3435284.237] {Default Queue}  -> zwp_primary_selection_offer_v1#4278190097.destroy()
[3435284.312] {Display Queue} wl_display#1.delete_id(48)
[3435284.330] {Default Queue} zwp_primary_selection_device_v1#15.selection(nil)
[3435284.341] {Default Queue} zwp_primary_selection_device_v1#15.data_offer(new id zwp_primary_selection_offer_v1#4278190098)
[3435284.351] {Default Queue} zwp_primary_selection_offer_v1#4278190098.offer("text/plain;charset=utf-8")
[3435284.363] {Default Queue} zwp_primary_selection_offer_v1#4278190098.offer("text/plain")
[3435284.373] {Default Queue} zwp_primary_selection_device_v1#15.selection(zwp_primary_selection_offer_v1#4278190098)
[3435284.384] {Default Queue}  -> zwp_primary_selection_offer_v1#4278190098.destroy()
[3435298.942] {mesa egl surface queue} wl_callback#53.done(407802)
[3435298.980] {mesa egl surface queue} wl_buffer#43.release()
[3435299.413]  -> wl_surface#40.frame(new id wl_callback#53)
[3435299.458] {mesa egl surface queue}  -> wl_surface#40.attach(wl_buffer#43, 0, 0)
[3435299.473] {mesa egl surface queue}  -> wl_surface#40.damage_buffer(288, 73, 27, 18)
[3435300.068] {mesa egl surface queue}  -> wl_surface#40.commit()
[3435300.106] {mesa egl surface queue}  -> wl_display#1.sync(new id wl_callback#48)
[3435300.275] {Display Queue} wl_display#1.delete_id(48)
[3435319.838] {Display Queue} wl_display#1.delete_id(53)
[3435319.871] {Default Queue} wl_callback#53.done(407938)
[3435332.230] {Default Queue} wl_keyboard#22.key(137, 407950, 19, 0)
[3435382.082] {Default Queue} wl_keyboard#22.key(138, 408000, 52, 1)
[3435382.579] {Default Queue}  -> zwp_primary_selection_source_v1#49.destroy()
[3435382.609] {Default Queue}  -> zwp_primary_selection_device_manager_v1#12.create_source(new id zwp_primary_selection_source_v1#53)
[3435382.631] {Default Queue}  -> zwp_primary_selection_device_v1#15.set_selection(zwp_primary_selection_source_v1#53, 138)
[3435383.314] {Default Queue}  -> zwp_text_input_v3#34.set_surrounding_text("/tmp/q580-marker.", 17, 17)
[3435383.340] {Default Queue}  -> zwp_text_input_v3#34.set_text_change_cause(0)
[3435383.358] {Default Queue}  -> zwp_text_input_v3#34.set_content_type(0, 0)
[3435383.385] {Default Queue}  -> zwp_text_input_v3#34.set_cursor_rectangle(297, 66, 0, 32)
[3435383.401] {Default Queue}  -> zwp_text_input_v3#34.commit()
[3435383.719] {Default Queue}  -> zwp_text_input_v3#34.set_surrounding_text("/tmp/q580-marker.txt", 17, 17)
[3435383.741] {Default Queue}  -> zwp_text_input_v3#34.set_text_change_cause(1)
[3435383.756] {Default Queue}  -> zwp_text_input_v3#34.set_content_type(0, 0)
[3435383.775] {Default Queue}  -> zwp_text_input_v3#34.set_cursor_rectangle(297, 66, 0, 32)
[3435383.787] {Default Queue}  -> zwp_text_input_v3#34.commit()
[3435383.934] {Default Queue}  -> zwp_primary_selection_source_v1#53.destroy()
[3435383.951] {Default Queue}  -> zwp_primary_selection_device_manager_v1#12.create_source(new id zwp_primary_selection_source_v1#45)
[3435383.969] {Default Queue}  -> zwp_primary_selection_source_v1#45.offer("text/plain;charset=utf-8")
[3435383.979] {Default Queue}  -> zwp_primary_selection_source_v1#45.offer("text/plain")
[3435383.991] {Default Queue}  -> zwp_primary_selection_device_v1#15.set_selection(zwp_primary_selection_source_v1#45, 138)
[3435384.179] {Display Queue} wl_display#1.delete_id(49)
[3435384.199] {Default Queue} zwp_primary_selection_device_v1#15.selection(nil)
[3435384.213] {Default Queue} zwp_primary_selection_device_v1#15.data_offer(new id zwp_primary_selection_offer_v1#4278190099)
[3435384.237] {Default Queue} zwp_primary_selection_device_v1#15.selection(zwp_primary_selection_offer_v1#4278190099)
[3435384.249] {Default Queue}  -> zwp_primary_selection_offer_v1#4278190099.destroy()
[3435384.308] {Display Queue} wl_display#1.delete_id(53)
[3435384.323] {Default Queue} zwp_primary_selection_device_v1#15.selection(nil)
[3435384.334] {Default Queue} zwp_primary_selection_device_v1#15.data_offer(new id zwp_primary_selection_offer_v1#4278190100)
[3435384.344] {Default Queue} zwp_primary_selection_offer_v1#4278190100.offer("text/plain;charset=utf-8")
[3435384.355] {Default Queue} zwp_primary_selection_offer_v1#4278190100.offer("text/plain")
[3435384.365] {Default Queue} zwp_primary_selection_device_v1#15.selection(zwp_primary_selection_offer_v1#4278190100)
[3435384.376] {Default Queue}  -> zwp_primary_selection_offer_v1#4278190100.destroy()
[3435385.062] {mesa egl surface queue} wl_callback#48.done(407918)
[3435385.089] {mesa egl surface queue} wl_buffer#43.release()
[3435385.603]  -> wl_surface#40.frame(new id wl_callback#48)
[3435385.652] {mesa egl surface queue}  -> wl_surface#40.attach(wl_buffer#43, 0, 0)
[3435385.667] {mesa egl surface queue}  -> wl_surface#40.damage_buffer(293, 73, 22, 18)
[3435386.191] {mesa egl surface queue}  -> wl_surface#40.commit()
[3435386.209] {mesa egl surface queue}  -> wl_display#1.sync(new id wl_callback#53)
[3435386.360] {Display Queue} wl_display#1.delete_id(53)
[3435406.678] {Display Queue} wl_display#1.delete_id(48)
[3435406.712] {Default Queue} wl_callback#48.done(408025)
[3435431.317] {Default Queue} wl_keyboard#22.key(139, 408049, 52, 0)
[3435480.992] {Default Queue} wl_keyboard#22.key(140, 408099, 20, 1)
[3435481.593] {Default Queue}  -> zwp_primary_selection_source_v1#45.destroy()
[3435481.626] {Default Queue}  -> zwp_primary_selection_device_manager_v1#12.create_source(new id zwp_primary_selection_source_v1#48)
[3435481.648] {Default Queue}  -> zwp_primary_selection_device_v1#15.set_selection(zwp_primary_selection_source_v1#48, 140)
[3435482.350] {Default Queue}  -> zwp_text_input_v3#34.set_surrounding_text("/tmp/q580-marker.t", 18, 18)
[3435482.387] {Default Queue}  -> zwp_text_input_v3#34.set_text_change_cause(0)
[3435482.406] {Default Queue}  -> zwp_text_input_v3#34.set_content_type(0, 0)
[3435482.434] {Default Queue}  -> zwp_text_input_v3#34.set_cursor_rectangle(302, 66, 0, 32)
[3435482.446] {Default Queue}  -> zwp_text_input_v3#34.commit()
[3435482.793] {Default Queue}  -> zwp_text_input_v3#34.set_surrounding_text("/tmp/q580-marker.txt", 18, 18)
[3435482.828] {Default Queue}  -> zwp_text_input_v3#34.set_text_change_cause(1)
[3435482.844] {Default Queue}  -> zwp_text_input_v3#34.set_content_type(0, 0)
[3435482.864] {Default Queue}  -> zwp_text_input_v3#34.set_cursor_rectangle(302, 66, 0, 32)
[3435482.876] {Default Queue}  -> zwp_text_input_v3#34.commit()
[3435483.028] {Default Queue}  -> zwp_primary_selection_source_v1#48.destroy()
[3435483.045] {Default Queue}  -> zwp_primary_selection_device_manager_v1#12.create_source(new id zwp_primary_selection_source_v1#49)
[3435483.063] {Default Queue}  -> zwp_primary_selection_source_v1#49.offer("text/plain;charset=utf-8")
[3435483.074] {Default Queue}  -> zwp_primary_selection_source_v1#49.offer("text/plain")
[3435483.084] {Default Queue}  -> zwp_primary_selection_device_v1#15.set_selection(zwp_primary_selection_source_v1#49, 140)
[3435483.226] {Display Queue} wl_display#1.delete_id(45)
[3435483.246] {Default Queue} zwp_primary_selection_device_v1#15.selection(nil)
[3435483.259] {Default Queue} zwp_primary_selection_device_v1#15.data_offer(new id zwp_primary_selection_offer_v1#4278190101)
[3435483.275] {Default Queue} zwp_primary_selection_device_v1#15.selection(zwp_primary_selection_offer_v1#4278190101)
[3435483.286] {Default Queue}  -> zwp_primary_selection_offer_v1#4278190101.destroy()
[3435483.388] {Display Queue} wl_display#1.delete_id(48)
[3435483.404] {Default Queue} zwp_primary_selection_device_v1#15.selection(nil)
[3435483.415] {Default Queue} zwp_primary_selection_device_v1#15.data_offer(new id zwp_primary_selection_offer_v1#4278190102)
[3435483.426] {Default Queue} zwp_primary_selection_offer_v1#4278190102.offer("text/plain;charset=utf-8")
[3435483.437] {Default Queue} zwp_primary_selection_offer_v1#4278190102.offer("text/plain")
[3435483.447] {Default Queue} zwp_primary_selection_device_v1#15.selection(zwp_primary_selection_offer_v1#4278190102)
[3435483.459] {Default Queue}  -> zwp_primary_selection_offer_v1#4278190102.destroy()
[3435484.188] {mesa egl surface queue} wl_callback#53.done(408004)
[3435484.217] {mesa egl surface queue} wl_buffer#43.release()
[3435484.730]  -> wl_surface#40.frame(new id wl_callback#53)
[3435484.778] {mesa egl surface queue}  -> wl_surface#40.attach(wl_buffer#43, 0, 0)
[3435484.792] {mesa egl surface queue}  -> wl_surface#40.damage_buffer(297, 73, 18, 18)
[3435485.302] {mesa egl surface queue}  -> wl_surface#40.commit()
[3435485.321] {mesa egl surface queue}  -> wl_display#1.sync(new id wl_callback#48)
[3435485.556] {Display Queue} wl_display#1.delete_id(48)
[3435505.591] {Display Queue} wl_display#1.delete_id(53)
[3435505.631] {Default Queue} wl_callback#53.done(408123)
[3435529.577] {Default Queue} wl_keyboard#22.key(141, 408147, 20, 0)
[3435585.953] {Default Queue} wl_keyboard#22.key(142, 408204, 45, 1)
[3435586.396] {Default Queue}  -> zwp_primary_selection_source_v1#49.destroy()
[3435586.424] {Default Queue}  -> zwp_primary_selection_device_manager_v1#12.create_source(new id zwp_primary_selection_source_v1#53)
[3435586.447] {Default Queue}  -> zwp_primary_selection_device_v1#15.set_selection(zwp_primary_selection_source_v1#53, 142)
[3435587.161] {Default Queue}  -> zwp_text_input_v3#34.set_surrounding_text("/tmp/q580-marker.tx", 19, 19)
[3435587.189] {Default Queue}  -> zwp_text_input_v3#34.set_text_change_cause(0)
[3435587.207] {Default Queue}  -> zwp_text_input_v3#34.set_content_type(0, 0)
[3435587.235] {Default Queue}  -> zwp_text_input_v3#34.set_cursor_rectangle(309, 66, 0, 32)
[3435587.247] {Default Queue}  -> zwp_text_input_v3#34.commit()
[3435587.562] {Default Queue}  -> zwp_text_input_v3#34.set_surrounding_text("/tmp/q580-marker.txt", 19, 19)
[3435587.605] {Default Queue}  -> zwp_text_input_v3#34.set_text_change_cause(1)
[3435587.637] {Default Queue}  -> zwp_text_input_v3#34.set_content_type(0, 0)
[3435587.668] {Default Queue}  -> zwp_text_input_v3#34.set_cursor_rectangle(309, 66, 0, 32)
[3435587.686] {Default Queue}  -> zwp_text_input_v3#34.commit()
[3435587.847] {Default Queue}  -> zwp_primary_selection_source_v1#53.destroy()
[3435587.865] {Default Queue}  -> zwp_primary_selection_device_manager_v1#12.create_source(new id zwp_primary_selection_source_v1#45)
[3435587.882] {Default Queue}  -> zwp_primary_selection_source_v1#45.offer("text/plain;charset=utf-8")
[3435587.893] {Default Queue}  -> zwp_primary_selection_source_v1#45.offer("text/plain")
[3435587.904] {Default Queue}  -> zwp_primary_selection_device_v1#15.set_selection(zwp_primary_selection_source_v1#45, 142)
[3435588.052] {Display Queue} wl_display#1.delete_id(49)
[3435588.073] {Default Queue} zwp_primary_selection_device_v1#15.selection(nil)
[3435588.087] {Default Queue} zwp_primary_selection_device_v1#15.data_offer(new id zwp_primary_selection_offer_v1#4278190103)
[3435588.109] {Default Queue} zwp_primary_selection_device_v1#15.selection(zwp_primary_selection_offer_v1#4278190103)
[3435588.121] {Default Queue}  -> zwp_primary_selection_offer_v1#4278190103.destroy()
[3435588.181] {Display Queue} wl_display#1.delete_id(53)
[3435588.196] {Default Queue} zwp_primary_selection_device_v1#15.selection(nil)
[3435588.207] {Default Queue} zwp_primary_selection_device_v1#15.data_offer(new id zwp_primary_selection_offer_v1#4278190104)
[3435588.217] {Default Queue} zwp_primary_selection_offer_v1#4278190104.offer("text/plain;charset=utf-8")
[3435588.273] {Default Queue} zwp_primary_selection_offer_v1#4278190104.offer("text/plain")
[3435588.284] {Default Queue} zwp_primary_selection_device_v1#15.selection(zwp_primary_selection_offer_v1#4278190104)
[3435588.296] {Default Queue}  -> zwp_primary_selection_offer_v1#4278190104.destroy()
[3435600.700] {mesa egl surface queue} wl_callback#48.done(408104)
[3435600.740] {mesa egl surface queue} wl_buffer#43.release()
[3435601.173]  -> wl_surface#40.frame(new id wl_callback#48)
[3435601.217] {mesa egl surface queue}  -> wl_surface#40.attach(wl_buffer#43, 0, 0)
[3435601.232] {mesa egl surface queue}  -> wl_surface#40.damage_buffer(302, 73, 13, 18)
[3435601.884] {mesa egl surface queue}  -> wl_surface#40.commit()
[3435601.914] {mesa egl surface queue}  -> wl_display#1.sync(new id wl_callback#53)
[3435602.078] {Display Queue} wl_display#1.delete_id(53)
[3435622.692] {Display Queue} wl_display#1.delete_id(48)
[3435622.725] {Default Queue} wl_callback#48.done(408241)
[3435644.440] {Default Queue} wl_keyboard#22.key(143, 408262, 45, 0)
[3435696.584] {Default Queue} wl_keyboard#22.key(144, 408314, 20, 1)
[3435697.327] {Default Queue}  -> zwp_primary_selection_source_v1#45.destroy()
[3435697.360] {Default Queue}  -> zwp_primary_selection_device_manager_v1#12.create_source(new id zwp_primary_selection_source_v1#48)
[3435697.383] {Default Queue}  -> zwp_primary_selection_device_v1#15.set_selection(zwp_primary_selection_source_v1#48, 144)
[3435698.469] {Default Queue}  -> zwp_text_input_v3#34.set_surrounding_text("/tmp/q580-marker.txt", 20, 20)
[3435698.500] {Default Queue}  -> zwp_text_input_v3#34.set_text_change_cause(0)
[3435698.520] {Default Queue}  -> zwp_text_input_v3#34.set_content_type(0, 0)
[3435698.583] {Default Queue}  -> zwp_text_input_v3#34.set_cursor_rectangle(314, 66, 0, 32)
[3435698.597] {Default Queue}  -> zwp_text_input_v3#34.commit()
[3435699.232] {Display Queue} wl_display#1.delete_id(45)
[3435699.273] {Default Queue} zwp_primary_selection_device_v1#15.selection(nil)
[3435699.288] {Default Queue} zwp_primary_selection_device_v1#15.data_offer(new id zwp_primary_selection_offer_v1#4278190105)
[3435699.313] {Default Queue} zwp_primary_selection_device_v1#15.selection(zwp_primary_selection_offer_v1#4278190105)
[3435699.327] {Default Queue}  -> zwp_primary_selection_offer_v1#4278190105.destroy()
[3435705.984] {mesa egl surface queue} wl_callback#53.done(408220)
[3435706.024] {mesa egl surface queue} wl_buffer#43.release()
[3435706.856]  -> wl_surface#40.frame(new id wl_callback#53)
[3435706.909] {mesa egl surface queue}  -> wl_surface#40.attach(wl_buffer#43, 0, 0)
[3435706.924] {mesa egl surface queue}  -> wl_surface#40.damage_buffer(309, 73, 7, 18)
[3435707.554] {mesa egl surface queue}  -> wl_surface#40.commit()
[3435707.580] {mesa egl surface queue}  -> wl_display#1.sync(new id wl_callback#45)
[3435707.757] {Display Queue} wl_display#1.delete_id(45)
[3435733.213] {Display Queue} wl_display#1.delete_id(53)
[3435733.247] {Default Queue} wl_callback#53.done(408351)
[3435746.892] {Default Queue} wl_keyboard#22.key(145, 408365, 20, 0)
[3435885.810] {Default Queue} wl_keyboard#22.key(146, 408486, 28, 1)
[3435886.123] {Default Queue}  -> zwp_text_input_v3#34.set_surrounding_text("/tmp/q580-marker.txt", 20, 20)
[3435886.162] {Default Queue}  -> zwp_text_input_v3#34.set_text_change_cause(1)
[3435886.183] {Default Queue}  -> zwp_text_input_v3#34.set_content_type(0, 0)
[3435886.210] {Default Queue}  -> zwp_text_input_v3#34.set_cursor_rectangle(314, 66, 0, 32)
[3435886.224] {Default Queue}  -> zwp_text_input_v3#34.commit()
[3435901.058] {Default Queue} wl_keyboard#22.key(147, 408519, 28, 0)
[3436136.791] {Default Queue}  -> wp_cursor_shape_device_v1#21.set_shape(95, 5)
[3436136.943] {Default Queue}  -> wp_cursor_shape_device_v1#21.set_shape(95, 1)
[3436388.814]  -> xdg_toplevel#35.destroy()
[3436388.866]  -> xdg_surface#37.destroy()
[3436388.880]  -> wl_surface#40.attach(nil, 0, 0)
[3436388.893]  -> wl_surface#40.commit()
[3436388.937] {Default Queue}  -> zwp_text_input_v3#34.disable()
[3436388.957] {Default Queue}  -> zwp_text_input_v3#34.commit()
[3436394.032] {mesa egl surface queue} wl_callback#45.done(408326)
[3436394.069] {mesa egl surface queue} wl_buffer#43.release()
[3436407.168] {mesa egl surface queue} wl_callback#56.done(407404)
[3436407.204] {mesa egl surface queue} wl_buffer#52.release()
[3436407.324] {mesa egl surface queue}  -> wl_buffer#52.destroy()
[3436407.394] {Default Queue}  -> wp_viewport#42.destroy()
[3436407.407]  -> wl_surface#44.destroy()
[3436407.723] {mesa egl surface queue}  -> wl_buffer#43.destroy()
[3436407.799] {Default Queue}  -> wp_viewport#38.destroy()
[3436407.808]  -> wl_surface#40.destroy()
[3436417.342] {Display Queue} wl_display#1.delete_id(35)
[3436417.353] {Display Queue} wl_display#1.delete_id(37)
[3436417.359] {Display Queue} wl_display#1.delete_id(52)
[3436417.363] {Display Queue} wl_display#1.delete_id(42)
[3436417.366] {Display Queue} wl_display#1.delete_id(44)
[3436417.369] {Display Queue} wl_display#1.delete_id(43)
[3436417.391] {Display Queue} wl_display#1.delete_id(38)
[3436417.395] {Display Queue} wl_display#1.delete_id(40)
[3436417.398] {Default Queue} wl_pointer#6.leave(148, nil)
[3436417.407] {Default Queue} wl_pointer#6.frame()
[3436417.413] {Default Queue} wl_keyboard#22.leave(149, nil)
[3436437.715] {Default Queue} wl_keyboard#22.enter(150, wl_surface#23, array[0])
[3436437.745] {Default Queue} wl_keyboard#22.modifiers(151, 0, 0, 0, 0)
[3436437.778] {Default Queue} zwp_text_input_v3#34.enter(wl_surface#23)
[3436437.785] {Default Queue} wl_pointer#6.enter(152, wl_surface#23, 173.00000000, 221.00000000)
[3436437.796] {Default Queue}  -> wp_cursor_shape_device_v1#21.set_shape(152, 1)
[3436437.803] {Default Queue} wl_pointer#6.frame()
[3436438.466] {mesa egl surface queue} wl_callback#41.done(390161)
[3436438.485] {mesa egl surface queue} wl_buffer#36.release()
[3436443.077]  -> wl_surface#23.frame(new id wl_callback#41)
[3436443.119] {mesa egl surface queue}  -> wl_surface#23.attach(wl_buffer#36, 0, 0)
[3436443.129] {mesa egl surface queue}  -> wl_surface#23.damage_buffer(126, 208, 100, 32)
[3436443.946] {mesa egl surface queue}  -> wl_surface#23.commit()
[3436443.962] {mesa egl surface queue}  -> wl_display#1.sync(new id wl_callback#40)
[3436444.159] {Display Queue} wl_display#1.delete_id(40)
[3436463.145] {Display Queue} wl_display#1.delete_id(41)
[3436463.173] {Default Queue} wl_callback#41.done(409081)
[3438995.617] {Default Queue} wl_pointer#6.motion(411612, 286.00000000, 223.00000000)
[3438995.831] {Default Queue} wl_pointer#6.frame()
[3438999.256] {mesa egl surface queue} wl_callback#40.done(409062)
[3438999.284] {mesa egl surface queue} wl_buffer#36.release()
[3439001.533]  -> wl_surface#23.frame(new id wl_callback#40)
[3439001.613] {mesa egl surface queue}  -> wl_surface#23.attach(wl_buffer#36, 0, 0)
[3439001.642] {mesa egl surface queue}  -> wl_surface#23.damage_buffer(126, 208, 100, 32)
[3439001.653] {mesa egl surface queue}  -> wl_surface#23.damage_buffer(240, 208, 94, 32)
[3439004.642] {mesa egl surface queue}  -> wl_surface#23.commit()
[3439004.671] {mesa egl surface queue}  -> wl_display#1.sync(new id wl_callback#41)
[3439007.481] {Display Queue} wl_display#1.delete_id(41)
[3439022.857] {Display Queue} wl_display#1.delete_id(40)
[3439022.883] {Default Queue} wl_callback#40.done(411641)
[3439043.621] {Default Queue} wl_pointer#6.button(153, 411661, 272, 1)
[3439043.675] {Default Queue} xdg_wm_base#20.ping(154)
[3439043.714] {Default Queue}  -> xdg_wm_base#20.pong(154)
[3439043.725] {Default Queue} wl_pointer#6.frame()
[3439045.064] {mesa egl surface queue} wl_callback#41.done(411625)
[3439045.088] {mesa egl surface queue} wl_buffer#36.release()
[3439045.598]  -> wl_surface#23.frame(new id wl_callback#41)
[3439045.645] {mesa egl surface queue}  -> wl_surface#23.attach(wl_buffer#36, 0, 0)
[3439045.658] {mesa egl surface queue}  -> wl_surface#23.damage_buffer(236, 205, 102, 40)
[3439046.350] {mesa egl surface queue}  -> wl_surface#23.commit()
[3439046.368] {mesa egl surface queue}  -> wl_display#1.sync(new id wl_callback#40)
[3439046.586] {Display Queue} wl_display#1.delete_id(40)
[3439065.717] {Display Queue} wl_display#1.delete_id(41)
[3439065.749] {Default Queue} wl_callback#41.done(411684)
[3439100.186] {Default Queue} wl_pointer#6.button(155, 411718, 272, 0)
[3439100.222] {Default Queue} wl_pointer#6.frame()
[3439101.695]  -> xdg_toplevel#31.set_maximized()
[3439102.629] {mesa egl surface queue} wl_callback#40.done(411665)
[3439102.653] {mesa egl surface queue} wl_buffer#36.release()
[3439103.067]  -> wl_surface#23.frame(new id wl_callback#40)
[3439103.108] {mesa egl surface queue}  -> wl_surface#23.attach(wl_buffer#36, 0, 0)
[3439103.121] {mesa egl surface queue}  -> wl_surface#23.damage_buffer(236, 205, 102, 40)
[3439105.102] {mesa egl surface queue}  -> wl_surface#23.commit()
[3439105.133] {mesa egl surface queue}  -> wl_display#1.sync(new id wl_callback#41)
[3439105.323] xdg_toplevel#31.configure(1280, 762, array[8])
[3439105.341] xdg_surface#30.configure(156)
[3439105.363]  -> xdg_surface#30.ack_configure(156)
[3439130.921] {Display Queue} wl_display#1.delete_id(41)
[3439149.631] {Display Queue} wl_display#1.delete_id(40)
[3439149.661] {Default Queue} wl_callback#40.done(411768)
[3439152.243]  -> xdg_toplevel#31.set_min_size(429, 280)
[3439152.256]  -> xdg_toplevel#31.set_max_size(0, 0)
[3439152.898]  -> xdg_toplevel#31.set_min_size(457, 309)
[3439152.905]  -> xdg_toplevel#31.set_max_size(0, 0)
[3439154.774] {mesa egl surface queue} wl_callback#41.done(411749)
[3439154.785] {mesa egl surface queue} wl_buffer#36.release()
[3439154.791] {mesa egl surface queue}  -> wl_buffer#36.destroy()
[3439154.837] {mesa egl swrast display queue}  -> wl_shm#27.create_pool(new id wl_shm_pool#41, fd 19, 3901440)
[3439154.842] {mesa egl surface queue}  -> wl_shm_pool#41.create_buffer(new id wl_buffer#40, 0, 1280, 762, 5120, 0)
[3439154.848] {mesa egl surface queue}  -> wl_shm_pool#41.destroy()
[3439160.390]  -> xdg_surface#30.set_window_geometry(0, 0, 1280, 762)
[3439160.402] {Default Queue}  -> wl_compositor#4.create_region(new id wl_region#38)
[3439160.407] {Default Queue}  -> wl_region#38.add(0, 0, 1280, 762)
[3439160.411]  -> wl_surface#23.set_opaque_region(wl_region#38)
[3439160.415] {Default Queue}  -> wl_region#38.destroy()
[3439160.418] {Default Queue}  -> wl_compositor#4.create_region(new id wl_region#43)
[3439160.421] {Default Queue}  -> wl_region#43.add(-12, -12, 1304, 786)
[3439160.424]  -> wl_surface#23.set_input_region(wl_region#43)
[3439160.426] {Default Queue}  -> wl_region#43.destroy()
[3439160.429] {Default Queue}  -> wp_viewport#24.set_destination(1280, 762)
[3439160.432]  -> wl_surface#23.frame(new id wl_callback#44)
[3439160.449] {mesa egl surface queue}  -> wl_surface#23.attach(wl_buffer#40, 0, 0)
[3439160.471] {mesa egl surface queue}  -> wl_surface#23.damage_buffer(0, 0, 1280, 762)
[3439165.259] {mesa egl surface queue}  -> wl_surface#23.commit()
[3439165.268] {mesa egl surface queue}  -> wl_display#1.sync(new id wl_callback#42)
[3439181.475] {Display Queue} wl_display#1.delete_id(36)
[3439181.494] {Display Queue} wl_display#1.delete_id(41)
[3439181.500] {Display Queue} wl_display#1.delete_id(38)
[3439181.503] {Display Queue} wl_display#1.delete_id(43)
[3439181.506] {Display Queue} wl_display#1.delete_id(42)
[3439209.181] {Display Queue} wl_display#1.delete_id(44)
[3439209.194] {Default Queue} wl_callback#44.done(411827)
[3443105.969]  -> xdg_toplevel#31.unset_maximized()
[3443106.499] xdg_toplevel#31.configure_bounds(1256, 690)
[3443106.520] xdg_toplevel#31.configure(728, 489, array[4])
[3443106.533] xdg_surface#30.configure(157)
[3443106.565]  -> xdg_surface#30.ack_configure(157)
[3443113.290]  -> xdg_toplevel#31.set_min_size(485, 338)
[3443113.320]  -> xdg_toplevel#31.set_max_size(0, 0)
[3443114.638]  -> xdg_toplevel#31.set_min_size(457, 309)
[3443114.667]  -> xdg_toplevel#31.set_max_size(0, 0)
[3443126.288] {mesa egl surface queue} wl_callback#42.done(411799)
[3443126.398] {mesa egl surface queue} wl_buffer#40.release()
[3443126.405] {mesa egl surface queue}  -> wl_buffer#40.destroy()
[3443126.714] {mesa egl swrast display queue}  -> wl_shm#27.create_pool(new id wl_shm_pool#42, fd 19, 1566432)
[3443126.786] {mesa egl surface queue}  -> wl_shm_pool#42.create_buffer(new id wl_buffer#44, 0, 756, 518, 3024, 0)
[3443126.794] {mesa egl surface queue}  -> wl_shm_pool#42.destroy()
[3443139.093]  -> xdg_surface#30.set_window_geometry(14, 12, 728, 489)
[3443139.112] {Default Queue}  -> wl_compositor#4.create_region(new id wl_region#43)
[3443139.128] {Default Queue}  -> wl_region#43.add(14, 20, 728, 481)
[3443139.144]  -> wl_surface#23.set_opaque_region(wl_region#43)
[3443139.149] {Default Queue}  -> wl_region#43.destroy()
[3443139.153] {Default Queue}  -> wl_compositor#4.create_region(new id wl_region#38)
[3443139.157] {Default Queue}  -> wl_region#38.add(2, 0, 752, 513)
[3443139.161]  -> wl_surface#23.set_input_region(wl_region#38)
[3443139.164] {Default Queue}  -> wl_region#38.destroy()
[3443139.168] {Default Queue}  -> wp_viewport#24.set_destination(756, 518)
[3443139.173]  -> wl_surface#23.frame(new id wl_callback#41)
[3443139.226] {mesa egl surface queue}  -> wl_surface#23.attach(wl_buffer#44, 0, 0)
[3443139.232] {mesa egl surface queue}  -> wl_surface#23.damage_buffer(0, 0, 756, 518)
[3443141.375] {mesa egl surface queue}  -> wl_surface#23.commit()
[3443141.386] {mesa egl surface queue}  -> wl_display#1.sync(new id wl_callback#36)
[3443149.124] {Display Queue} wl_display#1.delete_id(40)
[3443149.143] {Display Queue} wl_display#1.delete_id(42)
[3443149.224] {Display Queue} wl_display#1.delete_id(43)
[3443149.227] {Display Queue} wl_display#1.delete_id(38)
[3443149.230] {Display Queue} wl_display#1.delete_id(36)
[3443174.781] {Display Queue} wl_display#1.delete_id(41)
[3443174.813] {Default Queue} wl_callback#41.done(415793)
[3474634.059] {Default Queue} wl_pointer#6.motion(447251, 370.00000000, 223.00000000)
[3474634.120] {Default Queue} wl_pointer#6.frame()
[3474635.375] {mesa egl surface queue} wl_callback#36.done(415767)
[3474635.402] {mesa egl surface queue} wl_buffer#44.release()
[3474636.372]  -> wl_surface#23.frame(new id wl_callback#36)
[3474636.423] {mesa egl surface queue}  -> wl_surface#23.attach(wl_buffer#44, 0, 0)
[3474636.439] {mesa egl surface queue}  -> wl_surface#23.damage_buffer(240, 208, 94, 32)
[3474636.452] {mesa egl surface queue}  -> wl_surface#23.damage_buffer(348, 208, 100, 32)
[3474637.364] {mesa egl surface queue}  -> wl_surface#23.commit()
[3474637.389] {mesa egl surface queue}  -> wl_display#1.sync(new id wl_callback#41)
[3474642.263] {Display Queue} wl_display#1.delete_id(41)
[3474662.412] {Display Queue} wl_display#1.delete_id(36)
[3474662.444] {Default Queue} wl_callback#36.done(447280)
[3474690.777] {Default Queue} wl_pointer#6.button(158, 447308, 272, 1)
[3474690.814] {Default Queue} xdg_wm_base#20.ping(159)
[3474690.827] {Default Queue}  -> xdg_wm_base#20.pong(159)
[3474690.837] {Default Queue} wl_pointer#6.frame()
[3474691.902] {mesa egl surface queue} wl_callback#41.done(447260)
[3474691.947] {mesa egl surface queue} wl_buffer#44.release()
[3474692.381]  -> wl_surface#23.frame(new id wl_callback#41)
[3474692.427] {mesa egl surface queue}  -> wl_surface#23.attach(wl_buffer#44, 0, 0)
[3474692.440] {mesa egl surface queue}  -> wl_surface#23.damage_buffer(344, 205, 108, 40)
[3474693.215] {mesa egl surface queue}  -> wl_surface#23.commit()
[3474693.239] {mesa egl surface queue}  -> wl_display#1.sync(new id wl_callback#36)
[3474693.401] {Display Queue} wl_display#1.delete_id(36)
[3474711.045] {Display Queue} wl_display#1.delete_id(41)
[3474711.070] {Default Queue} wl_callback#41.done(447329)
[3474746.334] {Default Queue} wl_pointer#6.button(160, 447364, 272, 0)
[3474746.370] {Default Queue} wl_pointer#6.frame()
[3474747.105]  -> xdg_toplevel#31.set_fullscreen(nil)
[3474747.773] {mesa egl surface queue} wl_callback#36.done(447311)
[3474747.799] {mesa egl surface queue} wl_buffer#44.release()
[3474748.222]  -> wl_surface#23.frame(new id wl_callback#36)
[3474748.261] {mesa egl surface queue}  -> wl_surface#23.attach(wl_buffer#44, 0, 0)
[3474748.275] {mesa egl surface queue}  -> wl_surface#23.damage_buffer(344, 205, 108, 40)
[3474750.271] {mesa egl surface queue}  -> wl_surface#23.commit()
[3474750.353] {mesa egl surface queue}  -> wl_display#1.sync(new id wl_callback#41)
[3474750.491] xdg_toplevel#31.configure(1280, 800, array[8])
[3474750.509] xdg_surface#30.configure(161)
[3474750.520]  -> xdg_surface#30.ack_configure(161)
[3474773.617] {Display Queue} wl_display#1.delete_id(41)
[3474790.780] {Display Queue} wl_display#1.delete_id(36)
[3474790.813] {Default Queue} wl_callback#36.done(447409)
[3474792.478]  -> xdg_toplevel#31.set_min_size(429, 233)
[3474792.508]  -> xdg_toplevel#31.set_max_size(0, 0)
[3474793.496]  -> xdg_toplevel#31.set_min_size(457, 262)
[3474793.515]  -> xdg_toplevel#31.set_max_size(0, 0)
[3474795.746] {mesa egl surface queue} wl_callback#41.done(447391)
[3474795.776] {mesa egl surface queue} wl_buffer#44.release()
[3474795.782] {mesa egl surface queue}  -> wl_buffer#44.destroy()
[3474795.842] {mesa egl swrast display queue}  -> wl_shm#27.create_pool(new id wl_shm_pool#41, fd 19, 4096000)
[3474795.857] {mesa egl surface queue}  -> wl_shm_pool#41.create_buffer(new id wl_buffer#36, 0, 1280, 800, 5120, 0)
[3474795.864] {mesa egl surface queue}  -> wl_shm_pool#41.destroy()
[3474797.574]  -> xdg_surface#30.set_window_geometry(0, 0, 1280, 800)
[3474797.590] {Default Queue}  -> wl_compositor#4.create_region(new id wl_region#38)
[3474797.598] {Default Queue}  -> wl_region#38.add(0, 0, 1280, 800)
[3474797.603]  -> wl_surface#23.set_opaque_region(wl_region#38)
[3474797.607] {Default Queue}  -> wl_region#38.destroy()
[3474797.612] {Default Queue}  -> wl_compositor#4.create_region(new id wl_region#43)
[3474797.616] {Default Queue}  -> wl_region#43.add(-12, -12, 1304, 824)
[3474797.621]  -> wl_surface#23.set_input_region(wl_region#43)
[3474797.625] {Default Queue}  -> wl_region#43.destroy()
[3474797.629] {Default Queue}  -> wp_viewport#24.set_destination(1280, 800)
[3474797.643]  -> wl_surface#23.frame(new id wl_callback#42)
[3474797.668] {mesa egl surface queue}  -> wl_surface#23.attach(wl_buffer#36, 0, 0)
[3474797.674] {mesa egl surface queue}  -> wl_surface#23.damage_buffer(0, 0, 1280, 800)
[3474809.015] {mesa egl surface queue}  -> wl_surface#23.commit()
[3474809.031] {mesa egl surface queue}  -> wl_display#1.sync(new id wl_callback#40)
[3474809.213] {Display Queue} wl_display#1.delete_id(44)
[3474809.222] {Display Queue} wl_display#1.delete_id(41)
[3474809.226] {Display Queue} wl_display#1.delete_id(38)
[3474809.230] {Display Queue} wl_display#1.delete_id(43)
[3474809.233] {Display Queue} wl_display#1.delete_id(40)
[3474835.027] {Display Queue} wl_display#1.delete_id(42)
[3474835.045] {Default Queue} wl_callback#42.done(447453)
[3474848.728] {Default Queue}  -> wp_cursor_shape_device_v1#21.set_shape(152, 9)
[3474849.764] {mesa egl surface queue} wl_callback#40.done(447427)
[3474849.791] {mesa egl surface queue} wl_buffer#36.release()
[3474850.217]  -> wl_surface#23.frame(new id wl_callback#40)
[3474850.261] {mesa egl surface queue}  -> wl_surface#23.attach(wl_buffer#36, 0, 0)
[3474850.274] {mesa egl surface queue}  -> wl_surface#23.damage_buffer(334, 149, 100, 32)
[3474854.499] {mesa egl surface queue}  -> wl_surface#23.commit()
[3474854.531] {mesa egl surface queue}  -> wl_display#1.sync(new id wl_callback#42)
[3474854.766] {Display Queue} wl_display#1.delete_id(42)
[3474884.120] {Display Queue} wl_display#1.delete_id(40)
[3474884.140] {Default Queue} wl_callback#40.done(447502)
[3478747.883]  -> xdg_toplevel#31.unset_fullscreen()
[3478748.298] xdg_toplevel#31.configure_bounds(1256, 690)
[3478748.317] xdg_toplevel#31.configure(756, 518, array[4])
[3478748.329] xdg_surface#30.configure(162)
[3478748.351]  -> xdg_surface#30.ack_configure(162)
[3478750.719]  -> xdg_toplevel#31.set_min_size(485, 338)
[3478750.744]  -> xdg_toplevel#31.set_max_size(0, 0)
[3478753.815] {mesa egl surface queue} wl_callback#42.done(447473)
[3478753.845] {mesa egl surface queue} wl_buffer#36.release()
[3478753.856] {mesa egl surface queue}  -> wl_buffer#36.destroy()
[3478753.939] {mesa egl swrast display queue}  -> wl_shm#27.create_pool(new id wl_shm_pool#42, fd 19, 1715392)
[3478753.953] {mesa egl surface queue}  -> wl_shm_pool#42.create_buffer(new id wl_buffer#40, 0, 784, 547, 3136, 0)
[3478753.999] {mesa egl surface queue}  -> wl_shm_pool#42.destroy()
[3478767.479]  -> xdg_toplevel#31.set_min_size(457, 309)
[3478767.501]  -> xdg_toplevel#31.set_max_size(0, 0)
[3478767.509]  -> xdg_surface#30.set_window_geometry(14, 12, 756, 518)
[3478767.517] {Default Queue}  -> wl_compositor#4.create_region(new id wl_region#43)
[3478767.527] {Default Queue}  -> wl_region#43.add(14, 20, 756, 510)
[3478767.534]  -> wl_surface#23.set_opaque_region(wl_region#43)
[3478767.540] {Default Queue}  -> wl_region#43.destroy()
[3478767.547] {Default Queue}  -> wl_compositor#4.create_region(new id wl_region#38)
[3478767.563] {Default Queue}  -> wl_region#38.add(2, 0, 780, 542)
[3478767.571]  -> wl_surface#23.set_input_region(wl_region#38)
[3478767.576] {Default Queue}  -> wl_region#38.destroy()
[3478767.582] {Default Queue}  -> wp_viewport#24.set_destination(784, 547)
[3478767.588]  -> wl_surface#23.frame(new id wl_callback#41)
[3478767.618] {mesa egl surface queue}  -> wl_surface#23.attach(wl_buffer#40, 0, 0)
[3478767.626] {mesa egl surface queue}  -> wl_surface#23.damage_buffer(0, 0, 784, 547)
[3478771.704] {mesa egl surface queue}  -> wl_surface#23.commit()
[3478771.721] {mesa egl surface queue}  -> wl_display#1.sync(new id wl_callback#44)
[3478783.802] {Display Queue} wl_display#1.delete_id(36)
[3478783.831] {Display Queue} wl_display#1.delete_id(42)
[3478783.839] {Display Queue} wl_display#1.delete_id(43)
[3478783.845] {Display Queue} wl_display#1.delete_id(38)
[3478783.851] {Display Queue} wl_display#1.delete_id(44)
[3478810.501] {Display Queue} wl_display#1.delete_id(41)
[3478810.595] {Default Queue} wl_callback#41.done(451428)
[3478831.588] {Default Queue}  -> wp_cursor_shape_device_v1#21.set_shape(152, 1)
[3478832.895] {mesa egl surface queue} wl_callback#44.done(451402)
[3478832.920] {mesa egl surface queue} wl_buffer#40.release()
[3478833.570]  -> wl_surface#23.frame(new id wl_callback#44)
[3478833.626] {mesa egl surface queue}  -> wl_surface#23.attach(wl_buffer#40, 0, 0)
[3478833.643] {mesa egl surface queue}  -> wl_surface#23.damage_buffer(348, 208, 100, 32)
[3478834.616] {mesa egl surface queue}  -> wl_surface#23.commit()
[3478834.638] {mesa egl surface queue}  -> wl_display#1.sync(new id wl_callback#41)
[3478835.009] {Display Queue} wl_display#1.delete_id(41)
[3478863.983] {Display Queue} wl_display#1.delete_id(44)
[3478864.013] {Default Queue} wl_callback#44.done(451482)
[3511547.048] {Default Queue} wl_pointer#6.motion(484154, 722.00000000, 483.00000000)
[3511548.458] {Default Queue} wl_pointer#6.frame()
[3511551.232] {Default Queue}  -> wp_cursor_shape_device_v1#21.set_shape(152, 9)
[3511561.058] {mesa egl surface queue} wl_callback#41.done(451453)
[3511561.096] {mesa egl surface queue} wl_buffer#40.release()
[3511563.453]  -> wl_surface#23.frame(new id wl_callback#41)
[3511563.510] {mesa egl surface queue}  -> wl_surface#23.attach(wl_buffer#40, 0, 0)
[3511563.520] {mesa egl surface queue}  -> wl_surface#23.damage_buffer(348, 208, 100, 32)
[3511570.936] {mesa egl surface queue}  -> wl_surface#23.commit()
[3511570.960] {mesa egl surface queue}  -> wl_display#1.sync(new id wl_callback#44)
[3511575.104] {Display Queue} wl_display#1.delete_id(44)
[3511602.917] {Display Queue} wl_display#1.delete_id(41)
[3511602.934] {Default Queue} wl_callback#41.done(484221)
[3511602.956] {Default Queue} wl_pointer#6.button(163, 484220, 272, 1)
[3511602.989] {Default Queue} xdg_wm_base#20.ping(164)
[3511603.005] {Default Queue}  -> xdg_wm_base#20.pong(164)
[3511603.009] {Default Queue} wl_pointer#6.frame()
[3511603.441] {Default Queue}  -> zwp_text_input_v3#34.enable()
[3511603.530] {Default Queue}  -> zwp_text_input_v3#34.set_surrounding_text("GTK4 line 29", 12, 12)
[3511603.536] {Default Queue}  -> zwp_text_input_v3#34.set_text_change_cause(1)
[3511603.563] {Default Queue}  -> zwp_text_input_v3#34.set_content_type(0, 0)
[3511603.591] {Default Queue}  -> zwp_text_input_v3#34.set_cursor_rectangle(118, 777, 0, 17)
[3511603.596] {Default Queue}  -> zwp_text_input_v3#34.commit()
[3511603.767] {Default Queue}  -> zwp_text_input_v3#34.set_surrounding_text("GTK4 line 29", 12, 12)
[3511603.772] {Default Queue}  -> zwp_text_input_v3#34.set_text_change_cause(1)
[3511603.776] {Default Queue}  -> zwp_text_input_v3#34.set_content_type(0, 0)
[3511603.780] {Default Queue}  -> zwp_text_input_v3#34.set_cursor_rectangle(118, 777, 0, 17)
[3511603.783] {Default Queue}  -> zwp_text_input_v3#34.commit()
[3511607.885] {mesa egl surface queue} wl_callback#44.done(484193)
[3511607.896] {mesa egl surface queue} wl_buffer#40.release()
[3511720.914]  -> wl_surface#23.frame(new id wl_callback#44)
[3511720.971] {mesa egl surface queue}  -> wl_surface#23.attach(wl_buffer#40, 0, 0)
[3511720.976] {mesa egl surface queue}  -> wl_surface#23.damage_buffer(36, 257, 139, 116)
[3511720.980] {mesa egl surface queue}  -> wl_surface#23.damage_buffer(743, 257, 5, 116)
[3511720.983] {mesa egl surface queue}  -> wl_surface#23.damage_buffer(36, 373, 139, 137)
[3511721.899] {mesa egl surface queue}  -> wl_surface#23.commit()
[3511721.928] {mesa egl surface queue}  -> wl_display#1.sync(new id wl_callback#41)
[3511722.114] {Display Queue} wl_display#1.delete_id(41)
[3512564.103] {Display Queue} wl_display#1.delete_id(44)
[3512564.142] {Default Queue} wl_callback#44.done(485182)
[3512564.702] {mesa egl surface queue} wl_callback#41.done(484340)
[3512564.727] {mesa egl surface queue} wl_buffer#40.release()
[3512565.119]  -> wl_surface#23.frame(new id wl_callback#41)
[3512565.167] {mesa egl surface queue}  -> wl_surface#23.attach(wl_buffer#40, 0, 0)
[3512565.181] {mesa egl surface queue}  -> wl_surface#23.damage_buffer(743, 257, 5, 116)
[3512565.193] {mesa egl surface queue}  -> wl_surface#23.damage_buffer(117, 471, 1, 18)
[3512566.015] {mesa egl surface queue}  -> wl_surface#23.commit()
[3512566.045] {mesa egl surface queue}  -> wl_display#1.sync(new id wl_callback#44)
[3512566.223] {Display Queue} wl_display#1.delete_id(44)
[3512588.819] {Display Queue} wl_display#1.delete_id(41)
[3512588.843] {Default Queue} wl_callback#41.done(485207)
[3512589.181] {mesa egl surface queue} wl_callback#44.done(485184)
[3512589.196] {mesa egl surface queue} wl_buffer#40.release()
[3512589.361]  -> wl_surface#23.frame(new id wl_callback#44)
[3512589.386] {mesa egl surface queue}  -> wl_surface#23.attach(wl_buffer#40, 0, 0)
[3512589.397] {mesa egl surface queue}  -> wl_surface#23.damage_buffer(117, 471, 1, 18)
[3512590.019] {mesa egl surface queue}  -> wl_surface#23.commit()
[3512590.038] {mesa egl surface queue}  -> wl_display#1.sync(new id wl_callback#41)
[3512590.157] {Display Queue} wl_display#1.delete_id(41)
[3512607.369] {Display Queue} wl_display#1.delete_id(44)
[3512607.387] {Default Queue} wl_callback#44.done(485225)
[3512607.663] {mesa egl surface queue} wl_callback#41.done(485208)
[3512607.674] {mesa egl surface queue} wl_buffer#40.release()
[3512607.812]  -> wl_surface#23.frame(new id wl_callback#41)
[3512607.832] {mesa egl surface queue}  -> wl_surface#23.attach(wl_buffer#40, 0, 0)
[3512607.841] {mesa egl surface queue}  -> wl_surface#23.damage_buffer(117, 471, 1, 18)
[3512608.309] {mesa egl surface queue}  -> wl_surface#23.commit()
[3512608.321] {mesa egl surface queue}  -> wl_display#1.sync(new id wl_callback#44)
[3512608.420] {Display Queue} wl_display#1.delete_id(44)
[3512621.913] {Display Queue} wl_display#1.delete_id(41)
[3512621.932] {Default Queue} wl_callback#41.done(485240)
[3512622.185] {mesa egl surface queue} wl_callback#44.done(485226)
[3512622.196] {mesa egl surface queue} wl_buffer#40.release()
[3512622.340]  -> wl_surface#23.frame(new id wl_callback#44)
[3512622.362] {mesa egl surface queue}  -> wl_surface#23.attach(wl_buffer#40, 0, 0)
[3512622.371] {mesa egl surface queue}  -> wl_surface#23.damage_buffer(117, 471, 1, 18)
[3512622.823] {mesa egl surface queue}  -> wl_surface#23.commit()
[3512622.838] {mesa egl surface queue}  -> wl_display#1.sync(new id wl_callback#41)
[3512622.938] {Display Queue} wl_display#1.delete_id(41)
[3512635.691] {Display Queue} wl_display#1.delete_id(44)
[3512635.729] {Default Queue} wl_callback#44.done(485254)
[3512635.939] {mesa egl surface queue} wl_callback#41.done(485241)
[3512635.948] {mesa egl surface queue} wl_buffer#40.release()
[3512636.061]  -> wl_surface#23.frame(new id wl_callback#41)
[3512636.077] {mesa egl surface queue}  -> wl_surface#23.attach(wl_buffer#40, 0, 0)
[3512636.085] {mesa egl surface queue}  -> wl_surface#23.damage_buffer(117, 471, 1, 18)
[3512636.525] {mesa egl surface queue}  -> wl_surface#23.commit()
[3512636.536] {mesa egl surface queue}  -> wl_display#1.sync(new id wl_callback#44)
[3512636.616] {Display Queue} wl_display#1.delete_id(44)
[3512649.072] {Display Queue} wl_display#1.delete_id(41)
[3512649.086] {Default Queue} wl_callback#41.done(485267)
[3512649.286] {mesa egl surface queue} wl_callback#44.done(485255)
[3512649.294] {mesa egl surface queue} wl_buffer#40.release()
[3512649.396]  -> wl_surface#23.frame(new id wl_callback#44)
[3512649.412] {mesa egl surface queue}  -> wl_surface#23.attach(wl_buffer#40, 0, 0)
[3512649.419] {mesa egl surface queue}  -> wl_surface#23.damage_buffer(117, 471, 1, 18)
[3512649.888] {mesa egl surface queue}  -> wl_surface#23.commit()
[3512649.901] {mesa egl surface queue}  -> wl_display#1.sync(new id wl_callback#41)
[3512649.978] {Display Queue} wl_display#1.delete_id(41)
[3512662.477] {Display Queue} wl_display#1.delete_id(44)
[3512662.493] {Default Queue} wl_callback#44.done(485280)
[3512662.701] {mesa egl surface queue} wl_callback#41.done(485268)
[3512662.710] {mesa egl surface queue} wl_buffer#40.release()
[3512662.817]  -> wl_surface#23.frame(new id wl_callback#41)
[3512662.835] {mesa egl surface queue}  -> wl_surface#23.attach(wl_buffer#40, 0, 0)
[3512662.844] {mesa egl surface queue}  -> wl_surface#23.damage_buffer(117, 471, 1, 18)
[3512663.273] {mesa egl surface queue}  -> wl_surface#23.commit()
[3512663.283] {mesa egl surface queue}  -> wl_display#1.sync(new id wl_callback#44)
[3512663.358] {Display Queue} wl_display#1.delete_id(44)
[3512677.868] {Display Queue} wl_display#1.delete_id(41)
[3512677.886] {Default Queue} wl_callback#41.done(485296)
[3512678.112] {mesa egl surface queue} wl_callback#44.done(485281)
[3512678.124] {mesa egl surface queue} wl_buffer#40.release()
[3512678.242]  -> wl_surface#23.frame(new id wl_callback#44)
[3512678.264] {mesa egl surface queue}  -> wl_surface#23.attach(wl_buffer#40, 0, 0)
[3512678.273] {mesa egl surface queue}  -> wl_surface#23.damage_buffer(117, 471, 1, 18)
[3512678.704] {mesa egl surface queue}  -> wl_surface#23.commit()
[3512678.718] {mesa egl surface queue}  -> wl_display#1.sync(new id wl_callback#41)
[3512678.810] {Display Queue} wl_display#1.delete_id(41)
[3512690.772] {Display Queue} wl_display#1.delete_id(44)
[3512690.813] {Default Queue} wl_callback#44.done(485309)
[3512691.150] {mesa egl surface queue} wl_callback#41.done(485297)
[3512691.167] {mesa egl surface queue} wl_buffer#40.release()
[3512691.374]  -> wl_surface#23.frame(new id wl_callback#41)
[3512691.408] {mesa egl surface queue}  -> wl_surface#23.attach(wl_buffer#40, 0, 0)
[3512691.422] {mesa egl surface queue}  -> wl_surface#23.damage_buffer(117, 471, 1, 18)
[3512691.929] {mesa egl surface queue}  -> wl_surface#23.commit()
[3512691.943] {mesa egl surface queue}  -> wl_display#1.sync(new id wl_callback#44)
[3512692.088] {Display Queue} wl_display#1.delete_id(44)
[3512705.420] {Display Queue} wl_display#1.delete_id(41)
[3512705.497] {Default Queue} wl_callback#41.done(485323)
[3512705.775] {mesa egl surface queue} wl_callback#44.done(485310)
[3512705.789] {mesa egl surface queue} wl_buffer#40.release()
[3512705.953]  -> wl_surface#23.frame(new id wl_callback#44)
[3512705.981] {mesa egl surface queue}  -> wl_surface#23.attach(wl_buffer#40, 0, 0)
[3512705.992] {mesa egl surface queue}  -> wl_surface#23.damage_buffer(117, 471, 1, 18)
[3512706.414] {mesa egl surface queue}  -> wl_surface#23.commit()
[3512706.429] {mesa egl surface queue}  -> wl_display#1.sync(new id wl_callback#41)
[3512706.542] {Display Queue} wl_display#1.delete_id(41)
[3512717.590] {Display Queue} wl_display#1.delete_id(44)
[3512717.650] {Default Queue} wl_callback#44.done(485336)
[3512717.898] {mesa egl surface queue} wl_callback#41.done(485325)
[3512717.911] {mesa egl surface queue} wl_buffer#40.release()
[3512718.056]  -> wl_surface#23.frame(new id wl_callback#41)
[3512718.078] {mesa egl surface queue}  -> wl_surface#23.attach(wl_buffer#40, 0, 0)
[3512718.089] {mesa egl surface queue}  -> wl_surface#23.damage_buffer(117, 471, 1, 18)
[3512718.411] {mesa egl surface queue}  -> wl_surface#23.commit()
[3512718.422] {mesa egl surface queue}  -> wl_display#1.sync(new id wl_callback#44)
[3512718.523] {Display Queue} wl_display#1.delete_id(44)
[3512733.516] {Display Queue} wl_display#1.delete_id(41)
[3512733.535] {Default Queue} wl_callback#41.done(485351)
[3512733.788] {mesa egl surface queue} wl_callback#44.done(485337)
[3512733.798] {mesa egl surface queue} wl_buffer#40.release()
[3512733.920]  -> wl_surface#23.frame(new id wl_callback#44)
[3512733.941] {mesa egl surface queue}  -> wl_surface#23.attach(wl_buffer#40, 0, 0)
[3512733.950] {mesa egl surface queue}  -> wl_surface#23.damage_buffer(117, 471, 1, 18)
[3512734.312] {mesa egl surface queue}  -> wl_surface#23.commit()
[3512734.322] {mesa egl surface queue}  -> wl_display#1.sync(new id wl_callback#41)
[3512734.417] {Display Queue} wl_display#1.delete_id(41)
[3512750.384] {Display Queue} wl_display#1.delete_id(44)
[3512750.404] {Default Queue} wl_callback#44.done(485368)
[3512750.632] {mesa egl surface queue} wl_callback#41.done(485352)
[3512750.642] {mesa egl surface queue} wl_buffer#40.release()
[3512750.753]  -> wl_surface#23.frame(new id wl_callback#41)
[3512750.773] {mesa egl surface queue}  -> wl_surface#23.attach(wl_buffer#40, 0, 0)
[3512750.781] {mesa egl surface queue}  -> wl_surface#23.damage_buffer(117, 471, 1, 18)
[3512751.228] {mesa egl surface queue}  -> wl_surface#23.commit()
[3512751.239] {mesa egl surface queue}  -> wl_display#1.sync(new id wl_callback#44)
[3512751.335] {Display Queue} wl_display#1.delete_id(44)
[3512765.762] {Display Queue} wl_display#1.delete_id(41)
[3512765.780] {Default Queue} wl_callback#41.done(485384)
[3512765.995] {mesa egl surface queue} wl_callback#44.done(485369)
[3512766.005] {mesa egl surface queue} wl_buffer#40.release()
[3512766.111]  -> wl_surface#23.frame(new id wl_callback#44)
[3512766.131] {mesa egl surface queue}  -> wl_surface#23.attach(wl_buffer#40, 0, 0)
[3512766.140] {mesa egl surface queue}  -> wl_surface#23.damage_buffer(117, 471, 1, 18)
[3512766.506] {mesa egl surface queue}  -> wl_surface#23.commit()
[3512766.519] {mesa egl surface queue}  -> wl_display#1.sync(new id wl_callback#41)
[3512766.606] {Display Queue} wl_display#1.delete_id(41)
[3512780.609] {Display Queue} wl_display#1.delete_id(44)
[3512780.625] {Default Queue} wl_callback#44.done(485399)
[3512780.827] {mesa egl surface queue} wl_callback#41.done(485385)
[3512780.836] {mesa egl surface queue} wl_buffer#40.release()
[3512780.935]  -> wl_surface#23.frame(new id wl_callback#41)
[3512780.952] {mesa egl surface queue}  -> wl_surface#23.attach(wl_buffer#40, 0, 0)
[3512780.960] {mesa egl surface queue}  -> wl_surface#23.damage_buffer(117, 471, 1, 18)
[3512781.393] {mesa egl surface queue}  -> wl_surface#23.commit()
[3512781.403] {mesa egl surface queue}  -> wl_display#1.sync(new id wl_callback#44)
[3512781.514] {Display Queue} wl_display#1.delete_id(44)
[3512795.497] {Display Queue} wl_display#1.delete_id(41)
[3512795.513] {Default Queue} wl_callback#41.done(485413)
[3512795.717] {mesa egl surface queue} wl_callback#44.done(485400)
[3512795.727] {mesa egl surface queue} wl_buffer#40.release()
[3512795.823]  -> wl_surface#23.frame(new id wl_callback#44)
[3512795.841] {mesa egl surface queue}  -> wl_surface#23.attach(wl_buffer#40, 0, 0)
[3512795.848] {mesa egl surface queue}  -> wl_surface#23.damage_buffer(117, 471, 1, 18)
[3512796.265] {mesa egl surface queue}  -> wl_surface#23.commit()
[3512796.275] {mesa egl surface queue}  -> wl_display#1.sync(new id wl_callback#41)
[3512796.357] {Display Queue} wl_display#1.delete_id(41)
[3512808.223] {Display Queue} wl_display#1.delete_id(44)
[3512808.270] {Default Queue} wl_callback#44.done(485426)
[3512808.461] {mesa egl surface queue} wl_callback#41.done(485414)
[3512808.470] {mesa egl surface queue} wl_buffer#40.release()
[3512808.545]  -> wl_surface#23.frame(new id wl_callback#41)
[3512808.562] {mesa egl surface queue}  -> wl_surface#23.attach(wl_buffer#40, 0, 0)
[3512808.568] {mesa egl surface queue}  -> wl_surface#23.damage_buffer(117, 471, 1, 18)
[3512808.984] {mesa egl surface queue}  -> wl_surface#23.commit()
[3512808.993] {mesa egl surface queue}  -> wl_display#1.sync(new id wl_callback#44)
[3512809.069] {Display Queue} wl_display#1.delete_id(44)
[3512821.102] {Display Queue} wl_display#1.delete_id(41)
[3512821.117] {Default Queue} wl_callback#41.done(485439)
[3513109.516] {mesa egl surface queue} wl_callback#44.done(485427)
[3513109.545] {mesa egl surface queue} wl_buffer#40.release()
[3513109.733]  -> wl_surface#23.frame(new id wl_callback#44)
[3513109.768] {mesa egl surface queue}  -> wl_surface#23.attach(wl_buffer#40, 0, 0)
[3513109.781] {mesa egl surface queue}  -> wl_surface#23.damage_buffer(117, 471, 1, 18)
[3513110.268] {mesa egl surface queue}  -> wl_surface#23.commit()
[3513110.283] {mesa egl surface queue}  -> wl_display#1.sync(new id wl_callback#41)
[3513110.440] {Display Queue} wl_display#1.delete_id(41)
[3513129.235] {Display Queue} wl_display#1.delete_id(44)
[3513129.259] {Default Queue} wl_callback#44.done(485747)
[3513129.598] {mesa egl surface queue} wl_callback#41.done(485728)
[3513129.615] {mesa egl surface queue} wl_buffer#40.release()
[3513129.771]  -> wl_surface#23.frame(new id wl_callback#41)
[3513129.800] {mesa egl surface queue}  -> wl_surface#23.attach(wl_buffer#40, 0, 0)
[3513129.811] {mesa egl surface queue}  -> wl_surface#23.damage_buffer(117, 471, 1, 18)
[3513130.306] {mesa egl surface queue}  -> wl_surface#23.commit()
[3513130.321] {mesa egl surface queue}  -> wl_display#1.sync(new id wl_callback#44)
[3513130.439] {Display Queue} wl_display#1.delete_id(44)
[3513145.137] {Display Queue} wl_display#1.delete_id(41)
[3513145.157] {Default Queue} wl_callback#41.done(485763)
[3513145.417] {mesa egl surface queue} wl_callback#44.done(485748)
[3513145.430] {mesa egl surface queue} wl_buffer#40.release()
[3513145.618]  -> wl_surface#23.frame(new id wl_callback#44)
[3513145.644] {mesa egl surface queue}  -> wl_surface#23.attach(wl_buffer#40, 0, 0)
[3513145.653] {mesa egl surface queue}  -> wl_surface#23.damage_buffer(117, 471, 1, 18)
[3513146.089] {mesa egl surface queue}  -> wl_surface#23.commit()
[3513146.103] {mesa egl surface queue}  -> wl_display#1.sync(new id wl_callback#41)
[3513146.213] {Display Queue} wl_display#1.delete_id(41)
[3513161.780] {Display Queue} wl_display#1.delete_id(44)
[3513161.800] {Default Queue} wl_callback#44.done(485780)
[3513162.011] {mesa egl surface queue} wl_callback#41.done(485764)
[3513162.021] {mesa egl surface queue} wl_buffer#40.release()
[3513162.135]  -> wl_surface#23.frame(new id wl_callback#41)
[3513162.153] {mesa egl surface queue}  -> wl_surface#23.attach(wl_buffer#40, 0, 0)
[3513162.161] {mesa egl surface queue}  -> wl_surface#23.damage_buffer(117, 471, 1, 18)
[3513162.507] {mesa egl surface queue}  -> wl_surface#23.commit()
[3513162.516] {mesa egl surface queue}  -> wl_display#1.sync(new id wl_callback#44)
[3513162.607] {Display Queue} wl_display#1.delete_id(44)
[3513174.944] {Display Queue} wl_display#1.delete_id(41)
[3513174.961] {Default Queue} wl_callback#41.done(485793)
[3513175.178] {mesa egl surface queue} wl_callback#44.done(485781)
[3513175.189] {mesa egl surface queue} wl_buffer#40.release()
[3513175.302]  -> wl_surface#23.frame(new id wl_callback#44)
[3513175.322] {mesa egl surface queue}  -> wl_surface#23.attach(wl_buffer#40, 0, 0)
[3513175.332] {mesa egl surface queue}  -> wl_surface#23.damage_buffer(117, 471, 1, 18)
[3513175.780] {mesa egl surface queue}  -> wl_surface#23.commit()
[3513175.793] {mesa egl surface queue}  -> wl_display#1.sync(new id wl_callback#41)
[3513175.882] {Display Queue} wl_display#1.delete_id(41)
[3513188.768] {Display Queue} wl_display#1.delete_id(44)
[3513188.825] {Default Queue} wl_callback#44.done(485807)
[3513189.027] {mesa egl surface queue} wl_callback#41.done(485794)
[3513189.038] {mesa egl surface queue} wl_buffer#40.release()
[3513189.153]  -> wl_surface#23.frame(new id wl_callback#41)
[3513189.179] {mesa egl surface queue}  -> wl_surface#23.attach(wl_buffer#40, 0, 0)
[3513189.186] {mesa egl surface queue}  -> wl_surface#23.damage_buffer(117, 471, 1, 18)
[3513189.654] {mesa egl surface queue}  -> wl_surface#23.commit()
[3513189.667] {mesa egl surface queue}  -> wl_display#1.sync(new id wl_callback#44)
[3513189.749] {Display Queue} wl_display#1.delete_id(44)
[3513201.026] {Display Queue} wl_display#1.delete_id(41)
[3513201.042] {Default Queue} wl_callback#41.done(485819)
[3513201.219] {mesa egl surface queue} wl_callback#44.done(485808)
[3513201.227] {mesa egl surface queue} wl_buffer#40.release()
[3513201.319]  -> wl_surface#23.frame(new id wl_callback#44)
[3513201.336] {mesa egl surface queue}  -> wl_surface#23.attach(wl_buffer#40, 0, 0)
[3513201.343] {mesa egl surface queue}  -> wl_surface#23.damage_buffer(117, 471, 1, 18)
[3513201.769] {mesa egl surface queue}  -> wl_surface#23.commit()
[3513201.780] {mesa egl surface queue}  -> wl_display#1.sync(new id wl_callback#41)
[3513201.853] {Display Queue} wl_display#1.delete_id(41)
[3513211.864] {Display Queue} wl_display#1.delete_id(44)
[3513211.878] {Default Queue} wl_callback#44.done(485830)
[3513212.061] {mesa egl surface queue} wl_callback#41.done(485820)
[3513212.072] {mesa egl surface queue} wl_buffer#40.release()
[3513212.172]  -> wl_surface#23.frame(new id wl_callback#41)
[3513212.190] {mesa egl surface queue}  -> wl_surface#23.attach(wl_buffer#40, 0, 0)
[3513212.197] {mesa egl surface queue}  -> wl_surface#23.damage_buffer(117, 471, 1, 18)
[3513212.583] {mesa egl surface queue}  -> wl_surface#23.commit()
[3513212.593] {mesa egl surface queue}  -> wl_display#1.sync(new id wl_callback#44)
[3513212.668] {Display Queue} wl_display#1.delete_id(44)
[3513223.035] {Display Queue} wl_display#1.delete_id(41)
[3513223.050] {Default Queue} wl_callback#41.done(485841)
[3513223.235] {mesa egl surface queue} wl_callback#44.done(485831)
[3513223.246] {mesa egl surface queue} wl_buffer#40.release()
[3513223.345]  -> wl_surface#23.frame(new id wl_callback#44)
[3513223.361] {mesa egl surface queue}  -> wl_surface#23.attach(wl_buffer#40, 0, 0)
[3513223.367] {mesa egl surface queue}  -> wl_surface#23.damage_buffer(117, 471, 1, 18)
[3513223.758] {mesa egl surface queue}  -> wl_surface#23.commit()
[3513223.767] {mesa egl surface queue}  -> wl_display#1.sync(new id wl_callback#41)
[3513223.844] {Display Queue} wl_display#1.delete_id(41)
[3513234.419] {Display Queue} wl_display#1.delete_id(44)
[3513234.435] {Default Queue} wl_callback#44.done(485852)
[3513234.619] {mesa egl surface queue} wl_callback#41.done(485842)
[3513234.627] {mesa egl surface queue} wl_buffer#40.release()
[3513234.721]  -> wl_surface#23.frame(new id wl_callback#41)
[3513234.739] {mesa egl surface queue}  -> wl_surface#23.attach(wl_buffer#40, 0, 0)
[3513234.746] {mesa egl surface queue}  -> wl_surface#23.damage_buffer(117, 471, 1, 18)
[3513235.153] {mesa egl surface queue}  -> wl_surface#23.commit()
[3513235.165] {mesa egl surface queue}  -> wl_display#1.sync(new id wl_callback#44)
[3513235.243] {Display Queue} wl_display#1.delete_id(44)
[3513246.122] {Display Queue} wl_display#1.delete_id(41)
[3513246.138] {Default Queue} wl_callback#41.done(485864)
[3513246.331] {mesa egl surface queue} wl_callback#44.done(485853)
[3513246.342] {mesa egl surface queue} wl_buffer#40.release()
[3513246.444]  -> wl_surface#23.frame(new id wl_callback#44)
[3513246.463] {mesa egl surface queue}  -> wl_surface#23.attach(wl_buffer#40, 0, 0)
[3513246.470] {mesa egl surface queue}  -> wl_surface#23.damage_buffer(117, 471, 1, 18)
[3513246.839] {mesa egl surface queue}  -> wl_surface#23.commit()
[3513246.849] {mesa egl surface queue}  -> wl_display#1.sync(new id wl_callback#41)
[3513246.931] {Display Queue} wl_display#1.delete_id(41)
[3513257.931] {Display Queue} wl_display#1.delete_id(44)
[3513257.978] {Default Queue} wl_callback#44.done(485876)
[3513258.183] {mesa egl surface queue} wl_callback#41.done(485865)
[3513258.193] {mesa egl surface queue} wl_buffer#40.release()
[3513258.331]  -> wl_surface#23.frame(new id wl_callback#41)
[3513258.349] {mesa egl surface queue}  -> wl_surface#23.attach(wl_buffer#40, 0, 0)
[3513258.356] {mesa egl surface queue}  -> wl_surface#23.damage_buffer(117, 471, 1, 18)
[3513258.700] {mesa egl surface queue}  -> wl_surface#23.commit()
[3513258.708] {mesa egl surface queue}  -> wl_display#1.sync(new id wl_callback#44)
[3513258.786] {Display Queue} wl_display#1.delete_id(44)
[3513269.179] {Display Queue} wl_display#1.delete_id(41)
[3513269.193] {Default Queue} wl_callback#41.done(485887)
[3513269.366] {mesa egl surface queue} wl_callback#44.done(485877)
[3513269.373] {mesa egl surface queue} wl_buffer#40.release()
[3513269.493]  -> wl_surface#23.frame(new id wl_callback#44)
[3513269.515] {mesa egl surface queue}  -> wl_surface#23.attach(wl_buffer#40, 0, 0)
[3513269.521] {mesa egl surface queue}  -> wl_surface#23.damage_buffer(117, 471, 1, 18)
[3513269.863] {mesa egl surface queue}  -> wl_surface#23.commit()
[3513269.870] {mesa egl surface queue}  -> wl_display#1.sync(new id wl_callback#41)
[3513269.941] {Display Queue} wl_display#1.delete_id(41)
[3513279.831] {Display Queue} wl_display#1.delete_id(44)
[3513279.843] {Default Queue} wl_callback#44.done(485898)
[3513280.001] {mesa egl surface queue} wl_callback#41.done(485888)
[3513280.011] {mesa egl surface queue} wl_buffer#40.release()
[3513280.112]  -> wl_surface#23.frame(new id wl_callback#41)
[3513280.126] {mesa egl surface queue}  -> wl_surface#23.attach(wl_buffer#40, 0, 0)
[3513280.133] {mesa egl surface queue}  -> wl_surface#23.damage_buffer(117, 471, 1, 18)
[3513280.481] {mesa egl surface queue}  -> wl_surface#23.commit()
[3513280.489] {mesa egl surface queue}  -> wl_display#1.sync(new id wl_callback#44)
[3513280.551] {Display Queue} wl_display#1.delete_id(44)
[3513290.526] {Display Queue} wl_display#1.delete_id(41)
[3513290.536] {Default Queue} wl_callback#41.done(485909)
[3513290.689] {mesa egl surface queue} wl_callback#44.done(485899)
[3513290.696] {mesa egl surface queue} wl_buffer#40.release()
[3513290.783]  -> wl_surface#23.frame(new id wl_callback#44)
[3513290.794] {mesa egl surface queue}  -> wl_surface#23.attach(wl_buffer#40, 0, 0)
[3513290.814] {mesa egl surface queue}  -> wl_surface#23.damage_buffer(117, 471, 1, 18)
[3513291.147] {mesa egl surface queue}  -> wl_surface#23.commit()
[3513291.155] {mesa egl surface queue}  -> wl_display#1.sync(new id wl_callback#41)
[3513291.253] {Display Queue} wl_display#1.delete_id(41)
[3513301.155] {Display Queue} wl_display#1.delete_id(44)
[3513301.181] {Default Queue} wl_callback#44.done(485919)
[3513301.526] {mesa egl surface queue} wl_callback#41.done(485909)
[3513301.543] {mesa egl surface queue} wl_buffer#40.release()
[3513301.696]  -> wl_surface#23.frame(new id wl_callback#41)
[3513301.727] {mesa egl surface queue}  -> wl_surface#23.attach(wl_buffer#40, 0, 0)
[3513301.739] {mesa egl surface queue}  -> wl_surface#23.damage_buffer(117, 471, 1, 18)
[3513302.087] {mesa egl surface queue}  -> wl_surface#23.commit()
[3513302.097] {mesa egl surface queue}  -> wl_display#1.sync(new id wl_callback#44)
[3513302.218] {Display Queue} wl_display#1.delete_id(44)
[3513312.842] {Display Queue} wl_display#1.delete_id(41)
[3513312.860] {Default Queue} wl_callback#41.done(485931)
[3513313.106] {mesa egl surface queue} wl_callback#44.done(485920)
[3513313.120] {mesa egl surface queue} wl_buffer#40.release()
[3513313.269]  -> wl_surface#23.frame(new id wl_callback#44)
[3513313.295] {mesa egl surface queue}  -> wl_surface#23.attach(wl_buffer#40, 0, 0)
[3513313.305] {mesa egl surface queue}  -> wl_surface#23.damage_buffer(117, 471, 1, 18)
[3513313.757] {mesa egl surface queue}  -> wl_surface#23.commit()
[3513313.771] {mesa egl surface queue}  -> wl_display#1.sync(new id wl_callback#41)
[3513313.877] {Display Queue} wl_display#1.delete_id(41)
[3513326.768] {Display Queue} wl_display#1.delete_id(44)
[3513326.814] {Default Queue} wl_callback#44.done(485945)
[3513327.148] {mesa egl surface queue} wl_callback#41.done(485932)
[3513327.165] {mesa egl surface queue} wl_buffer#40.release()
[3513327.346]  -> wl_surface#23.frame(new id wl_callback#41)
[3513327.380] {mesa egl surface queue}  -> wl_surface#23.attach(wl_buffer#40, 0, 0)
[3513327.393] {mesa egl surface queue}  -> wl_surface#23.damage_buffer(117, 471, 1, 18)
[3513327.913] {mesa egl surface queue}  -> wl_surface#23.commit()
[3513327.929] {mesa egl surface queue}  -> wl_display#1.sync(new id wl_callback#44)
[3513328.074] {Display Queue} wl_display#1.delete_id(44)
[3513341.324] {Display Queue} wl_display#1.delete_id(41)
[3513341.348] {Default Queue} wl_callback#41.done(485959)
[3513341.668] {mesa egl surface queue} wl_callback#44.done(485946)
[3513341.683] {mesa egl surface queue} wl_buffer#40.release()
[3513341.847]  -> wl_surface#23.frame(new id wl_callback#44)
[3513341.877] {mesa egl surface queue}  -> wl_surface#23.attach(wl_buffer#40, 0, 0)
[3513341.887] {mesa egl surface queue}  -> wl_surface#23.damage_buffer(117, 471, 1, 18)
[3513342.221] {mesa egl surface queue}  -> wl_surface#23.commit()
[3513342.231] {mesa egl surface queue}  -> wl_display#1.sync(new id wl_callback#41)
[3513342.346] {Display Queue} wl_display#1.delete_id(41)
[3513353.108] {Display Queue} wl_display#1.delete_id(44)
[3513353.129] {Default Queue} wl_callback#44.done(485971)
[3513353.379] {mesa egl surface queue} wl_callback#41.done(485960)
[3513353.393] {mesa egl surface queue} wl_buffer#40.release()
[3513353.577]  -> wl_surface#23.frame(new id wl_callback#41)
[3513353.604] {mesa egl surface queue}  -> wl_surface#23.attach(wl_buffer#40, 0, 0)
[3513353.614] {mesa egl surface queue}  -> wl_surface#23.damage_buffer(117, 471, 1, 18)
[3513353.981] {mesa egl surface queue}  -> wl_surface#23.commit()
[3513353.992] {mesa egl surface queue}  -> wl_display#1.sync(new id wl_callback#44)
[3513354.098] {Display Queue} wl_display#1.delete_id(44)
[3513365.165] {Display Queue} wl_display#1.delete_id(41)
[3513365.187] {Default Queue} wl_callback#41.done(485983)
[3513365.434] {mesa egl surface queue} wl_callback#44.done(485972)
[3513365.474] {mesa egl surface queue} wl_buffer#40.release()
[3513365.624]  -> wl_surface#23.frame(new id wl_callback#44)
[3513365.648] {mesa egl surface queue}  -> wl_surface#23.attach(wl_buffer#40, 0, 0)
[3513365.659] {mesa egl surface queue}  -> wl_surface#23.damage_buffer(117, 471, 1, 18)
[3513366.045] {mesa egl surface queue}  -> wl_surface#23.commit()
[3513366.061] {mesa egl surface queue}  -> wl_display#1.sync(new id wl_callback#41)
[3513366.167] {Display Queue} wl_display#1.delete_id(41)
[3513377.254] {Display Queue} wl_display#1.delete_id(44)
[3513377.276] {Default Queue} wl_callback#44.done(485995)
[3513377.578] {mesa egl surface queue} wl_callback#41.done(485984)
[3513377.593] {mesa egl surface queue} wl_buffer#40.release()
[3513377.724]  -> wl_surface#23.frame(new id wl_callback#41)
[3513377.750] {mesa egl surface queue}  -> wl_surface#23.attach(wl_buffer#40, 0, 0)
[3513377.762] {mesa egl surface queue}  -> wl_surface#23.damage_buffer(117, 471, 1, 18)
[3513378.172] {mesa egl surface queue}  -> wl_surface#23.commit()
[3513378.185] {mesa egl surface queue}  -> wl_display#1.sync(new id wl_callback#44)
[3513378.290] {Display Queue} wl_display#1.delete_id(44)
[3513389.710] {Display Queue} wl_display#1.delete_id(41)
[3513389.731] {Default Queue} wl_callback#41.done(486008)
[3513389.979] {mesa egl surface queue} wl_callback#44.done(485996)
[3513389.994] {mesa egl surface queue} wl_buffer#40.release()
[3513390.128]  -> wl_surface#23.frame(new id wl_callback#44)
[3513390.151] {mesa egl surface queue}  -> wl_surface#23.attach(wl_buffer#40, 0, 0)
[3513390.159] {mesa egl surface queue}  -> wl_surface#23.damage_buffer(117, 471, 1, 18)
[3513390.511] {mesa egl surface queue}  -> wl_surface#23.commit()
[3513390.521] {mesa egl surface queue}  -> wl_display#1.sync(new id wl_callback#41)
[3513390.617] {Display Queue} wl_display#1.delete_id(41)
[3513400.943] {Display Queue} wl_display#1.delete_id(44)
[3513400.971] {Default Queue} wl_callback#44.done(486019)
[3513401.174] {mesa egl surface queue} wl_callback#41.done(486009)
[3513401.184] {mesa egl surface queue} wl_buffer#40.release()
[3513401.293]  -> wl_surface#23.frame(new id wl_callback#41)
[3513401.312] {mesa egl surface queue}  -> wl_surface#23.attach(wl_buffer#40, 0, 0)
[3513401.320] {mesa egl surface queue}  -> wl_surface#23.damage_buffer(117, 471, 1, 18)
[3513401.802] {mesa egl surface queue}  -> wl_surface#23.commit()
[3513401.814] {mesa egl surface queue}  -> wl_display#1.sync(new id wl_callback#44)
[3513401.898] {Display Queue} wl_display#1.delete_id(44)
[3513411.821] {Display Queue} wl_display#1.delete_id(41)
[3513411.834] {Default Queue} wl_callback#41.done(486030)
[3513412.034] {mesa egl surface queue} wl_callback#44.done(486020)
[3513412.043] {mesa egl surface queue} wl_buffer#40.release()
[3513412.133]  -> wl_surface#23.frame(new id wl_callback#44)
[3513412.150] {mesa egl surface queue}  -> wl_surface#23.attach(wl_buffer#40, 0, 0)
[3513412.159] {mesa egl surface queue}  -> wl_surface#23.damage_buffer(117, 471, 1, 18)
[3513412.588] {mesa egl surface queue}  -> wl_surface#23.commit()
[3513412.597] {mesa egl surface queue}  -> wl_display#1.sync(new id wl_callback#41)
[3513412.670] {Display Queue} wl_display#1.delete_id(41)
[3513422.323] {Display Queue} wl_display#1.delete_id(44)
[3513422.335] {Default Queue} wl_callback#44.done(486040)
[3513575.727] {Default Queue} wl_pointer#6.motion(486193, 883.00000000, 549.00000000)
[3513575.768] {Default Queue} wl_pointer#6.frame()
[3513577.678] {Default Queue}  -> zwp_primary_selection_source_v1#48.destroy()
[3513577.714] {Default Queue}  -> zwp_primary_selection_device_manager_v1#12.create_source(new id zwp_primary_selection_source_v1#44)
[3513577.748] {Default Queue}  -> zwp_primary_selection_source_v1#44.offer("text/plain;charset=utf-8")
[3513577.760] {Default Queue}  -> zwp_primary_selection_source_v1#44.offer("text/plain")
[3513577.771] {Default Queue}  -> zwp_primary_selection_device_v1#15.set_selection(zwp_primary_selection_source_v1#44, 163)
[3513579.037] {mesa egl surface queue} wl_callback#41.done(486031)
[3513579.060] {mesa egl surface queue} wl_buffer#40.release()
[3513580.892]  -> wl_surface#23.frame(new id wl_callback#41)
[3513580.938] {mesa egl surface queue}  -> wl_surface#23.attach(wl_buffer#40, 0, 0)
[3513580.952] {mesa egl surface queue}  -> wl_surface#23.damage_buffer(36, 255, 139, 2)
[3513580.962] {mesa egl surface queue}  -> wl_surface#23.damage_buffer(36, 257, 139, 14)
[3513580.971] {mesa egl surface queue}  -> wl_surface#23.damage_buffer(743, 257, 5, 14)
[3513580.980] {mesa egl surface queue}  -> wl_surface#23.damage_buffer(36, 271, 82, 10)
[3513580.989] {mesa egl surface queue}  -> wl_surface#23.damage_buffer(743, 271, 5, 10)
[3513580.998] {mesa egl surface queue}  -> wl_surface#23.damage_buffer(36, 281, 84, 18)
[3513581.006] {mesa egl surface queue}  -> wl_surface#23.damage_buffer(743, 281, 5, 18)
[3513581.015] {mesa egl surface queue}  -> wl_surface#23.damage_buffer(36, 299, 85, 18)
[3513581.024] {mesa egl surface queue}  -> wl_surface#23.damage_buffer(743, 299, 5, 18)
[3513581.033] {mesa egl surface queue}  -> wl_surface#23.damage_buffer(36, 317, 86, 26)
[3513581.042] {mesa egl surface queue}  -> wl_surface#23.damage_buffer(743, 317, 5, 26)
[3513581.050] {mesa egl surface queue}  -> wl_surface#23.damage_buffer(36, 343, 85, 35)
[3513581.059] {mesa egl surface queue}  -> wl_surface#23.damage_buffer(743, 343, 5, 35)
[3513581.067] {mesa egl surface queue}  -> wl_surface#23.damage_buffer(36, 378, 85, 1)
[3513581.076] {mesa egl surface queue}  -> wl_surface#23.damage_buffer(36, 379, 84, 10)
[3513581.084] {mesa egl surface queue}  -> wl_surface#23.damage_buffer(36, 389, 85, 44)
[3513581.093] {mesa egl surface queue}  -> wl_surface#23.damage_buffer(36, 433, 83, 18)
[3513581.101] {mesa egl surface queue}  -> wl_surface#23.damage_buffer(36, 451, 79, 8)
[3513581.110] {mesa egl surface queue}  -> wl_surface#23.damage_buffer(36, 459, 711, 51)
[3513584.867] {mesa egl surface queue}  -> wl_surface#23.commit()
[3513584.909] {mesa egl surface queue}  -> wl_display#1.sync(new id wl_callback#38)
[3513602.355] {Display Queue} wl_display#1.delete_id(48)
[3513602.375] {Display Queue} wl_display#1.delete_id(38)
[3513602.381] {Default Queue} zwp_primary_selection_device_v1#15.selection(nil)
[3513602.404] {Default Queue} zwp_primary_selection_device_v1#15.data_offer(new id zwp_primary_selection_offer_v1#4278190106)
[3513602.412] {Default Queue} zwp_primary_selection_offer_v1#4278190106.offer("text/plain;charset=utf-8")
[3513602.421] {Default Queue} zwp_primary_selection_offer_v1#4278190106.offer("text/plain")
[3513602.427] {Default Queue} zwp_primary_selection_device_v1#15.selection(zwp_primary_selection_offer_v1#4278190106)
[3513602.433] {Default Queue}  -> zwp_primary_selection_offer_v1#4278190106.destroy()
[3513614.091] {Display Queue} wl_display#1.delete_id(41)
[3513614.108] {Default Queue} wl_callback#41.done(486232)
[3513614.645] {mesa egl surface queue} wl_callback#38.done(486220)
[3513614.656] {mesa egl surface queue} wl_buffer#40.release()
[3513616.105]  -> wl_surface#23.frame(new id wl_callback#38)
[3513616.132] {mesa egl surface queue}  -> wl_surface#23.attach(wl_buffer#40, 0, 0)
[3513616.137] {mesa egl surface queue}  -> wl_surface#23.damage_buffer(36, 255, 139, 4)
[3513616.143] {mesa egl surface queue}  -> wl_surface#23.damage_buffer(743, 262, 5, 1)
[3513616.147] {mesa egl surface queue}  -> wl_surface#23.damage_buffer(36, 263, 84, 14)
[3513616.152] {mesa egl surface queue}  -> wl_surface#23.damage_buffer(743, 263, 5, 14)
[3513616.156] {mesa egl surface queue}  -> wl_surface#23.damage_buffer(743, 277, 5, 4)
[3513616.160] {mesa egl surface queue}  -> wl_surface#23.damage_buffer(36, 281, 85, 14)
[3513616.163] {mesa egl surface queue}  -> wl_surface#23.damage_buffer(743, 281, 5, 14)
[3513616.167] {mesa egl surface queue}  -> wl_surface#23.damage_buffer(743, 295, 5, 4)
[3513616.170] {mesa egl surface queue}  -> wl_surface#23.damage_buffer(36, 299, 86, 14)
[3513616.174] {mesa egl surface queue}  -> wl_surface#23.damage_buffer(743, 299, 5, 14)
[3513616.177] {mesa egl surface queue}  -> wl_surface#23.damage_buffer(743, 313, 5, 4)
[3513616.181] {mesa egl surface queue}  -> wl_surface#23.damage_buffer(36, 317, 86, 14)
[3513616.184] {mesa egl surface queue}  -> wl_surface#23.damage_buffer(743, 317, 5, 14)
[3513616.187] {mesa egl surface queue}  -> wl_surface#23.damage_buffer(743, 331, 5, 4)
[3513616.191] {mesa egl surface queue}  -> wl_surface#23.damage_buffer(36, 335, 85, 14)
[3513616.194] {mesa egl surface queue}  -> wl_surface#23.damage_buffer(743, 335, 5, 14)
[3513616.198] {mesa egl surface queue}  -> wl_surface#23.damage_buffer(743, 349, 5, 4)
[3513616.201] {mesa egl surface queue}  -> wl_surface#23.damage_buffer(36, 353, 85, 14)
[3513616.205] {mesa egl surface queue}  -> wl_surface#23.damage_buffer(743, 353, 5, 14)
[3513616.208] {mesa egl surface queue}  -> wl_surface#23.damage_buffer(743, 367, 5, 4)
[3513616.212] {mesa egl surface queue}  -> wl_surface#23.damage_buffer(36, 371, 85, 14)
[3513616.215] {mesa egl surface queue}  -> wl_surface#23.damage_buffer(743, 371, 5, 14)
[3513616.219] {mesa egl surface queue}  -> wl_surface#23.damage_buffer(743, 385, 5, 2)
[3513616.222] {mesa egl surface queue}  -> wl_surface#23.damage_buffer(36, 389, 85, 14)
[3513616.230] {mesa egl surface queue}  -> wl_surface#23.damage_buffer(36, 407, 85, 14)
[3513616.233] {mesa egl surface queue}  -> wl_surface#23.damage_buffer(36, 425, 83, 14)
[3513616.237] {mesa egl surface queue}  -> wl_surface#23.damage_buffer(117, 441, 630, 2)
[3513616.240] {mesa egl surface queue}  -> wl_surface#23.damage_buffer(36, 443, 711, 14)
[3513616.244] {mesa egl surface queue}  -> wl_surface#23.damage_buffer(117, 457, 630, 2)
[3513616.247] {mesa egl surface queue}  -> wl_surface#23.damage_buffer(36, 459, 711, 51)
[3513617.095] {mesa egl surface queue}  -> wl_surface#23.commit()
[3513617.104] {mesa egl surface queue}  -> wl_display#1.sync(new id wl_callback#41)
[3513617.204] {Display Queue} wl_display#1.delete_id(41)
[3513629.527] {Display Queue} wl_display#1.delete_id(38)
[3513629.555] {Default Queue} wl_callback#38.done(486247)
[3513630.025] {mesa egl surface queue} wl_callback#41.done(486235)
[3513630.033] {mesa egl surface queue} wl_buffer#40.release()
[3513632.576]  -> wl_surface#23.frame(new id wl_callback#41)
[3513632.605] {mesa egl surface queue}  -> wl_surface#23.attach(wl_buffer#40, 0, 0)
[3513632.611] {mesa egl surface queue}  -> wl_surface#23.damage_buffer(36, 255, 82, 2)
[3513632.615] {mesa egl surface queue}  -> wl_surface#23.damage_buffer(36, 257, 84, 14)
[3513632.620] {mesa egl surface queue}  -> wl_surface#23.damage_buffer(36, 271, 84, 4)
[3513632.624] {mesa egl surface queue}  -> wl_surface#23.damage_buffer(743, 271, 5, 4)
[3513632.628] {mesa egl surface queue}  -> wl_surface#23.damage_buffer(36, 275, 85, 18)
[3513632.631] {mesa egl surface queue}  -> wl_surface#23.damage_buffer(743, 275, 5, 18)
[3513632.634] {mesa egl surface queue}  -> wl_surface#23.damage_buffer(36, 293, 86, 20)
[3513632.637] {mesa egl surface queue}  -> wl_surface#23.damage_buffer(743, 293, 5, 20)
[3513632.641] {mesa egl surface queue}  -> wl_surface#23.damage_buffer(36, 313, 85, 36)
[3513632.644] {mesa egl surface queue}  -> wl_surface#23.damage_buffer(743, 313, 5, 36)
[3513632.647] {mesa egl surface queue}  -> wl_surface#23.damage_buffer(36, 349, 84, 16)
[3513632.651] {mesa egl surface queue}  -> wl_surface#23.damage_buffer(743, 349, 5, 16)
[3513632.654] {mesa egl surface queue}  -> wl_surface#23.damage_buffer(36, 365, 85, 25)
[3513632.657] {mesa egl surface queue}  -> wl_surface#23.damage_buffer(743, 365, 5, 25)
[3513632.660] {mesa egl surface queue}  -> wl_surface#23.damage_buffer(36, 390, 85, 13)
[3513632.664] {mesa egl surface queue}  -> wl_surface#23.damage_buffer(36, 403, 83, 18)
[3513632.667] {mesa egl surface queue}  -> wl_surface#23.damage_buffer(36, 421, 79, 14)
[3513632.670] {mesa egl surface queue}  -> wl_surface#23.damage_buffer(36, 435, 711, 75)
[3513633.887] {mesa egl surface queue}  -> wl_surface#23.commit()
[3513633.896] {mesa egl surface queue}  -> wl_display#1.sync(new id wl_callback#38)
[3513633.973] {Display Queue} wl_display#1.delete_id(38)
[3513646.837] {Display Queue} wl_display#1.delete_id(41)
[3513646.852] {Default Queue} wl_callback#41.done(486265)
[3513646.868] {Default Queue} wl_pointer#6.button(165, 486265, 272, 0)
[3513646.877] {Default Queue} wl_pointer#6.frame()
[3513647.758] {mesa egl surface queue} wl_callback#38.done(486252)
[3513647.769] {mesa egl surface queue} wl_buffer#40.release()
[3513648.800]  -> wl_surface#23.frame(new id wl_callback#38)
[3513648.850] {mesa egl surface queue}  -> wl_surface#23.attach(wl_buffer#40, 0, 0)
[3513648.868] {mesa egl surface queue}  -> wl_surface#23.damage_buffer(36, 255, 84, 15)
[3513648.872] {mesa egl surface queue}  -> wl_surface#23.damage_buffer(36, 270, 85, 4)
[3513648.875] {mesa egl surface queue}  -> wl_surface#23.damage_buffer(36, 274, 85, 14)
[3513648.881] {mesa egl surface queue}  -> wl_surface#23.damage_buffer(743, 274, 5, 14)
[3513648.884] {mesa egl surface queue}  -> wl_surface#23.damage_buffer(36, 288, 86, 19)
[3513648.888] {mesa egl surface queue}  -> wl_surface#23.damage_buffer(743, 288, 5, 19)
[3513648.891] {mesa egl surface queue}  -> wl_surface#23.damage_buffer(36, 307, 85, 36)
[3513648.894] {mesa egl surface queue}  -> wl_surface#23.damage_buffer(743, 307, 5, 36)
[3513648.898] {mesa egl surface queue}  -> wl_surface#23.damage_buffer(36, 343, 84, 17)
[3513648.901] {mesa egl surface queue}  -> wl_surface#23.damage_buffer(743, 343, 5, 17)
[3513648.905] {mesa egl surface queue}  -> wl_surface#23.damage_buffer(36, 360, 85, 32)
[3513648.908] {mesa egl surface queue}  -> wl_surface#23.damage_buffer(743, 360, 5, 32)
[3513648.911] {mesa egl surface queue}  -> wl_surface#23.damage_buffer(36, 392, 85, 5)
[3513648.916] {mesa egl surface queue}  -> wl_surface#23.damage_buffer(36, 397, 83, 18)
[3513648.920] {mesa egl surface queue}  -> wl_surface#23.damage_buffer(36, 415, 79, 15)
[3513648.923] {mesa egl surface queue}  -> wl_surface#23.damage_buffer(36, 430, 711, 77)
[3513648.936] {mesa egl surface queue}  -> wl_surface#23.damage_buffer(36, 507, 82, 3)
[3513650.079] {mesa egl surface queue}  -> wl_surface#23.commit()
[3513650.087] {mesa egl surface queue}  -> wl_display#1.sync(new id wl_callback#41)
[3513650.160] {Display Queue} wl_display#1.delete_id(41)
[3513666.059] {Display Queue} wl_display#1.delete_id(38)
[3513666.088] {Default Queue} wl_callback#38.done(486284)
[3513666.754] {mesa egl surface queue} wl_callback#41.done(486268)
[3513666.773] {mesa egl surface queue} wl_buffer#40.release()
[3513668.528]  -> wl_surface#23.frame(new id wl_callback#41)
[3513668.571] {mesa egl surface queue}  -> wl_surface#23.attach(wl_buffer#40, 0, 0)
[3513668.585] {mesa egl surface queue}  -> wl_surface#23.damage_buffer(36, 255, 84, 11)
[3513668.594] {mesa egl surface queue}  -> wl_surface#23.damage_buffer(36, 266, 85, 10)
[3513668.603] {mesa egl surface queue}  -> wl_surface#23.damage_buffer(36, 276, 85, 8)
[3513668.612] {mesa egl surface queue}  -> wl_surface#23.damage_buffer(743, 276, 5, 8)
[3513668.620] {mesa egl surface queue}  -> wl_surface#23.damage_buffer(36, 284, 86, 18)
[3513668.628] {mesa egl surface queue}  -> wl_surface#23.damage_buffer(743, 284, 5, 18)
[3513668.636] {mesa egl surface queue}  -> wl_surface#23.damage_buffer(36, 302, 85, 36)
[3513668.644] {mesa egl surface queue}  -> wl_surface#23.damage_buffer(743, 302, 5, 36)
[3513668.652] {mesa egl surface queue}  -> wl_surface#23.damage_buffer(36, 338, 84, 18)
[3513668.660] {mesa egl surface queue}  -> wl_surface#23.damage_buffer(743, 338, 5, 18)
[3513668.667] {mesa egl surface queue}  -> wl_surface#23.damage_buffer(36, 356, 85, 36)
[3513668.675] {mesa egl surface queue}  -> wl_surface#23.damage_buffer(743, 356, 5, 36)
[3513668.683] {mesa egl surface queue}  -> wl_surface#23.damage_buffer(36, 392, 83, 2)
[3513668.691] {mesa egl surface queue}  -> wl_surface#23.damage_buffer(743, 392, 5, 2)
[3513668.699] {mesa egl surface queue}  -> wl_surface#23.damage_buffer(36, 394, 83, 16)
[3513668.706] {mesa egl surface queue}  -> wl_surface#23.damage_buffer(36, 410, 79, 16)
[3513668.714] {mesa egl surface queue}  -> wl_surface#23.damage_buffer(36, 426, 711, 76)
[3513668.722] {mesa egl surface queue}  -> wl_surface#23.damage_buffer(36, 502, 82, 8)
[3513670.108] {mesa egl surface queue}  -> wl_surface#23.commit()
[3513670.129] {mesa egl surface queue}  -> wl_display#1.sync(new id wl_callback#38)
[3513670.276] {Display Queue} wl_display#1.delete_id(38)
[3513685.616] {Display Queue} wl_display#1.delete_id(41)
[3513685.646] {Default Queue} wl_callback#41.done(486303)
[3513686.320] {mesa egl surface queue} wl_callback#38.done(486288)
[3513686.333] {mesa egl surface queue} wl_buffer#40.release()
[3513687.939]  -> wl_surface#23.frame(new id wl_callback#38)
[3513687.966] {mesa egl surface queue}  -> wl_surface#23.attach(wl_buffer#40, 0, 0)
[3513687.973] {mesa egl surface queue}  -> wl_surface#23.damage_buffer(36, 255, 84, 7)
[3513687.978] {mesa egl surface queue}  -> wl_surface#23.damage_buffer(36, 263, 85, 15)
[3513687.983] {mesa egl surface queue}  -> wl_surface#23.damage_buffer(36, 278, 85, 2)
[3513687.989] {mesa egl surface queue}  -> wl_surface#23.damage_buffer(743, 278, 5, 2)
[3513687.995] {mesa egl surface queue}  -> wl_surface#23.damage_buffer(743, 280, 5, 1)
[3513687.999] {mesa egl surface queue}  -> wl_surface#23.damage_buffer(36, 281, 86, 17)
[3513688.003] {mesa egl surface queue}  -> wl_surface#23.damage_buffer(743, 281, 5, 17)
[3513688.008] {mesa egl surface queue}  -> wl_surface#23.damage_buffer(743, 298, 5, 1)
[3513688.012] {mesa egl surface queue}  -> wl_surface#23.damage_buffer(36, 299, 85, 17)
[3513688.017] {mesa egl surface queue}  -> wl_surface#23.damage_buffer(743, 299, 5, 17)
[3513688.021] {mesa egl surface queue}  -> wl_surface#23.damage_buffer(743, 316, 5, 1)
[3513688.026] {mesa egl surface queue}  -> wl_surface#23.damage_buffer(36, 317, 85, 17)
[3513688.030] {mesa egl surface queue}  -> wl_surface#23.damage_buffer(743, 317, 5, 17)
[3513688.034] {mesa egl surface queue}  -> wl_surface#23.damage_buffer(743, 334, 5, 1)
[3513688.039] {mesa egl surface queue}  -> wl_surface#23.damage_buffer(36, 335, 84, 17)
[3513688.064] {mesa egl surface queue}  -> wl_surface#23.damage_buffer(743, 335, 5, 17)
[3513688.069] {mesa egl surface queue}  -> wl_surface#23.damage_buffer(743, 352, 5, 1)
[3513688.073] {mesa egl surface queue}  -> wl_surface#23.damage_buffer(36, 353, 85, 17)
[3513688.077] {mesa egl surface queue}  -> wl_surface#23.damage_buffer(743, 353, 5, 17)
[3513688.082] {mesa egl surface queue}  -> wl_surface#23.damage_buffer(743, 370, 5, 1)
[3513688.086] {mesa egl surface queue}  -> wl_surface#23.damage_buffer(36, 371, 85, 17)
[3513688.090] {mesa egl surface queue}  -> wl_surface#23.damage_buffer(743, 371, 5, 17)
[3513688.095] {mesa egl surface queue}  -> wl_surface#23.damage_buffer(743, 388, 5, 1)
[3513688.099] {mesa egl surface queue}  -> wl_surface#23.damage_buffer(36, 389, 83, 6)
[3513688.103] {mesa egl surface queue}  -> wl_surface#23.damage_buffer(743, 389, 5, 6)
[3513688.108] {mesa egl surface queue}  -> wl_surface#23.damage_buffer(36, 395, 83, 11)
[3513688.112] {mesa egl surface queue}  -> wl_surface#23.damage_buffer(36, 407, 79, 16)
[3513688.116] {mesa egl surface queue}  -> wl_surface#23.damage_buffer(36, 423, 711, 75)
[3513688.121] {mesa egl surface queue}  -> wl_surface#23.damage_buffer(36, 498, 82, 12)
[3513689.083] {mesa egl surface queue}  -> wl_surface#23.commit()
[3513689.093] {mesa egl surface queue}  -> wl_display#1.sync(new id wl_callback#41)
[3513689.198] {Display Queue} wl_display#1.delete_id(41)
[3513706.603] {Display Queue} wl_display#1.delete_id(38)
[3513706.635] {Default Queue} wl_callback#38.done(486325)
[3513707.379] {mesa egl surface queue} wl_callback#41.done(486307)
[3513707.388] {mesa egl surface queue} wl_buffer#40.release()
[3513708.555]  -> wl_surface#23.frame(new id wl_callback#41)
[3513708.580] {mesa egl surface queue}  -> wl_surface#23.attach(wl_buffer#40, 0, 0)
[3513708.585] {mesa egl surface queue}  -> wl_surface#23.damage_buffer(36, 255, 84, 4)
[3513708.590] {mesa egl surface queue}  -> wl_surface#23.damage_buffer(36, 261, 85, 16)
[3513708.593] {mesa egl surface queue}  -> wl_surface#23.damage_buffer(36, 279, 86, 16)
[3513708.597] {mesa egl surface queue}  -> wl_surface#23.damage_buffer(743, 279, 5, 16)
[3513708.600] {mesa egl surface queue}  -> wl_surface#23.damage_buffer(743, 295, 5, 2)
[3513708.604] {mesa egl surface queue}  -> wl_surface#23.damage_buffer(36, 297, 85, 16)
[3513708.607] {mesa egl surface queue}  -> wl_surface#23.damage_buffer(743, 297, 5, 16)
[3513708.610] {mesa egl surface queue}  -> wl_surface#23.damage_buffer(743, 313, 5, 2)
[3513708.614] {mesa egl surface queue}  -> wl_surface#23.damage_buffer(36, 315, 85, 16)
[3513708.617] {mesa egl surface queue}  -> wl_surface#23.damage_buffer(743, 315, 5, 16)
[3513708.620] {mesa egl surface queue}  -> wl_surface#23.damage_buffer(743, 331, 5, 2)
[3513708.624] {mesa egl surface queue}  -> wl_surface#23.damage_buffer(36, 333, 84, 16)
[3513708.627] {mesa egl surface queue}  -> wl_surface#23.damage_buffer(743, 333, 5, 16)
[3513708.630] {mesa egl surface queue}  -> wl_surface#23.damage_buffer(743, 349, 5, 2)
[3513708.634] {mesa egl surface queue}  -> wl_surface#23.damage_buffer(36, 351, 85, 16)
[3513708.637] {mesa egl surface queue}  -> wl_surface#23.damage_buffer(743, 351, 5, 16)
[3513708.640] {mesa egl surface queue}  -> wl_surface#23.damage_buffer(743, 367, 5, 2)
[3513708.644] {mesa egl surface queue}  -> wl_surface#23.damage_buffer(36, 369, 85, 16)
[3513708.647] {mesa egl surface queue}  -> wl_surface#23.damage_buffer(743, 369, 5, 16)
[3513708.650] {mesa egl surface queue}  -> wl_surface#23.damage_buffer(743, 385, 5, 2)
[3513708.653] {mesa egl surface queue}  -> wl_surface#23.damage_buffer(36, 387, 83, 9)
[3513708.657] {mesa egl surface queue}  -> wl_surface#23.damage_buffer(743, 387, 5, 9)
[3513708.660] {mesa egl surface queue}  -> wl_surface#23.damage_buffer(36, 396, 83, 7)
[3513708.663] {mesa egl surface queue}  -> wl_surface#23.damage_buffer(36, 405, 79, 16)
[3513708.667] {mesa egl surface queue}  -> wl_surface#23.damage_buffer(36, 421, 711, 74)
[3513708.670] {mesa egl surface queue}  -> wl_surface#23.damage_buffer(36, 495, 82, 15)
[3513709.693] {mesa egl surface queue}  -> wl_surface#23.commit()
[3513709.703] {mesa egl surface queue}  -> wl_display#1.sync(new id wl_callback#38)
[3513709.804] {Display Queue} wl_display#1.delete_id(38)
[3513723.516] {Display Queue} wl_display#1.delete_id(41)
[3513723.544] {Default Queue} wl_callback#41.done(486341)
[3513724.185] {mesa egl surface queue} wl_callback#38.done(486328)
[3513724.196] {mesa egl surface queue} wl_buffer#40.release()
[3513724.884]  -> wl_surface#23.frame(new id wl_callback#38)
[3513724.904] {mesa egl surface queue}  -> wl_surface#23.attach(wl_buffer#40, 0, 0)
[3513724.911] {mesa egl surface queue}  -> wl_surface#23.damage_buffer(36, 255, 84, 2)
[3513724.916] {mesa egl surface queue}  -> wl_surface#23.damage_buffer(36, 260, 85, 15)
[3513724.920] {mesa egl surface queue}  -> wl_surface#23.damage_buffer(36, 278, 86, 15)
[3513724.924] {mesa egl surface queue}  -> wl_surface#23.damage_buffer(36, 296, 85, 15)
[3513724.928] {mesa egl surface queue}  -> wl_surface#23.damage_buffer(36, 314, 85, 15)
[3513724.932] {mesa egl surface queue}  -> wl_surface#23.damage_buffer(36, 332, 84, 15)
[3513724.935] {mesa egl surface queue}  -> wl_surface#23.damage_buffer(36, 350, 85, 15)
[3513724.939] {mesa egl surface queue}  -> wl_surface#23.damage_buffer(36, 368, 85, 15)
[3513724.943] {mesa egl surface queue}  -> wl_surface#23.damage_buffer(36, 386, 83, 15)
[3513724.947] {mesa egl surface queue}  -> wl_surface#23.damage_buffer(36, 404, 79, 15)
[3513724.951] {mesa egl surface queue}  -> wl_surface#23.damage_buffer(36, 420, 711, 73)
[3513724.954] {mesa egl surface queue}  -> wl_surface#23.damage_buffer(36, 493, 82, 17)
[3513726.092] {mesa egl surface queue}  -> wl_surface#23.commit()
[3513726.105] {mesa egl surface queue}  -> wl_display#1.sync(new id wl_callback#41)
[3513726.194] {Display Queue} wl_display#1.delete_id(41)
[3513741.529] {Display Queue} wl_display#1.delete_id(38)
[3513741.543] {Default Queue} wl_callback#38.done(486359)
[3513741.788] {mesa egl surface queue} wl_callback#41.done(486344)
[3513741.798] {mesa egl surface queue} wl_buffer#40.release()
[3513741.966]  -> wl_surface#23.frame(new id wl_callback#41)
[3513741.983] {mesa egl surface queue}  -> wl_surface#23.attach(wl_buffer#40, 0, 0)
[3513741.989] {mesa egl surface queue}  -> wl_surface#23.damage_buffer(743, 280, 5, 117)
[3513742.543] {mesa egl surface queue}  -> wl_surface#23.commit()
[3513742.554] {mesa egl surface queue}  -> wl_display#1.sync(new id wl_callback#38)
[3513742.651] {Display Queue} wl_display#1.delete_id(38)
[3513757.947] {Display Queue} wl_display#1.delete_id(41)
[3513757.963] {Default Queue} wl_callback#41.done(486376)
[3516072.983] {mesa egl surface queue} wl_callback#38.done(486361)
[3516073.023] {mesa egl surface queue} wl_buffer#40.release()
[3516073.654]  -> wl_surface#23.frame(new id wl_callback#38)
[3516073.706] {mesa egl surface queue}  -> wl_surface#23.attach(wl_buffer#40, 0, 0)
[3516073.722] {mesa egl surface queue}  -> wl_surface#23.damage_buffer(743, 281, 5, 116)
[3516074.346] {mesa egl surface queue}  -> wl_surface#23.commit()
[3516074.365] {mesa egl surface queue}  -> wl_display#1.sync(new id wl_callback#41)
[3516074.696] {Display Queue} wl_display#1.delete_id(41)
[3516095.805] {Display Queue} wl_display#1.delete_id(38)
[3516095.832] {Default Queue} wl_callback#38.done(488714)
[3516096.308] {mesa egl surface queue} wl_callback#41.done(488693)
[3516096.327] {mesa egl surface queue} wl_buffer#40.release()
[3516096.898]  -> wl_surface#23.frame(new id wl_callback#41)
[3516096.952] {mesa egl surface queue}  -> wl_surface#23.attach(wl_buffer#40, 0, 0)
[3516096.962] {mesa egl surface queue}  -> wl_surface#23.damage_buffer(743, 281, 5, 116)
[3516097.529] {mesa egl surface queue}  -> wl_surface#23.commit()
[3516097.552] {mesa egl surface queue}  -> wl_display#1.sync(new id wl_callback#38)
[3516097.731] {Display Queue} wl_display#1.delete_id(38)
[3516115.138] {Display Queue} wl_display#1.delete_id(41)
[3516115.168] {Default Queue} wl_callback#41.done(488733)
[3516115.788] {mesa egl surface queue} wl_callback#38.done(488716)
[3516115.814] {mesa egl surface queue} wl_buffer#40.release()
[3516116.336]  -> wl_surface#23.frame(new id wl_callback#38)
[3516116.366] {mesa egl surface queue}  -> wl_surface#23.attach(wl_buffer#40, 0, 0)
[3516116.373] {mesa egl surface queue}  -> wl_surface#23.damage_buffer(743, 281, 5, 116)
[3516117.004] {mesa egl surface queue}  -> wl_surface#23.commit()
[3516117.037] {mesa egl surface queue}  -> wl_display#1.sync(new id wl_callback#41)
[3516117.200] {Display Queue} wl_display#1.delete_id(41)
[3516132.435] {Display Queue} wl_display#1.delete_id(38)
[3516132.468] {Default Queue} wl_callback#38.done(488750)
[3516133.039] {mesa egl surface queue} wl_callback#41.done(488735)
[3516133.060] {mesa egl surface queue} wl_buffer#40.release()
[3516133.619]  -> wl_surface#23.frame(new id wl_callback#41)
[3516133.663] {mesa egl surface queue}  -> wl_surface#23.attach(wl_buffer#40, 0, 0)
[3516133.675] {mesa egl surface queue}  -> wl_surface#23.damage_buffer(743, 281, 5, 116)
[3516134.187] {mesa egl surface queue}  -> wl_surface#23.commit()
[3516134.200] {mesa egl surface queue}  -> wl_display#1.sync(new id wl_callback#38)
[3516134.356] {Display Queue} wl_display#1.delete_id(38)
[3516149.845] {Display Queue} wl_display#1.delete_id(41)
[3516149.874] {Default Queue} wl_callback#41.done(488768)
[3516150.378] {mesa egl surface queue} wl_callback#38.done(488752)
[3516150.397] {mesa egl surface queue} wl_buffer#40.release()
[3516150.714]  -> wl_surface#23.frame(new id wl_callback#38)
[3516150.746] {mesa egl surface queue}  -> wl_surface#23.attach(wl_buffer#40, 0, 0)
[3516150.755] {mesa egl surface queue}  -> wl_surface#23.damage_buffer(743, 281, 5, 116)
[3516151.262] {mesa egl surface queue}  -> wl_surface#23.commit()
[3516151.277] {mesa egl surface queue}  -> wl_display#1.sync(new id wl_callback#41)
[3516151.398] {Display Queue} wl_display#1.delete_id(41)
[3516165.726] {Display Queue} wl_display#1.delete_id(38)
[3516165.748] {Default Queue} wl_callback#38.done(488784)
[3516166.184] {mesa egl surface queue} wl_callback#41.done(488769)
[3516166.204] {mesa egl surface queue} wl_buffer#40.release()
[3516166.601]  -> wl_surface#23.frame(new id wl_callback#41)
[3516166.633] {mesa egl surface queue}  -> wl_surface#23.attach(wl_buffer#40, 0, 0)
[3516166.639] {mesa egl surface queue}  -> wl_surface#23.damage_buffer(743, 281, 5, 116)
[3516167.014] {mesa egl surface queue}  -> wl_surface#23.commit()
[3516167.024] {mesa egl surface queue}  -> wl_display#1.sync(new id wl_callback#38)
[3516167.154] {Display Queue} wl_display#1.delete_id(38)
[3516179.871] {Display Queue} wl_display#1.delete_id(41)
[3516179.894] {Default Queue} wl_callback#41.done(488798)
[3516180.297] {mesa egl surface queue} wl_callback#38.done(488785)
[3516180.312] {mesa egl surface queue} wl_buffer#40.release()
[3516180.746]  -> wl_surface#23.frame(new id wl_callback#38)
[3516180.780] {mesa egl surface queue}  -> wl_surface#23.attach(wl_buffer#40, 0, 0)
[3516180.787] {mesa egl surface queue}  -> wl_surface#23.damage_buffer(743, 281, 5, 116)
[3516181.080] {mesa egl surface queue}  -> wl_surface#23.commit()
[3516181.090] {mesa egl surface queue}  -> wl_display#1.sync(new id wl_callback#41)
[3516181.178] {Display Queue} wl_display#1.delete_id(41)
[3516197.069] {Display Queue} wl_display#1.delete_id(38)
[3516197.092] {Default Queue} wl_callback#38.done(488815)
[3516197.625] {mesa egl surface queue} wl_callback#41.done(488799)
[3516197.646] {mesa egl surface queue} wl_buffer#40.release()
[3516198.061]  -> wl_surface#23.frame(new id wl_callback#41)
[3516198.083] {mesa egl surface queue}  -> wl_surface#23.attach(wl_buffer#40, 0, 0)
[3516198.087] {mesa egl surface queue}  -> wl_surface#23.damage_buffer(743, 281, 5, 116)
[3516198.395] {mesa egl surface queue}  -> wl_surface#23.commit()
[3516198.402] {mesa egl surface queue}  -> wl_display#1.sync(new id wl_callback#38)
[3516198.514] {Display Queue} wl_display#1.delete_id(38)
[3516212.435] {Display Queue} wl_display#1.delete_id(41)
[3516212.463] {Default Queue} wl_callback#41.done(488830)
[3516212.838] {mesa egl surface queue} wl_callback#38.done(488817)
[3516212.858] {mesa egl surface queue} wl_buffer#40.release()
[3516213.285]  -> wl_surface#23.frame(new id wl_callback#38)
[3516213.299] {mesa egl surface queue}  -> wl_surface#23.attach(wl_buffer#40, 0, 0)
[3516213.305] {mesa egl surface queue}  -> wl_surface#23.damage_buffer(743, 281, 5, 116)
[3516213.666] {mesa egl surface queue}  -> wl_surface#23.commit()
[3516213.675] {mesa egl surface queue}  -> wl_display#1.sync(new id wl_callback#41)
[3516213.779] {Display Queue} wl_display#1.delete_id(41)
[3516229.680] {Display Queue} wl_display#1.delete_id(38)
[3516229.712] {Default Queue} wl_callback#38.done(488848)
[3516230.132] {mesa egl surface queue} wl_callback#41.done(488832)
[3516230.141] {mesa egl surface queue} wl_buffer#40.release()
[3516230.480]  -> wl_surface#23.frame(new id wl_callback#41)
[3516230.497] {mesa egl surface queue}  -> wl_surface#23.attach(wl_buffer#40, 0, 0)
[3516230.502] {mesa egl surface queue}  -> wl_surface#23.damage_buffer(743, 281, 5, 116)
[3516230.803] {mesa egl surface queue}  -> wl_surface#23.commit()
[3516230.811] {mesa egl surface queue}  -> wl_display#1.sync(new id wl_callback#38)
[3516230.899] {Display Queue} wl_display#1.delete_id(38)
[3516244.362] {Display Queue} wl_display#1.delete_id(41)
[3516244.389] {Default Queue} wl_callback#41.done(488862)
[3516244.893] {mesa egl surface queue} wl_callback#38.done(488849)
[3516244.914] {mesa egl surface queue} wl_buffer#40.release()
[3516245.584]  -> wl_surface#23.frame(new id wl_callback#38)
[3516245.628] {mesa egl surface queue}  -> wl_surface#23.attach(wl_buffer#40, 0, 0)
[3516245.639] {mesa egl surface queue}  -> wl_surface#23.damage_buffer(743, 281, 5, 116)
[3516246.040] {mesa egl surface queue}  -> wl_surface#23.commit()
[3516246.055] {mesa egl surface queue}  -> wl_display#1.sync(new id wl_callback#41)
[3516246.206] {Display Queue} wl_display#1.delete_id(41)
[3516263.769] {Display Queue} wl_display#1.delete_id(38)
[3516263.796] {Default Queue} wl_callback#38.done(488882)
[3516264.340] {mesa egl surface queue} wl_callback#41.done(488864)
[3516264.359] {mesa egl surface queue} wl_buffer#40.release()
[3516264.803]  -> wl_surface#23.frame(new id wl_callback#41)
[3516264.835] {mesa egl surface queue}  -> wl_surface#23.attach(wl_buffer#40, 0, 0)
[3516264.846] {mesa egl surface queue}  -> wl_surface#23.damage_buffer(743, 281, 5, 116)
[3516265.224] {mesa egl surface queue}  -> wl_surface#23.commit()
[3516265.236] {mesa egl surface queue}  -> wl_display#1.sync(new id wl_callback#38)
[3516265.367] {Display Queue} wl_display#1.delete_id(38)
[3516284.297] {Display Queue} wl_display#1.delete_id(41)
[3516284.328] {Default Queue} wl_callback#41.done(488902)
[3516284.832] {mesa egl surface queue} wl_callback#38.done(488883)
[3516284.853] {mesa egl surface queue} wl_buffer#40.release()
[3516285.398]  -> wl_surface#23.frame(new id wl_callback#38)
[3516285.470] {mesa egl surface queue}  -> wl_surface#23.attach(wl_buffer#40, 0, 0)
[3516285.504] {mesa egl surface queue}  -> wl_surface#23.damage_buffer(743, 281, 5, 116)
[3516285.936] {mesa egl surface queue}  -> wl_surface#23.commit()
[3516285.952] {mesa egl surface queue}  -> wl_display#1.sync(new id wl_callback#41)
[3516286.098] {Display Queue} wl_display#1.delete_id(41)
[3516301.064] {Display Queue} wl_display#1.delete_id(38)
[3516301.091] {Default Queue} wl_callback#38.done(488919)
[3516301.573] {mesa egl surface queue} wl_callback#41.done(488904)
[3516301.590] {mesa egl surface queue} wl_buffer#40.release()
[3516301.895]  -> wl_surface#23.frame(new id wl_callback#41)
[3516301.925] {mesa egl surface queue}  -> wl_surface#23.attach(wl_buffer#40, 0, 0)
[3516301.934] {mesa egl surface queue}  -> wl_surface#23.damage_buffer(743, 281, 5, 116)
[3516302.277] {mesa egl surface queue}  -> wl_surface#23.commit()
[3516302.289] {mesa egl surface queue}  -> wl_display#1.sync(new id wl_callback#38)
[3516302.402] {Display Queue} wl_display#1.delete_id(38)
[3516315.997] {Display Queue} wl_display#1.delete_id(41)
[3516316.025] {Default Queue} wl_callback#41.done(488934)
[3516316.544] {mesa egl surface queue} wl_callback#38.done(488920)
[3516316.567] {mesa egl surface queue} wl_buffer#40.release()
[3516317.105]  -> wl_surface#23.frame(new id wl_callback#38)
[3516317.143] {mesa egl surface queue}  -> wl_surface#23.attach(wl_buffer#40, 0, 0)
[3516317.157] {mesa egl surface queue}  -> wl_surface#23.damage_buffer(743, 281, 5, 116)
[3516317.593] {mesa egl surface queue}  -> wl_surface#23.commit()
[3516317.610] {mesa egl surface queue}  -> wl_display#1.sync(new id wl_callback#41)
[3516317.752] {Display Queue} wl_display#1.delete_id(41)
[3516337.552] {Display Queue} wl_display#1.delete_id(38)
[3516337.575] {Default Queue} wl_callback#38.done(488956)
[3516337.961] {mesa egl surface queue} wl_callback#41.done(488936)
[3516337.975] {mesa egl surface queue} wl_buffer#40.release()
[3516338.348]  -> wl_surface#23.frame(new id wl_callback#41)
[3516338.376] {mesa egl surface queue}  -> wl_surface#23.attach(wl_buffer#40, 0, 0)
[3516338.384] {mesa egl surface queue}  -> wl_surface#23.damage_buffer(743, 281, 5, 116)
[3516338.772] {mesa egl surface queue}  -> wl_surface#23.commit()
[3516338.785] {mesa egl surface queue}  -> wl_display#1.sync(new id wl_callback#38)
[3516338.891] {Display Queue} wl_display#1.delete_id(38)
[3516354.041] {Display Queue} wl_display#1.delete_id(41)
[3516354.069] {Default Queue} wl_callback#41.done(488972)
[3516354.540] {mesa egl surface queue} wl_callback#38.done(488957)
[3516354.555] {mesa egl surface queue} wl_buffer#40.release()
[3516355.015]  -> wl_surface#23.frame(new id wl_callback#38)
[3516355.043] {mesa egl surface queue}  -> wl_surface#23.attach(wl_buffer#40, 0, 0)
[3516355.051] {mesa egl surface queue}  -> wl_surface#23.damage_buffer(743, 281, 5, 116)
[3516355.391] {mesa egl surface queue}  -> wl_surface#23.commit()
[3516355.402] {mesa egl surface queue}  -> wl_display#1.sync(new id wl_callback#41)
[3516355.505] {Display Queue} wl_display#1.delete_id(41)
[3516372.874] {Display Queue} wl_display#1.delete_id(38)
[3516372.902] {Default Queue} wl_callback#38.done(488991)
[3516373.414] {mesa egl surface queue} wl_callback#41.done(488974)
[3516373.426] {mesa egl surface queue} wl_buffer#40.release()
[3516373.877]  -> wl_surface#23.frame(new id wl_callback#41)
[3516373.902] {mesa egl surface queue}  -> wl_surface#23.attach(wl_buffer#40, 0, 0)
[3516373.909] {mesa egl surface queue}  -> wl_surface#23.damage_buffer(743, 281, 5, 116)
[3516374.278] {mesa egl surface queue}  -> wl_surface#23.commit()
[3516374.290] {mesa egl surface queue}  -> wl_display#1.sync(new id wl_callback#38)
[3516374.384] {Display Queue} wl_display#1.delete_id(38)
[3516389.672] {Display Queue} wl_display#1.delete_id(41)
[3516389.694] {Default Queue} wl_callback#41.done(489008)
[3516390.026] {mesa egl surface queue} wl_callback#38.done(488992)
[3516390.039] {mesa egl surface queue} wl_buffer#40.release()
[3516390.423]  -> wl_surface#23.frame(new id wl_callback#38)
[3516390.448] {mesa egl surface queue}  -> wl_surface#23.attach(wl_buffer#40, 0, 0)
[3516390.455] {mesa egl surface queue}  -> wl_surface#23.damage_buffer(743, 281, 5, 116)
[3516390.826] {mesa egl surface queue}  -> wl_surface#23.commit()
[3516390.838] {mesa egl surface queue}  -> wl_display#1.sync(new id wl_callback#41)
[3516390.933] {Display Queue} wl_display#1.delete_id(41)
[3516403.846] {Display Queue} wl_display#1.delete_id(38)
[3516403.864] {Default Queue} wl_callback#38.done(489022)
[3516404.197] {mesa egl surface queue} wl_callback#41.done(489009)
[3516404.211] {mesa egl surface queue} wl_buffer#40.release()
[3516404.670]  -> wl_surface#23.frame(new id wl_callback#41)
[3516404.696] {mesa egl surface queue}  -> wl_surface#23.attach(wl_buffer#40, 0, 0)
[3516404.704] {mesa egl surface queue}  -> wl_surface#23.damage_buffer(743, 281, 5, 116)
[3516405.024] {mesa egl surface queue}  -> wl_surface#23.commit()
[3516405.035] {mesa egl surface queue}  -> wl_display#1.sync(new id wl_callback#38)
[3516405.131] {Display Queue} wl_display#1.delete_id(38)
[3516418.824] {Display Queue} wl_display#1.delete_id(41)
[3516418.854] {Default Queue} wl_callback#41.done(489037)
[3516419.241] {mesa egl surface queue} wl_callback#38.done(489023)
[3516419.256] {mesa egl surface queue} wl_buffer#40.release()
[3516419.714]  -> wl_surface#23.frame(new id wl_callback#38)
[3516419.741] {mesa egl surface queue}  -> wl_surface#23.attach(wl_buffer#40, 0, 0)
[3516419.751] {mesa egl surface queue}  -> wl_surface#23.damage_buffer(743, 281, 5, 116)
[3516420.092] {mesa egl surface queue}  -> wl_surface#23.commit()
[3516420.105] {mesa egl surface queue}  -> wl_display#1.sync(new id wl_callback#41)
[3516420.206] {Display Queue} wl_display#1.delete_id(41)
[3516432.485] {Display Queue} wl_display#1.delete_id(38)
[3516432.517] {Default Queue} wl_callback#38.done(489050)
[3516432.876] {mesa egl surface queue} wl_callback#41.done(489038)
[3516432.889] {mesa egl surface queue} wl_buffer#40.release()
[3516433.221]  -> wl_surface#23.frame(new id wl_callback#41)
[3516433.247] {mesa egl surface queue}  -> wl_surface#23.attach(wl_buffer#40, 0, 0)
[3516433.254] {mesa egl surface queue}  -> wl_surface#23.damage_buffer(743, 281, 5, 116)
[3516433.594] {mesa egl surface queue}  -> wl_surface#23.commit()
[3516433.605] {mesa egl surface queue}  -> wl_display#1.sync(new id wl_callback#38)
[3516433.728] {Display Queue} wl_display#1.delete_id(38)
[3516447.709] {Display Queue} wl_display#1.delete_id(41)
[3516447.727] {Default Queue} wl_callback#41.done(489066)
[3516448.044] {mesa egl surface queue} wl_callback#38.done(489052)
[3516448.058] {mesa egl surface queue} wl_buffer#40.release()
[3516448.493]  -> wl_surface#23.frame(new id wl_callback#38)
[3516448.528] {mesa egl surface queue}  -> wl_surface#23.attach(wl_buffer#40, 0, 0)
[3516448.536] {mesa egl surface queue}  -> wl_surface#23.damage_buffer(743, 281, 5, 116)
[3516448.827] {mesa egl surface queue}  -> wl_surface#23.commit()
[3516448.836] {mesa egl surface queue}  -> wl_display#1.sync(new id wl_callback#41)
[3516448.974] {Display Queue} wl_display#1.delete_id(41)
[3516461.678] {Display Queue} wl_display#1.delete_id(38)
[3516461.696] {Default Queue} wl_callback#38.done(489080)
[3516462.007] {mesa egl surface queue} wl_callback#41.done(489067)
[3516462.019] {mesa egl surface queue} wl_buffer#40.release()
[3516462.299]  -> wl_surface#23.frame(new id wl_callback#41)
[3516462.322] {mesa egl surface queue}  -> wl_surface#23.attach(wl_buffer#40, 0, 0)
[3516462.329] {mesa egl surface queue}  -> wl_surface#23.damage_buffer(743, 281, 5, 116)
[3516462.640] {mesa egl surface queue}  -> wl_surface#23.commit()
[3516462.653] {mesa egl surface queue}  -> wl_display#1.sync(new id wl_callback#38)
[3516462.758] {Display Queue} wl_display#1.delete_id(38)
[3516475.291] {Display Queue} wl_display#1.delete_id(41)
[3516475.313] {Default Queue} wl_callback#41.done(489093)
[3516475.675] {mesa egl surface queue} wl_callback#38.done(489081)
[3516475.690] {mesa egl surface queue} wl_buffer#40.release()
[3516476.084]  -> wl_surface#23.frame(new id wl_callback#38)
[3516476.112] {mesa egl surface queue}  -> wl_surface#23.attach(wl_buffer#40, 0, 0)
[3516476.121] {mesa egl surface queue}  -> wl_surface#23.damage_buffer(743, 281, 5, 116)
[3516476.512] {mesa egl surface queue}  -> wl_surface#23.commit()
[3516476.524] {mesa egl surface queue}  -> wl_display#1.sync(new id wl_callback#41)
[3516476.614] {Display Queue} wl_display#1.delete_id(41)
[3516490.108] {Display Queue} wl_display#1.delete_id(38)
[3516490.127] {Default Queue} wl_callback#38.done(489108)
[3516490.474] {mesa egl surface queue} wl_callback#41.done(489095)
[3516490.488] {mesa egl surface queue} wl_buffer#40.release()
[3516490.810]  -> wl_surface#23.frame(new id wl_callback#41)
[3516490.838] {mesa egl surface queue}  -> wl_surface#23.attach(wl_buffer#40, 0, 0)
[3516490.847] {mesa egl surface queue}  -> wl_surface#23.damage_buffer(743, 281, 5, 116)
[3516491.163] {mesa egl surface queue}  -> wl_surface#23.commit()
[3516491.171] {mesa egl surface queue}  -> wl_display#1.sync(new id wl_callback#38)
[3516491.255] {Display Queue} wl_display#1.delete_id(38)
[3516506.510] {Display Queue} wl_display#1.delete_id(41)
[3516506.541] {Default Queue} wl_callback#41.done(489125)
[3516506.899] {mesa egl surface queue} wl_callback#38.done(489109)
[3516506.912] {mesa egl surface queue} wl_buffer#40.release()
[3516507.318]  -> wl_surface#23.frame(new id wl_callback#38)
[3516507.350] {mesa egl surface queue}  -> wl_surface#23.attach(wl_buffer#40, 0, 0)
[3516507.357] {mesa egl surface queue}  -> wl_surface#23.damage_buffer(743, 281, 5, 116)
[3516507.685] {mesa egl surface queue}  -> wl_surface#23.commit()
[3516507.696] {mesa egl surface queue}  -> wl_display#1.sync(new id wl_callback#41)
[3516507.801] {Display Queue} wl_display#1.delete_id(41)
[3516584.086] {Display Queue} wl_display#1.delete_id(38)
[3516584.117] {Default Queue} wl_callback#38.done(489202)
[3516584.648] {mesa egl surface queue} wl_callback#41.done(489126)
[3516584.671] {mesa egl surface queue} wl_buffer#40.release()
[3516585.250]  -> wl_surface#23.frame(new id wl_callback#41)
[3516585.309] {mesa egl surface queue}  -> wl_surface#23.attach(wl_buffer#40, 0, 0)
[3516585.325] {mesa egl surface queue}  -> wl_surface#23.damage_buffer(743, 281, 5, 116)
[3516585.904] {mesa egl surface queue}  -> wl_surface#23.commit()
[3516585.927] {mesa egl surface queue}  -> wl_display#1.sync(new id wl_callback#38)
[3516586.112] {Display Queue} wl_display#1.delete_id(38)
[3516607.405] {Display Queue} wl_display#1.delete_id(41)
[3516607.424] {Default Queue} wl_callback#41.done(489225)
[3516607.806] {mesa egl surface queue} wl_callback#38.done(489204)
[3516607.821] {mesa egl surface queue} wl_buffer#40.release()
[3516608.110]  -> wl_surface#23.frame(new id wl_callback#38)
[3516608.139] {mesa egl surface queue}  -> wl_surface#23.attach(wl_buffer#40, 0, 0)
[3516608.150] {mesa egl surface queue}  -> wl_surface#23.damage_buffer(743, 281, 5, 116)
[3516608.619] {mesa egl surface queue}  -> wl_surface#23.commit()
[3516608.630] {mesa egl surface queue}  -> wl_display#1.sync(new id wl_callback#41)
[3516608.739] {Display Queue} wl_display#1.delete_id(41)
[3516624.096] {Display Queue} wl_display#1.delete_id(38)
[3516624.110] {Default Queue} wl_callback#38.done(489242)
[3516624.389] {mesa egl surface queue} wl_callback#41.done(489227)
[3516624.399] {mesa egl surface queue} wl_buffer#40.release()
[3516624.698]  -> wl_surface#23.frame(new id wl_callback#41)
[3516624.718] {mesa egl surface queue}  -> wl_surface#23.attach(wl_buffer#40, 0, 0)
[3516624.725] {mesa egl surface queue}  -> wl_surface#23.damage_buffer(743, 281, 5, 116)
[3516625.026] {mesa egl surface queue}  -> wl_surface#23.commit()
[3516625.033] {mesa egl surface queue}  -> wl_display#1.sync(new id wl_callback#38)
[3516625.100] {Display Queue} wl_display#1.delete_id(38)
[3516636.965] {Display Queue} wl_display#1.delete_id(41)
[3516636.994] {Default Queue} wl_callback#41.done(489255)
[3516637.365] {mesa egl surface queue} wl_callback#38.done(489243)
[3516637.376] {mesa egl surface queue} wl_buffer#40.release()
[3516637.728]  -> wl_surface#23.frame(new id wl_callback#38)
[3516637.755] {mesa egl surface queue}  -> wl_surface#23.attach(wl_buffer#40, 0, 0)
[3516637.761] {mesa egl surface queue}  -> wl_surface#23.damage_buffer(743, 281, 5, 116)
[3516638.033] {mesa egl surface queue}  -> wl_surface#23.commit()
[3516638.041] {mesa egl surface queue}  -> wl_display#1.sync(new id wl_callback#41)
[3516638.116] {Display Queue} wl_display#1.delete_id(41)
[3516649.439] {Display Queue} wl_display#1.delete_id(38)
[3516649.517] {Default Queue} wl_callback#38.done(489267)
[3516649.968] {mesa egl surface queue} wl_callback#41.done(489256)
[3516649.990] {mesa egl surface queue} wl_buffer#40.release()
[3516650.412]  -> wl_surface#23.frame(new id wl_callback#41)
[3516650.449] {mesa egl surface queue}  -> wl_surface#23.attach(wl_buffer#40, 0, 0)
[3516650.461] {mesa egl surface queue}  -> wl_surface#23.damage_buffer(743, 281, 5, 116)
[3516650.822] {mesa egl surface queue}  -> wl_surface#23.commit()
[3516650.833] {mesa egl surface queue}  -> wl_display#1.sync(new id wl_callback#38)
[3516650.957] {Display Queue} wl_display#1.delete_id(38)
[3516670.627] {Display Queue} wl_display#1.delete_id(41)
[3516670.713] {Default Queue} wl_callback#41.done(489288)
[3516671.171] {mesa egl surface queue} wl_callback#38.done(489269)
[3516671.191] {mesa egl surface queue} wl_buffer#40.release()
[3516671.639]  -> wl_surface#23.frame(new id wl_callback#38)
[3516671.666] {mesa egl surface queue}  -> wl_surface#23.attach(wl_buffer#40, 0, 0)
[3516671.675] {mesa egl surface queue}  -> wl_surface#23.damage_buffer(743, 281, 5, 116)
[3516672.043] {mesa egl surface queue}  -> wl_surface#23.commit()
[3516672.056] {mesa egl surface queue}  -> wl_display#1.sync(new id wl_callback#41)
[3516672.217] {Display Queue} wl_display#1.delete_id(41)
[3516691.252] {Default Queue} wl_callback#38.done(489309)
[3516691.629] {mesa egl surface queue} wl_callback#41.done(489290)
[3516691.648] {mesa egl surface queue} wl_buffer#40.release()
[3516692.050]  -> wl_surface#23.frame(new id wl_callback#41)
[3516692.086] {mesa egl surface queue}  -> wl_surface#23.attach(wl_buffer#40, 0, 0)
[3516692.095] {mesa egl surface queue}  -> wl_surface#23.damage_buffer(743, 281, 5, 116)
[3516692.478] {mesa egl surface queue}  -> wl_surface#23.commit()
[3516692.490] {mesa egl surface queue}  -> wl_display#1.sync(new id wl_callback#48)
[3516692.591] {Display Queue} wl_display#1.delete_id(38)
[3516692.602] {Display Queue} wl_display#1.delete_id(48)
[3516707.681] {Display Queue} wl_display#1.delete_id(41)
[3516707.700] {Default Queue} wl_callback#41.done(489326)
[3516708.077] {mesa egl surface queue} wl_callback#48.done(489311)
[3516708.092] {mesa egl surface queue} wl_buffer#40.release()
[3516708.368]  -> wl_surface#23.frame(new id wl_callback#48)
[3516708.395] {mesa egl surface queue}  -> wl_surface#23.attach(wl_buffer#40, 0, 0)
[3516708.403] {mesa egl surface queue}  -> wl_surface#23.damage_buffer(743, 281, 5, 116)
[3516708.782] {mesa egl surface queue}  -> wl_surface#23.commit()
[3516708.795] {mesa egl surface queue}  -> wl_display#1.sync(new id wl_callback#41)
[3516708.898] {Display Queue} wl_display#1.delete_id(41)
[3516723.541] {Display Queue} wl_display#1.delete_id(48)
[3516723.568] {Default Queue} wl_callback#48.done(489341)
[3516724.118] {mesa egl surface queue} wl_callback#41.done(489327)
[3516724.142] {mesa egl surface queue} wl_buffer#40.release()
[3516724.593]  -> wl_surface#23.frame(new id wl_callback#41)
[3516724.616] {mesa egl surface queue}  -> wl_surface#23.attach(wl_buffer#40, 0, 0)
[3516724.620] {mesa egl surface queue}  -> wl_surface#23.damage_buffer(743, 281, 5, 116)
[3516724.894] {mesa egl surface queue}  -> wl_surface#23.commit()
[3516724.901] {mesa egl surface queue}  -> wl_display#1.sync(new id wl_callback#48)
[3516724.995] {Display Queue} wl_display#1.delete_id(48)
[3516735.560] {Display Queue} wl_display#1.delete_id(41)
[3516735.588] {Default Queue} wl_callback#41.done(489353)
[3516736.109] {mesa egl surface queue} wl_callback#48.done(489343)
[3516736.130] {mesa egl surface queue} wl_buffer#40.release()
[3516736.454]  -> wl_surface#23.frame(new id wl_callback#48)
[3516736.469] {mesa egl surface queue}  -> wl_surface#23.attach(wl_buffer#40, 0, 0)
[3516736.475] {mesa egl surface queue}  -> wl_surface#23.damage_buffer(743, 281, 5, 116)
[3516736.759] {mesa egl surface queue}  -> wl_surface#23.commit()
[3516736.766] {mesa egl surface queue}  -> wl_display#1.sync(new id wl_callback#41)
[3516736.852] {Display Queue} wl_display#1.delete_id(41)
[3516750.144] {Display Queue} wl_display#1.delete_id(48)
[3516750.171] {Default Queue} wl_callback#48.done(489368)
[3516750.650] {mesa egl surface queue} wl_callback#41.done(489355)
[3516750.665] {mesa egl surface queue} wl_buffer#40.release()
[3516750.974]  -> wl_surface#23.frame(new id wl_callback#41)
[3516751.004] {mesa egl surface queue}  -> wl_surface#23.attach(wl_buffer#40, 0, 0)
[3516751.012] {mesa egl surface queue}  -> wl_surface#23.damage_buffer(743, 281, 5, 116)
[3516751.458] {mesa egl surface queue}  -> wl_surface#23.commit()
[3516751.472] {mesa egl surface queue}  -> wl_display#1.sync(new id wl_callback#48)
[3516751.578] {Display Queue} wl_display#1.delete_id(48)
[3516765.800] {Display Queue} wl_display#1.delete_id(41)
[3516765.834] {Default Queue} wl_callback#41.done(489384)
[3516766.172] {mesa egl surface queue} wl_callback#48.done(489370)
[3516766.184] {mesa egl surface queue} wl_buffer#40.release()
[3516766.438]  -> wl_surface#23.frame(new id wl_callback#48)
[3516766.460] {mesa egl surface queue}  -> wl_surface#23.attach(wl_buffer#40, 0, 0)
[3516766.467] {mesa egl surface queue}  -> wl_surface#23.damage_buffer(743, 281, 5, 116)
[3516766.748] {mesa egl surface queue}  -> wl_surface#23.commit()
[3516766.757] {mesa egl surface queue}  -> wl_display#1.sync(new id wl_callback#41)
[3516766.836] {Display Queue} wl_display#1.delete_id(41)
[3516779.400] {Display Queue} wl_display#1.delete_id(48)
[3516779.417] {Default Queue} wl_callback#48.done(489397)
[3516779.757] {mesa egl surface queue} wl_callback#41.done(489385)
[3516779.769] {mesa egl surface queue} wl_buffer#40.release()
[3516780.108]  -> wl_surface#23.frame(new id wl_callback#41)
[3516780.129] {mesa egl surface queue}  -> wl_surface#23.attach(wl_buffer#40, 0, 0)
[3516780.135] {mesa egl surface queue}  -> wl_surface#23.damage_buffer(743, 281, 5, 116)
[3516780.439] {mesa egl surface queue}  -> wl_surface#23.commit()
[3516780.448] {mesa egl surface queue}  -> wl_display#1.sync(new id wl_callback#48)
[3516780.532] {Display Queue} wl_display#1.delete_id(48)
[3516792.698] {Display Queue} wl_display#1.delete_id(41)
[3516792.709] {Default Queue} wl_callback#41.done(489411)
[3516792.981] {mesa egl surface queue} wl_callback#48.done(489399)
[3516792.991] {mesa egl surface queue} wl_buffer#40.release()
[3516793.146]  -> wl_surface#23.frame(new id wl_callback#48)
[3516793.164] {mesa egl surface queue}  -> wl_surface#23.attach(wl_buffer#40, 0, 0)
[3516793.170] {mesa egl surface queue}  -> wl_surface#23.damage_buffer(743, 281, 5, 116)
[3516793.557] {mesa egl surface queue}  -> wl_surface#23.commit()
[3516793.566] {mesa egl surface queue}  -> wl_display#1.sync(new id wl_callback#41)
[3516793.631] {Display Queue} wl_display#1.delete_id(41)
[3516802.318] {Display Queue} wl_display#1.delete_id(48)
[3516802.327] {Default Queue} wl_callback#48.done(489420)
[3516832.238] {mesa egl surface queue} wl_callback#41.done(489412)
[3516832.260] {mesa egl surface queue} wl_buffer#40.release()
[3516832.941]  -> wl_surface#23.frame(new id wl_callback#41)
[3516832.975] {mesa egl surface queue}  -> wl_surface#23.attach(wl_buffer#40, 0, 0)
[3516832.986] {mesa egl surface queue}  -> wl_surface#23.damage_buffer(743, 281, 5, 116)
[3516833.390] {mesa egl surface queue}  -> wl_surface#23.commit()
[3516833.403] {mesa egl surface queue}  -> wl_display#1.sync(new id wl_callback#48)
[3516833.558] {Display Queue} wl_display#1.delete_id(48)
[3516852.456] {Display Queue} wl_display#1.delete_id(41)
[3516852.471] {Default Queue} wl_callback#41.done(489470)
[3516852.794] {mesa egl surface queue} wl_callback#48.done(489452)
[3516852.807] {mesa egl surface queue} wl_buffer#40.release()
[3516853.100]  -> wl_surface#23.frame(new id wl_callback#48)
[3516853.120] {mesa egl surface queue}  -> wl_surface#23.attach(wl_buffer#40, 0, 0)
[3516853.127] {mesa egl surface queue}  -> wl_surface#23.damage_buffer(743, 281, 5, 116)
[3516853.503] {mesa egl surface queue}  -> wl_surface#23.commit()
[3516853.513] {mesa egl surface queue}  -> wl_display#1.sync(new id wl_callback#41)
[3516853.616] {Display Queue} wl_display#1.delete_id(41)
[3516868.737] {Display Queue} wl_display#1.delete_id(48)
[3516868.749] {Default Queue} wl_callback#48.done(489487)
[3516883.343] {mesa egl surface queue} wl_callback#41.done(489472)
[3516883.360] {mesa egl surface queue} wl_buffer#40.release()
[3516883.846]  -> wl_surface#23.frame(new id wl_callback#41)
[3516883.867] {mesa egl surface queue}  -> wl_surface#23.attach(wl_buffer#40, 0, 0)
[3516883.874] {mesa egl surface queue}  -> wl_surface#23.damage_buffer(743, 281, 5, 116)
[3516884.416] {mesa egl surface queue}  -> wl_surface#23.commit()
[3516884.426] {mesa egl surface queue}  -> wl_display#1.sync(new id wl_callback#48)
[3516885.061] {Display Queue} wl_display#1.delete_id(48)
[3516901.599] {Display Queue} wl_display#1.delete_id(41)
[3516901.612] {Default Queue} wl_callback#41.done(489520)
[3516933.834] {mesa egl surface queue} wl_callback#48.done(489503)
[3516933.864] {mesa egl surface queue} wl_buffer#40.release()
[3516934.887]  -> wl_surface#23.frame(new id wl_callback#48)
[3516934.932] {mesa egl surface queue}  -> wl_surface#23.attach(wl_buffer#40, 0, 0)
[3516934.947] {mesa egl surface queue}  -> wl_surface#23.damage_buffer(36, 255, 711, 26)
[3516934.960] {mesa egl surface queue}  -> wl_surface#23.damage_buffer(36, 281, 712, 116)
[3516934.969] {mesa egl surface queue}  -> wl_surface#23.damage_buffer(36, 397, 711, 113)
[3516937.691] {mesa egl surface queue}  -> wl_surface#23.commit()
[3516937.720] {mesa egl surface queue}  -> wl_display#1.sync(new id wl_callback#41)
[3516937.901] {Display Queue} wl_display#1.delete_id(41)
[3516961.396] {Display Queue} wl_display#1.delete_id(48)
[3516961.418] {Default Queue} wl_callback#48.done(489579)
[3517177.604] {Default Queue} wl_keyboard#22.leave(168, wl_surface#23)
[3517177.630] {Default Queue} zwp_text_input_v3#34.leave(wl_surface#23)
[3517177.637] {Default Queue}  -> zwp_text_input_v3#34.disable()
[3517177.646] {Default Queue}  -> zwp_text_input_v3#34.commit()
[3517177.650] {Default Queue} wl_pointer#6.leave(171, wl_surface#23)
[3517177.657] {Default Queue} wl_pointer#6.frame()
[3517182.541] {mesa egl surface queue} wl_callback#41.done(489556)
[3517182.557] {mesa egl surface queue} wl_buffer#40.release()
[3517182.971]  -> wl_surface#23.frame(new id wl_callback#41)
[3517182.991] {mesa egl surface queue}  -> wl_surface#23.attach(wl_buffer#40, 0, 0)
[3517182.997] {mesa egl surface queue}  -> wl_surface#23.damage_buffer(117, 420, 630, 18)
[3517183.004] {mesa egl surface queue}  -> wl_surface#23.damage_buffer(36, 438, 711, 54)
[3517183.010] {mesa egl surface queue}  -> wl_surface#23.damage_buffer(36, 492, 81, 18)
[3517183.716] {mesa egl surface queue}  -> wl_surface#23.commit()
[3517183.726] {mesa egl surface queue}  -> wl_display#1.sync(new id wl_callback#48)
[3517183.814] {Display Queue} wl_display#1.delete_id(48)
[3517201.402] {Display Queue} wl_display#1.delete_id(41)
[3517201.412] {Default Queue} wl_callback#41.done(489819)
