[3244082.874] {Default Queue}  -> wl_display#1.get_registry(new id wl_registry#2)
[3244082.897] {Default Queue}  -> wl_display#1.sync(new id wl_callback#3)
[3244082.958] {Default Queue} wl_registry#2.global(1, "wl_compositor", 4)
[3244082.971] {Default Queue}  -> wl_registry#2.bind(1, "wl_compositor", 4, new id [unknown]#4)
[3244083.062] {Display Queue} wl_display#1.delete_id(3)
[3244083.079] {Default Queue} wl_registry#2.global(2, "xdg_wm_base", 4)
[3244083.102] {Default Queue} wl_registry#2.global(3, "zwp_linux_dmabuf_v1", 3)
[3244083.121] {Default Queue} wl_registry#2.global(4, "wl_output", 4)
[3244083.129] {Default Queue}  -> wl_registry#2.bind(4, "wl_output", 3, new id [unknown]#5)
[3244083.287] {Default Queue}  -> wl_display#1.sync(new id wl_callback#6)
[3244083.295] {Default Queue} wl_registry#2.global(5, "wl_seat", 5)
[3244083.303] {Default Queue} wl_registry#2.global(6, "wl_shm", 1)
[3244083.309] {Default Queue}  -> wl_registry#2.bind(6, "wl_shm", 1, new id [unknown]#7)
[3244083.316] {Default Queue} wl_registry#2.global(7, "xdg_menu_manager_v1", 2)
[3244083.322] {Default Queue} wl_registry#2.global(8, "wl_subcompositor", 1)
[3244083.329] {Default Queue}  -> wl_registry#2.bind(8, "wl_subcompositor", 1, new id [unknown]#8)
[3244083.337] {Default Queue} wl_registry#2.global(9, "wl_data_device_manager", 3)
[3244083.343] {Default Queue}  -> wl_registry#2.bind(9, "wl_data_device_manager", 3, new id [unknown]#9)
[3244083.348] {Default Queue} wl_registry#2.global(10, "zxdg_decoration_manager_v1", 1)
[3244083.354] {Default Queue} wl_registry#2.global(11, "wp_cursor_shape_manager_v1", 1)
[3244083.360] {Default Queue}  -> wl_registry#2.bind(11, "wp_cursor_shape_manager_v1", 1, new id [unknown]#10)
[3244083.366] {Default Queue} wl_registry#2.global(12, "wp_viewporter", 1)
[3244083.372] {Default Queue}  -> wl_registry#2.bind(12, "wp_viewporter", 1, new id [unknown]#11)
[3244083.378] {Default Queue} wl_registry#2.global(13, "zwp_text_input_manager_v3", 1)
[3244083.385] {Default Queue} wl_registry#2.global(16, "keiland_titlebar_manager_v1", 3)
[3244083.390] {Default Queue} wl_registry#2.global(17, "keiland_glass_manager_v1", 2)
[3244083.396] {Default Queue} wl_registry#2.global(18, "zwp_primary_selection_device_manager_v1", 1)
[3244083.402] {Default Queue}  -> wl_registry#2.bind(18, "zwp_primary_selection_device_manager_v1", 1, new id [unknown]#12)
[3244083.410] {Default Queue} wl_registry#2.global(19, "zwp_tablet_manager_v2", 1)
[3244083.416] {Default Queue}  -> wl_registry#2.bind(19, "zwp_tablet_manager_v2", 1, new id [unknown]#13)
[3244083.422] {Default Queue} wl_registry#2.global(21, "keiland_desktop_manager_v1", 1)
[3244083.428] {Default Queue} wl_registry#2.global(22, "keiland_keyboard_inset_manager_v1", 1)
[3244083.439] {Default Queue} wl_registry#2.global(23, "keiland_edit_manager_v1", 1)
[3244083.446] {Default Queue} wl_callback#3.done(216701)
[3244083.572] {Default Queue}  -> wl_shm#7.create_pool(new id wl_shm_pool#3, fd 8, 2304)
[3244083.584] {Default Queue}  -> wl_registry#2.bind(5, "wl_seat", 5, new id [unknown]#14)
[3244094.536] {Default Queue}  -> zwp_primary_selection_device_manager_v1#12.get_device(new id zwp_primary_selection_device_v1#15, wl_seat#14)
[3244094.553] {Default Queue}  -> wl_data_device_manager#9.get_data_device(new id wl_data_device#16, wl_seat#14)
[3244094.646] {Default Queue}  -> wl_compositor#4.create_surface(new id wl_surface#17)
[3244094.654] {Default Queue}  -> wp_viewporter#11.get_viewport(new id wp_viewport#18, wl_surface#17)
[3244094.659] {Default Queue}  -> zwp_tablet_manager_v2#13.get_tablet_seat(new id zwp_tablet_seat_v2#19, wl_seat#14)
[3244094.668] {Default Queue}  -> wl_display#1.sync(new id wl_callback#20)
[3244094.869] {Display Queue} wl_display#1.delete_id(6)
[3244094.876] {Display Queue} wl_display#1.delete_id(20)
[3244094.880] {Default Queue} wl_output#5.geometry(0, 0, 0, 0, 0, "Unknown", "Unknown", 0)
[3244094.890] {Default Queue} wl_output#5.mode(3, 1280, 800, 74994)
[3244094.896] {Default Queue} wl_output#5.scale(1)
[3244094.901] {Default Queue} wl_output#5.done()
[3244094.905] {Default Queue} wl_callback#6.done(216713)
[3244094.917] {Default Queue} wl_shm#7.format(0)
[3244094.921] {Default Queue} wl_shm#7.format(1)
[3244094.925] {Default Queue} wl_seat#14.capabilities(3)
[3244094.929] {Default Queue}  -> wl_seat#14.get_pointer(new id wl_pointer#6)
[3244094.938] {Default Queue}  -> wp_cursor_shape_manager_v1#10.get_pointer(new id wp_cursor_shape_device_v1#21, wl_pointer#6)
[3244094.944] {Default Queue}  -> wl_seat#14.get_keyboard(new id wl_keyboard#22)
[3244094.950] {Default Queue} wl_seat#14.name("seat0")
[3244094.962] {Default Queue} wl_callback#20.done(216713)
[3244094.967] {Default Queue}  -> wl_registry#2.bind(2, "xdg_wm_base", 4, new id [unknown]#20)

(python3:4769): Gtk-WARNING **: 06:36:43.987: Unable to acquire the address of the accessibility bus: GDBus.Error:org.freedesktop.DBus.Error.ServiceUnknown: The name org.a11y.Bus was not provided by any .service files. If you are attempting to run GTK without a11y support, GTK_A11Y should be set to 'none'.
[3245949.245] {Default Queue}  -> wl_compositor#4.create_surface(new id wl_surface#23)
[3245949.303] {Default Queue}  -> wp_viewporter#11.get_viewport(new id wp_viewport#24, wl_surface#23)
[3246002.295] {mesa egl display queue}  -> wl_display#1.get_registry(new id wl_registry#25)
[3246002.309] {mesa egl display queue}  -> wl_display#1.sync(new id wl_callback#26)
[3246002.554] {mesa egl display queue} wl_registry#25.global(1, "wl_compositor", 4)
[3246002.569] {mesa egl display queue} wl_registry#25.global(2, "xdg_wm_base", 4)
[3246002.572] {mesa egl display queue} wl_registry#25.global(3, "zwp_linux_dmabuf_v1", 3)
[3246002.575] {mesa egl display queue}  -> wl_registry#25.bind(3, "zwp_linux_dmabuf_v1", 3, new id [unknown]#27)
[3246002.579] {mesa egl display queue} wl_registry#25.global(4, "wl_output", 4)
[3246002.581] {mesa egl display queue} wl_registry#25.global(5, "wl_seat", 5)
[3246002.601] {mesa egl display queue} wl_registry#25.global(6, "wl_shm", 1)
[3246002.604] {mesa egl display queue} wl_registry#25.global(7, "xdg_menu_manager_v1", 2)
[3246002.606] {mesa egl display queue} wl_registry#25.global(8, "wl_subcompositor", 1)
[3246002.609] {mesa egl display queue} wl_registry#25.global(9, "wl_data_device_manager", 3)
[3246002.611] {mesa egl display queue} wl_registry#25.global(10, "zxdg_decoration_manager_v1", 1)
[3246002.614] {mesa egl display queue} wl_registry#25.global(11, "wp_cursor_shape_manager_v1", 1)
[3246002.617] {mesa egl display queue} wl_registry#25.global(12, "wp_viewporter", 1)
[3246002.636] {mesa egl display queue} wl_registry#25.global(13, "zwp_text_input_manager_v3", 1)
[3246002.638] {mesa egl display queue} wl_registry#25.global(16, "keiland_titlebar_manager_v1", 3)
[3246002.641] {mesa egl display queue} wl_registry#25.global(17, "keiland_glass_manager_v1", 2)
[3246002.644] {mesa egl display queue} wl_registry#25.global(18, "zwp_primary_selection_device_manager_v1", 1)
[3246002.646] {mesa egl display queue} wl_registry#25.global(19, "zwp_tablet_manager_v2", 1)
[3246002.649] {mesa egl display queue} wl_registry#25.global(21, "keiland_desktop_manager_v1", 1)
[3246002.651] {mesa egl display queue} wl_registry#25.global(22, "keiland_keyboard_inset_manager_v1", 1)
[3246002.661] {Display Queue} wl_display#1.delete_id(26)
[3246002.664] {mesa egl display queue} wl_registry#25.global(23, "keiland_edit_manager_v1", 1)
[3246002.667] {mesa egl display queue} wl_callback#26.done(218621)
[3246002.670] {mesa egl display queue}  -> wl_display#1.sync(new id wl_callback#26)
[3246002.720] {mesa egl display queue} zwp_linux_dmabuf_v1#27.format(875713089)
[3246002.723] {mesa egl display queue} zwp_linux_dmabuf_v1#27.modifier(875713089, 0, 0)
[3246002.734] {mesa egl display queue} zwp_linux_dmabuf_v1#27.format(875713112)
[3246002.736] {mesa egl display queue} zwp_linux_dmabuf_v1#27.modifier(875713112, 0, 0)
[3246002.739] {mesa egl display queue} wl_callback#26.done(218621)
[3246002.743] {mesa egl display queue}  -> zwp_linux_dmabuf_v1#27.destroy()
[3246002.753] {mesa egl swrast display queue}  -> wl_display#1.get_registry(new id wl_registry#28)
[3246002.761] {mesa egl swrast display queue}  -> wl_display#1.sync(new id wl_callback#29)
[3246002.782] {Display Queue} wl_display#1.delete_id(26)
[3246002.831] {Display Queue} wl_display#1.delete_id(27)
[3246002.834] {mesa egl swrast display queue} wl_registry#28.global(1, "wl_compositor", 4)
[3246002.845] {mesa egl swrast display queue} wl_registry#28.global(2, "xdg_wm_base", 4)
[3246002.847] {mesa egl swrast display queue} wl_registry#28.global(3, "zwp_linux_dmabuf_v1", 3)
[3246002.850] {mesa egl swrast display queue}  -> wl_registry#28.bind(3, "zwp_linux_dmabuf_v1", 3, new id [unknown]#27)
[3246002.853] {mesa egl swrast display queue} wl_registry#28.global(4, "wl_output", 4)
[3246002.868] {mesa egl swrast display queue} wl_registry#28.global(5, "wl_seat", 5)
[3246002.871] {mesa egl swrast display queue} wl_registry#28.global(6, "wl_shm", 1)
[3246002.874] {mesa egl swrast display queue}  -> wl_registry#28.bind(6, "wl_shm", 1, new id [unknown]#26)
[3246002.877] {mesa egl swrast display queue} wl_registry#28.global(7, "xdg_menu_manager_v1", 2)
[3246002.879] {mesa egl swrast display queue} wl_registry#28.global(8, "wl_subcompositor", 1)
[3246002.882] {mesa egl swrast display queue} wl_registry#28.global(9, "wl_data_device_manager", 3)
[3246002.898] {mesa egl swrast display queue} wl_registry#28.global(10, "zxdg_decoration_manager_v1", 1)
[3246002.901] {mesa egl swrast display queue} wl_registry#28.global(11, "wp_cursor_shape_manager_v1", 1)
[3246002.903] {mesa egl swrast display queue} wl_registry#28.global(12, "wp_viewporter", 1)
[3246002.906] {mesa egl swrast display queue} wl_registry#28.global(13, "zwp_text_input_manager_v3", 1)
[3246002.908] {mesa egl swrast display queue} wl_registry#28.global(16, "keiland_titlebar_manager_v1", 3)
[3246002.911] {mesa egl swrast display queue} wl_registry#28.global(17, "keiland_glass_manager_v1", 2)
[3246002.913] {mesa egl swrast display queue} wl_registry#28.global(18, "zwp_primary_selection_device_manager_v1", 1)
[3246002.925] {Display Queue} wl_display#1.delete_id(29)
[3246002.928] {mesa egl swrast display queue} wl_registry#28.global(19, "zwp_tablet_manager_v2", 1)
[3246002.930] {mesa egl swrast display queue} wl_registry#28.global(21, "keiland_desktop_manager_v1", 1)
[3246002.933] {mesa egl swrast display queue} wl_registry#28.global(22, "keiland_keyboard_inset_manager_v1", 1)
[3246002.936] {mesa egl swrast display queue} wl_registry#28.global(23, "keiland_edit_manager_v1", 1)
[3246002.938] {mesa egl swrast display queue} wl_callback#29.done(218621)
[3246002.941] {mesa egl swrast display queue}  -> wl_display#1.sync(new id wl_callback#29)
[3246002.978] {mesa egl swrast display queue} zwp_linux_dmabuf_v1#27.format(875713089)
[3246002.981] {mesa egl swrast display queue} zwp_linux_dmabuf_v1#27.modifier(875713089, 0, 0)
[3246002.991] {mesa egl swrast display queue} zwp_linux_dmabuf_v1#27.format(875713112)
[3246002.994] {mesa egl swrast display queue} zwp_linux_dmabuf_v1#27.modifier(875713112, 0, 0)
[3246002.996] {mesa egl swrast display queue} wl_shm#26.format(0)
[3246003.005] {Display Queue} wl_display#1.delete_id(29)
[3246003.008] {mesa egl swrast display queue} wl_shm#26.format(1)
[3246003.011] {mesa egl swrast display queue} wl_callback#29.done(218621)
[3246003.013] {mesa egl swrast display queue}  -> wl_display#1.sync(new id wl_callback#29)
[3246003.052] {Display Queue} wl_display#1.delete_id(29)
[3246003.055] {mesa egl swrast display queue} wl_callback#29.done(218621)
[3246003.058] {mesa egl swrast display queue}  -> zwp_linux_dmabuf_v1#27.destroy()
[3246003.062] {mesa egl swrast display queue}  -> wl_display#1.get_registry(new id wl_registry#29)
[3246003.065] {mesa egl swrast display queue}  -> wl_display#1.sync(new id wl_callback#30)
[3246003.103] {Display Queue} wl_display#1.delete_id(27)
[3246003.106] {mesa egl swrast display queue} wl_registry#29.global(1, "wl_compositor", 4)
[3246003.115] {mesa egl swrast display queue} wl_registry#29.global(2, "xdg_wm_base", 4)
[3246003.118] {mesa egl swrast display queue} wl_registry#29.global(3, "zwp_linux_dmabuf_v1", 3)
[3246003.124] {mesa egl swrast display queue} wl_registry#29.global(4, "wl_output", 4)
[3246003.135] {mesa egl swrast display queue} wl_registry#29.global(5, "wl_seat", 5)
[3246003.137] {mesa egl swrast display queue} wl_registry#29.global(6, "wl_shm", 1)
[3246003.140] {mesa egl swrast display queue}  -> wl_registry#29.bind(6, "wl_shm", 1, new id [unknown]#27)
[3246003.143] {mesa egl swrast display queue} wl_registry#29.global(7, "xdg_menu_manager_v1", 2)
[3246003.146] {mesa egl swrast display queue} wl_registry#29.global(8, "wl_subcompositor", 1)
[3246003.161] {mesa egl swrast display queue} wl_registry#29.global(9, "wl_data_device_manager", 3)
[3246003.164] {mesa egl swrast display queue} wl_registry#29.global(10, "zxdg_decoration_manager_v1", 1)
[3246003.166] {mesa egl swrast display queue} wl_registry#29.global(11, "wp_cursor_shape_manager_v1", 1)
[3246003.169] {mesa egl swrast display queue} wl_registry#29.global(12, "wp_viewporter", 1)
[3246003.171] {mesa egl swrast display queue} wl_registry#29.global(13, "zwp_text_input_manager_v3", 1)
[3246003.174] {mesa egl swrast display queue} wl_registry#29.global(16, "keiland_titlebar_manager_v1", 3)
[3246003.187] {mesa egl swrast display queue} wl_registry#29.global(17, "keiland_glass_manager_v1", 2)
[3246003.189] {mesa egl swrast display queue} wl_registry#29.global(18, "zwp_primary_selection_device_manager_v1", 1)
[3246003.192] {mesa egl swrast display queue} wl_registry#29.global(19, "zwp_tablet_manager_v2", 1)
[3246003.195] {mesa egl swrast display queue} wl_registry#29.global(21, "keiland_desktop_manager_v1", 1)
[3246003.197] {mesa egl swrast display queue} wl_registry#29.global(22, "keiland_keyboard_inset_manager_v1", 1)
[3246003.200] {mesa egl swrast display queue} wl_registry#29.global(23, "keiland_edit_manager_v1", 1)
[3246003.207] {Display Queue} wl_display#1.delete_id(30)
[3246003.210] {mesa egl swrast display queue} wl_callback#30.done(218621)
[3246003.213] {mesa egl swrast display queue}  -> wl_display#1.sync(new id wl_callback#30)
[3246003.243] {mesa egl swrast display queue} wl_shm#27.format(0)
[3246003.246] {mesa egl swrast display queue} wl_shm#27.format(1)
[3246003.254] {Display Queue} wl_display#1.delete_id(30)
[3246003.256] {mesa egl swrast display queue} wl_callback#30.done(218621)
[3246163.824] {Default Queue}  -> xdg_wm_base#20.get_xdg_surface(new id xdg_surface#30, wl_surface#23)
[3246163.838]  -> xdg_surface#30.get_toplevel(new id xdg_toplevel#31)
[3246163.842]  -> xdg_toplevel#31.set_parent(nil)
[3246163.845]  -> xdg_toplevel#31.set_title("WS114 GTK4 baseline")
[3246163.848]  -> xdg_toplevel#31.set_app_id("org.zedbsd.WS114Baseline")
[3246163.851]  -> wl_surface#23.commit()
[3246172.239] {Default Queue}  -> wl_display#1.get_registry(new id wl_registry#32)
[3246172.759] {Default Queue} wl_keyboard#22.keymap(1, fd 4, 6896)
[3246173.575] {Default Queue} wl_keyboard#22.repeat_info(25, 400)
[3246174.258] {Default Queue} wl_registry#32.global(1, "wl_compositor", 4)
[3246174.267] {Default Queue} wl_registry#32.global(2, "xdg_wm_base", 4)
[3246174.272] {Default Queue} wl_registry#32.global(3, "zwp_linux_dmabuf_v1", 3)
[3246174.275] {Default Queue} wl_registry#32.global(4, "wl_output", 4)
[3246174.279] {Default Queue} wl_registry#32.global(5, "wl_seat", 5)
[3246174.282] {Default Queue} wl_registry#32.global(6, "wl_shm", 1)
[3246174.285] {Default Queue} wl_registry#32.global(7, "xdg_menu_manager_v1", 2)
[3246174.289] {Default Queue} wl_registry#32.global(8, "wl_subcompositor", 1)
[3246174.292] {Default Queue} wl_registry#32.global(9, "wl_data_device_manager", 3)
[3246174.295] {Default Queue} wl_registry#32.global(10, "zxdg_decoration_manager_v1", 1)
[3246174.299] {Default Queue} wl_registry#32.global(11, "wp_cursor_shape_manager_v1", 1)
[3246174.302] {Default Queue} wl_registry#32.global(12, "wp_viewporter", 1)
[3246174.306] {Default Queue} wl_registry#32.global(13, "zwp_text_input_manager_v3", 1)
[3246174.310] {Default Queue}  -> wl_registry#32.bind(13, "zwp_text_input_manager_v3", 1, new id [unknown]#33)
[3246174.316] {Default Queue}  -> zwp_text_input_manager_v3#33.get_text_input(new id zwp_text_input_v3#34, wl_seat#14)
[3246174.337] {Default Queue} wl_registry#32.global(16, "keiland_titlebar_manager_v1", 3)
[3246174.342] {Default Queue} wl_registry#32.global(17, "keiland_glass_manager_v1", 2)
[3246174.345] {Default Queue} wl_registry#32.global(18, "zwp_primary_selection_device_manager_v1", 1)
[3246174.349] {Default Queue} wl_registry#32.global(19, "zwp_tablet_manager_v2", 1)
[3246174.352] {Default Queue} wl_registry#32.global(21, "keiland_desktop_manager_v1", 1)
[3246174.356] {Default Queue} wl_registry#32.global(22, "keiland_keyboard_inset_manager_v1", 1)
[3246174.359] {Default Queue} wl_registry#32.global(23, "keiland_edit_manager_v1", 1)
[3246174.363] xdg_toplevel#31.configure_bounds(1256, 690)
[3246174.367] xdg_toplevel#31.configure(0, 0, array[4])
[3246174.372] xdg_surface#30.configure(3)
[3246174.387]  -> xdg_surface#30.ack_configure(3)
[3246182.620]  -> xdg_toplevel#31.set_min_size(487, 336)
[3246182.649]  -> xdg_toplevel#31.set_max_size(0, 0)
[3246186.472] {mesa egl swrast display queue}  -> wl_shm#27.create_pool(new id wl_shm_pool#35, fd 17, 1423968)
[3246186.499] {mesa egl surface queue}  -> wl_shm_pool#35.create_buffer(new id wl_buffer#36, 0, 728, 489, 2912, 0)
[3246186.512] {mesa egl surface queue}  -> wl_shm_pool#35.destroy()
[3248468.214]  -> xdg_toplevel#31.set_min_size(459, 307)
[3248468.235]  -> xdg_toplevel#31.set_max_size(0, 0)
[3248468.240]  -> xdg_surface#30.set_window_geometry(14, 12, 700, 460)
[3248468.245] {Default Queue}  -> wl_compositor#4.create_region(new id wl_region#37)
[3248468.257] {Default Queue}  -> wl_region#37.add(14, 20, 700, 452)
[3248468.261]  -> wl_surface#23.set_opaque_region(wl_region#37)
[3248468.264] {Default Queue}  -> wl_region#37.destroy()
[3248468.267] {Default Queue}  -> wl_compositor#4.create_region(new id wl_region#38)
[3248468.270] {Default Queue}  -> wl_region#38.add(2, 0, 724, 484)
[3248468.273]  -> wl_surface#23.set_input_region(wl_region#38)
[3248468.276] {Default Queue}  -> wl_region#38.destroy()
[3248468.279] {Default Queue}  -> wp_viewport#24.set_destination(728, 489)
[3248468.282]  -> wl_surface#23.frame(new id wl_callback#39)
[3248468.352] {mesa egl surface queue}  -> wl_surface#23.attach(wl_buffer#36, 0, 0)
[3248468.356] {mesa egl surface queue}  -> wl_surface#23.damage_buffer(0, 0, 728, 489)
[3248477.975] {mesa egl surface queue}  -> wl_surface#23.commit()
[3248477.989] {mesa egl surface queue}  -> wl_display#1.sync(new id wl_callback#40)
[3248480.674] {Display Queue} wl_display#1.delete_id(35)
[3248480.684] {Display Queue} wl_display#1.delete_id(37)
[3248480.687] {Display Queue} wl_display#1.delete_id(38)
[3248480.690] {Display Queue} wl_display#1.delete_id(40)
[3248524.646] {Default Queue} wl_data_device#16.selection(nil)
[3248524.705] {Default Queue} zwp_primary_selection_device_v1#15.selection(nil)
[3248524.715] {Default Queue} wl_keyboard#22.enter(4, wl_surface#23, array[0])
[3248524.738] {Default Queue} wl_keyboard#22.modifiers(5, 0, 0, 0, 0)
[3248524.810] {Default Queue} zwp_text_input_v3#34.enter(wl_surface#23)
[3248524.819] {Default Queue}  -> zwp_text_input_v3#34.enable()
[3248524.868] {Default Queue}  -> zwp_text_input_v3#34.set_surrounding_text("q580 clipboard omega Ω", 23, 0)
[3248524.876] {Default Queue}  -> zwp_text_input_v3#34.set_text_change_cause(1)
[3248524.905] {Default Queue}  -> zwp_text_input_v3#34.set_content_type(0, 0)
[3248524.967] {Default Queue}  -> zwp_text_input_v3#34.set_cursor_rectangle(209, 110, 0, 32)
[3248524.973] {Default Queue}  -> zwp_text_input_v3#34.commit()
[3248524.977] {Default Queue} wl_pointer#6.enter(6, wl_surface#23, 364.00000000, 202.00000000)
[3248524.989] {Default Queue} wl_pointer#6.frame()
[3248525.015] {Default Queue}  -> wp_cursor_shape_device_v1#21.set_shape(6, 1)
[3248526.152] {Display Queue} wl_display#1.delete_id(39)
[3248526.166] {Default Queue} wl_callback#39.done(221144)
[3248527.116] {mesa egl surface queue} wl_callback#40.done(221096)
[3248527.127] {mesa egl surface queue} wl_buffer#36.release()
[3248527.445]  -> wl_surface#23.frame(new id wl_callback#40)
[3248527.479] {mesa egl surface queue}  -> wl_surface#23.attach(wl_buffer#36, 0, 0)
[3248527.488] {mesa egl surface queue}  -> wl_surface#23.damage_buffer(32, 105, 664, 42)
[3248528.359] {mesa egl surface queue}  -> wl_surface#23.commit()
[3248528.374] {mesa egl surface queue}  -> wl_display#1.sync(new id wl_callback#39)
[3248528.466] {Display Queue} wl_display#1.delete_id(39)
[3248547.571] {Display Queue} wl_display#1.delete_id(40)
[3248547.583] {Default Queue} wl_callback#40.done(221166)
[3276402.268] {Default Queue} wl_pointer#6.motion(249019, 183.00000000, 122.00000000)
[3276402.593] {Default Queue} wl_pointer#6.frame()
[3276404.896] {Default Queue}  -> wp_cursor_shape_device_v1#21.set_shape(6, 9)
[3276481.628] {Default Queue} wl_pointer#6.button(7, 249065, 272, 1)
[3276481.697] {Default Queue} xdg_wm_base#20.ping(8)
[3276481.731] {Default Queue}  -> xdg_wm_base#20.pong(8)
[3276481.742] {Default Queue} wl_pointer#6.frame()
[3276482.397] {Default Queue}  -> zwp_text_input_v3#34.set_surrounding_text("q580 clipboard omega Ω", 23, 0)
[3276482.491] {Default Queue}  -> zwp_text_input_v3#34.set_text_change_cause(1)
[3276482.541] {Default Queue}  -> zwp_text_input_v3#34.set_content_type(0, 0)
[3276482.555] {Default Queue}  -> zwp_text_input_v3#34.set_cursor_rectangle(209, 110, 0, 32)
[3276482.598] {Default Queue}  -> zwp_text_input_v3#34.commit()
[3276501.737] {Default Queue} wl_pointer#6.button(9, 249120, 272, 0)
[3276501.774] {Default Queue} wl_pointer#6.frame()
[3276517.107] {mesa egl surface queue} wl_callback#39.done(221146)
[3276517.148] {mesa egl surface queue} wl_buffer#36.release()
[3276521.862]  -> wl_surface#23.frame(new id wl_callback#39)
[3276521.961] {mesa egl surface queue}  -> wl_surface#23.attach(wl_buffer#36, 0, 0)
[3276521.975] {mesa egl surface queue}  -> wl_surface#23.damage_buffer(45, 118, 164, 16)
[3276526.744] {mesa egl surface queue}  -> wl_surface#23.commit()
[3276526.769] {mesa egl surface queue}  -> wl_display#1.sync(new id wl_callback#40)
[3276552.332] {Display Queue} wl_display#1.delete_id(40)
[3276565.119] {Display Queue} wl_display#1.delete_id(39)
[3276565.133] {Default Queue} wl_callback#39.done(249183)
[3276633.274] {Default Queue} wl_keyboard#22.key(10, 249251, 29, 1)
[3276633.945] {Default Queue} wl_keyboard#22.modifiers(12, 4, 0, 0, 0)
[3276634.007] {Default Queue} wl_keyboard#22.key(13, 249251, 30, 1)
[3276634.320] {Default Queue}  -> wl_surface#17.attach(nil, 0, 0)
[3276634.340] {Default Queue}  -> wl_surface#17.commit()
[3276634.350] {Default Queue}  -> wl_pointer#6.set_cursor(6, wl_surface#17, 0, 0)
[3276638.271] {Default Queue}  -> zwp_primary_selection_device_manager_v1#12.create_source(new id zwp_primary_selection_source_v1#39)
[3276638.324] {Default Queue}  -> zwp_primary_selection_source_v1#39.offer("text/plain;charset=utf-8")
[3276638.334] {Default Queue}  -> zwp_primary_selection_source_v1#39.offer("text/plain")
[3276638.347] {Default Queue}  -> zwp_primary_selection_device_v1#15.set_selection(zwp_primary_selection_source_v1#39, 13)
[3276639.006] {Default Queue} zwp_primary_selection_device_v1#15.data_offer(new id zwp_primary_selection_offer_v1#4278190080)
[3276639.024] {Default Queue} zwp_primary_selection_offer_v1#4278190080.offer("text/plain;charset=utf-8")
[3276639.035] {Default Queue} zwp_primary_selection_offer_v1#4278190080.offer("text/plain")
[3276639.043] {Default Queue} zwp_primary_selection_device_v1#15.selection(zwp_primary_selection_offer_v1#4278190080)
[3276639.073] {Default Queue}  -> zwp_primary_selection_offer_v1#4278190080.destroy()
[3276649.625] {mesa egl surface queue} wl_callback#40.done(249170)
[3276649.648] {mesa egl surface queue} wl_buffer#36.release()
[3276653.616]  -> wl_surface#23.frame(new id wl_callback#40)
[3276653.665] {mesa egl surface queue}  -> wl_surface#23.attach(wl_buffer#36, 0, 0)
[3276653.676] {mesa egl surface queue}  -> wl_surface#23.damage_buffer(45, 118, 164, 16)
[3276661.884] {mesa egl surface queue}  -> wl_surface#23.commit()
[3276661.904] {mesa egl surface queue}  -> wl_display#1.sync(new id wl_callback#38)
[3276665.509] {Display Queue} wl_display#1.delete_id(38)
[3276676.096] {Display Queue} wl_display#1.delete_id(40)
[3276676.112] {Default Queue} wl_callback#40.done(249294)
[3276691.168] {Default Queue} wl_keyboard#22.key(14, 249309, 30, 0)
[3276691.225] {Default Queue} wl_keyboard#22.key(15, 249309, 29, 0)
[3276691.242] {Default Queue} wl_keyboard#22.modifiers(17, 0, 0, 0, 0)
[3276691.460] {Default Queue}  -> wp_cursor_shape_device_v1#21.set_shape(6, 9)
[3276822.140] {Default Queue} wl_keyboard#22.key(18, 249440, 29, 1)
[3276822.212] {Default Queue} wl_keyboard#22.modifiers(20, 4, 0, 0, 0)
[3276822.252] {Default Queue} wl_keyboard#22.key(21, 249440, 46, 1)
[3276822.379] {Default Queue}  -> wl_surface#17.attach(nil, 0, 0)
[3276822.394] {Default Queue}  -> wl_surface#17.commit()
[3276822.404] {Default Queue}  -> wl_pointer#6.set_cursor(6, wl_surface#17, 0, 0)
[3276822.806] {Default Queue}  -> wl_data_device_manager#9.create_data_source(new id wl_data_source#40)
[3276822.824] {Default Queue}  -> wl_data_source#40.offer("text/plain;charset=utf-8")
[3276822.833] {Default Queue}  -> wl_data_source#40.offer("text/plain")
[3276822.844] {Default Queue}  -> wl_data_device#16.set_selection(wl_data_source#40, 21)
[3276823.244] {Default Queue} wl_data_device#16.data_offer(new id wl_data_offer#4278190081)
[3276823.261] {Default Queue} wl_data_offer#4278190081.offer("text/plain;charset=utf-8")
[3276823.271] {Default Queue} wl_data_offer#4278190081.offer("text/plain")
[3276823.281] {Default Queue} wl_data_device#16.selection(wl_data_offer#4278190081)
[3276823.291] {Default Queue} wl_data_source#40.send("text/plain;charset=utf-8", fd 4)
[3276879.700] {Default Queue} wl_keyboard#22.key(22, 249497, 46, 0)
[3276879.764] {Default Queue} wl_keyboard#22.key(23, 249497, 29, 0)
[3276879.778] {Default Queue} wl_keyboard#22.modifiers(25, 0, 0, 0, 0)
[3278383.478] {Default Queue} wl_pointer#6.motion(251001, 203.00000000, 170.00000000)
[3278383.523] {Default Queue} wl_pointer#6.frame()
[3278384.006] {Default Queue}  -> wp_cursor_shape_device_v1#21.set_shape(6, 9)
[3278454.236] {Default Queue} wl_pointer#6.button(26, 251051, 272, 1)
[3278454.263] {Default Queue} xdg_wm_base#20.ping(27)
[3278454.269] {Default Queue}  -> xdg_wm_base#20.pong(27)
[3278454.273] {Default Queue} wl_pointer#6.frame()
[3278454.537] {Default Queue}  -> zwp_text_input_v3#34.disable()
[3278454.545] {Default Queue}  -> zwp_text_input_v3#34.commit()
[3278454.576] {Default Queue}  -> zwp_text_input_v3#34.enable()
[3278454.587] {Default Queue}  -> zwp_text_input_v3#34.set_surrounding_text("", 0, 0)
[3278454.591] {Default Queue}  -> zwp_text_input_v3#34.set_text_change_cause(1)
[3278454.597] {Default Queue}  -> zwp_text_input_v3#34.set_content_type(0, 0)
[3278454.627] {Default Queue}  -> zwp_text_input_v3#34.set_cursor_rectangle(45, 158, 0, 32)
[3278454.632] {Default Queue}  -> zwp_text_input_v3#34.commit()
[3278454.692] {Default Queue}  -> zwp_text_input_v3#34.set_surrounding_text("", 0, 0)
[3278454.696] {Default Queue}  -> zwp_text_input_v3#34.set_text_change_cause(1)
[3278454.700] {Default Queue}  -> zwp_text_input_v3#34.set_content_type(0, 0)
[3278454.704] {Default Queue}  -> zwp_text_input_v3#34.set_cursor_rectangle(45, 158, 0, 32)
[3278454.716] {Default Queue}  -> zwp_text_input_v3#34.commit()
[3278455.301] {mesa egl surface queue} wl_callback#38.done(249283)
[3278455.317] {mesa egl surface queue} wl_buffer#36.release()
[3278455.822]  -> wl_surface#23.frame(new id wl_callback#38)
[3278455.845] {mesa egl surface queue}  -> wl_surface#23.attach(wl_buffer#36, 0, 0)
[3278455.850] {mesa egl surface queue}  -> wl_surface#23.damage_buffer(45, 118, 164, 16)
[3278455.855] {mesa egl surface queue}  -> wl_surface#23.damage_buffer(45, 166, 1, 16)
[3278456.494] {mesa egl surface queue}  -> wl_surface#23.commit()
[3278456.503] {mesa egl surface queue}  -> wl_display#1.sync(new id wl_callback#37)
[3278456.590] {Display Queue} wl_display#1.delete_id(37)
[3278466.051] {Display Queue} wl_display#1.delete_id(38)
[3278466.065] {Default Queue} wl_callback#38.done(251084)
[3278466.078] {Default Queue} wl_pointer#6.button(28, 251083, 272, 0)
[3278466.094] {Default Queue} wl_pointer#6.frame()
[3278466.336] {Default Queue}  -> zwp_text_input_v3#34.enable()
[3278466.351] {Default Queue}  -> zwp_text_input_v3#34.set_surrounding_text("", 0, 0)
[3278466.362] {Default Queue}  -> zwp_text_input_v3#34.set_text_change_cause(1)
[3278466.370] {Default Queue}  -> zwp_text_input_v3#34.set_content_type(0, 0)
[3278466.376] {Default Queue}  -> zwp_text_input_v3#34.set_cursor_rectangle(45, 158, 0, 32)
[3278466.380] {Default Queue}  -> zwp_text_input_v3#34.commit()
[3278466.848] {mesa egl surface queue} wl_callback#37.done(251075)
[3278466.860] {mesa egl surface queue} wl_buffer#36.release()
[3278467.373]  -> wl_surface#23.frame(new id wl_callback#37)
[3278467.396] {mesa egl surface queue}  -> wl_surface#23.attach(wl_buffer#36, 0, 0)
[3278467.401] {mesa egl surface queue}  -> wl_surface#23.damage_buffer(35, 108, 658, 36)
[3278467.405] {mesa egl surface queue}  -> wl_surface#23.damage_buffer(32, 153, 664, 42)
[3278468.363] {mesa egl surface queue}  -> wl_surface#23.commit()
[3278468.389] {mesa egl surface queue}  -> wl_display#1.sync(new id wl_callback#38)
[3278468.481] {Display Queue} wl_display#1.delete_id(38)
[3278479.197] {Display Queue} wl_display#1.delete_id(37)
[3278479.211] {Default Queue} wl_callback#37.done(251097)
[3278479.585] {mesa egl surface queue} wl_callback#38.done(251087)
[3278479.598] {mesa egl surface queue} wl_buffer#36.release()
[3278480.125]  -> wl_surface#23.frame(new id wl_callback#38)
[3278480.166] {mesa egl surface queue}  -> wl_surface#23.attach(wl_buffer#36, 0, 0)
[3278480.172] {mesa egl surface queue}  -> wl_surface#23.damage_buffer(35, 108, 658, 36)
[3278480.176] {mesa egl surface queue}  -> wl_surface#23.damage_buffer(32, 153, 664, 42)
[3278481.138] {mesa egl surface queue}  -> wl_surface#23.commit()
[3278481.148] {mesa egl surface queue}  -> wl_display#1.sync(new id wl_callback#37)
[3278481.227] {Display Queue} wl_display#1.delete_id(37)
[3278491.475] {Display Queue} wl_display#1.delete_id(38)
[3278491.489] {Default Queue} wl_callback#38.done(251109)
[3278491.802] {mesa egl surface queue} wl_callback#37.done(251099)
[3278491.811] {mesa egl surface queue} wl_buffer#36.release()
[3278492.191]  -> wl_surface#23.frame(new id wl_callback#37)
[3278492.210] {mesa egl surface queue}  -> wl_surface#23.attach(wl_buffer#36, 0, 0)
[3278492.215] {mesa egl surface queue}  -> wl_surface#23.damage_buffer(34, 107, 660, 38)
[3278492.219] {mesa egl surface queue}  -> wl_surface#23.damage_buffer(32, 153, 664, 42)
[3278493.440] {mesa egl surface queue}  -> wl_surface#23.commit()
[3278493.479] {mesa egl surface queue}  -> wl_display#1.sync(new id wl_callback#38)
[3278493.614] {Display Queue} wl_display#1.delete_id(38)
[3278504.718] {Display Queue} wl_display#1.delete_id(37)
[3278504.729] {Default Queue} wl_callback#37.done(251123)
[3278505.008] {mesa egl surface queue} wl_callback#38.done(251112)
[3278505.017] {mesa egl surface queue} wl_buffer#36.release()
[3278505.476]  -> wl_surface#23.frame(new id wl_callback#38)
[3278505.500] {mesa egl surface queue}  -> wl_surface#23.attach(wl_buffer#36, 0, 0)
[3278505.506] {mesa egl surface queue}  -> wl_surface#23.damage_buffer(34, 107, 660, 38)
[3278505.510] {mesa egl surface queue}  -> wl_surface#23.damage_buffer(33, 154, 662, 40)
[3278506.504] {mesa egl surface queue}  -> wl_surface#23.commit()
[3278506.522] {mesa egl surface queue}  -> wl_display#1.sync(new id wl_callback#37)
[3278506.599] {Display Queue} wl_display#1.delete_id(37)
[3278517.772] {Display Queue} wl_display#1.delete_id(38)
[3278517.783] {Default Queue} wl_callback#38.done(251136)
[3278518.041] {mesa egl surface queue} wl_callback#37.done(251125)
[3278518.050] {mesa egl surface queue} wl_buffer#36.release()
[3278518.408]  -> wl_surface#23.frame(new id wl_callback#37)
[3278518.440] {mesa egl surface queue}  -> wl_surface#23.attach(wl_buffer#36, 0, 0)
[3278518.451] {mesa egl surface queue}  -> wl_surface#23.damage_buffer(34, 107, 660, 38)
[3278518.455] {mesa egl surface queue}  -> wl_surface#23.damage_buffer(33, 154, 662, 40)
[3278519.323] {mesa egl surface queue}  -> wl_surface#23.commit()
[3278519.342] {mesa egl surface queue}  -> wl_display#1.sync(new id wl_callback#38)
[3278519.418] {Display Queue} wl_display#1.delete_id(38)
[3278528.719] {Display Queue} wl_display#1.delete_id(37)
[3278528.729] {Default Queue} wl_callback#37.done(251147)
[3278529.019] {mesa egl surface queue} wl_callback#38.done(251137)
[3278529.027] {mesa egl surface queue} wl_buffer#36.release()
[3278529.424]  -> wl_surface#23.frame(new id wl_callback#38)
[3278529.464] {mesa egl surface queue}  -> wl_surface#23.attach(wl_buffer#36, 0, 0)
[3278529.470] {mesa egl surface queue}  -> wl_surface#23.damage_buffer(34, 107, 660, 38)
[3278529.474] {mesa egl surface queue}  -> wl_surface#23.damage_buffer(33, 154, 662, 40)
[3278530.541] {mesa egl surface queue}  -> wl_surface#23.commit()
[3278530.550] {mesa egl surface queue}  -> wl_display#1.sync(new id wl_callback#37)
[3278530.625] {Display Queue} wl_display#1.delete_id(37)
[3278540.237] {Display Queue} wl_display#1.delete_id(38)
[3278540.247] {Default Queue} wl_callback#38.done(251158)
[3278540.503] {mesa egl surface queue} wl_callback#37.done(251149)
[3278540.513] {mesa egl surface queue} wl_buffer#36.release()
[3278540.863]  -> wl_surface#23.frame(new id wl_callback#37)
[3278540.883] {mesa egl surface queue}  -> wl_surface#23.attach(wl_buffer#36, 0, 0)
[3278540.888] {mesa egl surface queue}  -> wl_surface#23.damage_buffer(33, 106, 662, 40)
[3278540.893] {mesa egl surface queue}  -> wl_surface#23.damage_buffer(33, 154, 662, 40)
[3278541.900] {mesa egl surface queue}  -> wl_surface#23.commit()
[3278541.911] {mesa egl surface queue}  -> wl_display#1.sync(new id wl_callback#38)
[3278542.024] {Display Queue} wl_display#1.delete_id(38)
[3278552.977] {Display Queue} wl_display#1.delete_id(37)
[3278552.988] {Default Queue} wl_callback#37.done(251171)
[3278553.257] {mesa egl surface queue} wl_callback#38.done(251160)
[3278553.265] {mesa egl surface queue} wl_buffer#36.release()
[3278553.676]  -> wl_surface#23.frame(new id wl_callback#38)
[3278553.697] {mesa egl surface queue}  -> wl_surface#23.attach(wl_buffer#36, 0, 0)
[3278553.705] {mesa egl surface queue}  -> wl_surface#23.damage_buffer(33, 106, 662, 40)
[3278553.709] {mesa egl surface queue}  -> wl_surface#23.damage_buffer(34, 155, 660, 38)
[3278554.864] {mesa egl surface queue}  -> wl_surface#23.commit()
[3278554.878] {mesa egl surface queue}  -> wl_display#1.sync(new id wl_callback#37)
[3278554.940] {Display Queue} wl_display#1.delete_id(37)
[3278565.074] {Display Queue} wl_display#1.delete_id(38)
[3278565.084] {Default Queue} wl_callback#38.done(251183)
[3278565.366] {mesa egl surface queue} wl_callback#37.done(251173)
[3278565.375] {mesa egl surface queue} wl_buffer#36.release()
[3278565.763]  -> wl_surface#23.frame(new id wl_callback#37)
[3278565.784] {mesa egl surface queue}  -> wl_surface#23.attach(wl_buffer#36, 0, 0)
[3278565.789] {mesa egl surface queue}  -> wl_surface#23.damage_buffer(33, 106, 662, 40)
[3278565.795] {mesa egl surface queue}  -> wl_surface#23.damage_buffer(34, 155, 660, 38)
[3278566.921] {mesa egl surface queue}  -> wl_surface#23.commit()
[3278566.930] {mesa egl surface queue}  -> wl_display#1.sync(new id wl_callback#38)
[3278567.078] {Display Queue} wl_display#1.delete_id(38)
[3278578.172] {Display Queue} wl_display#1.delete_id(37)
[3278578.183] {Default Queue} wl_callback#37.done(251196)
[3278578.465] {mesa egl surface queue} wl_callback#38.done(251185)
[3278578.474] {mesa egl surface queue} wl_buffer#36.release()
[3278578.791]  -> wl_surface#23.frame(new id wl_callback#38)
[3278578.809] {mesa egl surface queue}  -> wl_surface#23.attach(wl_buffer#36, 0, 0)
[3278578.814] {mesa egl surface queue}  -> wl_surface#23.damage_buffer(33, 106, 662, 40)
[3278578.817] {mesa egl surface queue}  -> wl_surface#23.damage_buffer(34, 155, 660, 38)
[3278580.284] {mesa egl surface queue}  -> wl_surface#23.commit()
[3278580.295] {mesa egl surface queue}  -> wl_display#1.sync(new id wl_callback#37)
[3278580.378] {Display Queue} wl_display#1.delete_id(37)
[3278589.889] {Display Queue} wl_display#1.delete_id(38)
[3278589.906] {Default Queue} wl_callback#38.done(251208)
[3278589.918] {Default Queue} wl_keyboard#22.key(29, 251207, 29, 1)
[3278589.943] {Default Queue} wl_keyboard#22.modifiers(31, 4, 0, 0, 0)
[3278589.971] {Default Queue} wl_keyboard#22.key(32, 251207, 47, 1)
[3278590.053] {Default Queue}  -> wl_surface#17.attach(nil, 0, 0)
[3278590.061] {Default Queue}  -> wl_surface#17.commit()
[3278590.065] {Default Queue}  -> wl_pointer#6.set_cursor(6, wl_surface#17, 0, 0)
[3278590.316] {Default Queue}  -> wp_cursor_shape_device_v1#21.set_shape(6, 9)
[3278591.763] {mesa egl surface queue} wl_callback#37.done(251198)
[3278591.774] {mesa egl surface queue} wl_buffer#36.release()
[3278592.210]  -> wl_surface#23.frame(new id wl_callback#37)
[3278592.233] {mesa egl surface queue}  -> wl_surface#23.attach(wl_buffer#36, 0, 0)
[3278592.238] {mesa egl surface queue}  -> wl_surface#23.damage_buffer(32, 105, 664, 42)
[3278592.242] {mesa egl surface queue}  -> wl_surface#23.damage_buffer(34, 155, 660, 38)
[3278593.413] {mesa egl surface queue}  -> wl_surface#23.commit()
[3278593.428] {mesa egl surface queue}  -> wl_display#1.sync(new id wl_callback#38)
[3278593.535] {Display Queue} wl_display#1.delete_id(38)
[3278613.539] {Display Queue} wl_display#1.delete_id(37)
[3278613.552] {Default Queue} wl_callback#37.done(251232)
[3278613.856] {mesa egl surface queue} wl_callback#38.done(251212)
[3278613.864] {mesa egl surface queue} wl_buffer#36.release()
[3278614.269]  -> wl_surface#23.frame(new id wl_callback#38)
[3278614.290] {mesa egl surface queue}  -> wl_surface#23.attach(wl_buffer#36, 0, 0)
[3278614.296] {mesa egl surface queue}  -> wl_surface#23.damage_buffer(32, 105, 664, 42)
[3278614.301] {mesa egl surface queue}  -> wl_surface#23.damage_buffer(35, 156, 658, 36)
[3278615.337] {mesa egl surface queue}  -> wl_surface#23.commit()
[3278615.349] {mesa egl surface queue}  -> wl_display#1.sync(new id wl_callback#37)
[3278615.416] {Display Queue} wl_display#1.delete_id(37)
[3278626.617] {Display Queue} wl_display#1.delete_id(38)
[3278626.629] {Default Queue} wl_callback#38.done(251245)
[3278626.921] {mesa egl surface queue} wl_callback#37.done(251233)
[3278626.929] {mesa egl surface queue} wl_buffer#36.release()
[3278627.299]  -> wl_surface#23.frame(new id wl_callback#37)
[3278627.319] {mesa egl surface queue}  -> wl_surface#23.attach(wl_buffer#36, 0, 0)
[3278627.324] {mesa egl surface queue}  -> wl_surface#23.damage_buffer(32, 105, 664, 42)
[3278627.328] {mesa egl surface queue}  -> wl_surface#23.damage_buffer(35, 156, 658, 36)
[3278628.328] {mesa egl surface queue}  -> wl_surface#23.commit()
[3278628.342] {mesa egl surface queue}  -> wl_display#1.sync(new id wl_callback#38)
[3278628.421] {Display Queue} wl_display#1.delete_id(38)
[3278639.221] {Display Queue} wl_display#1.delete_id(37)
[3278639.232] {Default Queue} wl_callback#37.done(251257)
[3278639.494] {mesa egl surface queue} wl_callback#38.done(251246)
[3278639.501] {mesa egl surface queue} wl_buffer#36.release()
[3278639.848]  -> wl_surface#23.frame(new id wl_callback#38)
[3278641.204] {mesa egl surface queue}  -> wl_surface#23.attach(wl_buffer#36, 0, 0)
[3278641.215] {mesa egl surface queue}  -> wl_surface#23.damage_buffer(32, 105, 664, 42)
[3278641.220] {mesa egl surface queue}  -> wl_surface#23.damage_buffer(35, 156, 658, 36)
[3278641.643] {mesa egl surface queue}  -> wl_surface#23.commit()
[3278641.652] {mesa egl surface queue}  -> wl_display#1.sync(new id wl_callback#37)
[3278641.756] {Display Queue} wl_display#1.delete_id(37)
[3278650.701] {Display Queue} wl_display#1.delete_id(38)
[3278650.713] {Default Queue} wl_callback#38.done(251269)
[3278650.725] {Default Queue} wl_keyboard#22.key(33, 251266, 47, 0)
[3278650.749] {Default Queue} wl_keyboard#22.key(34, 251266, 29, 0)
[3278650.756] {Default Queue} wl_keyboard#22.modifiers(36, 0, 0, 0, 0)
[3278651.131] {mesa egl surface queue} wl_callback#37.done(251260)
[3278651.138] {mesa egl surface queue} wl_buffer#36.release()
[3278652.318]  -> wl_surface#23.frame(new id wl_callback#37)
[3278652.340] {mesa egl surface queue}  -> wl_surface#23.attach(wl_buffer#36, 0, 0)
[3278652.354] {mesa egl surface queue}  -> wl_surface#23.damage_buffer(32, 105, 664, 42)
[3278652.359] {mesa egl surface queue}  -> wl_surface#23.damage_buffer(35, 156, 658, 36)
[3278652.742] {mesa egl surface queue}  -> wl_surface#23.commit()
[3278652.750] {mesa egl surface queue}  -> wl_display#1.sync(new id wl_callback#38)
[3278652.813] {Display Queue} wl_display#1.delete_id(38)
[3278664.454] {Display Queue} wl_display#1.delete_id(37)
[3278664.466] {Default Queue} wl_callback#37.done(251282)
[3278664.753] {mesa egl surface queue} wl_callback#38.done(251271)
[3278664.761] {mesa egl surface queue} wl_buffer#36.release()
[3278665.921]  -> wl_surface#23.frame(new id wl_callback#38)
[3278665.946] {mesa egl surface queue}  -> wl_surface#23.attach(wl_buffer#36, 0, 0)
[3278665.951] {mesa egl surface queue}  -> wl_surface#23.damage_buffer(32, 105, 664, 42)
[3278665.959] {mesa egl surface queue}  -> wl_surface#23.damage_buffer(35, 156, 658, 36)
[3278666.382] {mesa egl surface queue}  -> wl_surface#23.commit()
[3278666.390] {mesa egl surface queue}  -> wl_display#1.sync(new id wl_callback#37)
[3278666.471] {Display Queue} wl_display#1.delete_id(37)
[3278677.043] {Display Queue} wl_display#1.delete_id(38)
[3278677.055] {Default Queue} wl_callback#38.done(251295)
[3278677.373] {mesa egl surface queue} wl_callback#37.done(251285)
[3278677.381] {mesa egl surface queue} wl_buffer#36.release()
[3278677.898]  -> wl_surface#23.frame(new id wl_callback#37)
[3278677.924] {mesa egl surface queue}  -> wl_surface#23.attach(wl_buffer#36, 0, 0)
[3278677.929] {mesa egl surface queue}  -> wl_surface#23.damage_buffer(32, 105, 664, 42)
[3278677.934] {mesa egl surface queue}  -> wl_surface#23.damage_buffer(35, 156, 658, 36)
[3278678.970] {mesa egl surface queue}  -> wl_surface#23.commit()
[3278678.982] {mesa egl surface queue}  -> wl_display#1.sync(new id wl_callback#38)
[3278679.066] {Display Queue} wl_display#1.delete_id(38)
[3278690.634] {Display Queue} wl_display#1.delete_id(37)
[3278690.644] {Default Queue} wl_callback#37.done(251309)
[3278690.914] {mesa egl surface queue} wl_callback#38.done(251297)
[3278690.923] {mesa egl surface queue} wl_buffer#36.release()
[3278691.266]  -> wl_surface#23.frame(new id wl_callback#38)
[3278691.286] {mesa egl surface queue}  -> wl_surface#23.attach(wl_buffer#36, 0, 0)
[3278691.291] {mesa egl surface queue}  -> wl_surface#23.damage_buffer(32, 105, 664, 42)
[3278691.295] {mesa egl surface queue}  -> wl_surface#23.damage_buffer(35, 156, 658, 36)
[3278692.474] {mesa egl surface queue}  -> wl_surface#23.commit()
[3278692.487] {mesa egl surface queue}  -> wl_display#1.sync(new id wl_callback#37)
[3278692.553] {Display Queue} wl_display#1.delete_id(37)
[3278703.004] {Display Queue} wl_display#1.delete_id(38)
[3278703.019] {Default Queue} wl_callback#38.done(251321)
[3278703.378] {mesa egl surface queue} wl_callback#37.done(251311)
[3278703.389] {mesa egl surface queue} wl_buffer#36.release()
[3278703.827]  -> wl_surface#23.frame(new id wl_callback#37)
[3278703.848] {mesa egl surface queue}  -> wl_surface#23.attach(wl_buffer#36, 0, 0)
[3278703.855] {mesa egl surface queue}  -> wl_surface#23.damage_buffer(32, 105, 664, 42)
[3278703.862] {mesa egl surface queue}  -> wl_surface#23.damage_buffer(35, 156, 658, 36)
[3278705.060] {mesa egl surface queue}  -> wl_surface#23.commit()
[3278705.073] {mesa egl surface queue}  -> wl_display#1.sync(new id wl_callback#38)
[3278705.172] {Display Queue} wl_display#1.delete_id(38)
[3278718.012] {Display Queue} wl_display#1.delete_id(37)
[3278718.041] {Default Queue} wl_callback#37.done(251336)
[3278718.583] {mesa egl surface queue} wl_callback#38.done(251323)
[3278718.605] {mesa egl surface queue} wl_buffer#36.release()
[3278720.045]  -> wl_surface#23.frame(new id wl_callback#38)
[3278720.091] {mesa egl surface queue}  -> wl_surface#23.attach(wl_buffer#36, 0, 0)
[3278720.104] {mesa egl surface queue}  -> wl_surface#23.damage_buffer(32, 105, 664, 42)
[3278720.115] {mesa egl surface queue}  -> wl_surface#23.damage_buffer(35, 156, 658, 36)
[3278720.570] {mesa egl surface queue}  -> wl_surface#23.commit()
[3278720.585] {mesa egl surface queue}  -> wl_display#1.sync(new id wl_callback#37)
[3278720.653] {Display Queue} wl_display#1.delete_id(37)
[3278733.176] {Display Queue} wl_display#1.delete_id(38)
[3278733.189] {Default Queue} wl_callback#38.done(251351)
[3278733.563] {mesa egl surface queue} wl_callback#37.done(251339)
[3278733.576] {mesa egl surface queue} wl_buffer#36.release()
[3278733.950]  -> wl_surface#23.frame(new id wl_callback#37)
[3278733.973] {mesa egl surface queue}  -> wl_surface#23.attach(wl_buffer#36, 0, 0)
[3278733.979] {mesa egl surface queue}  -> wl_surface#23.damage_buffer(32, 105, 664, 42)
[3278733.983] {mesa egl surface queue}  -> wl_surface#23.damage_buffer(35, 156, 658, 36)
[3278735.309] {mesa egl surface queue}  -> wl_surface#23.commit()
[3278735.330] {mesa egl surface queue}  -> wl_display#1.sync(new id wl_callback#38)
[3278735.770] {Display Queue} wl_display#1.delete_id(38)
[3278747.784] {Default Queue} wl_callback#37.done(251366)
[3278748.068] {mesa egl surface queue} wl_callback#38.done(251353)
[3278748.079] {mesa egl surface queue} wl_buffer#36.release()
[3278748.366]  -> wl_surface#23.frame(new id wl_callback#38)
[3278748.388] {mesa egl surface queue}  -> wl_surface#23.attach(wl_buffer#36, 0, 0)
[3278748.394] {mesa egl surface queue}  -> wl_surface#23.damage_buffer(35, 156, 658, 36)
[3278749.536] {mesa egl surface queue}  -> wl_surface#23.commit()
[3278749.545] {mesa egl surface queue}  -> wl_display#1.sync(new id wl_callback#35)
[3278749.612] {Display Queue} wl_display#1.delete_id(37)
[3278749.859] {Display Queue} wl_display#1.delete_id(35)
[3278762.659] {Display Queue} wl_display#1.delete_id(38)
[3278762.669] {Default Queue} wl_callback#38.done(251381)
[3279500.125] {mesa egl surface queue} wl_callback#35.done(251368)
[3279500.163] {mesa egl surface queue} wl_buffer#36.release()
[3279500.551]  -> wl_surface#23.frame(new id wl_callback#35)
[3279500.613] {mesa egl surface queue}  -> wl_surface#23.attach(wl_buffer#36, 0, 0)
[3279500.638] {mesa egl surface queue}  -> wl_surface#23.damage_buffer(209, 166, 1, 16)
[3279501.351] {mesa egl surface queue}  -> wl_surface#23.commit()
[3279501.377] {mesa egl surface queue}  -> wl_display#1.sync(new id wl_callback#38)
[3279501.646] {Display Queue} wl_display#1.delete_id(38)
[3279520.209] {Display Queue} wl_display#1.delete_id(35)
[3279520.243] {Default Queue} wl_callback#35.done(252138)
[3279520.543] {mesa egl surface queue} wl_callback#38.done(252120)
[3279520.556] {mesa egl surface queue} wl_buffer#36.release()
[3279520.841]  -> wl_surface#23.frame(new id wl_callback#38)
[3279520.882] {mesa egl surface queue}  -> wl_surface#23.attach(wl_buffer#36, 0, 0)
[3279520.898] {mesa egl surface queue}  -> wl_surface#23.damage_buffer(209, 166, 1, 16)
[3279521.508] {mesa egl surface queue}  -> wl_surface#23.commit()
[3279521.527] {mesa egl surface queue}  -> wl_display#1.sync(new id wl_callback#35)
[3279521.692] {Display Queue} wl_display#1.delete_id(35)
[3279537.966] {Display Queue} wl_display#1.delete_id(38)
[3279537.995] {Default Queue} wl_callback#38.done(252156)
[3279538.319] {mesa egl surface queue} wl_callback#35.done(252140)
[3279538.330] {mesa egl surface queue} wl_buffer#36.release()
[3279538.585]  -> wl_surface#23.frame(new id wl_callback#35)
[3279538.607] {mesa egl surface queue}  -> wl_surface#23.attach(wl_buffer#36, 0, 0)
[3279538.614] {mesa egl surface queue}  -> wl_surface#23.damage_buffer(209, 166, 1, 16)
[3279539.170] {mesa egl surface queue}  -> wl_surface#23.commit()
[3279539.181] {mesa egl surface queue}  -> wl_display#1.sync(new id wl_callback#38)
[3279539.305] {Display Queue} wl_display#1.delete_id(38)
[3279553.031] {Display Queue} wl_display#1.delete_id(35)
[3279553.060] {Default Queue} wl_callback#35.done(252171)
[3279553.338] {mesa egl surface queue} wl_callback#38.done(252157)
[3279553.358] {mesa egl surface queue} wl_buffer#36.release()
[3279553.598]  -> wl_surface#23.frame(new id wl_callback#38)
[3279553.619] {mesa egl surface queue}  -> wl_surface#23.attach(wl_buffer#36, 0, 0)
[3279553.635] {mesa egl surface queue}  -> wl_surface#23.damage_buffer(209, 166, 1, 16)
[3279554.044] {mesa egl surface queue}  -> wl_surface#23.commit()
[3279554.054] {mesa egl surface queue}  -> wl_display#1.sync(new id wl_callback#35)
[3279554.190] {Display Queue} wl_display#1.delete_id(35)
[3279568.719] {Display Queue} wl_display#1.delete_id(38)
[3279568.748] {Default Queue} wl_callback#38.done(252187)
[3279569.068] {mesa egl surface queue} wl_callback#35.done(252172)
[3279569.088] {mesa egl surface queue} wl_buffer#36.release()
[3279569.429]  -> wl_surface#23.frame(new id wl_callback#35)
[3279569.473] {mesa egl surface queue}  -> wl_surface#23.attach(wl_buffer#36, 0, 0)
[3279569.482] {mesa egl surface queue}  -> wl_surface#23.damage_buffer(209, 166, 1, 16)
[3279569.861] {mesa egl surface queue}  -> wl_surface#23.commit()
[3279569.873] {mesa egl surface queue}  -> wl_display#1.sync(new id wl_callback#38)
[3279569.978] {Display Queue} wl_display#1.delete_id(38)
[3279585.171] {Display Queue} wl_display#1.delete_id(35)
[3279585.200] {Default Queue} wl_callback#35.done(252203)
[3279585.532] {mesa egl surface queue} wl_callback#38.done(252188)
[3279585.545] {mesa egl surface queue} wl_buffer#36.release()
[3279585.762]  -> wl_surface#23.frame(new id wl_callback#38)
[3279585.783] {mesa egl surface queue}  -> wl_surface#23.attach(wl_buffer#36, 0, 0)
[3279585.790] {mesa egl surface queue}  -> wl_surface#23.damage_buffer(209, 166, 1, 16)
[3279586.180] {mesa egl surface queue}  -> wl_surface#23.commit()
[3279586.191] {mesa egl surface queue}  -> wl_display#1.sync(new id wl_callback#35)
[3279586.295] {Display Queue} wl_display#1.delete_id(35)
[3279600.469] {Display Queue} wl_display#1.delete_id(38)
[3279600.499] {Default Queue} wl_callback#38.done(252218)
[3279600.692] {mesa egl surface queue} wl_callback#35.done(252204)
[3279600.702] {mesa egl surface queue} wl_buffer#36.release()
[3279600.907]  -> wl_surface#23.frame(new id wl_callback#35)
[3279600.925] {mesa egl surface queue}  -> wl_surface#23.attach(wl_buffer#36, 0, 0)
[3279600.931] {mesa egl surface queue}  -> wl_surface#23.damage_buffer(209, 166, 1, 16)
[3279601.370] {mesa egl surface queue}  -> wl_surface#23.commit()
[3279601.380] {mesa egl surface queue}  -> wl_display#1.sync(new id wl_callback#38)
[3279601.470] {Display Queue} wl_display#1.delete_id(38)
[3279616.830] {Display Queue} wl_display#1.delete_id(35)
[3279616.858] {Default Queue} wl_callback#35.done(252235)
[3279617.162] {mesa egl surface queue} wl_callback#38.done(252219)
[3279617.180] {mesa egl surface queue} wl_buffer#36.release()
[3279617.577]  -> wl_surface#23.frame(new id wl_callback#38)
[3279617.618] {mesa egl surface queue}  -> wl_surface#23.attach(wl_buffer#36, 0, 0)
[3279617.631] {mesa egl surface queue}  -> wl_surface#23.damage_buffer(209, 166, 1, 16)
[3279618.170] {mesa egl surface queue}  -> wl_surface#23.commit()
[3279618.189] {mesa egl surface queue}  -> wl_display#1.sync(new id wl_callback#35)
[3279618.319] {Display Queue} wl_display#1.delete_id(35)
[3279634.310] {Display Queue} wl_display#1.delete_id(38)
[3279634.329] {Default Queue} wl_callback#38.done(252252)
[3279634.546] {mesa egl surface queue} wl_callback#35.done(252236)
[3279634.561] {mesa egl surface queue} wl_buffer#36.release()
[3279634.828]  -> wl_surface#23.frame(new id wl_callback#35)
[3279634.855] {mesa egl surface queue}  -> wl_surface#23.attach(wl_buffer#36, 0, 0)
[3279634.863] {mesa egl surface queue}  -> wl_surface#23.damage_buffer(209, 166, 1, 16)
[3279635.312] {mesa egl surface queue}  -> wl_surface#23.commit()
[3279635.326] {mesa egl surface queue}  -> wl_display#1.sync(new id wl_callback#38)
[3279635.451] {Display Queue} wl_display#1.delete_id(38)
[3279651.288] {Display Queue} wl_display#1.delete_id(35)
[3279651.317] {Default Queue} wl_callback#35.done(252269)
[3279651.627] {mesa egl surface queue} wl_callback#38.done(252253)
[3279651.647] {mesa egl surface queue} wl_buffer#36.release()
[3279651.894]  -> wl_surface#23.frame(new id wl_callback#38)
[3279651.916] {mesa egl surface queue}  -> wl_surface#23.attach(wl_buffer#36, 0, 0)
[3279651.935] {mesa egl surface queue}  -> wl_surface#23.damage_buffer(209, 166, 1, 16)
[3279652.345] {mesa egl surface queue}  -> wl_surface#23.commit()
[3279652.357] {mesa egl surface queue}  -> wl_display#1.sync(new id wl_callback#35)
[3279652.461] {Display Queue} wl_display#1.delete_id(35)
[3279664.532] {Display Queue} wl_display#1.delete_id(38)
[3279664.561] {Default Queue} wl_callback#38.done(252282)
[3279664.859] {mesa egl surface queue} wl_callback#35.done(252270)
[3279664.880] {mesa egl surface queue} wl_buffer#36.release()
[3279665.228]  -> wl_surface#23.frame(new id wl_callback#35)
[3279665.267] {mesa egl surface queue}  -> wl_surface#23.attach(wl_buffer#36, 0, 0)
[3279665.281] {mesa egl surface queue}  -> wl_surface#23.damage_buffer(209, 166, 1, 16)
[3279665.841] {mesa egl surface queue}  -> wl_surface#23.commit()
[3279665.852] {mesa egl surface queue}  -> wl_display#1.sync(new id wl_callback#38)
[3279665.946] {Display Queue} wl_display#1.delete_id(38)
[3279680.034] {Display Queue} wl_display#1.delete_id(35)
[3279680.062] {Default Queue} wl_callback#35.done(252298)
[3279680.362] {mesa egl surface queue} wl_callback#38.done(252284)
[3279680.382] {mesa egl surface queue} wl_buffer#36.release()
[3279680.703]  -> wl_surface#23.frame(new id wl_callback#38)
[3279680.720] {mesa egl surface queue}  -> wl_surface#23.attach(wl_buffer#36, 0, 0)
[3279680.726] {mesa egl surface queue}  -> wl_surface#23.damage_buffer(209, 166, 1, 16)
[3279681.133] {mesa egl surface queue}  -> wl_surface#23.commit()
[3279681.144] {mesa egl surface queue}  -> wl_display#1.sync(new id wl_callback#35)
[3279681.235] {Display Queue} wl_display#1.delete_id(35)
[3279696.572] {Display Queue} wl_display#1.delete_id(38)
[3279696.590] {Default Queue} wl_callback#38.done(252314)
[3279696.798] {mesa egl surface queue} wl_callback#35.done(252299)
[3279696.810] {mesa egl surface queue} wl_buffer#36.release()
[3279697.050]  -> wl_surface#23.frame(new id wl_callback#35)
[3279697.075] {mesa egl surface queue}  -> wl_surface#23.attach(wl_buffer#36, 0, 0)
[3279697.083] {mesa egl surface queue}  -> wl_surface#23.damage_buffer(209, 166, 1, 16)
[3279697.499] {mesa egl surface queue}  -> wl_surface#23.commit()
[3279697.512] {mesa egl surface queue}  -> wl_display#1.sync(new id wl_callback#38)
[3279697.618] {Display Queue} wl_display#1.delete_id(38)
[3279714.048] {Display Queue} wl_display#1.delete_id(35)
[3279714.077] {Default Queue} wl_callback#35.done(252332)
[3279714.369] {mesa egl surface queue} wl_callback#38.done(252316)
[3279714.387] {mesa egl surface queue} wl_buffer#36.release()
[3279714.764]  -> wl_surface#23.frame(new id wl_callback#38)
[3279714.805] {mesa egl surface queue}  -> wl_surface#23.attach(wl_buffer#36, 0, 0)
[3279714.817] {mesa egl surface queue}  -> wl_surface#23.damage_buffer(209, 166, 1, 16)
[3279715.206] {mesa egl surface queue}  -> wl_surface#23.commit()
[3279715.221] {mesa egl surface queue}  -> wl_display#1.sync(new id wl_callback#35)
[3279715.349] {Display Queue} wl_display#1.delete_id(35)
[3279731.300] {Display Queue} wl_display#1.delete_id(38)
[3279731.328] {Default Queue} wl_callback#38.done(252349)
[3279731.582] {mesa egl surface queue} wl_callback#35.done(252333)
[3279731.598] {mesa egl surface queue} wl_buffer#36.release()
[3279731.865]  -> wl_surface#23.frame(new id wl_callback#35)
[3279731.894] {mesa egl surface queue}  -> wl_surface#23.attach(wl_buffer#36, 0, 0)
[3279731.904] {mesa egl surface queue}  -> wl_surface#23.damage_buffer(209, 166, 1, 16)
[3279732.351] {mesa egl surface queue}  -> wl_surface#23.commit()
[3279732.366] {mesa egl surface queue}  -> wl_display#1.sync(new id wl_callback#38)
[3279732.470] {Display Queue} wl_display#1.delete_id(38)
[3279746.394] {Display Queue} wl_display#1.delete_id(35)
[3279746.422] {Default Queue} wl_callback#35.done(252364)
[3279746.710] {mesa egl surface queue} wl_callback#38.done(252350)
[3279746.728] {mesa egl surface queue} wl_buffer#36.release()
[3279747.079]  -> wl_surface#23.frame(new id wl_callback#38)
[3279747.112] {mesa egl surface queue}  -> wl_surface#23.attach(wl_buffer#36, 0, 0)
[3279747.139] {mesa egl surface queue}  -> wl_surface#23.damage_buffer(209, 166, 1, 16)
[3279747.561] {mesa egl surface queue}  -> wl_surface#23.commit()
[3279747.577] {mesa egl surface queue}  -> wl_display#1.sync(new id wl_callback#35)
[3279747.688] {Display Queue} wl_display#1.delete_id(35)
[3279761.637] {Display Queue} wl_display#1.delete_id(38)
[3279761.658] {Default Queue} wl_callback#38.done(252380)
[3279761.882] {mesa egl surface queue} wl_callback#35.done(252366)
[3279761.897] {mesa egl surface queue} wl_buffer#36.release()
[3279762.141]  -> wl_surface#23.frame(new id wl_callback#35)
[3279762.166] {mesa egl surface queue}  -> wl_surface#23.attach(wl_buffer#36, 0, 0)
[3279762.175] {mesa egl surface queue}  -> wl_surface#23.damage_buffer(209, 166, 1, 16)
[3279762.517] {mesa egl surface queue}  -> wl_surface#23.commit()
[3279762.529] {mesa egl surface queue}  -> wl_display#1.sync(new id wl_callback#38)
[3279762.661] {Display Queue} wl_display#1.delete_id(38)
[3279774.013] {Display Queue} wl_display#1.delete_id(35)
[3279774.035] {Default Queue} wl_callback#35.done(252392)
[3279774.256] {mesa egl surface queue} wl_callback#38.done(252381)
[3279774.270] {mesa egl surface queue} wl_buffer#36.release()
[3279774.517]  -> wl_surface#23.frame(new id wl_callback#38)
[3279774.543] {mesa egl surface queue}  -> wl_surface#23.attach(wl_buffer#36, 0, 0)
[3279774.552] {mesa egl surface queue}  -> wl_surface#23.damage_buffer(209, 166, 1, 16)
[3279774.915] {mesa egl surface queue}  -> wl_surface#23.commit()
[3279774.928] {mesa egl surface queue}  -> wl_display#1.sync(new id wl_callback#35)
[3279775.024] {Display Queue} wl_display#1.delete_id(35)
[3279789.595] {Display Queue} wl_display#1.delete_id(38)
[3279789.622] {Default Queue} wl_callback#38.done(252408)
[3279789.920] {mesa egl surface queue} wl_callback#35.done(252393)
[3279789.940] {mesa egl surface queue} wl_buffer#36.release()
[3279790.256]  -> wl_surface#23.frame(new id wl_callback#35)
[3279790.292] {mesa egl surface queue}  -> wl_surface#23.attach(wl_buffer#36, 0, 0)
[3279790.305] {mesa egl surface queue}  -> wl_surface#23.damage_buffer(209, 166, 1, 16)
[3279790.750] {mesa egl surface queue}  -> wl_surface#23.commit()
[3279790.777] {mesa egl surface queue}  -> wl_display#1.sync(new id wl_callback#38)
[3279790.914] {Display Queue} wl_display#1.delete_id(38)
[3279807.456] {Display Queue} wl_display#1.delete_id(35)
[3279807.483] {Default Queue} wl_callback#35.done(252425)
[3279807.777] {mesa egl surface queue} wl_callback#38.done(252409)
[3279807.794] {mesa egl surface queue} wl_buffer#36.release()
[3279808.094]  -> wl_surface#23.frame(new id wl_callback#38)
[3279808.126] {mesa egl surface queue}  -> wl_surface#23.attach(wl_buffer#36, 0, 0)
[3279808.136] {mesa egl surface queue}  -> wl_surface#23.damage_buffer(209, 166, 1, 16)
[3279808.624] {mesa egl surface queue}  -> wl_surface#23.commit()
[3279808.639] {mesa egl surface queue}  -> wl_display#1.sync(new id wl_callback#35)
[3279808.754] {Display Queue} wl_display#1.delete_id(35)
[3279823.296] {Display Queue} wl_display#1.delete_id(38)
[3279823.312] {Default Queue} wl_callback#38.done(252441)
[3280093.086] {mesa egl surface queue} wl_callback#35.done(252427)
[3280093.128] {mesa egl surface queue} wl_buffer#36.release()
[3280093.604]  -> wl_surface#23.frame(new id wl_callback#35)
[3280093.653] {mesa egl surface queue}  -> wl_surface#23.attach(wl_buffer#36, 0, 0)
[3280093.667] {mesa egl surface queue}  -> wl_surface#23.damage_buffer(209, 166, 1, 16)
[3280094.375] {mesa egl surface queue}  -> wl_surface#23.commit()
[3280094.395] {mesa egl surface queue}  -> wl_display#1.sync(new id wl_callback#38)
[3280094.591] {Display Queue} wl_display#1.delete_id(38)
[3280280.127] {Display Queue} wl_display#1.delete_id(35)
[3280280.164] {Default Queue} wl_callback#35.done(252898)
[3280280.571] {mesa egl surface queue} wl_callback#38.done(252713)
[3280280.593] {mesa egl surface queue} wl_buffer#36.release()
[3280280.989]  -> wl_surface#23.frame(new id wl_callback#38)
[3280281.049] {mesa egl surface queue}  -> wl_surface#23.attach(wl_buffer#36, 0, 0)
[3280281.094] {mesa egl surface queue}  -> wl_surface#23.damage_buffer(209, 166, 1, 16)
[3280281.867] {mesa egl surface queue}  -> wl_surface#23.commit()
[3280281.894] {mesa egl surface queue}  -> wl_display#1.sync(new id wl_callback#35)
[3280282.077] {Display Queue} wl_display#1.delete_id(35)
[3280300.817] {Display Queue} wl_display#1.delete_id(38)
[3280300.844] {Default Queue} wl_callback#38.done(252919)
[3280301.266] {mesa egl surface queue} wl_callback#35.done(252900)
[3280301.287] {mesa egl surface queue} wl_buffer#36.release()
[3280301.726]  -> wl_surface#23.frame(new id wl_callback#35)
[3280301.766] {mesa egl surface queue}  -> wl_surface#23.attach(wl_buffer#36, 0, 0)
[3280301.781] {mesa egl surface queue}  -> wl_surface#23.damage_buffer(209, 166, 1, 16)
[3280302.320] {mesa egl surface queue}  -> wl_surface#23.commit()
[3280302.335] {mesa egl surface queue}  -> wl_display#1.sync(new id wl_callback#38)
[3280302.461] {Display Queue} wl_display#1.delete_id(38)
[3280318.283] {Display Queue} wl_display#1.delete_id(35)
[3280318.298] {Default Queue} wl_callback#35.done(252936)
[3280318.527] {mesa egl surface queue} wl_callback#38.done(252920)
[3280318.538] {mesa egl surface queue} wl_buffer#36.release()
[3280318.797]  -> wl_surface#23.frame(new id wl_callback#38)
[3280318.819] {mesa egl surface queue}  -> wl_surface#23.attach(wl_buffer#36, 0, 0)
[3280318.825] {mesa egl surface queue}  -> wl_surface#23.damage_buffer(209, 166, 1, 16)
[3280319.323] {mesa egl surface queue}  -> wl_surface#23.commit()
[3280319.347] {mesa egl surface queue}  -> wl_display#1.sync(new id wl_callback#35)
[3280319.449] {Display Queue} wl_display#1.delete_id(35)
[3280331.457] {Display Queue} wl_display#1.delete_id(38)
[3280331.473] {Default Queue} wl_callback#38.done(252949)
[3280331.706] {mesa egl surface queue} wl_callback#35.done(252937)
[3280331.718] {mesa egl surface queue} wl_buffer#36.release()
[3280331.985]  -> wl_surface#23.frame(new id wl_callback#35)
[3280332.012] {mesa egl surface queue}  -> wl_surface#23.attach(wl_buffer#36, 0, 0)
[3280332.019] {mesa egl surface queue}  -> wl_surface#23.damage_buffer(209, 166, 1, 16)
[3280332.530] {mesa egl surface queue}  -> wl_surface#23.commit()
[3280332.541] {mesa egl surface queue}  -> wl_display#1.sync(new id wl_callback#38)
[3280332.625] {Display Queue} wl_display#1.delete_id(38)
[3280346.251] {Display Queue} wl_display#1.delete_id(35)
[3280346.270] {Default Queue} wl_callback#35.done(252964)
[3280346.537] {mesa egl surface queue} wl_callback#38.done(252951)
[3280346.551] {mesa egl surface queue} wl_buffer#36.release()
[3280346.846]  -> wl_surface#23.frame(new id wl_callback#38)
[3280346.892] {mesa egl surface queue}  -> wl_surface#23.attach(wl_buffer#36, 0, 0)
[3280346.905] {mesa egl surface queue}  -> wl_surface#23.damage_buffer(209, 166, 1, 16)
[3280347.311] {mesa egl surface queue}  -> wl_surface#23.commit()
[3280347.326] {mesa egl surface queue}  -> wl_display#1.sync(new id wl_callback#35)
[3280347.425] {Display Queue} wl_display#1.delete_id(35)
[3280359.405] {Display Queue} wl_display#1.delete_id(38)
[3280359.419] {Default Queue} wl_callback#38.done(252977)
[3280359.623] {mesa egl surface queue} wl_callback#35.done(252965)
[3280359.634] {mesa egl surface queue} wl_buffer#36.release()
[3280359.837]  -> wl_surface#23.frame(new id wl_callback#35)
[3280359.860] {mesa egl surface queue}  -> wl_surface#23.attach(wl_buffer#36, 0, 0)
[3280359.872] {mesa egl surface queue}  -> wl_surface#23.damage_buffer(209, 166, 1, 16)
[3280360.288] {mesa egl surface queue}  -> wl_surface#23.commit()
[3280360.301] {mesa egl surface queue}  -> wl_display#1.sync(new id wl_callback#38)
[3280360.376] {Display Queue} wl_display#1.delete_id(38)
[3280371.977] {Display Queue} wl_display#1.delete_id(35)
[3280371.993] {Default Queue} wl_callback#35.done(252990)
[3280372.212] {mesa egl surface queue} wl_callback#38.done(252978)
[3280372.222] {mesa egl surface queue} wl_buffer#36.release()
[3280372.446]  -> wl_surface#23.frame(new id wl_callback#38)
[3280372.468] {mesa egl surface queue}  -> wl_surface#23.attach(wl_buffer#36, 0, 0)
[3280372.488] {mesa egl surface queue}  -> wl_surface#23.damage_buffer(209, 166, 1, 16)
[3280372.915] {mesa egl surface queue}  -> wl_surface#23.commit()
[3280372.931] {mesa egl surface queue}  -> wl_display#1.sync(new id wl_callback#35)
[3280373.021] {Display Queue} wl_display#1.delete_id(35)
[3280386.191] {Display Queue} wl_display#1.delete_id(38)
[3280386.209] {Default Queue} wl_callback#38.done(253004)
[3280386.437] {mesa egl surface queue} wl_callback#35.done(252991)
[3280386.449] {mesa egl surface queue} wl_buffer#36.release()
[3280386.680]  -> wl_surface#23.frame(new id wl_callback#35)
[3280386.702] {mesa egl surface queue}  -> wl_surface#23.attach(wl_buffer#36, 0, 0)
[3280386.709] {mesa egl surface queue}  -> wl_surface#23.damage_buffer(209, 166, 1, 16)
[3280387.145] {mesa egl surface queue}  -> wl_surface#23.commit()
[3280387.158] {mesa egl surface queue}  -> wl_display#1.sync(new id wl_callback#38)
[3280387.244] {Display Queue} wl_display#1.delete_id(38)
[3280398.734] {Display Queue} wl_display#1.delete_id(35)
[3280398.757] {Default Queue} wl_callback#35.done(253017)
[3280399.092] {mesa egl surface queue} wl_callback#38.done(253005)
[3280399.112] {mesa egl surface queue} wl_buffer#36.release()
[3280399.415]  -> wl_surface#23.frame(new id wl_callback#38)
[3280399.434] {mesa egl surface queue}  -> wl_surface#23.attach(wl_buffer#36, 0, 0)
[3280399.439] {mesa egl surface queue}  -> wl_surface#23.damage_buffer(209, 166, 1, 16)
[3280399.848] {mesa egl surface queue}  -> wl_surface#23.commit()
[3280399.857] {mesa egl surface queue}  -> wl_display#1.sync(new id wl_callback#35)
[3280399.938] {Display Queue} wl_display#1.delete_id(35)
[3280632.325] {Display Queue} wl_display#1.delete_id(38)
[3280632.358] {Default Queue} wl_callback#38.done(253250)
[3280702.741] {mesa egl surface queue} wl_callback#35.done(253018)
[3280702.776] {mesa egl surface queue} wl_buffer#36.release()
[3280703.177]  -> wl_surface#23.frame(new id wl_callback#35)
[3280703.220] {mesa egl surface queue}  -> wl_surface#23.attach(wl_buffer#36, 0, 0)
[3280703.235] {mesa egl surface queue}  -> wl_surface#23.damage_buffer(209, 166, 1, 16)
[3280703.914] {mesa egl surface queue}  -> wl_surface#23.commit()
[3280703.939] {mesa egl surface queue}  -> wl_display#1.sync(new id wl_callback#38)
[3280704.099] {Display Queue} wl_display#1.delete_id(38)
[3280721.907] {Display Queue} wl_display#1.delete_id(35)
[3280721.938] {Default Queue} wl_callback#35.done(253340)
[3280722.282] {mesa egl surface queue} wl_callback#38.done(253322)
[3280722.302] {mesa egl surface queue} wl_buffer#36.release()
[3280722.722]  -> wl_surface#23.frame(new id wl_callback#38)
[3280722.766] {mesa egl surface queue}  -> wl_surface#23.attach(wl_buffer#36, 0, 0)
[3280722.779] {mesa egl surface queue}  -> wl_surface#23.damage_buffer(209, 166, 1, 16)
[3280723.397] {mesa egl surface queue}  -> wl_surface#23.commit()
[3280723.413] {mesa egl surface queue}  -> wl_display#1.sync(new id wl_callback#35)
[3280723.527] {Display Queue} wl_display#1.delete_id(35)
[3280741.585] {Display Queue} wl_display#1.delete_id(38)
[3280741.613] {Default Queue} wl_callback#38.done(253360)
[3280741.936] {mesa egl surface queue} wl_callback#35.done(253342)
[3280741.954] {mesa egl surface queue} wl_buffer#36.release()
[3280742.325]  -> wl_surface#23.frame(new id wl_callback#35)
[3280742.370] {mesa egl surface queue}  -> wl_surface#23.attach(wl_buffer#36, 0, 0)
[3280742.395] {mesa egl surface queue}  -> wl_surface#23.damage_buffer(209, 166, 1, 16)
[3280743.008] {mesa egl surface queue}  -> wl_surface#23.commit()
[3280743.027] {mesa egl surface queue}  -> wl_display#1.sync(new id wl_callback#38)
[3280743.163] {Display Queue} wl_display#1.delete_id(38)
[3280760.306] {Display Queue} wl_display#1.delete_id(35)
[3280760.334] {Default Queue} wl_callback#35.done(253378)
[3280760.669] {mesa egl surface queue} wl_callback#38.done(253361)
[3280760.690] {mesa egl surface queue} wl_buffer#36.release()
[3280761.013]  -> wl_surface#23.frame(new id wl_callback#38)
[3280761.051] {mesa egl surface queue}  -> wl_surface#23.attach(wl_buffer#36, 0, 0)
[3280761.084] {mesa egl surface queue}  -> wl_surface#23.damage_buffer(209, 166, 1, 16)
[3280761.680] {mesa egl surface queue}  -> wl_surface#23.commit()
[3280761.706] {mesa egl surface queue}  -> wl_display#1.sync(new id wl_callback#35)
[3280761.855] {Display Queue} wl_display#1.delete_id(35)
[3280777.979] {Display Queue} wl_display#1.delete_id(38)
[3280778.000] {Default Queue} wl_callback#38.done(253396)
[3280778.244] {mesa egl surface queue} wl_callback#35.done(253380)
[3280778.259] {mesa egl surface queue} wl_buffer#36.release()
[3280778.542]  -> wl_surface#23.frame(new id wl_callback#35)
[3280778.573] {mesa egl surface queue}  -> wl_surface#23.attach(wl_buffer#36, 0, 0)
[3280778.583] {mesa egl surface queue}  -> wl_surface#23.damage_buffer(209, 166, 1, 16)
[3280779.076] {mesa egl surface queue}  -> wl_surface#23.commit()
[3280779.092] {mesa egl surface queue}  -> wl_display#1.sync(new id wl_callback#38)
[3280779.203] {Display Queue} wl_display#1.delete_id(38)
[3280794.188] {Display Queue} wl_display#1.delete_id(35)
[3280794.210] {Default Queue} wl_callback#35.done(253412)
[3280794.470] {mesa egl surface queue} wl_callback#38.done(253397)
[3280794.485] {mesa egl surface queue} wl_buffer#36.release()
[3280794.775]  -> wl_surface#23.frame(new id wl_callback#38)
[3280794.825] {mesa egl surface queue}  -> wl_surface#23.attach(wl_buffer#36, 0, 0)
[3280794.839] {mesa egl surface queue}  -> wl_surface#23.damage_buffer(209, 166, 1, 16)
[3280795.247] {mesa egl surface queue}  -> wl_surface#23.commit()
[3280795.264] {mesa egl surface queue}  -> wl_display#1.sync(new id wl_callback#35)
[3280795.367] {Display Queue} wl_display#1.delete_id(35)
[3280808.334] {Display Queue} wl_display#1.delete_id(38)
[3280808.361] {Default Queue} wl_callback#38.done(253426)
[3280808.694] {mesa egl surface queue} wl_callback#35.done(253413)
[3280808.714] {mesa egl surface queue} wl_buffer#36.release()
[3280809.030]  -> wl_surface#23.frame(new id wl_callback#35)
[3280809.069] {mesa egl surface queue}  -> wl_surface#23.attach(wl_buffer#36, 0, 0)
[3280809.082] {mesa egl surface queue}  -> wl_surface#23.damage_buffer(209, 166, 1, 16)
[3280809.669] {mesa egl surface queue}  -> wl_surface#23.commit()
[3280809.693] {mesa egl surface queue}  -> wl_display#1.sync(new id wl_callback#38)
[3280809.803] {Display Queue} wl_display#1.delete_id(38)
[3280823.241] {Display Queue} wl_display#1.delete_id(35)
[3280823.270] {Default Queue} wl_callback#35.done(253441)
[3280823.572] {mesa egl surface queue} wl_callback#38.done(253428)
[3280823.592] {mesa egl surface queue} wl_buffer#36.release()
[3280823.919]  -> wl_surface#23.frame(new id wl_callback#38)
[3280823.956] {mesa egl surface queue}  -> wl_surface#23.attach(wl_buffer#36, 0, 0)
[3280823.968] {mesa egl surface queue}  -> wl_surface#23.damage_buffer(209, 166, 1, 16)
[3280824.413] {mesa egl surface queue}  -> wl_surface#23.commit()
[3280824.426] {mesa egl surface queue}  -> wl_display#1.sync(new id wl_callback#35)
[3280824.554] {Display Queue} wl_display#1.delete_id(35)
[3280836.084] {Display Queue} wl_display#1.delete_id(38)
[3280836.112] {Default Queue} wl_callback#38.done(253454)
[3280836.383] {mesa egl surface queue} wl_callback#35.done(253443)
[3280836.395] {mesa egl surface queue} wl_buffer#36.release()
[3280836.637]  -> wl_surface#23.frame(new id wl_callback#35)
[3280836.661] {mesa egl surface queue}  -> wl_surface#23.attach(wl_buffer#36, 0, 0)
[3280836.670] {mesa egl surface queue}  -> wl_surface#23.damage_buffer(209, 166, 1, 16)
[3280837.065] {mesa egl surface queue}  -> wl_surface#23.commit()
[3280837.079] {mesa egl surface queue}  -> wl_display#1.sync(new id wl_callback#38)
[3280837.172] {Display Queue} wl_display#1.delete_id(38)
[3280849.253] {Display Queue} wl_display#1.delete_id(35)
[3280849.274] {Default Queue} wl_callback#35.done(253467)
[3280849.564] {mesa egl surface queue} wl_callback#38.done(253455)
[3280849.581] {mesa egl surface queue} wl_buffer#36.release()
[3280849.858]  -> wl_surface#23.frame(new id wl_callback#38)
[3280849.889] {mesa egl surface queue}  -> wl_surface#23.attach(wl_buffer#36, 0, 0)
[3280849.914] {mesa egl surface queue}  -> wl_surface#23.damage_buffer(209, 166, 1, 16)
[3280850.202] {mesa egl surface queue}  -> wl_surface#23.commit()
[3280850.212] {mesa egl surface queue}  -> wl_display#1.sync(new id wl_callback#35)
[3280850.317] {Display Queue} wl_display#1.delete_id(35)
[3280865.743] {Display Queue} wl_display#1.delete_id(38)
[3280865.761] {Default Queue} wl_callback#38.done(253484)
[3280865.949] {mesa egl surface queue} wl_callback#35.done(253468)
[3280865.960] {mesa egl surface queue} wl_buffer#36.release()
[3280866.174]  -> wl_surface#23.frame(new id wl_callback#35)
[3280866.196] {mesa egl surface queue}  -> wl_surface#23.attach(wl_buffer#36, 0, 0)
[3280866.203] {mesa egl surface queue}  -> wl_surface#23.damage_buffer(209, 166, 1, 16)
[3280866.552] {mesa egl surface queue}  -> wl_surface#23.commit()
[3280866.564] {mesa egl surface queue}  -> wl_display#1.sync(new id wl_callback#38)
[3280866.647] {Display Queue} wl_display#1.delete_id(38)
[3280879.078] {Display Queue} wl_display#1.delete_id(35)
[3280879.106] {Default Queue} wl_callback#35.done(253497)
[3280879.399] {mesa egl surface queue} wl_callback#38.done(253485)
[3280879.412] {mesa egl surface queue} wl_buffer#36.release()
[3280879.635]  -> wl_surface#23.frame(new id wl_callback#38)
[3280879.660] {mesa egl surface queue}  -> wl_surface#23.attach(wl_buffer#36, 0, 0)
[3280879.668] {mesa egl surface queue}  -> wl_surface#23.damage_buffer(209, 166, 1, 16)
[3280880.081] {mesa egl surface queue}  -> wl_surface#23.commit()
[3280880.094] {mesa egl surface queue}  -> wl_display#1.sync(new id wl_callback#35)
[3280880.181] {Display Queue} wl_display#1.delete_id(35)
[3280893.755] {Display Queue} wl_display#1.delete_id(38)
[3280893.767] {Default Queue} wl_callback#38.done(253512)
[3280893.906] {mesa egl surface queue} wl_callback#35.done(253498)
[3280893.914] {mesa egl surface queue} wl_buffer#36.release()
[3280894.083]  -> wl_surface#23.frame(new id wl_callback#35)
[3280894.102] {mesa egl surface queue}  -> wl_surface#23.attach(wl_buffer#36, 0, 0)
[3280894.107] {mesa egl surface queue}  -> wl_surface#23.damage_buffer(209, 166, 1, 16)
[3280894.397] {mesa egl surface queue}  -> wl_surface#23.commit()
[3280894.406] {mesa egl surface queue}  -> wl_display#1.sync(new id wl_callback#38)
[3280894.472] {Display Queue} wl_display#1.delete_id(38)
[3280904.705] {Display Queue} wl_display#1.delete_id(35)
[3280904.720] {Default Queue} wl_callback#35.done(253523)
[3280904.889] {mesa egl surface queue} wl_callback#38.done(253513)
[3280904.900] {mesa egl surface queue} wl_buffer#36.release()
[3280905.079]  -> wl_surface#23.frame(new id wl_callback#38)
[3280905.100] {mesa egl surface queue}  -> wl_surface#23.attach(wl_buffer#36, 0, 0)
[3280905.106] {mesa egl surface queue}  -> wl_surface#23.damage_buffer(209, 166, 1, 16)
[3280905.386] {mesa egl surface queue}  -> wl_surface#23.commit()
[3280905.395] {mesa egl surface queue}  -> wl_display#1.sync(new id wl_callback#35)
[3280905.490] {Display Queue} wl_display#1.delete_id(35)
[3280915.936] {Display Queue} wl_display#1.delete_id(38)
[3280915.964] {Default Queue} wl_callback#38.done(253534)
[3280916.273] {mesa egl surface queue} wl_callback#35.done(253523)
[3280916.292] {mesa egl surface queue} wl_buffer#36.release()
[3280916.582]  -> wl_surface#23.frame(new id wl_callback#35)
[3280916.605] {mesa egl surface queue}  -> wl_surface#23.attach(wl_buffer#36, 0, 0)
[3280916.612] {mesa egl surface queue}  -> wl_surface#23.damage_buffer(209, 166, 1, 16)
[3280916.976] {mesa egl surface queue}  -> wl_surface#23.commit()
[3280916.988] {mesa egl surface queue}  -> wl_display#1.sync(new id wl_callback#38)
[3280917.074] {Display Queue} wl_display#1.delete_id(38)
[3280931.303] {Display Queue} wl_display#1.delete_id(35)
[3280931.332] {Default Queue} wl_callback#35.done(253549)
[3280931.624] {mesa egl surface queue} wl_callback#38.done(253535)
[3280931.642] {mesa egl surface queue} wl_buffer#36.release()
[3280931.904]  -> wl_surface#23.frame(new id wl_callback#38)
[3280931.944] {mesa egl surface queue}  -> wl_surface#23.attach(wl_buffer#36, 0, 0)
[3280931.954] {mesa egl surface queue}  -> wl_surface#23.damage_buffer(209, 166, 1, 16)
[3280932.378] {mesa egl surface queue}  -> wl_surface#23.commit()
[3280932.391] {mesa egl surface queue}  -> wl_display#1.sync(new id wl_callback#35)
[3280932.485] {Display Queue} wl_display#1.delete_id(35)
[3280946.828] {Display Queue} wl_display#1.delete_id(38)
[3280946.845] {Default Queue} wl_callback#38.done(253565)
[3280947.023] {mesa egl surface queue} wl_callback#35.done(253550)
[3280947.035] {mesa egl surface queue} wl_buffer#36.release()
[3280947.227]  -> wl_surface#23.frame(new id wl_callback#35)
[3280947.247] {mesa egl surface queue}  -> wl_surface#23.attach(wl_buffer#36, 0, 0)
[3280947.253] {mesa egl surface queue}  -> wl_surface#23.damage_buffer(209, 166, 1, 16)
[3280947.677] {mesa egl surface queue}  -> wl_surface#23.commit()
[3280947.687] {mesa egl surface queue}  -> wl_display#1.sync(new id wl_callback#38)
[3280947.765] {Display Queue} wl_display#1.delete_id(38)
[3280961.900] {Display Queue} wl_display#1.delete_id(35)
[3280961.921] {Default Queue} wl_callback#35.done(253580)
[3280962.136] {mesa egl surface queue} wl_callback#38.done(253566)
[3280962.150] {mesa egl surface queue} wl_buffer#36.release()
[3280962.395]  -> wl_surface#23.frame(new id wl_callback#38)
[3280962.421] {mesa egl surface queue}  -> wl_surface#23.attach(wl_buffer#36, 0, 0)
[3280962.429] {mesa egl surface queue}  -> wl_surface#23.damage_buffer(209, 166, 1, 16)
[3280962.800] {mesa egl surface queue}  -> wl_surface#23.commit()
[3280962.812] {mesa egl surface queue}  -> wl_display#1.sync(new id wl_callback#35)
[3280962.905] {Display Queue} wl_display#1.delete_id(35)
[3280975.725] {Display Queue} wl_display#1.delete_id(38)
[3280975.744] {Default Queue} wl_callback#38.done(253594)
[3280975.948] {mesa egl surface queue} wl_callback#35.done(253581)
[3280975.960] {mesa egl surface queue} wl_buffer#36.release()
[3280976.190]  -> wl_surface#23.frame(new id wl_callback#35)
[3280976.214] {mesa egl surface queue}  -> wl_surface#23.attach(wl_buffer#36, 0, 0)
[3280976.221] {mesa egl surface queue}  -> wl_surface#23.damage_buffer(209, 166, 1, 16)
[3280976.641] {mesa egl surface queue}  -> wl_surface#23.commit()
[3280976.652] {mesa egl surface queue}  -> wl_display#1.sync(new id wl_callback#38)
[3280976.737] {Display Queue} wl_display#1.delete_id(38)
[3280990.445] {Display Queue} wl_display#1.delete_id(35)
[3280990.466] {Default Queue} wl_callback#35.done(253608)
[3280990.701] {mesa egl surface queue} wl_callback#38.done(253595)
[3280990.715] {mesa egl surface queue} wl_buffer#36.release()
[3280990.970]  -> wl_surface#23.frame(new id wl_callback#38)
[3280990.993] {mesa egl surface queue}  -> wl_surface#23.attach(wl_buffer#36, 0, 0)
[3280991.002] {mesa egl surface queue}  -> wl_surface#23.damage_buffer(209, 166, 1, 16)
[3280991.490] {mesa egl surface queue}  -> wl_surface#23.commit()
[3280991.502] {mesa egl surface queue}  -> wl_display#1.sync(new id wl_callback#35)
[3280991.595] {Display Queue} wl_display#1.delete_id(35)
[3281004.594] {Display Queue} wl_display#1.delete_id(38)
[3281004.620] {Default Queue} wl_callback#38.done(253623)
[3281292.734] {mesa egl surface queue} wl_callback#35.done(253610)
[3281292.776] {mesa egl surface queue} wl_buffer#36.release()
[3281293.193]  -> wl_surface#23.frame(new id wl_callback#35)
[3281293.243] {mesa egl surface queue}  -> wl_surface#23.attach(wl_buffer#36, 0, 0)
[3281293.261] {mesa egl surface queue}  -> wl_surface#23.damage_buffer(209, 166, 1, 16)
[3281294.038] {mesa egl surface queue}  -> wl_surface#23.commit()
[3281294.062] {mesa egl surface queue}  -> wl_display#1.sync(new id wl_callback#38)
[3281294.285] {Display Queue} wl_display#1.delete_id(38)
[3281311.288] {Display Queue} wl_display#1.delete_id(35)
[3281311.314] {Default Queue} wl_callback#35.done(253929)
[3281311.674] {mesa egl surface queue} wl_callback#38.done(253912)
[3281311.693] {mesa egl surface queue} wl_buffer#36.release()
[3281312.025]  -> wl_surface#23.frame(new id wl_callback#38)
[3281312.076] {mesa egl surface queue}  -> wl_surface#23.attach(wl_buffer#36, 0, 0)
[3281312.090] {mesa egl surface queue}  -> wl_surface#23.damage_buffer(209, 166, 1, 16)
[3281312.700] {mesa egl surface queue}  -> wl_surface#23.commit()
[3281312.716] {mesa egl surface queue}  -> wl_display#1.sync(new id wl_callback#35)
[3281312.829] {Display Queue} wl_display#1.delete_id(35)
[3281328.257] {Display Queue} wl_display#1.delete_id(38)
[3281328.278] {Default Queue} wl_callback#38.done(253946)
[3281328.574] {mesa egl surface queue} wl_callback#35.done(253931)
[3281328.590] {mesa egl surface queue} wl_buffer#36.release()
[3281328.884]  -> wl_surface#23.frame(new id wl_callback#35)
[3281328.915] {mesa egl surface queue}  -> wl_surface#23.attach(wl_buffer#36, 0, 0)
[3281328.924] {mesa egl surface queue}  -> wl_surface#23.damage_buffer(209, 166, 1, 16)
[3281329.583] {mesa egl surface queue}  -> wl_surface#23.commit()
[3281329.602] {mesa egl surface queue}  -> wl_display#1.sync(new id wl_callback#38)
[3281329.720] {Display Queue} wl_display#1.delete_id(38)
[3281342.863] {Display Queue} wl_display#1.delete_id(35)
[3281342.882] {Default Queue} wl_callback#35.done(253961)
[3281343.184] {mesa egl surface queue} wl_callback#38.done(253948)
[3281343.200] {mesa egl surface queue} wl_buffer#36.release()
[3281343.485]  -> wl_surface#23.frame(new id wl_callback#38)
[3281343.518] {mesa egl surface queue}  -> wl_surface#23.attach(wl_buffer#36, 0, 0)
[3281343.528] {mesa egl surface queue}  -> wl_surface#23.damage_buffer(209, 166, 1, 16)
[3281344.143] {mesa egl surface queue}  -> wl_surface#23.commit()
[3281344.167] {mesa egl surface queue}  -> wl_display#1.sync(new id wl_callback#35)
[3281344.281] {Display Queue} wl_display#1.delete_id(35)
[3281361.680] {Display Queue} wl_display#1.delete_id(38)
[3281361.699] {Default Queue} wl_callback#38.done(253980)
[3281361.985] {mesa egl surface queue} wl_callback#35.done(253962)
[3281361.998] {mesa egl surface queue} wl_buffer#36.release()
[3281362.279]  -> wl_surface#23.frame(new id wl_callback#35)
[3281362.307] {mesa egl surface queue}  -> wl_surface#23.attach(wl_buffer#36, 0, 0)
[3281362.316] {mesa egl surface queue}  -> wl_surface#23.damage_buffer(209, 166, 1, 16)
[3281362.865] {mesa egl surface queue}  -> wl_surface#23.commit()
[3281362.877] {mesa egl surface queue}  -> wl_display#1.sync(new id wl_callback#38)
[3281362.967] {Display Queue} wl_display#1.delete_id(38)
[3281379.049] {Display Queue} wl_display#1.delete_id(35)
[3281379.065] {Default Queue} wl_callback#35.done(253997)
[3281379.306] {mesa egl surface queue} wl_callback#38.done(253981)
[3281379.319] {mesa egl surface queue} wl_buffer#36.release()
[3281379.543]  -> wl_surface#23.frame(new id wl_callback#38)
[3281379.566] {mesa egl surface queue}  -> wl_surface#23.attach(wl_buffer#36, 0, 0)
[3281379.573] {mesa egl surface queue}  -> wl_surface#23.damage_buffer(209, 166, 1, 16)
[3281380.114] {mesa egl surface queue}  -> wl_surface#23.commit()
[3281380.125] {mesa egl surface queue}  -> wl_display#1.sync(new id wl_callback#35)
[3281380.214] {Display Queue} wl_display#1.delete_id(35)
[3281392.991] {Display Queue} wl_display#1.delete_id(38)
[3281393.019] {Default Queue} wl_callback#38.done(254011)
[3281393.434] {mesa egl surface queue} wl_callback#35.done(253998)
[3281393.515] {mesa egl surface queue} wl_buffer#36.release()
[3281393.837]  -> wl_surface#23.frame(new id wl_callback#35)
[3281393.866] {mesa egl surface queue}  -> wl_surface#23.attach(wl_buffer#36, 0, 0)
[3281393.877] {mesa egl surface queue}  -> wl_surface#23.damage_buffer(209, 166, 1, 16)
[3281394.380] {mesa egl surface queue}  -> wl_surface#23.commit()
[3281394.394] {mesa egl surface queue}  -> wl_display#1.sync(new id wl_callback#38)
[3281394.512] {Display Queue} wl_display#1.delete_id(38)
[3281408.358] {Display Queue} wl_display#1.delete_id(35)
[3281408.396] {Default Queue} wl_callback#35.done(254026)
[3281408.614] {mesa egl surface queue} wl_callback#38.done(254013)
[3281408.627] {mesa egl surface queue} wl_buffer#36.release()
[3281408.876]  -> wl_surface#23.frame(new id wl_callback#38)
[3281408.915] {mesa egl surface queue}  -> wl_surface#23.attach(wl_buffer#36, 0, 0)
[3281408.924] {mesa egl surface queue}  -> wl_surface#23.damage_buffer(209, 166, 1, 16)
[3281409.398] {mesa egl surface queue}  -> wl_surface#23.commit()
[3281409.415] {mesa egl surface queue}  -> wl_display#1.sync(new id wl_callback#35)
[3281409.530] {Display Queue} wl_display#1.delete_id(35)
[3281421.535] {Display Queue} wl_display#1.delete_id(38)
[3281421.560] {Default Queue} wl_callback#38.done(254039)
[3281421.769] {mesa egl surface queue} wl_callback#35.done(254028)
[3281421.780] {mesa egl surface queue} wl_buffer#36.release()
[3281421.991]  -> wl_surface#23.frame(new id wl_callback#35)
[3281422.010] {mesa egl surface queue}  -> wl_surface#23.attach(wl_buffer#36, 0, 0)
[3281422.015] {mesa egl surface queue}  -> wl_surface#23.damage_buffer(209, 166, 1, 16)
[3281422.366] {mesa egl surface queue}  -> wl_surface#23.commit()
[3281422.376] {mesa egl surface queue}  -> wl_display#1.sync(new id wl_callback#38)
[3281422.497] {Display Queue} wl_display#1.delete_id(38)
[3281435.800] {Display Queue} wl_display#1.delete_id(35)
[3281435.828] {Default Queue} wl_callback#35.done(254054)
[3281436.008] {mesa egl surface queue} wl_callback#38.done(254041)
[3281436.018] {mesa egl surface queue} wl_buffer#36.release()
[3281436.207]  -> wl_surface#23.frame(new id wl_callback#38)
[3281436.226] {mesa egl surface queue}  -> wl_surface#23.attach(wl_buffer#36, 0, 0)
[3281436.232] {mesa egl surface queue}  -> wl_surface#23.damage_buffer(209, 166, 1, 16)
[3281436.712] {mesa egl surface queue}  -> wl_surface#23.commit()
[3281436.725] {mesa egl surface queue}  -> wl_display#1.sync(new id wl_callback#35)
[3281436.843] {Display Queue} wl_display#1.delete_id(35)
[3281451.580] {Display Queue} wl_display#1.delete_id(38)
[3281451.607] {Default Queue} wl_callback#38.done(254070)
[3281452.110] {mesa egl surface queue} wl_callback#35.done(254055)
[3281452.123] {mesa egl surface queue} wl_buffer#36.release()
[3281452.328]  -> wl_surface#23.frame(new id wl_callback#35)
[3281452.349] {mesa egl surface queue}  -> wl_surface#23.attach(wl_buffer#36, 0, 0)
[3281452.358] {mesa egl surface queue}  -> wl_surface#23.damage_buffer(209, 166, 1, 16)
[3281452.741] {mesa egl surface queue}  -> wl_surface#23.commit()
[3281452.752] {mesa egl surface queue}  -> wl_display#1.sync(new id wl_callback#38)
[3281452.853] {Display Queue} wl_display#1.delete_id(38)
[3281467.239] {Display Queue} wl_display#1.delete_id(35)
[3281467.258] {Default Queue} wl_callback#35.done(254085)
[3281467.485] {mesa egl surface queue} wl_callback#38.done(254071)
[3281467.499] {mesa egl surface queue} wl_buffer#36.release()
[3281467.734]  -> wl_surface#23.frame(new id wl_callback#38)
[3281467.758] {mesa egl surface queue}  -> wl_surface#23.attach(wl_buffer#36, 0, 0)
[3281467.766] {mesa egl surface queue}  -> wl_surface#23.damage_buffer(209, 166, 1, 16)
[3281468.205] {mesa egl surface queue}  -> wl_surface#23.commit()
[3281468.217] {mesa egl surface queue}  -> wl_display#1.sync(new id wl_callback#35)
[3281468.403] {Display Queue} wl_display#1.delete_id(35)
[3281481.730] {Display Queue} wl_display#1.delete_id(38)
[3281481.760] {Default Queue} wl_callback#38.done(254100)
[3281482.069] {mesa egl surface queue} wl_callback#35.done(254086)
[3281482.085] {mesa egl surface queue} wl_buffer#36.release()
[3281482.338]  -> wl_surface#23.frame(new id wl_callback#35)
[3281482.365] {mesa egl surface queue}  -> wl_surface#23.attach(wl_buffer#36, 0, 0)
[3281482.375] {mesa egl surface queue}  -> wl_surface#23.damage_buffer(209, 166, 1, 16)
[3281482.779] {mesa egl surface queue}  -> wl_surface#23.commit()
[3281482.794] {mesa egl surface queue}  -> wl_display#1.sync(new id wl_callback#38)
[3281482.902] {Display Queue} wl_display#1.delete_id(38)
[3281495.785] {Display Queue} wl_display#1.delete_id(35)
[3281495.800] {Default Queue} wl_callback#35.done(254114)
[3281495.966] {mesa egl surface queue} wl_callback#38.done(254101)
[3281495.977] {mesa egl surface queue} wl_buffer#36.release()
[3281496.170]  -> wl_surface#23.frame(new id wl_callback#38)
[3281496.203] {mesa egl surface queue}  -> wl_surface#23.attach(wl_buffer#36, 0, 0)
[3281496.210] {mesa egl surface queue}  -> wl_surface#23.damage_buffer(209, 166, 1, 16)
[3281496.631] {mesa egl surface queue}  -> wl_surface#23.commit()
[3281496.653] {mesa egl surface queue}  -> wl_display#1.sync(new id wl_callback#35)
[3281496.793] {Display Queue} wl_display#1.delete_id(35)
[3281509.997] {Display Queue} wl_display#1.delete_id(38)
[3281510.028] {Default Queue} wl_callback#38.done(254128)
[3281510.381] {mesa egl surface queue} wl_callback#35.done(254115)
[3281510.399] {mesa egl surface queue} wl_buffer#36.release()
[3281510.743]  -> wl_surface#23.frame(new id wl_callback#35)
[3281510.773] {mesa egl surface queue}  -> wl_surface#23.attach(wl_buffer#36, 0, 0)
[3281510.782] {mesa egl surface queue}  -> wl_surface#23.damage_buffer(209, 166, 1, 16)
[3281511.421] {mesa egl surface queue}  -> wl_surface#23.commit()
[3281511.434] {mesa egl surface queue}  -> wl_display#1.sync(new id wl_callback#38)
[3281511.564] {Display Queue} wl_display#1.delete_id(38)
[3281523.977] {Display Queue} wl_display#1.delete_id(35)
[3281523.995] {Default Queue} wl_callback#35.done(254142)
[3281524.219] {mesa egl surface queue} wl_callback#38.done(254130)
[3281524.231] {mesa egl surface queue} wl_buffer#36.release()
[3281524.451]  -> wl_surface#23.frame(new id wl_callback#38)
[3281524.473] {mesa egl surface queue}  -> wl_surface#23.attach(wl_buffer#36, 0, 0)
[3281524.480] {mesa egl surface queue}  -> wl_surface#23.damage_buffer(209, 166, 1, 16)
[3281524.884] {mesa egl surface queue}  -> wl_surface#23.commit()
[3281524.896] {mesa egl surface queue}  -> wl_display#1.sync(new id wl_callback#35)
[3281525.024] {Display Queue} wl_display#1.delete_id(35)
[3281537.887] {Display Queue} wl_display#1.delete_id(38)
[3281537.904] {Default Queue} wl_callback#38.done(254156)
[3281538.082] {mesa egl surface queue} wl_callback#35.done(254143)
[3281538.093] {mesa egl surface queue} wl_buffer#36.release()
[3281538.629]  -> wl_surface#23.frame(new id wl_callback#35)
[3281538.700] {mesa egl surface queue}  -> wl_surface#23.attach(wl_buffer#36, 0, 0)
[3281538.718] {mesa egl surface queue}  -> wl_surface#23.damage_buffer(209, 166, 1, 16)
[3281539.266] {mesa egl surface queue}  -> wl_surface#23.commit()
[3281539.284] {mesa egl surface queue}  -> wl_display#1.sync(new id wl_callback#38)
[3281539.455] {Display Queue} wl_display#1.delete_id(38)
[3281552.483] {Display Queue} wl_display#1.delete_id(35)
[3281552.508] {Default Queue} wl_callback#35.done(254170)
[3281552.856] {mesa egl surface queue} wl_callback#38.done(254157)
[3281552.876] {mesa egl surface queue} wl_buffer#36.release()
[3281553.202]  -> wl_surface#23.frame(new id wl_callback#38)
[3281553.235] {mesa egl surface queue}  -> wl_surface#23.attach(wl_buffer#36, 0, 0)
[3281553.246] {mesa egl surface queue}  -> wl_surface#23.damage_buffer(209, 166, 1, 16)
[3281553.856] {mesa egl surface queue}  -> wl_surface#23.commit()
[3281553.874] {mesa egl surface queue}  -> wl_display#1.sync(new id wl_callback#35)
[3281553.989] {Display Queue} wl_display#1.delete_id(35)
[3281567.611] {Display Queue} wl_display#1.delete_id(38)
[3281567.644] {Default Queue} wl_callback#38.done(254185)
[3281568.019] {mesa egl surface queue} wl_callback#35.done(254172)
[3281568.042] {mesa egl surface queue} wl_buffer#36.release()
[3281568.416]  -> wl_surface#23.frame(new id wl_callback#35)
[3281568.454] {mesa egl surface queue}  -> wl_surface#23.attach(wl_buffer#36, 0, 0)
[3281568.469] {mesa egl surface queue}  -> wl_surface#23.damage_buffer(209, 166, 1, 16)
[3281569.052] {mesa egl surface queue}  -> wl_surface#23.commit()
[3281569.069] {mesa egl surface queue}  -> wl_display#1.sync(new id wl_callback#38)
[3281569.353] {Display Queue} wl_display#1.delete_id(38)
[3281583.494] {Display Queue} wl_display#1.delete_id(35)
[3281583.518] {Default Queue} wl_callback#35.done(254201)
[3281583.838] {mesa egl surface queue} wl_callback#38.done(254187)
[3281583.856] {mesa egl surface queue} wl_buffer#36.release()
[3281584.212]  -> wl_surface#23.frame(new id wl_callback#38)
[3281584.261] {mesa egl surface queue}  -> wl_surface#23.attach(wl_buffer#36, 0, 0)
[3281584.270] {mesa egl surface queue}  -> wl_surface#23.damage_buffer(209, 166, 1, 16)
[3281584.712] {mesa egl surface queue}  -> wl_surface#23.commit()
[3281584.721] {mesa egl surface queue}  -> wl_display#1.sync(new id wl_callback#35)
[3281584.839] {Display Queue} wl_display#1.delete_id(35)
[3281598.502] {Display Queue} wl_display#1.delete_id(38)
[3281598.529] {Default Queue} wl_callback#38.done(254216)
[3281598.856] {mesa egl surface queue} wl_callback#35.done(254203)
[3281598.875] {mesa egl surface queue} wl_buffer#36.release()
[3281599.200]  -> wl_surface#23.frame(new id wl_callback#35)
[3281599.231] {mesa egl surface queue}  -> wl_surface#23.attach(wl_buffer#36, 0, 0)
[3281599.241] {mesa egl surface queue}  -> wl_surface#23.damage_buffer(209, 166, 1, 16)
[3281599.791] {mesa egl surface queue}  -> wl_surface#23.commit()
[3281599.806] {mesa egl surface queue}  -> wl_display#1.sync(new id wl_callback#38)
[3281599.923] {Display Queue} wl_display#1.delete_id(38)
[3281613.033] {Display Queue} wl_display#1.delete_id(35)
[3281613.055] {Default Queue} wl_callback#35.done(254231)
[3281819.867] {Default Queue} wl_pointer#6.motion(254438, 56.00000000, 33.00000000)
[3281819.916] {Default Queue} wl_pointer#6.frame()
[3281834.525] {Default Queue}  -> wp_cursor_shape_device_v1#21.set_shape(6, 1)
[3281836.600] {mesa egl surface queue} wl_callback#38.done(254218)
[3281836.632] {mesa egl surface queue} wl_buffer#36.release()
[3281839.014]  -> wl_surface#23.frame(new id wl_callback#38)
[3281839.069] {mesa egl surface queue}  -> wl_surface#23.attach(wl_buffer#36, 0, 0)
[3281839.085] {mesa egl surface queue}  -> wl_surface#23.damage_buffer(21, 19, 77, 32)
[3281839.651] {mesa egl surface queue}  -> wl_surface#23.commit()
[3281839.667] {mesa egl surface queue}  -> wl_display#1.sync(new id wl_callback#35)
[3281839.915] {Display Queue} wl_display#1.delete_id(35)
[3281866.866] {Display Queue} wl_display#1.delete_id(38)
[3281866.891] {Default Queue} wl_callback#38.done(254485)
[3281869.482] {Default Queue} wl_pointer#6.button(37, 254487, 272, 1)
[3281869.499] {Default Queue} xdg_wm_base#20.ping(38)
[3281869.505] {Default Queue}  -> xdg_wm_base#20.pong(38)
[3281869.511] {Default Queue} wl_pointer#6.frame()
[3281869.747] {Default Queue}  -> zwp_text_input_v3#34.disable()
[3281869.755] {Default Queue}  -> zwp_text_input_v3#34.commit()
[3281884.812] {mesa egl surface queue} wl_callback#35.done(254458)
[3281884.845] {mesa egl surface queue} wl_buffer#36.release()
[3281886.158]  -> wl_surface#23.frame(new id wl_callback#35)
[3281886.212] {mesa egl surface queue}  -> wl_surface#23.attach(wl_buffer#36, 0, 0)
[3281886.225] {mesa egl surface queue}  -> wl_surface#23.damage_buffer(17, 16, 85, 40)
[3281886.235] {mesa egl surface queue}  -> wl_surface#23.damage_buffer(209, 166, 1, 1)
[3281886.244] {mesa egl surface queue}  -> wl_surface#23.damage_buffer(198, 167, 12, 13)
[3281886.252] {mesa egl surface queue}  -> wl_surface#23.damage_buffer(209, 180, 1, 2)
[3281887.160] {mesa egl surface queue}  -> wl_surface#23.commit()
[3281887.180] {mesa egl surface queue}  -> wl_display#1.sync(new id wl_callback#38)
[3281887.365] {Display Queue} wl_display#1.delete_id(38)
[3281906.870] {Display Queue} wl_display#1.delete_id(35)
[3281906.896] {Default Queue} wl_callback#35.done(254525)
[3281907.257] {mesa egl surface queue} wl_callback#38.done(254505)
[3281907.274] {mesa egl surface queue} wl_buffer#36.release()
[3281907.652]  -> wl_surface#23.frame(new id wl_callback#38)
[3281907.683] {mesa egl surface queue}  -> wl_surface#23.attach(wl_buffer#36, 0, 0)
[3281907.694] {mesa egl surface queue}  -> wl_surface#23.damage_buffer(35, 156, 658, 36)
[3281908.589] {mesa egl surface queue}  -> wl_surface#23.commit()
[3281908.603] {mesa egl surface queue}  -> wl_display#1.sync(new id wl_callback#35)
[3281908.699] {Display Queue} wl_display#1.delete_id(35)
[3281924.236] {Display Queue} wl_display#1.delete_id(38)
[3281924.254] {Default Queue} wl_callback#38.done(254542)
[3281924.284] {Default Queue} wl_pointer#6.button(39, 254542, 272, 0)
[3281924.296] {Default Queue} wl_pointer#6.frame()
[3281924.827] {Default Queue}  -> wl_compositor#4.create_surface(new id wl_surface#38)
[3281924.841] {Default Queue}  -> wp_viewporter#11.get_viewport(new id wp_viewport#37, wl_surface#38)
[3281948.111] {Default Queue}  -> xdg_wm_base#20.create_positioner(new id xdg_positioner#41)
[3281948.126] {Default Queue}  -> xdg_positioner#41.set_size(131, 84)
[3281948.131] {Default Queue}  -> xdg_positioner#41.set_anchor_rect(6, 6, 79, 34)
[3281948.136] {Default Queue}  -> xdg_positioner#41.set_offset(0, 0)
[3281948.141] {Default Queue}  -> xdg_positioner#41.set_anchor(2)
[3281948.145] {Default Queue}  -> xdg_positioner#41.set_gravity(2)
[3281948.149] {Default Queue}  -> xdg_positioner#41.set_constraint_adjustment(57)
[3281948.156] {Default Queue}  -> xdg_positioner#41.set_reactive()
[3281948.161] {Default Queue}  -> xdg_wm_base#20.get_xdg_surface(new id xdg_surface#42, wl_surface#38)
[3281948.167]  -> xdg_surface#42.get_popup(new id xdg_popup#43, xdg_surface#30, xdg_positioner#41)
[3281948.172] {Default Queue}  -> xdg_positioner#41.destroy()
[3281948.180]  -> xdg_popup#43.grab(wl_seat#14, 37)
[3281948.185]  -> wl_surface#38.commit()
[3281948.497] {Display Queue} wl_display#1.delete_id(41)
[3281948.505] xdg_popup#43.configure(-20, 40, 131, 84)
[3281948.511] xdg_surface#42.configure(40)
[3281948.527]  -> xdg_surface#42.ack_configure(40)
[3281951.847] {mesa egl surface queue} wl_callback#35.done(254527)
[3281951.866] {mesa egl surface queue} wl_buffer#36.release()
[3281952.806]  -> wl_surface#23.frame(new id wl_callback#35)
[3281952.848] {mesa egl surface queue}  -> wl_surface#23.attach(wl_buffer#36, 0, 0)
[3281952.855] {mesa egl surface queue}  -> wl_surface#23.damage_buffer(20, 18, 79, 34)
[3281952.860] {mesa egl surface queue}  -> wl_surface#23.damage_buffer(34, 155, 660, 38)
[3281954.230] {mesa egl surface queue}  -> wl_surface#23.commit()
[3281954.242] {mesa egl surface queue}  -> wl_display#1.sync(new id wl_callback#41)
[3281954.702] {mesa egl swrast display queue}  -> wl_shm#27.create_pool(new id wl_shm_pool#44, fd 17, 49320)
[3281954.715] {mesa egl surface queue}  -> wl_shm_pool#44.create_buffer(new id wl_buffer#45, 0, 137, 90, 548, 0)
[3281954.721] {mesa egl surface queue}  -> wl_shm_pool#44.destroy()
[3282136.985]  -> xdg_surface#42.set_window_geometry(3, 2, 131, 84)
[3282136.999] {Default Queue}  -> wl_compositor#4.create_region(new id wl_region#46)
[3282137.006] {Default Queue}  -> wl_region#46.add(12, 15, 113, 70)
[3282137.009]  -> wl_surface#38.set_opaque_region(wl_region#46)
[3282137.012] {Default Queue}  -> wl_region#46.destroy()
[3282137.015] {Default Queue}  -> wl_compositor#4.create_region(new id wl_region#47)
[3282137.018] {Default Queue}  -> wl_region#47.add(67, 3, 2, 1)
[3282137.021] {Default Queue}  -> wl_region#47.add(66, 4, 4, 1)
[3282137.023] {Default Queue}  -> wl_region#47.add(65, 5, 6, 1)
[3282137.026] {Default Queue}  -> wl_region#47.add(64, 6, 8, 1)
[3282137.029] {Default Queue}  -> wl_region#47.add(63, 7, 10, 1)
[3282137.032] {Default Queue}  -> wl_region#47.add(62, 8, 12, 1)
[3282137.034] {Default Queue}  -> wl_region#47.add(61, 9, 14, 1)
[3282137.037] {Default Queue}  -> wl_region#47.add(60, 10, 16, 1)
[3282137.040] {Default Queue}  -> wl_region#47.add(59, 11, 18, 1)
[3282137.042] {Default Queue}  -> wl_region#47.add(58, 12, 20, 1)
[3282137.045] {Default Queue}  -> wl_region#47.add(57, 13, 22, 1)
[3282137.048] {Default Queue}  -> wl_region#47.add(9, 14, 119, 1)
[3282137.050] {Default Queue}  -> wl_region#47.add(7, 15, 123, 1)
[3282137.053] {Default Queue}  -> wl_region#47.add(6, 16, 125, 1)
[3282137.056] {Default Queue}  -> wl_region#47.add(5, 17, 127, 1)
[3282137.058] {Default Queue}  -> wl_region#47.add(4, 18, 129, 2)
[3282137.061] {Default Queue}  -> wl_region#47.add(3, 20, 131, 60)
[3282137.064] {Default Queue}  -> wl_region#47.add(4, 80, 129, 2)
[3282137.066] {Default Queue}  -> wl_region#47.add(5, 82, 127, 1)
[3282137.069] {Default Queue}  -> wl_region#47.add(6, 83, 125, 1)
[3282137.078] {Default Queue}  -> wl_region#47.add(7, 84, 123, 1)
[3282137.081] {Default Queue}  -> wl_region#47.add(9, 85, 119, 1)
[3282137.084]  -> wl_surface#38.set_input_region(wl_region#47)
[3282137.086] {Default Queue}  -> wl_region#47.destroy()
[3282137.089] {Default Queue}  -> wp_viewport#37.set_destination(137, 90)
[3282137.093]  -> wl_surface#38.frame(new id wl_callback#48)
[3282137.128] {mesa egl surface queue}  -> wl_surface#38.attach(wl_buffer#45, 0, 0)
[3282137.133] {mesa egl surface queue}  -> wl_surface#38.damage_buffer(0, 0, 137, 90)
[3282137.766] {mesa egl surface queue}  -> wl_surface#38.commit()
[3282137.770] {mesa egl surface queue}  -> wl_display#1.sync(new id wl_callback#49)
[3282137.851] {Display Queue} wl_display#1.delete_id(41)
[3282137.858] {Display Queue} wl_display#1.delete_id(35)
[3282137.860] {Default Queue} wl_callback#35.done(254593)
[3282138.367] {mesa egl surface queue} wl_callback#41.done(254572)
[3282138.376] {mesa egl surface queue} wl_buffer#36.release()
[3282138.642]  -> wl_surface#23.frame(new id wl_callback#41)
[3282138.658] {mesa egl surface queue}  -> wl_surface#23.attach(wl_buffer#36, 0, 0)
[3282138.662] {mesa egl surface queue}  -> wl_surface#23.damage_buffer(32, 153, 664, 42)
[3282141.102] {mesa egl surface queue}  -> wl_surface#23.commit()
[3282141.131] {mesa egl surface queue}  -> wl_display#1.sync(new id wl_callback#35)
[3282141.293] {Display Queue} wl_display#1.delete_id(44)
[3282141.361] {Display Queue} wl_display#1.delete_id(46)
[3282141.370] {Display Queue} wl_display#1.delete_id(47)
[3282141.378] {Display Queue} wl_display#1.delete_id(49)
[3282275.065] {Display Queue} wl_display#1.delete_id(48)
[3282275.099] {Display Queue} wl_display#1.delete_id(35)
[3282275.109] {Default Queue} wl_keyboard#22.leave(41, wl_surface#23)
[3282275.137] {Default Queue} wl_keyboard#22.enter(42, wl_surface#38, array[0])
[3282275.152] {Default Queue} wl_keyboard#22.modifiers(43, 0, 0, 0, 0)
[3282275.202] {Default Queue} zwp_text_input_v3#34.leave(wl_surface#23)
[3282275.214] {Default Queue} zwp_text_input_v3#34.enter(wl_surface#38)
[3282275.222] {Default Queue} wl_callback#48.done(254893)
[3282277.254] {mesa egl surface queue} wl_callback#49.done(254756)
[3282277.282] {mesa egl surface queue} wl_buffer#45.release()
[3282278.306]  -> wl_surface#38.frame(new id wl_callback#49)
[3282278.366] {mesa egl surface queue}  -> wl_surface#38.attach(wl_buffer#45, 0, 0)
[3282278.385] {mesa egl surface queue}  -> wl_surface#38.damage_buffer(0, 0, 137, 90)
[3282278.940] {mesa egl surface queue}  -> wl_surface#38.commit()
[3282278.956] {mesa egl surface queue}  -> wl_display#1.sync(new id wl_callback#48)
[3282279.084] {Display Queue} wl_display#1.delete_id(48)
[3282302.755] {Display Queue} wl_display#1.delete_id(41)
[3282302.768] {Display Queue} wl_display#1.delete_id(49)
[3282302.771] {Default Queue} wl_callback#41.done(254921)
[3282302.785] {Default Queue} wl_callback#49.done(254921)
[3282302.903] {mesa egl surface queue} wl_callback#35.done(254893)
[3282302.908] {mesa egl surface queue} wl_buffer#36.release()
[3282303.153]  -> wl_surface#23.frame(new id wl_callback#35)
[3282303.178] {mesa egl surface queue}  -> wl_surface#23.attach(wl_buffer#36, 0, 0)
[3282303.186] {mesa egl surface queue}  -> wl_surface#23.damage_buffer(32, 153, 664, 42)
[3282303.880] {mesa egl surface queue}  -> wl_surface#23.commit()
[3282303.892] {mesa egl surface queue}  -> wl_display#1.sync(new id wl_callback#49)
[3282303.973] {Display Queue} wl_display#1.delete_id(49)
[3282343.094] {Display Queue} wl_display#1.delete_id(35)
[3282343.123] {Default Queue} wl_callback#35.done(254961)
[3310599.738] {Default Queue} wl_pointer#6.leave(44, wl_surface#23)
[3310599.791] {Default Queue} wl_pointer#6.frame()
[3310599.837] {Default Queue} wl_pointer#6.enter(45, wl_surface#38, 57.00000000, 62.00000000)
[3310599.856] {Default Queue}  -> wp_cursor_shape_device_v1#21.set_shape(45, 1)
[3310599.868] {Default Queue} wl_pointer#6.frame()
[3310599.880] {Default Queue} wl_pointer#6.motion(283217, 57.00000000, 62.00000000)
[3310599.892] {Default Queue} wl_pointer#6.frame()
[3310602.112] {mesa egl surface queue} wl_callback#48.done(254897)
[3310602.140] {mesa egl surface queue} wl_buffer#45.release()
[3310614.339]  -> wl_surface#38.frame(new id wl_callback#48)
[3310614.399] {mesa egl surface queue}  -> wl_surface#38.attach(wl_buffer#45, 0, 0)
[3310614.413] {mesa egl surface queue}  -> wl_surface#38.damage_buffer(9, 20, 119, 60)
[3310621.558] {mesa egl surface queue}  -> wl_surface#38.commit()
[3310621.577] {mesa egl surface queue}  -> wl_display#1.sync(new id wl_callback#35)
[3310627.749] {Display Queue} wl_display#1.delete_id(35)
[3310648.368] {Default Queue} wl_pointer#6.button(46, 283266, 272, 1)
[3310648.404] {Default Queue} xdg_wm_base#20.ping(47)
[3310648.416] {Default Queue}  -> xdg_wm_base#20.pong(47)
[3310648.426] {Default Queue} wl_pointer#6.frame()
[3310673.721] {Display Queue} wl_display#1.delete_id(48)
[3310673.739] {Default Queue} wl_callback#48.done(283292)
[3310675.326] {mesa egl surface queue} wl_callback#35.done(283246)
[3310675.357] {mesa egl surface queue} wl_buffer#45.release()
[3310675.771]  -> wl_surface#38.frame(new id wl_callback#35)
[3310675.808] {mesa egl surface queue}  -> wl_surface#38.attach(wl_buffer#45, 0, 0)
[3310675.819] {mesa egl surface queue}  -> wl_surface#38.damage_buffer(9, 50, 119, 30)
[3310676.082] {mesa egl surface queue}  -> wl_surface#38.commit()
[3310676.100] {mesa egl surface queue}  -> wl_display#1.sync(new id wl_callback#48)
[3310676.232] {Display Queue} wl_display#1.delete_id(48)
[3310724.551] {Display Queue} wl_display#1.delete_id(35)
[3310724.591] {Default Queue} wl_callback#35.done(283342)
[3310724.613] {Default Queue} wl_pointer#6.button(48, 283315, 272, 0)
[3310724.642] {Default Queue} wl_pointer#6.frame()
[3310726.397]  -> xdg_popup#43.destroy()
[3310726.423]  -> xdg_surface#42.destroy()
[3310726.434]  -> wl_surface#38.attach(nil, 0, 0)
[3310726.444]  -> wl_surface#38.commit()
[3310728.196] {mesa egl surface queue} wl_callback#49.done(254922)
[3310728.219] {mesa egl surface queue} wl_buffer#36.release()
[3310729.557]  -> wl_surface#23.frame(new id wl_callback#49)
[3310729.611] {mesa egl surface queue}  -> wl_surface#23.attach(wl_buffer#36, 0, 0)
[3310729.624] {mesa egl surface queue}  -> wl_surface#23.damage_buffer(17, 16, 85, 40)
[3310730.098] {mesa egl surface queue}  -> wl_surface#23.commit()
[3310730.114] {mesa egl surface queue}  -> wl_display#1.sync(new id wl_callback#35)
[3310730.272] {Display Queue} wl_display#1.delete_id(43)
[3310730.285] {Display Queue} wl_display#1.delete_id(42)
[3310730.292] {Display Queue} wl_display#1.delete_id(35)
[3310730.299] {Default Queue} wl_keyboard#22.leave(49, wl_surface#38)
[3310730.319] {Default Queue} wl_keyboard#22.enter(50, wl_surface#23, array[0])
[3310730.331] {Default Queue} wl_keyboard#22.modifiers(51, 0, 0, 0, 0)
[3310730.366] {Default Queue} zwp_text_input_v3#34.leave(wl_surface#38)
[3310730.376] {Default Queue} zwp_text_input_v3#34.enter(wl_surface#23)
[3310730.385] {Default Queue} wl_pointer#6.leave(52, wl_surface#38)
[3310730.398] {Default Queue} wl_pointer#6.frame()
[3310730.412] {Default Queue} wl_pointer#6.enter(53, wl_surface#23, 48.00000000, 112.00000000)
[3310730.425] {Default Queue}  -> wp_cursor_shape_device_v1#21.set_shape(53, 1)
[3310730.436] {Default Queue} wl_pointer#6.frame()
[3310730.451] {Default Queue}  -> wp_cursor_shape_device_v1#21.set_shape(53, 9)
[3310748.839] {Display Queue} wl_display#1.delete_id(49)
[3310748.851] {Default Queue} wl_callback#49.done(283367)
[3312912.742] {Default Queue} wl_pointer#6.motion(285530, 73.00000000, 220.00000000)
[3312912.790] {Default Queue} wl_pointer#6.frame()
[3312913.128] {Default Queue}  -> wp_cursor_shape_device_v1#21.set_shape(53, 1)
[3312913.950] {mesa egl surface queue} wl_callback#35.done(283348)
[3312913.974] {mesa egl surface queue} wl_buffer#36.release()
[3312914.440]  -> wl_surface#23.frame(new id wl_callback#35)
[3312914.482] {mesa egl surface queue}  -> wl_surface#23.attach(wl_buffer#36, 0, 0)
[3312914.495] {mesa egl surface queue}  -> wl_surface#23.damage_buffer(37, 206, 75, 32)
[3312917.540] {mesa egl surface queue}  -> wl_surface#23.commit()
[3312917.589] {mesa egl surface queue}  -> wl_display#1.sync(new id wl_callback#49)
[3312920.220] {Display Queue} wl_display#1.delete_id(49)
[3312949.870] {Display Queue} wl_display#1.delete_id(35)
[3312949.891] {Default Queue} wl_callback#35.done(285568)
[3312961.671] {Default Queue} wl_pointer#6.button(54, 285580, 272, 1)
[3312961.705] {Default Queue} xdg_wm_base#20.ping(55)
[3312961.714] {Default Queue}  -> xdg_wm_base#20.pong(55)
[3312961.722] {Default Queue} wl_pointer#6.frame()
[3312966.424] {mesa egl surface queue} wl_callback#49.done(285538)
[3312966.446] {mesa egl surface queue} wl_buffer#36.release()
[3312966.776]  -> wl_surface#23.frame(new id wl_callback#49)
[3312966.807] {mesa egl surface queue}  -> wl_surface#23.attach(wl_buffer#36, 0, 0)
[3312966.816] {mesa egl surface queue}  -> wl_surface#23.damage_buffer(33, 203, 83, 40)
[3312967.542] {mesa egl surface queue}  -> wl_surface#23.commit()
[3312967.556] {mesa egl surface queue}  -> wl_display#1.sync(new id wl_callback#35)
[3312967.661] {Display Queue} wl_display#1.delete_id(35)
[3312984.131] {Display Queue} wl_display#1.delete_id(49)
[3312984.155] {Default Queue} wl_callback#49.done(285602)
[3313010.422] {Default Queue} wl_pointer#6.button(56, 285628, 272, 0)
[3313010.465] {Default Queue} wl_pointer#6.frame()
[3313013.251] {Default Queue}  -> wl_compositor#4.create_surface(new id wl_surface#49)
[3313013.278] {Default Queue}  -> wp_viewporter#11.get_viewport(new id wp_viewport#42, wl_surface#49)
[3313034.673] {Default Queue}  -> xdg_wm_base#20.get_xdg_surface(new id xdg_surface#43, wl_surface#49)
[3313034.698]  -> xdg_surface#43.get_toplevel(new id xdg_toplevel#41)
[3313034.707]  -> xdg_toplevel#41.set_parent(xdg_toplevel#31)
[3313034.716]  -> xdg_toplevel#41.set_title("WS114 modal child")
[3313034.725]  -> xdg_toplevel#41.set_app_id("python3")
[3313034.734]  -> wl_surface#49.commit()
[3313035.961] {mesa egl surface queue} wl_callback#35.done(285586)
[3313035.979] {mesa egl surface queue} wl_buffer#36.release()
[3313036.563]  -> wl_surface#23.frame(new id wl_callback#35)
[3313036.596] {mesa egl surface queue}  -> wl_surface#23.attach(wl_buffer#36, 0, 0)
[3313036.607] {mesa egl surface queue}  -> wl_surface#23.damage_buffer(33, 203, 83, 40)
[3313038.599] {mesa egl surface queue}  -> wl_surface#23.commit()
[3313038.613] {mesa egl surface queue}  -> wl_display#1.sync(new id wl_callback#47)
[3313038.695] xdg_toplevel#41.configure_bounds(1256, 690)
[3313038.702] xdg_toplevel#41.configure(0, 0, array[4])
[3313038.708] xdg_surface#43.configure(57)
[3313038.729]  -> xdg_surface#43.ack_configure(57)
[3313049.907]  -> xdg_toplevel#41.set_min_size(306, 186)
[3313049.920]  -> xdg_toplevel#41.set_max_size(0, 0)
[3313050.274] {mesa egl swrast display queue}  -> wl_shm#27.create_pool(new id wl_shm_pool#46, fd 17, 293328)
[3313050.283] {mesa egl surface queue}  -> wl_shm_pool#46.create_buffer(new id wl_buffer#44, 0, 388, 189, 1552, 0)
[3313050.288] {mesa egl surface queue}  -> wl_shm_pool#46.destroy()
[3313225.113]  -> xdg_toplevel#41.set_min_size(278, 157)
[3313225.136]  -> xdg_toplevel#41.set_max_size(0, 0)
[3313225.146]  -> xdg_surface#43.set_window_geometry(14, 12, 360, 160)
[3313225.156] {Default Queue}  -> wl_compositor#4.create_region(new id wl_region#50)
[3313225.167] {Default Queue}  -> wl_region#50.add(22, 12, 344, 160)
[3313225.175]  -> wl_surface#49.set_opaque_region(wl_region#50)
[3313225.181] {Default Queue}  -> wl_region#50.destroy()
[3313225.188] {Default Queue}  -> wl_compositor#4.create_region(new id wl_region#51)
[3313225.195] {Default Queue}  -> wl_region#51.add(2, 0, 384, 184)
[3313225.203]  -> wl_surface#49.set_input_region(wl_region#51)
[3313225.209] {Default Queue}  -> wl_region#51.destroy()
[3313225.216] {Default Queue}  -> wp_viewport#42.set_destination(388, 189)
[3313225.223]  -> wl_surface#49.frame(new id wl_callback#52)
[3313225.264] {mesa egl surface queue}  -> wl_surface#49.attach(wl_buffer#44, 0, 0)
[3313225.273] {mesa egl surface queue}  -> wl_surface#49.damage_buffer(0, 0, 388, 189)
[3313226.183] {mesa egl surface queue}  -> wl_surface#49.commit()
[3313226.200] {mesa egl surface queue}  -> wl_display#1.sync(new id wl_callback#53)
[3313226.334] {Display Queue} wl_display#1.delete_id(47)
[3313226.347] {Display Queue} wl_display#1.delete_id(35)
[3313226.353] {Default Queue} wl_callback#35.done(285691)
[3313226.409] {Display Queue} wl_display#1.delete_id(46)
[3313226.416] {Display Queue} wl_display#1.delete_id(50)
[3313226.422] {Display Queue} wl_display#1.delete_id(51)
[3313226.428] {Display Queue} wl_display#1.delete_id(53)
[3313228.567] {mesa egl surface queue} wl_callback#47.done(285678)
[3313228.586] {mesa egl surface queue} wl_buffer#36.release()
[3313237.546]  -> wl_surface#23.frame(new id wl_callback#47)
[3313237.578] {mesa egl surface queue}  -> wl_surface#23.attach(wl_buffer#36, 0, 0)
[3313237.586] {mesa egl surface queue}  -> wl_surface#23.damage_buffer(72, 27, 16, 16)
[3313237.591] {mesa egl surface queue}  -> wl_surface#23.damage_buffer(603, 27, 16, 16)
[3313237.596] {mesa egl surface queue}  -> wl_surface#23.damage_buffer(643, 27, 16, 16)
[3313237.600] {mesa egl surface queue}  -> wl_surface#23.damage_buffer(683, 27, 16, 16)
[3313238.154] {mesa egl surface queue}  -> wl_surface#23.commit()
[3313238.162] {mesa egl surface queue}  -> wl_display#1.sync(new id wl_callback#51)
[3313255.934] {Default Queue} wl_keyboard#22.leave(58, wl_surface#23)
[3313255.960] {Default Queue} wl_keyboard#22.enter(59, wl_surface#49, array[0])
[3313255.967] {Default Queue} wl_keyboard#22.modifiers(60, 0, 0, 0, 0)
[3313255.991] {Default Queue} zwp_text_input_v3#34.leave(wl_surface#23)
[3313255.996] {Default Queue} zwp_text_input_v3#34.enter(wl_surface#49)
[3313256.000] {Default Queue} wl_pointer#6.leave(61, wl_surface#23)
[3313256.007] {Default Queue} wl_pointer#6.frame()
[3313256.014] {Default Queue} wl_pointer#6.enter(62, wl_surface#49, -97.00000000, 70.00000000)
[3313256.021] {Default Queue}  -> wp_cursor_shape_device_v1#21.set_shape(62, 1)
[3313256.026] {Default Queue} wl_pointer#6.frame()
[3313256.359] {Display Queue} wl_display#1.delete_id(52)
[3313256.366] {Display Queue} wl_display#1.delete_id(51)
[3313256.370] {Default Queue} wl_callback#52.done(285874)
[3313256.743] {mesa egl surface queue} wl_callback#53.done(285844)
[3313256.752] {mesa egl surface queue} wl_buffer#44.release()
[3313346.827]  -> wl_surface#49.frame(new id wl_callback#53)
[3313346.865] {mesa egl surface queue}  -> wl_surface#49.attach(wl_buffer#44, 0, 0)
[3313346.871] {mesa egl surface queue}  -> wl_surface#49.damage_buffer(347, 23, 16, 16)
[3313347.134] {mesa egl surface queue}  -> wl_surface#49.commit()
[3313347.141] {mesa egl surface queue}  -> wl_display#1.sync(new id wl_callback#52)
[3313347.237] {Display Queue} wl_display#1.delete_id(47)
[3313347.246] {Default Queue} wl_callback#47.done(285930)
[3313347.269] {Display Queue} wl_display#1.delete_id(52)
[3313347.666] {mesa egl surface queue} wl_callback#51.done(285874)
[3313347.674] {mesa egl surface queue} wl_buffer#36.release()
[3313347.919]  -> wl_surface#23.frame(new id wl_callback#51)
[3313347.937] {mesa egl surface queue}  -> wl_surface#23.attach(wl_buffer#36, 0, 0)
[3313347.942] {mesa egl surface queue}  -> wl_surface#23.damage_buffer(37, 206, 75, 32)
[3313350.074] {mesa egl surface queue}  -> wl_surface#23.commit()
[3313350.085] {mesa egl surface queue}  -> wl_display#1.sync(new id wl_callback#47)
[3313356.729] {Display Queue} wl_display#1.delete_id(53)
[3313356.743] {Display Queue} wl_display#1.delete_id(47)
[3313356.746] {Default Queue} wl_callback#53.done(285975)
[3313391.209] {Display Queue} wl_display#1.delete_id(51)
[3313391.224] {Default Queue} wl_callback#51.done(286009)
