
(process:824): Gtk-WARNING **: 10:53:11.457: Locale not supported by C library.
	Using the fallback 'C' locale.
[1453597.990] {Default Queue}  -> wl_display#1.get_registry(new id wl_registry#2)
[1453598.045] {Default Queue}  -> wl_display#1.sync(new id wl_callback#3)
[1453598.333] {Display Queue} wl_display#1.delete_id(3)
[1453598.351] {Default Queue} wl_registry#2.global(1, "wl_compositor", 4)
[1453598.364] {Default Queue}  -> wl_registry#2.bind(1, "wl_compositor", 4, new id [unknown]#4)
[1453598.378] {Default Queue} wl_registry#2.global(2, "xdg_wm_base", 4)
[1453598.389] {Default Queue} wl_registry#2.global(3, "zwp_linux_dmabuf_v1", 3)
[1453598.400] {Default Queue} wl_registry#2.global(4, "wl_output", 4)
[1453598.410] {Default Queue}  -> wl_registry#2.bind(4, "wl_output", 3, new id [unknown]#5)
[1453598.597] {Default Queue}  -> wl_display#1.sync(new id wl_callback#6)
[1453598.611] {Default Queue} wl_registry#2.global(5, "wl_seat", 5)
[1453598.621] {Default Queue} wl_registry#2.global(6, "wl_shm", 1)
[1453598.632] {Default Queue}  -> wl_registry#2.bind(6, "wl_shm", 1, new id [unknown]#7)
[1453598.642] {Default Queue} wl_registry#2.global(7, "xdg_menu_manager_v1", 2)
[1453598.651] {Default Queue} wl_registry#2.global(8, "wl_subcompositor", 1)
[1453598.661] {Default Queue}  -> wl_registry#2.bind(8, "wl_subcompositor", 1, new id [unknown]#8)
[1453598.674] {Default Queue} wl_registry#2.global(9, "wl_data_device_manager", 3)
[1453598.683] {Default Queue}  -> wl_registry#2.bind(9, "wl_data_device_manager", 3, new id [unknown]#9)
[1453598.693] {Default Queue} wl_registry#2.global(10, "zxdg_decoration_manager_v1", 1)
[1453598.702] {Default Queue} wl_registry#2.global(11, "wp_cursor_shape_manager_v1", 1)
[1453598.711] {Default Queue}  -> wl_registry#2.bind(11, "wp_cursor_shape_manager_v1", 1, new id [unknown]#10)
[1453598.720] {Default Queue} wl_registry#2.global(12, "wp_viewporter", 1)
[1453598.729] {Default Queue}  -> wl_registry#2.bind(12, "wp_viewporter", 1, new id [unknown]#11)
[1453598.747] {Default Queue} wl_registry#2.global(13, "zwp_text_input_manager_v3", 1)
[1453598.757] {Default Queue} wl_registry#2.global(16, "keiland_titlebar_manager_v1", 3)
[1453598.766] {Default Queue} wl_registry#2.global(17, "keiland_glass_manager_v1", 2)
[1453598.776] {Default Queue} wl_registry#2.global(18, "zwp_primary_selection_device_manager_v1", 1)
[1453598.785] {Default Queue}  -> wl_registry#2.bind(18, "zwp_primary_selection_device_manager_v1", 1, new id [unknown]#12)
[1453598.799] {Default Queue} wl_registry#2.global(19, "zwp_tablet_manager_v2", 1)
[1453598.808] {Default Queue}  -> wl_registry#2.bind(19, "zwp_tablet_manager_v2", 1, new id [unknown]#13)
[1453598.817] {Default Queue} wl_registry#2.global(21, "keiland_desktop_manager_v1", 1)
[1453598.827] {Default Queue} wl_registry#2.global(22, "keiland_keyboard_inset_manager_v1", 1)
[1453598.836] {Default Queue} wl_registry#2.global(23, "keiland_edit_manager_v1", 1)
[1453598.846] {Default Queue} wl_callback#3.done(163808)
[1453599.957] {Default Queue}  -> wl_shm#7.create_pool(new id wl_shm_pool#3, fd 10, 2304)
[1453599.985] {Default Queue}  -> wl_registry#2.bind(5, "wl_seat", 5, new id [unknown]#14)
[1453614.109] {Default Queue}  -> zwp_primary_selection_device_manager_v1#12.get_device(new id zwp_primary_selection_device_v1#15, wl_seat#14)
[1453614.125] {Default Queue}  -> wl_data_device_manager#9.get_data_device(new id wl_data_device#16, wl_seat#14)
[1453614.202] {Default Queue}  -> wl_compositor#4.create_surface(new id wl_surface#17)
[1453614.208] {Default Queue}  -> wp_viewporter#11.get_viewport(new id wp_viewport#18, wl_surface#17)
[1453614.213] {Default Queue}  -> zwp_tablet_manager_v2#13.get_tablet_seat(new id zwp_tablet_seat_v2#19, wl_seat#14)
[1453614.221] {Default Queue}  -> wl_display#1.sync(new id wl_callback#20)
[1453614.433] {Default Queue} wl_output#5.geometry(0, 0, 0, 0, 0, "Unknown", "Unknown", 0)
[1453614.445] {Default Queue} wl_output#5.mode(3, 1280, 800, 74994)
[1453614.452] {Default Queue} wl_output#5.scale(1)
[1453614.455] {Default Queue} wl_output#5.done()
[1453614.474] {Display Queue} wl_display#1.delete_id(6)
[1453614.486] {Display Queue} wl_display#1.delete_id(20)
[1453614.490] {Default Queue} wl_callback#6.done(163824)
[1453614.494] {Default Queue} wl_shm#7.format(0)
[1453614.497] {Default Queue} wl_shm#7.format(1)
[1453614.501] {Default Queue} wl_seat#14.capabilities(3)
[1453614.505] {Default Queue}  -> wl_seat#14.get_pointer(new id wl_pointer#6)
[1453614.515] {Default Queue}  -> wp_cursor_shape_manager_v1#10.get_pointer(new id wp_cursor_shape_device_v1#21, wl_pointer#6)
[1453614.521] {Default Queue}  -> wl_seat#14.get_keyboard(new id wl_keyboard#22)
[1453614.527] {Default Queue} wl_seat#14.name("seat0")
[1453614.532] {Default Queue} wl_callback#20.done(163824)
[1453614.536] {Default Queue}  -> wl_registry#2.bind(2, "xdg_wm_base", 4, new id [unknown]#20)

(python3:824): Gtk-WARNING **: 10:53:11.573: Unable to acquire the address of the accessibility bus: GDBus.Error:org.freedesktop.DBus.Error.ServiceUnknown: The name org.a11y.Bus was not provided by any .service files. If you are attempting to run GTK without a11y support, GTK_A11Y should be set to 'none'.
[1453659.565] {Default Queue}  -> wl_compositor#4.create_surface(new id wl_surface#23)
[1453659.574] {Default Queue}  -> wp_viewporter#11.get_viewport(new id wp_viewport#24, wl_surface#23)

(python3:824): Gsk-WARNING **: 10:53:11.582: The old GL renderer has been removed. Try GSK_RENDERER=help
Environment variable GSK_RENDERER=gl set, trying GskGLRenderer
[1453754.737] {mesa egl display queue}  -> wl_display#1.get_registry(new id wl_registry#25)
[1453754.772] {mesa egl display queue}  -> wl_display#1.sync(new id wl_callback#26)
[1453755.028] {Display Queue} wl_display#1.delete_id(26)
[1453755.063] {mesa egl display queue} wl_registry#25.global(1, "wl_compositor", 4)
[1453755.074] {mesa egl display queue} wl_registry#25.global(2, "xdg_wm_base", 4)
[1453755.082] {mesa egl display queue} wl_registry#25.global(3, "zwp_linux_dmabuf_v1", 3)
[1453755.091] {mesa egl display queue}  -> wl_registry#25.bind(3, "zwp_linux_dmabuf_v1", 3, new id [unknown]#27)
[1453755.102] {mesa egl display queue} wl_registry#25.global(4, "wl_output", 4)
[1453755.110] {mesa egl display queue} wl_registry#25.global(5, "wl_seat", 5)
[1453755.118] {mesa egl display queue} wl_registry#25.global(6, "wl_shm", 1)
[1453755.126] {mesa egl display queue} wl_registry#25.global(7, "xdg_menu_manager_v1", 2)
[1453755.134] {mesa egl display queue} wl_registry#25.global(8, "wl_subcompositor", 1)
[1453755.142] {mesa egl display queue} wl_registry#25.global(9, "wl_data_device_manager", 3)
[1453755.149] {mesa egl display queue} wl_registry#25.global(10, "zxdg_decoration_manager_v1", 1)
[1453755.157] {mesa egl display queue} wl_registry#25.global(11, "wp_cursor_shape_manager_v1", 1)
[1453755.165] {mesa egl display queue} wl_registry#25.global(12, "wp_viewporter", 1)
[1453755.173] {mesa egl display queue} wl_registry#25.global(13, "zwp_text_input_manager_v3", 1)
[1453755.180] {mesa egl display queue} wl_registry#25.global(16, "keiland_titlebar_manager_v1", 3)
[1453755.188] {mesa egl display queue} wl_registry#25.global(17, "keiland_glass_manager_v1", 2)
[1453755.195] {mesa egl display queue} wl_registry#25.global(18, "zwp_primary_selection_device_manager_v1", 1)
[1453755.203] {mesa egl display queue} wl_registry#25.global(19, "zwp_tablet_manager_v2", 1)
[1453755.211] {mesa egl display queue} wl_registry#25.global(21, "keiland_desktop_manager_v1", 1)
[1453755.219] {mesa egl display queue} wl_registry#25.global(22, "keiland_keyboard_inset_manager_v1", 1)
[1453755.226] {mesa egl display queue} wl_registry#25.global(23, "keiland_edit_manager_v1", 1)
[1453755.234] {mesa egl display queue} wl_callback#26.done(163965)
[1453755.244] {mesa egl display queue}  -> wl_display#1.sync(new id wl_callback#26)
[1453755.328] {Display Queue} wl_display#1.delete_id(26)
[1453755.338] {mesa egl display queue} zwp_linux_dmabuf_v1#27.format(875713089)
[1453755.346] {mesa egl display queue} zwp_linux_dmabuf_v1#27.modifier(875713089, 0, 0)
[1453755.355] {mesa egl display queue} zwp_linux_dmabuf_v1#27.format(875713112)
[1453755.373] {mesa egl display queue} zwp_linux_dmabuf_v1#27.modifier(875713112, 0, 0)
[1453755.381] {mesa egl display queue} wl_callback#26.done(163965)
[1453755.392] {mesa egl display queue}  -> zwp_linux_dmabuf_v1#27.destroy()
[1453755.417] {mesa egl swrast display queue}  -> wl_display#1.get_registry(new id wl_registry#26)
[1453755.425] {mesa egl swrast display queue}  -> wl_display#1.sync(new id wl_callback#28)
[1453755.528] {Display Queue} wl_display#1.delete_id(27)
[1453755.538] {Display Queue} wl_display#1.delete_id(28)
[1453755.553] {mesa egl swrast display queue} wl_registry#26.global(1, "wl_compositor", 4)
[1453755.564] {mesa egl swrast display queue} wl_registry#26.global(2, "xdg_wm_base", 4)
[1453755.572] {mesa egl swrast display queue} wl_registry#26.global(3, "zwp_linux_dmabuf_v1", 3)
[1453755.580] {mesa egl swrast display queue}  -> wl_registry#26.bind(3, "zwp_linux_dmabuf_v1", 3, new id [unknown]#27)
[1453755.590] {mesa egl swrast display queue} wl_registry#26.global(4, "wl_output", 4)
[1453755.597] {mesa egl swrast display queue} wl_registry#26.global(5, "wl_seat", 5)
[1453755.605] {mesa egl swrast display queue} wl_registry#26.global(6, "wl_shm", 1)
[1453755.613] {mesa egl swrast display queue}  -> wl_registry#26.bind(6, "wl_shm", 1, new id [unknown]#29)
[1453755.622] {mesa egl swrast display queue} wl_registry#26.global(7, "xdg_menu_manager_v1", 2)
[1453755.630] {mesa egl swrast display queue} wl_registry#26.global(8, "wl_subcompositor", 1)
[1453755.638] {mesa egl swrast display queue} wl_registry#26.global(9, "wl_data_device_manager", 3)
[1453755.645] {mesa egl swrast display queue} wl_registry#26.global(10, "zxdg_decoration_manager_v1", 1)
[1453755.653] {mesa egl swrast display queue} wl_registry#26.global(11, "wp_cursor_shape_manager_v1", 1)
[1453755.660] {mesa egl swrast display queue} wl_registry#26.global(12, "wp_viewporter", 1)
[1453755.668] {mesa egl swrast display queue} wl_registry#26.global(13, "zwp_text_input_manager_v3", 1)
[1453755.676] {mesa egl swrast display queue} wl_registry#26.global(16, "keiland_titlebar_manager_v1", 3)
[1453755.684] {mesa egl swrast display queue} wl_registry#26.global(17, "keiland_glass_manager_v1", 2)
[1453755.692] {mesa egl swrast display queue} wl_registry#26.global(18, "zwp_primary_selection_device_manager_v1", 1)
[1453755.699] {mesa egl swrast display queue} wl_registry#26.global(19, "zwp_tablet_manager_v2", 1)
[1453755.707] {mesa egl swrast display queue} wl_registry#26.global(21, "keiland_desktop_manager_v1", 1)
[1453755.715] {mesa egl swrast display queue} wl_registry#26.global(22, "keiland_keyboard_inset_manager_v1", 1)
[1453755.722] {mesa egl swrast display queue} wl_registry#26.global(23, "keiland_edit_manager_v1", 1)
[1453755.730] {mesa egl swrast display queue} wl_callback#28.done(163965)
[1453755.738] {mesa egl swrast display queue}  -> wl_display#1.sync(new id wl_callback#28)
[1453755.818] {Display Queue} wl_display#1.delete_id(28)
[1453755.827] {mesa egl swrast display queue} zwp_linux_dmabuf_v1#27.format(875713089)
[1453755.835] {mesa egl swrast display queue} zwp_linux_dmabuf_v1#27.modifier(875713089, 0, 0)
[1453755.843] {mesa egl swrast display queue} zwp_linux_dmabuf_v1#27.format(875713112)
[1453755.849] {mesa egl swrast display queue} zwp_linux_dmabuf_v1#27.modifier(875713112, 0, 0)
[1453755.857] {mesa egl swrast display queue} wl_shm#29.format(0)
[1453755.864] {mesa egl swrast display queue} wl_shm#29.format(1)
[1453755.871] {mesa egl swrast display queue} wl_callback#28.done(163966)
[1453755.879] {mesa egl swrast display queue}  -> wl_display#1.sync(new id wl_callback#28)
[1453755.932] {Display Queue} wl_display#1.delete_id(28)
[1453755.941] {mesa egl swrast display queue} wl_callback#28.done(163966)
[1453755.951] {mesa egl swrast display queue}  -> zwp_linux_dmabuf_v1#27.destroy()
[1453755.963] {mesa egl swrast display queue}  -> wl_display#1.get_registry(new id wl_registry#28)
[1453755.982] {mesa egl swrast display queue}  -> wl_display#1.sync(new id wl_callback#30)
[1453756.078] {Display Queue} wl_display#1.delete_id(27)
[1453756.095] {Display Queue} wl_display#1.delete_id(30)
[1453756.102] {mesa egl swrast display queue} wl_registry#28.global(1, "wl_compositor", 4)
[1453756.111] {mesa egl swrast display queue} wl_registry#28.global(2, "xdg_wm_base", 4)
[1453756.118] {mesa egl swrast display queue} wl_registry#28.global(3, "zwp_linux_dmabuf_v1", 3)
[1453756.126] {mesa egl swrast display queue} wl_registry#28.global(4, "wl_output", 4)
[1453756.134] {mesa egl swrast display queue} wl_registry#28.global(5, "wl_seat", 5)
[1453756.141] {mesa egl swrast display queue} wl_registry#28.global(6, "wl_shm", 1)
[1453756.150] {mesa egl swrast display queue}  -> wl_registry#28.bind(6, "wl_shm", 1, new id [unknown]#27)
[1453756.159] {mesa egl swrast display queue} wl_registry#28.global(7, "xdg_menu_manager_v1", 2)
[1453756.167] {mesa egl swrast display queue} wl_registry#28.global(8, "wl_subcompositor", 1)
[1453756.175] {mesa egl swrast display queue} wl_registry#28.global(9, "wl_data_device_manager", 3)
[1453756.182] {mesa egl swrast display queue} wl_registry#28.global(10, "zxdg_decoration_manager_v1", 1)
[1453756.190] {mesa egl swrast display queue} wl_registry#28.global(11, "wp_cursor_shape_manager_v1", 1)
[1453756.198] {mesa egl swrast display queue} wl_registry#28.global(12, "wp_viewporter", 1)
[1453756.205] {mesa egl swrast display queue} wl_registry#28.global(13, "zwp_text_input_manager_v3", 1)
[1453756.213] {mesa egl swrast display queue} wl_registry#28.global(16, "keiland_titlebar_manager_v1", 3)
[1453756.221] {mesa egl swrast display queue} wl_registry#28.global(17, "keiland_glass_manager_v1", 2)
[1453756.228] {mesa egl swrast display queue} wl_registry#28.global(18, "zwp_primary_selection_device_manager_v1", 1)
[1453756.236] {mesa egl swrast display queue} wl_registry#28.global(19, "zwp_tablet_manager_v2", 1)
[1453756.243] {mesa egl swrast display queue} wl_registry#28.global(21, "keiland_desktop_manager_v1", 1)
[1453756.251] {mesa egl swrast display queue} wl_registry#28.global(22, "keiland_keyboard_inset_manager_v1", 1)
[1453756.259] {mesa egl swrast display queue} wl_registry#28.global(23, "keiland_edit_manager_v1", 1)
[1453756.266] {mesa egl swrast display queue} wl_callback#30.done(163966)
[1453756.274] {mesa egl swrast display queue}  -> wl_display#1.sync(new id wl_callback#30)
[1453756.337] {Display Queue} wl_display#1.delete_id(30)
[1453756.346] {mesa egl swrast display queue} wl_shm#27.format(0)
[1453756.353] {mesa egl swrast display queue} wl_shm#27.format(1)
[1453756.360] {mesa egl swrast display queue} wl_callback#30.done(163966)
Using renderer 'GskGLRenderer' for surface 'GdkWaylandToplevel'
[1453915.967] {Default Queue}  -> xdg_wm_base#20.get_xdg_surface(new id xdg_surface#30, wl_surface#23)
[1453915.976]  -> xdg_surface#30.get_toplevel(new id xdg_toplevel#31)
[1453915.980]  -> xdg_toplevel#31.set_parent(nil)
[1453915.983]  -> xdg_toplevel#31.set_title("Q592 A GL")
[1453915.985]  -> xdg_toplevel#31.set_app_id("org.zedbsd.Q592A")
[1453915.988]  -> wl_surface#23.commit()
[1453924.148] {Default Queue}  -> wl_display#1.get_registry(new id wl_registry#32)
[1453924.904] {Default Queue} wl_keyboard#22.keymap(1, fd 12, 6896)
[1453925.490] {Default Queue} wl_keyboard#22.repeat_info(25, 400)
[1453926.107] {Default Queue} wl_registry#32.global(1, "wl_compositor", 4)
[1453926.117] {Default Queue} wl_registry#32.global(2, "xdg_wm_base", 4)
[1453926.120] {Default Queue} wl_registry#32.global(3, "zwp_linux_dmabuf_v1", 3)
[1453926.123] {Default Queue} wl_registry#32.global(4, "wl_output", 4)
[1453926.126] {Default Queue} wl_registry#32.global(5, "wl_seat", 5)
[1453926.129] {Default Queue} wl_registry#32.global(6, "wl_shm", 1)
[1453926.132] {Default Queue} wl_registry#32.global(7, "xdg_menu_manager_v1", 2)
[1453926.134] {Default Queue} wl_registry#32.global(8, "wl_subcompositor", 1)
[1453926.137] {Default Queue} wl_registry#32.global(9, "wl_data_device_manager", 3)
[1453926.140] {Default Queue} wl_registry#32.global(10, "zxdg_decoration_manager_v1", 1)
[1453926.143] {Default Queue} wl_registry#32.global(11, "wp_cursor_shape_manager_v1", 1)
[1453926.152] {Default Queue} wl_registry#32.global(12, "wp_viewporter", 1)
[1453926.155] {Default Queue} wl_registry#32.global(13, "zwp_text_input_manager_v3", 1)
[1453926.158] {Default Queue}  -> wl_registry#32.bind(13, "zwp_text_input_manager_v3", 1, new id [unknown]#33)
[1453926.164] {Default Queue}  -> zwp_text_input_manager_v3#33.get_text_input(new id zwp_text_input_v3#34, wl_seat#14)
[1453926.168] {Default Queue} wl_registry#32.global(16, "keiland_titlebar_manager_v1", 3)
[1453926.171] {Default Queue} wl_registry#32.global(17, "keiland_glass_manager_v1", 2)
[1453926.174] {Default Queue} wl_registry#32.global(18, "zwp_primary_selection_device_manager_v1", 1)
[1453926.176] {Default Queue} wl_registry#32.global(19, "zwp_tablet_manager_v2", 1)
[1453926.179] {Default Queue} wl_registry#32.global(21, "keiland_desktop_manager_v1", 1)
[1453926.182] {Default Queue} wl_registry#32.global(22, "keiland_keyboard_inset_manager_v1", 1)
[1453926.185] {Default Queue} wl_registry#32.global(23, "keiland_edit_manager_v1", 1)
[1453926.188] xdg_toplevel#31.configure_bounds(1256, 690)
[1453926.192] xdg_toplevel#31.configure(0, 0, array[4])
[1453926.196] xdg_surface#30.configure(18)
[1453926.212]  -> xdg_surface#30.ack_configure(18)
[1453931.904]  -> xdg_toplevel#31.set_min_size(485, 338)
[1453931.931]  -> xdg_toplevel#31.set_max_size(0, 0)
[1453943.405] {mesa egl swrast display queue}  -> wl_shm#27.create_pool(new id wl_shm_pool#35, fd 18, 1423968)
[1453943.426] {mesa egl surface queue}  -> wl_shm_pool#35.create_buffer(new id wl_buffer#36, 0, 728, 489, 2912, 0)
[1453943.437] {mesa egl surface queue}  -> wl_shm_pool#35.destroy()
[1454176.230]  -> xdg_toplevel#31.set_min_size(457, 309)
[1454176.241]  -> xdg_toplevel#31.set_max_size(0, 0)
[1454176.261]  -> xdg_surface#30.set_window_geometry(14, 12, 700, 460)
[1454176.267] {Default Queue}  -> wl_compositor#4.create_region(new id wl_region#37)
[1454176.274] {Default Queue}  -> wl_region#37.add(14, 20, 700, 452)
[1454176.277]  -> wl_surface#23.set_opaque_region(wl_region#37)
[1454176.279] {Default Queue}  -> wl_region#37.destroy()
[1454176.282] {Default Queue}  -> wl_compositor#4.create_region(new id wl_region#38)
[1454176.285] {Default Queue}  -> wl_region#38.add(2, 0, 724, 484)
[1454176.288]  -> wl_surface#23.set_input_region(wl_region#38)
[1454176.291] {Default Queue}  -> wl_region#38.destroy()
[1454176.293] {Default Queue}  -> wp_viewport#24.set_destination(728, 489)
[1454176.297]  -> wl_surface#23.frame(new id wl_callback#39)
[1454176.326] {mesa egl surface queue}  -> wl_surface#23.attach(wl_buffer#36, 0, 0)
[1454176.331] {mesa egl surface queue}  -> wl_surface#23.damage_buffer(0, 0, 728, 489)
[1454180.999] {mesa egl surface queue}  -> wl_surface#23.commit()
[1454181.025] {mesa egl surface queue}  -> wl_display#1.sync(new id wl_callback#40)
[1454181.445] {Display Queue} wl_display#1.delete_id(35)
[1454181.463] {Display Queue} wl_display#1.delete_id(37)
[1454181.472] {Display Queue} wl_display#1.delete_id(38)
[1454181.480] {Display Queue} wl_display#1.delete_id(40)
[1454211.339] {Default Queue} wl_data_device#16.selection(nil)
[1454211.376] {Default Queue} zwp_primary_selection_device_v1#15.selection(nil)
[1454211.387] {Default Queue} wl_keyboard#22.enter(19, wl_surface#23, array[0])
[1454211.410] {Default Queue} wl_keyboard#22.modifiers(20, 0, 0, 0, 0)
[1454211.453] {Default Queue} zwp_text_input_v3#34.enter(wl_surface#23)
[1454211.461] {Default Queue}  -> zwp_text_input_v3#34.enable()
[1454211.495] {Default Queue}  -> zwp_text_input_v3#34.set_surrounding_text("q592 Ω copy-ünï", 18, 0)
[1454211.502] {Default Queue}  -> zwp_text_input_v3#34.set_text_change_cause(1)
[1454211.516] {Default Queue}  -> zwp_text_input_v3#34.set_content_type(0, 0)
[1454211.537] {Default Queue}  -> zwp_text_input_v3#34.set_cursor_rectangle(152, 112, 0, 32)
[1454211.544] {Default Queue}  -> zwp_text_input_v3#34.commit()
[1454211.550] {Default Queue} wl_pointer#6.enter(21, wl_surface#23, 364.00000000, 202.00000000)
[1454211.562] {Default Queue} wl_pointer#6.frame()
[1454211.584] {Default Queue}  -> wp_cursor_shape_device_v1#21.set_shape(21, 1)
[1454213.264] {Display Queue} wl_display#1.delete_id(39)
[1454213.279] {Default Queue} wl_callback#39.done(164423)
[1454214.284] {mesa egl surface queue} wl_callback#40.done(164391)
[1454214.298] {mesa egl surface queue} wl_buffer#36.release()
[1454214.732]  -> wl_surface#23.frame(new id wl_callback#40)
[1454214.766] {mesa egl surface queue}  -> wl_surface#23.attach(wl_buffer#36, 0, 0)
[1454214.775] {mesa egl surface queue}  -> wl_surface#23.damage_buffer(32, 107, 664, 42)
[1454215.489] {mesa egl surface queue}  -> wl_surface#23.commit()
[1454215.505] {mesa egl surface queue}  -> wl_display#1.sync(new id wl_callback#39)
[1454215.626] {Display Queue} wl_display#1.delete_id(39)
[1454231.794] {Display Queue} wl_display#1.delete_id(40)
[1454231.822] {Default Queue} wl_callback#40.done(164442)
[1454232.136] {mesa egl surface queue} wl_callback#39.done(164425)
[1454232.145] {mesa egl surface queue} wl_buffer#36.release()
[1454232.400]  -> wl_surface#23.frame(new id wl_callback#39)
[1454232.420] {mesa egl surface queue}  -> wl_surface#23.attach(wl_buffer#36, 0, 0)
[1454232.427] {mesa egl surface queue}  -> wl_surface#23.damage_buffer(35, 110, 658, 36)
[1454233.117] {mesa egl surface queue}  -> wl_surface#23.commit()
[1454233.126] {mesa egl surface queue}  -> wl_display#1.sync(new id wl_callback#40)
[1454233.189] {Display Queue} wl_display#1.delete_id(40)
[1454242.805] {Display Queue} wl_display#1.delete_id(39)
[1454242.832] {Default Queue} wl_callback#39.done(164453)
[1478035.158] {Default Queue} wl_pointer#6.motion(188244, 56.00000000, 33.00000000)
[1478035.348] {Default Queue} wl_pointer#6.frame()
[1478040.452] {mesa egl surface queue} wl_callback#40.done(164443)
[1478040.487] {mesa egl surface queue} wl_buffer#36.release()
[1478048.822]  -> wl_surface#23.frame(new id wl_callback#40)
[1478048.900] {mesa egl surface queue}  -> wl_surface#23.attach(wl_buffer#36, 0, 0)
[1478048.911] {mesa egl surface queue}  -> wl_surface#23.damage_buffer(21, 19, 77, 32)
[1478050.401] {mesa egl surface queue}  -> wl_surface#23.commit()
[1478050.415] {mesa egl surface queue}  -> wl_display#1.sync(new id wl_callback#39)
[1478056.014] {Display Queue} wl_display#1.delete_id(39)
[1478068.318] {Display Queue} wl_display#1.delete_id(40)
[1478068.342] {Default Queue} wl_callback#40.done(188278)
[1478185.101] {Default Queue} wl_pointer#6.button(22, 188394, 272, 1)
[1478185.163] {Default Queue} xdg_wm_base#20.ping(23)
[1478185.195] {Default Queue}  -> xdg_wm_base#20.pong(23)
[1478185.206] {Default Queue} wl_pointer#6.frame()
[1478185.843] {Default Queue}  -> zwp_text_input_v3#34.disable()
[1478185.899] {Default Queue}  -> zwp_text_input_v3#34.commit()
[1478188.546] {mesa egl surface queue} wl_callback#39.done(188266)
[1478188.570] {mesa egl surface queue} wl_buffer#36.release()
[1478190.793]  -> wl_surface#23.frame(new id wl_callback#39)
[1478190.844] {mesa egl surface queue}  -> wl_surface#23.attach(wl_buffer#36, 0, 0)
[1478190.858] {mesa egl surface queue}  -> wl_surface#23.damage_buffer(17, 16, 85, 40)
[1478190.868] {mesa egl surface queue}  -> wl_surface#23.damage_buffer(45, 119, 107, 18)
[1478191.802] {mesa egl surface queue}  -> wl_surface#23.commit()
[1478191.821] {mesa egl surface queue}  -> wl_display#1.sync(new id wl_callback#40)
[1478191.992] {Display Queue} wl_display#1.delete_id(40)
[1478207.202] {Display Queue} wl_display#1.delete_id(39)
[1478207.224] {Default Queue} wl_callback#39.done(188417)
[1478207.648] {mesa egl surface queue} wl_callback#40.done(188402)
[1478207.664] {mesa egl surface queue} wl_buffer#36.release()
[1478208.133]  -> wl_surface#23.frame(new id wl_callback#40)
[1478208.168] {mesa egl surface queue}  -> wl_surface#23.attach(wl_buffer#36, 0, 0)
[1478208.178] {mesa egl surface queue}  -> wl_surface#23.damage_buffer(35, 110, 658, 36)
[1478209.170] {mesa egl surface queue}  -> wl_surface#23.commit()
[1478209.185] {mesa egl surface queue}  -> wl_display#1.sync(new id wl_callback#39)
[1478209.339] {Display Queue} wl_display#1.delete_id(39)
[1478223.486] {Display Queue} wl_display#1.delete_id(40)
[1478223.531] {Default Queue} wl_callback#40.done(188433)
[1478223.977] {mesa egl surface queue} wl_callback#39.done(188419)
[1478223.995] {mesa egl surface queue} wl_buffer#36.release()
[1478224.433]  -> wl_surface#23.frame(new id wl_callback#39)
[1478224.483] {mesa egl surface queue}  -> wl_surface#23.attach(wl_buffer#36, 0, 0)
[1478224.492] {mesa egl surface queue}  -> wl_surface#23.damage_buffer(35, 110, 658, 36)
[1478225.520] {mesa egl surface queue}  -> wl_surface#23.commit()
[1478225.534] {mesa egl surface queue}  -> wl_display#1.sync(new id wl_callback#40)
[1478225.643] {Display Queue} wl_display#1.delete_id(40)
[1478239.626] {Display Queue} wl_display#1.delete_id(39)
[1478239.653] {Default Queue} wl_callback#39.done(188449)
[1478240.708] {mesa egl surface queue} wl_callback#40.done(188435)
[1478240.723] {mesa egl surface queue} wl_buffer#36.release()
[1478241.116]  -> wl_surface#23.frame(new id wl_callback#40)
[1478241.153] {mesa egl surface queue}  -> wl_surface#23.attach(wl_buffer#36, 0, 0)
[1478241.163] {mesa egl surface queue}  -> wl_surface#23.damage_buffer(34, 109, 660, 38)
[1478243.000] {mesa egl surface queue}  -> wl_surface#23.commit()
[1478243.015] {mesa egl surface queue}  -> wl_display#1.sync(new id wl_callback#39)
[1478243.134] {Display Queue} wl_display#1.delete_id(39)
[1478256.161] {Display Queue} wl_display#1.delete_id(40)
[1478256.188] {Default Queue} wl_callback#40.done(188466)
[1478256.613] {mesa egl surface queue} wl_callback#39.done(188453)
[1478256.632] {mesa egl surface queue} wl_buffer#36.release()
[1478257.058]  -> wl_surface#23.frame(new id wl_callback#39)
[1478257.093] {mesa egl surface queue}  -> wl_surface#23.attach(wl_buffer#36, 0, 0)
[1478257.105] {mesa egl surface queue}  -> wl_surface#23.damage_buffer(34, 109, 660, 38)
[1478258.278] {mesa egl surface queue}  -> wl_surface#23.commit()
[1478258.298] {mesa egl surface queue}  -> wl_display#1.sync(new id wl_callback#40)
[1478258.434] {Display Queue} wl_display#1.delete_id(40)
[1478272.497] {Display Queue} wl_display#1.delete_id(39)
[1478272.525] {Default Queue} wl_callback#39.done(188482)
[1478272.878] {mesa egl surface queue} wl_callback#40.done(188468)
[1478272.889] {mesa egl surface queue} wl_buffer#36.release()
[1478273.158]  -> wl_surface#23.frame(new id wl_callback#40)
[1478273.180] {mesa egl surface queue}  -> wl_surface#23.attach(wl_buffer#36, 0, 0)
[1478273.187] {mesa egl surface queue}  -> wl_surface#23.damage_buffer(33, 108, 662, 40)
[1478274.229] {mesa egl surface queue}  -> wl_surface#23.commit()
[1478274.242] {mesa egl surface queue}  -> wl_display#1.sync(new id wl_callback#39)
[1478274.349] {Display Queue} wl_display#1.delete_id(39)
[1478289.230] {Display Queue} wl_display#1.delete_id(40)
[1478289.250] {Default Queue} wl_callback#40.done(188499)
[1478289.585] {mesa egl surface queue} wl_callback#39.done(188484)
[1478289.598] {mesa egl surface queue} wl_buffer#36.release()
[1478290.009]  -> wl_surface#23.frame(new id wl_callback#39)
[1478290.040] {mesa egl surface queue}  -> wl_surface#23.attach(wl_buffer#36, 0, 0)
[1478290.049] {mesa egl surface queue}  -> wl_surface#23.damage_buffer(33, 108, 662, 40)
[1478291.145] {mesa egl surface queue}  -> wl_surface#23.commit()
[1478291.165] {mesa egl surface queue}  -> wl_display#1.sync(new id wl_callback#40)
[1478291.301] {Display Queue} wl_display#1.delete_id(40)
[1478305.673] {Display Queue} wl_display#1.delete_id(39)
[1478305.765] {Default Queue} wl_callback#39.done(188515)
[1478306.335] {mesa egl surface queue} wl_callback#40.done(188501)
[1478306.357] {mesa egl surface queue} wl_buffer#36.release()
[1478306.860]  -> wl_surface#23.frame(new id wl_callback#40)
[1478306.925] {mesa egl surface queue}  -> wl_surface#23.attach(wl_buffer#36, 0, 0)
[1478306.950] {mesa egl surface queue}  -> wl_surface#23.damage_buffer(33, 108, 662, 40)
[1478308.182] {mesa egl surface queue}  -> wl_surface#23.commit()
[1478308.206] {mesa egl surface queue}  -> wl_display#1.sync(new id wl_callback#39)
[1478308.424] {Display Queue} wl_display#1.delete_id(39)
[1478325.034] {Display Queue} wl_display#1.delete_id(40)
[1478325.076] {Default Queue} wl_callback#40.done(188535)
[1478325.537] {mesa egl surface queue} wl_callback#39.done(188518)
[1478325.553] {mesa egl surface queue} wl_buffer#36.release()
[1478326.040]  -> wl_surface#23.frame(new id wl_callback#39)
[1478326.093] {mesa egl surface queue}  -> wl_surface#23.attach(wl_buffer#36, 0, 0)
[1478326.113] {mesa egl surface queue}  -> wl_surface#23.damage_buffer(33, 108, 662, 40)
[1478327.017] {mesa egl surface queue}  -> wl_surface#23.commit()
[1478327.035] {mesa egl surface queue}  -> wl_display#1.sync(new id wl_callback#40)
[1478327.194] {Display Queue} wl_display#1.delete_id(40)
[1478344.851] {Display Queue} wl_display#1.delete_id(39)
[1478344.876] {Default Queue} wl_callback#39.done(188555)
[1478345.214] {mesa egl surface queue} wl_callback#40.done(188537)
[1478345.224] {mesa egl surface queue} wl_buffer#36.release()
[1478345.540]  -> wl_surface#23.frame(new id wl_callback#40)
[1478345.577] {mesa egl surface queue}  -> wl_surface#23.attach(wl_buffer#36, 0, 0)
[1478345.590] {mesa egl surface queue}  -> wl_surface#23.damage_buffer(32, 107, 664, 42)
[1478346.633] {mesa egl surface queue}  -> wl_surface#23.commit()
[1478346.649] {mesa egl surface queue}  -> wl_display#1.sync(new id wl_callback#39)
[1478346.804] {Display Queue} wl_display#1.delete_id(39)
[1478360.233] {Display Queue} wl_display#1.delete_id(40)
[1478360.253] {Default Queue} wl_callback#40.done(188570)
[1478360.652] {mesa egl surface queue} wl_callback#39.done(188557)
[1478360.664] {mesa egl surface queue} wl_buffer#36.release()
[1478361.033]  -> wl_surface#23.frame(new id wl_callback#39)
[1478361.070] {mesa egl surface queue}  -> wl_surface#23.attach(wl_buffer#36, 0, 0)
[1478361.084] {mesa egl surface queue}  -> wl_surface#23.damage_buffer(32, 107, 664, 42)
[1478362.159] {mesa egl surface queue}  -> wl_surface#23.commit()
[1478362.176] {mesa egl surface queue}  -> wl_display#1.sync(new id wl_callback#40)
[1478362.304] {Display Queue} wl_display#1.delete_id(40)
[1478375.214] {Display Queue} wl_display#1.delete_id(39)
[1478375.228] {Default Queue} wl_callback#39.done(188585)
[1478375.527] {mesa egl surface queue} wl_callback#40.done(188572)
[1478375.537] {mesa egl surface queue} wl_buffer#36.release()
[1478375.819]  -> wl_surface#23.frame(new id wl_callback#40)
[1478375.848] {mesa egl surface queue}  -> wl_surface#23.attach(wl_buffer#36, 0, 0)
[1478375.859] {mesa egl surface queue}  -> wl_surface#23.damage_buffer(32, 107, 664, 42)
[1478376.769] {mesa egl surface queue}  -> wl_surface#23.commit()
[1478376.783] {mesa egl surface queue}  -> wl_display#1.sync(new id wl_callback#39)
[1478376.877] {Display Queue} wl_display#1.delete_id(39)
[1478391.621] {Display Queue} wl_display#1.delete_id(40)
[1478391.636] {Default Queue} wl_callback#40.done(188601)
[1478391.907] {mesa egl surface queue} wl_callback#39.done(188587)
[1478391.917] {mesa egl surface queue} wl_buffer#36.release()
[1478392.158]  -> wl_surface#23.frame(new id wl_callback#39)
[1478392.184] {mesa egl surface queue}  -> wl_surface#23.attach(wl_buffer#36, 0, 0)
[1478392.193] {mesa egl surface queue}  -> wl_surface#23.damage_buffer(32, 107, 664, 42)
[1478393.034] {mesa egl surface queue}  -> wl_surface#23.commit()
[1478393.047] {mesa egl surface queue}  -> wl_display#1.sync(new id wl_callback#40)
[1478393.131] {Display Queue} wl_display#1.delete_id(40)
[1478405.385] {Display Queue} wl_display#1.delete_id(39)
[1478405.413] {Default Queue} wl_callback#39.done(188615)
[1478405.954] {mesa egl surface queue} wl_callback#40.done(188603)
[1478405.971] {mesa egl surface queue} wl_buffer#36.release()
[1478406.346]  -> wl_surface#23.frame(new id wl_callback#40)
[1478406.375] {mesa egl surface queue}  -> wl_surface#23.attach(wl_buffer#36, 0, 0)
[1478406.384] {mesa egl surface queue}  -> wl_surface#23.damage_buffer(32, 107, 664, 42)
[1478407.291] {mesa egl surface queue}  -> wl_surface#23.commit()
[1478407.306] {mesa egl surface queue}  -> wl_display#1.sync(new id wl_callback#39)
[1478407.413] {Display Queue} wl_display#1.delete_id(39)
[1478418.302] {Display Queue} wl_display#1.delete_id(40)
[1478418.352] {Default Queue} wl_callback#40.done(188628)
[1478418.730] {mesa egl surface queue} wl_callback#39.done(188617)
[1478418.745] {mesa egl surface queue} wl_buffer#36.release()
[1478419.123]  -> wl_surface#23.frame(new id wl_callback#39)
[1478419.155] {mesa egl surface queue}  -> wl_surface#23.attach(wl_buffer#36, 0, 0)
[1478419.165] {mesa egl surface queue}  -> wl_surface#23.damage_buffer(32, 107, 664, 42)
[1478420.079] {mesa egl surface queue}  -> wl_surface#23.commit()
[1478420.096] {mesa egl surface queue}  -> wl_display#1.sync(new id wl_callback#40)
[1478420.204] {Display Queue} wl_display#1.delete_id(40)
[1478434.086] {Display Queue} wl_display#1.delete_id(39)
[1478434.117] {Default Queue} wl_callback#39.done(188644)
[1478434.581] {mesa egl surface queue} wl_callback#40.done(188630)
[1478434.600] {mesa egl surface queue} wl_buffer#36.release()
[1478435.066]  -> wl_surface#23.frame(new id wl_callback#40)
[1478435.106] {mesa egl surface queue}  -> wl_surface#23.attach(wl_buffer#36, 0, 0)
[1478435.119] {mesa egl surface queue}  -> wl_surface#23.damage_buffer(32, 107, 664, 42)
[1478435.985] {mesa egl surface queue}  -> wl_surface#23.commit()
[1478436.005] {mesa egl surface queue}  -> wl_display#1.sync(new id wl_callback#39)
[1478436.139] {Display Queue} wl_display#1.delete_id(39)
[1478447.594] {Display Queue} wl_display#1.delete_id(40)
[1478447.621] {Default Queue} wl_callback#40.done(188657)
[1478448.028] {mesa egl surface queue} wl_callback#39.done(188646)
[1478448.044] {mesa egl surface queue} wl_buffer#36.release()
[1478448.491]  -> wl_surface#23.frame(new id wl_callback#39)
[1478448.527] {mesa egl surface queue}  -> wl_surface#23.attach(wl_buffer#36, 0, 0)
[1478448.539] {mesa egl surface queue}  -> wl_surface#23.damage_buffer(32, 107, 664, 42)
[1478449.544] {mesa egl surface queue}  -> wl_surface#23.commit()
[1478449.562] {mesa egl surface queue}  -> wl_display#1.sync(new id wl_callback#40)
[1478449.744] {Display Queue} wl_display#1.delete_id(40)
[1478466.474] {Display Queue} wl_display#1.delete_id(39)
[1478466.502] {Default Queue} wl_callback#39.done(188676)
[1478466.923] {mesa egl surface queue} wl_callback#40.done(188659)
[1478466.936] {mesa egl surface queue} wl_buffer#36.release()
[1478467.272]  -> wl_surface#23.frame(new id wl_callback#40)
[1478467.298] {mesa egl surface queue}  -> wl_surface#23.attach(wl_buffer#36, 0, 0)
[1478467.306] {mesa egl surface queue}  -> wl_surface#23.damage_buffer(32, 107, 664, 42)
[1478468.258] {mesa egl surface queue}  -> wl_surface#23.commit()
[1478468.272] {mesa egl surface queue}  -> wl_display#1.sync(new id wl_callback#39)
[1478468.428] {Display Queue} wl_display#1.delete_id(39)
[1478480.432] {Display Queue} wl_display#1.delete_id(40)
[1478480.459] {Default Queue} wl_callback#40.done(188690)
[1478480.892] {mesa egl surface queue} wl_callback#39.done(188678)
[1478480.905] {mesa egl surface queue} wl_buffer#36.release()
[1478481.231]  -> wl_surface#23.frame(new id wl_callback#39)
[1478481.258] {mesa egl surface queue}  -> wl_surface#23.attach(wl_buffer#36, 0, 0)
[1478481.267] {mesa egl surface queue}  -> wl_surface#23.damage_buffer(32, 107, 664, 42)
[1478482.302] {mesa egl surface queue}  -> wl_surface#23.commit()
[1478482.317] {mesa egl surface queue}  -> wl_display#1.sync(new id wl_callback#40)
[1478482.445] {Display Queue} wl_display#1.delete_id(40)
[1478495.170] {Display Queue} wl_display#1.delete_id(39)
[1478495.188] {Default Queue} wl_callback#39.done(188705)
[1479592.801] {Default Queue} wl_pointer#6.button(24, 189802, 272, 0)
[1479592.922] {Default Queue} wl_pointer#6.frame()
[1479594.613] {Default Queue}  -> wl_compositor#4.create_surface(new id wl_surface#39)
[1479594.652] {Default Queue}  -> wp_viewporter#11.get_viewport(new id wp_viewport#38, wl_surface#39)
Using renderer 'GskGLRenderer' for surface 'GdkWaylandPopup'
[1479631.038] {Default Queue}  -> xdg_wm_base#20.create_positioner(new id xdg_positioner#37)
[1479631.053] {Default Queue}  -> xdg_positioner#37.set_size(127, 84)
[1479631.058] {Default Queue}  -> xdg_positioner#37.set_anchor_rect(6, 6, 79, 34)
[1479631.070] {Default Queue}  -> xdg_positioner#37.set_offset(0, 0)
[1479631.074] {Default Queue}  -> xdg_positioner#37.set_anchor(2)
[1479631.078] {Default Queue}  -> xdg_positioner#37.set_gravity(2)
[1479631.081] {Default Queue}  -> xdg_positioner#37.set_constraint_adjustment(57)
[1479631.088] {Default Queue}  -> xdg_positioner#37.set_reactive()
[1479631.092] {Default Queue}  -> xdg_wm_base#20.get_xdg_surface(new id xdg_surface#35, wl_surface#39)
[1479631.098]  -> xdg_surface#35.get_popup(new id xdg_popup#41, xdg_surface#30, xdg_positioner#37)
[1479631.103] {Default Queue}  -> xdg_positioner#37.destroy()
[1479631.116]  -> xdg_popup#41.grab(wl_seat#14, 22)
[1479631.122]  -> wl_surface#39.commit()
[1479631.483] {Display Queue} wl_display#1.delete_id(37)
[1479631.491] xdg_popup#41.configure(-18, 40, 127, 84)
[1479631.496] xdg_surface#35.configure(25)
[1479631.526]  -> xdg_surface#35.ack_configure(25)
[1479634.641] {mesa egl surface queue} wl_callback#40.done(188692)
[1479634.670] {mesa egl surface queue} wl_buffer#36.release()
[1479635.368]  -> wl_surface#23.frame(new id wl_callback#40)
[1479635.411] {mesa egl surface queue}  -> wl_surface#23.attach(wl_buffer#36, 0, 0)
[1479635.417] {mesa egl surface queue}  -> wl_surface#23.damage_buffer(20, 18, 79, 34)
[1479636.432] {mesa egl surface queue}  -> wl_surface#23.commit()
[1479636.442] {mesa egl surface queue}  -> wl_display#1.sync(new id wl_callback#37)
[1479636.834] {mesa egl swrast display queue}  -> wl_shm#27.create_pool(new id wl_shm_pool#42, fd 18, 47880)
[1479636.846] {mesa egl surface queue}  -> wl_shm_pool#42.create_buffer(new id wl_buffer#43, 0, 133, 90, 532, 0)
[1479636.850] {mesa egl surface queue}  -> wl_shm_pool#42.destroy()
[1479686.500]  -> xdg_surface#35.set_window_geometry(3, 2, 127, 84)
[1479686.515] {Default Queue}  -> wl_compositor#4.create_region(new id wl_region#44)
[1479686.524] {Default Queue}  -> wl_region#44.add(12, 15, 109, 70)
[1479686.528]  -> wl_surface#39.set_opaque_region(wl_region#44)
[1479686.531] {Default Queue}  -> wl_region#44.destroy()
[1479686.534] {Default Queue}  -> wl_compositor#4.create_region(new id wl_region#45)
[1479686.537] {Default Queue}  -> wl_region#45.add(65, 3, 2, 1)
[1479686.540] {Default Queue}  -> wl_region#45.add(64, 4, 4, 1)
[1479686.543] {Default Queue}  -> wl_region#45.add(63, 5, 6, 1)
[1479686.546] {Default Queue}  -> wl_region#45.add(62, 6, 8, 1)
[1479686.549] {Default Queue}  -> wl_region#45.add(61, 7, 10, 1)
[1479686.552] {Default Queue}  -> wl_region#45.add(60, 8, 12, 1)
[1479686.555] {Default Queue}  -> wl_region#45.add(59, 9, 14, 1)
[1479686.558] {Default Queue}  -> wl_region#45.add(58, 10, 16, 1)
[1479686.561] {Default Queue}  -> wl_region#45.add(57, 11, 18, 1)
[1479686.563] {Default Queue}  -> wl_region#45.add(56, 12, 20, 1)
[1479686.566] {Default Queue}  -> wl_region#45.add(55, 13, 22, 1)
[1479686.569] {Default Queue}  -> wl_region#45.add(9, 14, 115, 1)
[1479686.572] {Default Queue}  -> wl_region#45.add(7, 15, 119, 1)
[1479686.575] {Default Queue}  -> wl_region#45.add(6, 16, 121, 1)
[1479686.577] {Default Queue}  -> wl_region#45.add(5, 17, 123, 1)
[1479686.580] {Default Queue}  -> wl_region#45.add(4, 18, 125, 2)
[1479686.583] {Default Queue}  -> wl_region#45.add(3, 20, 127, 60)
[1479686.586] {Default Queue}  -> wl_region#45.add(4, 80, 125, 2)
[1479686.589] {Default Queue}  -> wl_region#45.add(5, 82, 123, 1)
[1479686.592] {Default Queue}  -> wl_region#45.add(6, 83, 121, 1)
[1479686.595] {Default Queue}  -> wl_region#45.add(7, 84, 119, 1)
[1479686.597] {Default Queue}  -> wl_region#45.add(9, 85, 115, 1)
[1479686.600]  -> wl_surface#39.set_input_region(wl_region#45)
[1479686.603] {Default Queue}  -> wl_region#45.destroy()
[1479686.606] {Default Queue}  -> wp_viewport#38.set_destination(133, 90)
[1479686.610]  -> wl_surface#39.frame(new id wl_callback#46)
[1479686.648] {mesa egl surface queue}  -> wl_surface#39.attach(wl_buffer#43, 0, 0)
[1479686.653] {mesa egl surface queue}  -> wl_surface#39.damage_buffer(0, 0, 133, 90)
[1479691.453] {mesa egl surface queue}  -> wl_surface#39.commit()
[1479691.466] {mesa egl surface queue}  -> wl_display#1.sync(new id wl_callback#47)
[1479691.552] {Display Queue} wl_display#1.delete_id(37)
[1479691.557] {Display Queue} wl_display#1.delete_id(40)
[1479691.560] {Default Queue} wl_callback#40.done(189866)
[1479692.088] {Display Queue} wl_display#1.delete_id(42)
[1479692.096] {Display Queue} wl_display#1.delete_id(44)
[1479692.098] {Display Queue} wl_display#1.delete_id(45)
[1479692.100] {Display Queue} wl_display#1.delete_id(47)
[1479713.207] {Default Queue} wl_keyboard#22.leave(26, wl_surface#23)
[1479713.234] {Default Queue} wl_keyboard#22.enter(27, wl_surface#39, array[0])
[1479713.239] {Default Queue} wl_keyboard#22.modifiers(28, 0, 0, 0, 0)
[1479713.268] {Default Queue} zwp_text_input_v3#34.leave(wl_surface#23)
[1479713.273] {Default Queue} zwp_text_input_v3#34.enter(wl_surface#39)
[1479715.366] {Display Queue} wl_display#1.delete_id(46)
[1479715.386] {Default Queue} wl_callback#46.done(189925)
[1479726.807] {mesa egl surface queue} wl_callback#47.done(189901)
[1479726.835] {mesa egl surface queue} wl_buffer#43.release()
[1479727.286]  -> wl_surface#39.frame(new id wl_callback#47)
[1479727.328] {mesa egl surface queue}  -> wl_surface#39.attach(wl_buffer#43, 0, 0)
[1479727.340] {mesa egl surface queue}  -> wl_surface#39.damage_buffer(0, 0, 133, 90)
[1479727.950] {mesa egl surface queue}  -> wl_surface#39.commit()
[1479727.962] {mesa egl surface queue}  -> wl_display#1.sync(new id wl_callback#46)
[1479728.302] {Display Queue} wl_display#1.delete_id(46)
[1479754.449] {Display Queue} wl_display#1.delete_id(47)
[1479754.477] {Default Queue} wl_callback#47.done(189964)
[1479759.310] {mesa egl surface queue} wl_callback#46.done(189938)
[1479759.325] {mesa egl surface queue} wl_buffer#43.release()
[1479759.640]  -> wl_surface#39.frame(new id wl_callback#46)
[1479759.664] {mesa egl surface queue}  -> wl_surface#39.attach(wl_buffer#43, 0, 0)
[1479759.670] {mesa egl surface queue}  -> wl_surface#39.damage_buffer(0, 0, 133, 90)
[1479760.240] {mesa egl surface queue}  -> wl_surface#39.commit()
[1479760.247] {mesa egl surface queue}  -> wl_display#1.sync(new id wl_callback#47)
[1479760.338] {Display Queue} wl_display#1.delete_id(47)
[1479794.150] {Display Queue} wl_display#1.delete_id(46)
[1479794.189] {Default Queue} wl_callback#46.done(190004)
[1479810.227] {mesa egl surface queue} wl_callback#47.done(189970)
[1479810.257] {mesa egl surface queue} wl_buffer#43.release()
[1479810.739]  -> wl_surface#39.frame(new id wl_callback#47)
[1479810.782] {mesa egl surface queue}  -> wl_surface#39.attach(wl_buffer#43, 0, 0)
[1479810.796] {mesa egl surface queue}  -> wl_surface#39.damage_buffer(0, 0, 133, 90)
[1479811.421] {mesa egl surface queue}  -> wl_surface#39.commit()
[1479811.435] {mesa egl surface queue}  -> wl_display#1.sync(new id wl_callback#46)
[1479811.598] {Display Queue} wl_display#1.delete_id(46)
[1479838.027] {Display Queue} wl_display#1.delete_id(47)
[1479838.050] {Default Queue} wl_callback#47.done(190048)
[1479842.705] {mesa egl surface queue} wl_callback#46.done(190021)
[1479842.725] {mesa egl surface queue} wl_buffer#43.release()
[1479843.094]  -> wl_surface#39.frame(new id wl_callback#46)
[1479843.125] {mesa egl surface queue}  -> wl_surface#39.attach(wl_buffer#43, 0, 0)
[1479843.133] {mesa egl surface queue}  -> wl_surface#39.damage_buffer(0, 0, 133, 90)
[1479843.530] {mesa egl surface queue}  -> wl_surface#39.commit()
[1479843.538] {mesa egl surface queue}  -> wl_display#1.sync(new id wl_callback#47)
[1479843.651] {Display Queue} wl_display#1.delete_id(47)
[1479881.470] {Display Queue} wl_display#1.delete_id(46)
[1479881.503] {Default Queue} wl_callback#46.done(190091)
[1479895.468] {mesa egl surface queue} wl_callback#47.done(190053)
[1479895.499] {mesa egl surface queue} wl_buffer#43.release()
[1479896.018]  -> wl_surface#39.frame(new id wl_callback#47)
[1479896.083] {mesa egl surface queue}  -> wl_surface#39.attach(wl_buffer#43, 0, 0)
[1479896.096] {mesa egl surface queue}  -> wl_surface#39.damage_buffer(0, 0, 133, 90)
[1479896.751] {mesa egl surface queue}  -> wl_surface#39.commit()
[1479896.785] {mesa egl surface queue}  -> wl_display#1.sync(new id wl_callback#46)
[1479896.974] {Display Queue} wl_display#1.delete_id(46)
[1479921.910] {Display Queue} wl_display#1.delete_id(47)
[1479921.939] {Default Queue} wl_callback#47.done(190132)
[1479928.935] {mesa egl surface queue} wl_callback#46.done(190107)
[1479928.965] {mesa egl surface queue} wl_buffer#43.release()
[1479929.482]  -> wl_surface#39.frame(new id wl_callback#46)
[1479929.527] {mesa egl surface queue}  -> wl_surface#39.attach(wl_buffer#43, 0, 0)
[1479929.541] {mesa egl surface queue}  -> wl_surface#39.damage_buffer(0, 0, 133, 90)
[1479930.211] {mesa egl surface queue}  -> wl_surface#39.commit()
[1479930.226] {mesa egl surface queue}  -> wl_display#1.sync(new id wl_callback#47)
[1479930.452] {Display Queue} wl_display#1.delete_id(47)
[1479965.802] {Display Queue} wl_display#1.delete_id(46)
[1479965.836] {Default Queue} wl_callback#46.done(190175)
[1479979.648] {mesa egl surface queue} wl_callback#47.done(190140)
[1479979.682] {mesa egl surface queue} wl_buffer#43.release()
[1479980.201]  -> wl_surface#39.frame(new id wl_callback#47)
[1479980.243] {mesa egl surface queue}  -> wl_surface#39.attach(wl_buffer#43, 0, 0)
[1479980.256] {mesa egl surface queue}  -> wl_surface#39.damage_buffer(0, 0, 133, 90)
[1479981.005] {mesa egl surface queue}  -> wl_surface#39.commit()
[1479981.025] {mesa egl surface queue}  -> wl_display#1.sync(new id wl_callback#46)
[1479981.229] {Display Queue} wl_display#1.delete_id(46)
[1480008.789] {Display Queue} wl_display#1.delete_id(47)
[1480008.807] {Default Queue} wl_callback#47.done(190219)
[1481414.630] {Default Queue} wl_pointer#6.leave(29, wl_surface#23)
[1481414.682] {Default Queue} wl_pointer#6.frame()
[1481414.712] {Default Queue} wl_pointer#6.enter(30, wl_surface#39, 55.00000000, 62.00000000)
[1481414.750] {Default Queue}  -> wp_cursor_shape_device_v1#21.set_shape(30, 1)
[1481414.763] {Default Queue} wl_pointer#6.frame()
[1481414.776] {Default Queue} wl_pointer#6.motion(191624, 55.00000000, 62.00000000)
[1481414.788] {Default Queue} wl_pointer#6.frame()
[1481417.147] {mesa egl surface queue} wl_callback#46.done(190191)
[1481417.174] {mesa egl surface queue} wl_buffer#43.release()
[1481434.844]  -> wl_surface#39.frame(new id wl_callback#46)
[1481434.894] {mesa egl surface queue}  -> wl_surface#39.attach(wl_buffer#43, 0, 0)
[1481434.904] {mesa egl surface queue}  -> wl_surface#39.damage_buffer(9, 20, 115, 60)
[1481438.033] {mesa egl surface queue}  -> wl_surface#39.commit()
[1481438.049] {mesa egl surface queue}  -> wl_display#1.sync(new id wl_callback#47)
[1481440.858] {Display Queue} wl_display#1.delete_id(47)
[1481485.792] {Display Queue} wl_display#1.delete_id(46)
[1481485.823] {Default Queue} wl_callback#46.done(191695)
[1481562.230] {Default Queue} wl_pointer#6.button(31, 191772, 272, 1)
[1481562.290] {Default Queue} xdg_wm_base#20.ping(32)
[1481562.310] {Default Queue}  -> xdg_wm_base#20.pong(32)
[1481562.326] {Default Queue} wl_pointer#6.frame()
[1481567.537] {mesa egl surface queue} wl_callback#47.done(191651)
[1481567.570] {mesa egl surface queue} wl_buffer#43.release()
[1481568.064]  -> wl_surface#39.frame(new id wl_callback#47)
[1481568.108] {mesa egl surface queue}  -> wl_surface#39.attach(wl_buffer#43, 0, 0)
[1481568.121] {mesa egl surface queue}  -> wl_surface#39.damage_buffer(9, 50, 115, 30)
[1481568.467] {mesa egl surface queue}  -> wl_surface#39.commit()
[1481568.498] {mesa egl surface queue}  -> wl_display#1.sync(new id wl_callback#46)
[1481568.686] {Display Queue} wl_display#1.delete_id(46)
[1481593.142] {Display Queue} wl_display#1.delete_id(47)
[1481593.167] {Default Queue} wl_callback#47.done(191803)
[1481607.103] {Default Queue} wl_pointer#6.button(33, 191817, 272, 0)
[1481607.173] {Default Queue} wl_pointer#6.frame()
[1481608.929]  -> xdg_popup#41.destroy()
[1481608.962]  -> xdg_surface#35.destroy()
[1481608.971]  -> wl_surface#39.attach(nil, 0, 0)
[1481608.981]  -> wl_surface#39.commit()
[1481610.548] {Display Queue} wl_display#1.delete_id(41)
[1481610.574] {Display Queue} wl_display#1.delete_id(35)
[1481610.612] {Default Queue} wl_keyboard#22.leave(34, wl_surface#39)
[1481610.647] {Default Queue} wl_keyboard#22.enter(35, wl_surface#23, array[0])
[1481610.663] {Default Queue} wl_keyboard#22.modifiers(36, 0, 0, 0, 0)
[1481610.716] {Default Queue} zwp_text_input_v3#34.leave(wl_surface#39)
[1481610.731] {Default Queue} zwp_text_input_v3#34.enter(wl_surface#23)
[1481610.742] {Default Queue} wl_pointer#6.leave(37, wl_surface#39)
[1481610.762] {Default Queue} wl_pointer#6.frame()
[1481610.779] {Default Queue} wl_pointer#6.enter(38, wl_surface#23, 48.00000000, 112.00000000)
[1481610.799] {Default Queue}  -> wp_cursor_shape_device_v1#21.set_shape(38, 1)
[1481610.813] {Default Queue} wl_pointer#6.frame()
[1481610.847] {Default Queue}  -> wp_cursor_shape_device_v1#21.set_shape(38, 9)
[1481616.967] {mesa egl surface queue} wl_callback#37.done(189846)
[1481617.011] {mesa egl surface queue} wl_buffer#36.release()
[1481617.978]  -> wl_surface#23.frame(new id wl_callback#37)
[1481618.040] {mesa egl surface queue}  -> wl_surface#23.attach(wl_buffer#36, 0, 0)
[1481618.055] {mesa egl surface queue}  -> wl_surface#23.damage_buffer(17, 16, 85, 40)
[1481623.080] {mesa egl surface queue}  -> wl_surface#23.commit()
[1481623.143] {mesa egl surface queue}  -> wl_display#1.sync(new id wl_callback#35)
[1481636.794] {Display Queue} wl_display#1.delete_id(35)
[1481664.708] {Display Queue} wl_display#1.delete_id(37)
[1481664.785] {Default Queue} wl_callback#37.done(191874)
[1482666.175] {Default Queue} wl_pointer#6.motion(192876, 56.00000000, 33.00000000)
[1482666.227] {Default Queue} wl_pointer#6.frame()
[1482666.592] {Default Queue}  -> wp_cursor_shape_device_v1#21.set_shape(38, 1)
[1482667.386] {mesa egl surface queue} wl_callback#35.done(191846)
[1482667.411] {mesa egl surface queue} wl_buffer#36.release()
[1482668.062]  -> wl_surface#23.frame(new id wl_callback#35)
[1482668.109] {mesa egl surface queue}  -> wl_surface#23.attach(wl_buffer#36, 0, 0)
[1482668.121] {mesa egl surface queue}  -> wl_surface#23.damage_buffer(21, 19, 77, 32)
[1482669.813] {mesa egl surface queue}  -> wl_surface#23.commit()
[1482669.853] {mesa egl surface queue}  -> wl_display#1.sync(new id wl_callback#37)
[1482672.549] {Display Queue} wl_display#1.delete_id(37)
[1482696.219] {Display Queue} wl_display#1.delete_id(35)
[1482696.249] {Default Queue} wl_callback#35.done(192906)
[1483024.039] {Default Queue} wl_pointer#6.motion(193234, 58.00000000, 34.00000000)
[1483024.082] {Default Queue} wl_pointer#6.frame()
[1483525.135] {Default Queue}  -> wl_compositor#4.create_surface(new id wl_surface#35)
[1483525.177] {Default Queue}  -> wp_viewporter#11.get_viewport(new id wp_viewport#41, wl_surface#35)
Using renderer 'GskGLRenderer' for surface 'GdkWaylandPopup'
[1483729.048] {Default Queue}  -> xdg_wm_base#20.create_positioner(new id xdg_positioner#47)
[1483729.058] {Default Queue}  -> xdg_positioner#47.set_size(153, 32)
[1483729.062] {Default Queue}  -> xdg_positioner#47.set_anchor_rect(2, 2, 87, 42)
[1483729.065] {Default Queue}  -> xdg_positioner#47.set_offset(0, 0)
[1483729.068] {Default Queue}  -> xdg_positioner#47.set_anchor(2)
[1483729.071] {Default Queue}  -> xdg_positioner#47.set_gravity(2)
[1483729.073] {Default Queue}  -> xdg_positioner#47.set_constraint_adjustment(9)
[1483729.075] {Default Queue}  -> xdg_positioner#47.set_reactive()
[1483729.078] {Default Queue}  -> xdg_wm_base#20.get_xdg_surface(new id xdg_surface#45, wl_surface#35)
[1483729.083]  -> xdg_surface#45.get_popup(new id xdg_popup#44, xdg_surface#30, xdg_positioner#47)
[1483729.087] {Default Queue}  -> xdg_positioner#47.destroy()
[1483729.091]  -> wl_surface#35.commit()
[1483729.344] {Display Queue} wl_display#1.delete_id(47)
[1483729.350] xdg_popup#44.configure(-31, 44, 153, 32)
[1483729.354] xdg_surface#45.configure(39)
[1483729.372]  -> xdg_surface#45.ack_configure(39)
[1483729.379] {Default Queue}  -> xdg_wm_base#20.create_positioner(new id xdg_positioner#47)
[1483729.382] {Default Queue}  -> xdg_positioner#47.set_size(1, 1)
[1483729.385] {Default Queue}  -> xdg_positioner#47.set_anchor_rect(2, 2, 87, 42)
[1483729.399] {Default Queue}  -> xdg_positioner#47.set_offset(0, 0)
[1483729.401] {Default Queue}  -> xdg_positioner#47.set_anchor(2)
[1483729.404] {Default Queue}  -> xdg_positioner#47.set_gravity(2)
[1483729.406] {Default Queue}  -> xdg_positioner#47.set_constraint_adjustment(9)
[1483729.408] {Default Queue}  -> xdg_positioner#47.set_reactive()
[1483729.410] {Default Queue}  -> xdg_positioner#47.set_parent_size(700, 460)
[1483729.413] {Default Queue}  -> xdg_positioner#47.set_parent_configure(18)
[1483729.416]  -> xdg_popup#44.reposition(xdg_positioner#47, 1)
[1483729.418] {Default Queue}  -> xdg_positioner#47.destroy()
[1483729.522] {Display Queue} wl_display#1.delete_id(47)
[1483729.526] xdg_popup#44.repositioned(1)
[1483729.529] xdg_popup#44.configure(45, 44, 1, 1)
[1483729.540] xdg_surface#45.configure(40)
[1483729.543]  -> xdg_surface#45.ack_configure(40)
[1483729.691] {Default Queue}  -> xdg_wm_base#20.create_positioner(new id xdg_positioner#47)
[1483729.696] {Default Queue}  -> xdg_positioner#47.set_size(153, 32)
[1483729.699] {Default Queue}  -> xdg_positioner#47.set_anchor_rect(2, 2, 87, 42)
[1483729.702] {Default Queue}  -> xdg_positioner#47.set_offset(0, 0)
[1483729.704] {Default Queue}  -> xdg_positioner#47.set_anchor(2)
[1483729.707] {Default Queue}  -> xdg_positioner#47.set_gravity(2)
[1483729.723] {Default Queue}  -> xdg_positioner#47.set_constraint_adjustment(9)
[1483729.727] {Default Queue}  -> xdg_positioner#47.set_reactive()
[1483729.729] {Default Queue}  -> xdg_positioner#47.set_parent_size(700, 460)
[1483729.732] {Default Queue}  -> xdg_positioner#47.set_parent_configure(18)
[1483729.735]  -> xdg_popup#44.reposition(xdg_positioner#47, 2)
[1483729.737] {Default Queue}  -> xdg_positioner#47.destroy()
[1483747.753] {Display Queue} wl_display#1.delete_id(47)
[1483747.769] xdg_popup#44.repositioned(2)
[1483747.775] xdg_popup#44.configure(-31, 44, 153, 32)
[1483747.779] xdg_surface#45.configure(41)
[1483747.784]  -> xdg_surface#45.ack_configure(41)
[1483748.096] {mesa egl swrast display queue}  -> wl_shm#27.create_pool(new id wl_shm_pool#47, fd 18, 19584)
[1483748.104] {mesa egl surface queue}  -> wl_shm_pool#47.create_buffer(new id wl_buffer#42, 0, 153, 32, 612, 0)
[1483748.108] {mesa egl surface queue}  -> wl_shm_pool#47.destroy()
[1483880.148]  -> xdg_surface#45.set_window_geometry(0, 0, 153, 32)
[1483880.176] {Default Queue}  -> wp_viewport#41.set_destination(153, 32)
[1483880.182]  -> wl_surface#35.frame(new id wl_callback#40)
[1483880.218] {mesa egl surface queue}  -> wl_surface#35.attach(wl_buffer#42, 0, 0)
[1483880.223] {mesa egl surface queue}  -> wl_surface#35.damage_buffer(0, 0, 153, 32)
[1483880.608] {mesa egl surface queue}  -> wl_surface#35.commit()
[1483880.613] {mesa egl surface queue}  -> wl_display#1.sync(new id wl_callback#48)
[1483880.806] {Display Queue} wl_display#1.delete_id(47)
[1483880.812] {Display Queue} wl_display#1.delete_id(48)
[1483900.980] {Display Queue} wl_display#1.delete_id(40)
[1483901.012] {Default Queue} wl_callback#40.done(194111)
[1485868.086] {Default Queue} wl_pointer#6.motion(196077, 73.00000000, 222.00000000)
[1485868.157] {Default Queue} wl_pointer#6.frame()
[1485868.725]  -> xdg_popup#44.destroy()
[1485868.749]  -> xdg_surface#45.destroy()
[1485868.760]  -> wl_surface#35.attach(nil, 0, 0)
[1485868.771]  -> wl_surface#35.commit()
[1485869.377] {mesa egl surface queue} wl_callback#37.done(192882)
[1485869.397] {mesa egl surface queue} wl_buffer#36.release()
[1485870.801]  -> wl_surface#23.frame(new id wl_callback#37)
[1485870.876] {mesa egl surface queue}  -> wl_surface#23.attach(wl_buffer#36, 0, 0)
[1485870.896] {mesa egl surface queue}  -> wl_surface#23.damage_buffer(21, 19, 77, 32)
[1485870.911] {mesa egl surface queue}  -> wl_surface#23.damage_buffer(37, 208, 75, 32)
[1485872.229] {mesa egl surface queue}  -> wl_surface#23.commit()
[1485872.258] {mesa egl surface queue}  -> wl_display#1.sync(new id wl_callback#40)
[1485894.023] {Display Queue} wl_display#1.delete_id(44)
[1485894.050] {Display Queue} wl_display#1.delete_id(45)
[1485894.089] {Display Queue} wl_display#1.delete_id(40)
[1485910.456] {Display Queue} wl_display#1.delete_id(37)
[1485910.477] {Default Queue} wl_callback#37.done(196120)
[1486016.811] {Default Queue} wl_pointer#6.button(42, 196226, 272, 1)
[1486016.861] {Default Queue} xdg_wm_base#20.ping(43)
[1486016.874] {Default Queue}  -> xdg_wm_base#20.pong(43)
[1486016.884] {Default Queue} wl_pointer#6.frame()
[1486018.411] {mesa egl surface queue} wl_callback#40.done(196104)
[1486018.439] {mesa egl surface queue} wl_buffer#36.release()
[1486018.860]  -> wl_surface#23.frame(new id wl_callback#40)
[1486018.926] {mesa egl surface queue}  -> wl_surface#23.attach(wl_buffer#36, 0, 0)
[1486018.948] {mesa egl surface queue}  -> wl_surface#23.damage_buffer(33, 205, 83, 40)
[1486019.666] {mesa egl surface queue}  -> wl_surface#23.commit()
[1486019.692] {mesa egl surface queue}  -> wl_display#1.sync(new id wl_callback#37)
[1486019.891] {Display Queue} wl_display#1.delete_id(37)
[1486036.558] {Display Queue} wl_display#1.delete_id(40)
[1486036.584] {Default Queue} wl_callback#40.done(196246)
[1486072.570] {Default Queue} wl_pointer#6.button(44, 196282, 272, 0)
[1486072.615] {Default Queue} wl_pointer#6.frame()
[1486075.784] {Default Queue}  -> wl_compositor#4.create_surface(new id wl_surface#40)
[1486075.815] {Default Queue}  -> wp_viewporter#11.get_viewport(new id wp_viewport#45, wl_surface#40)
Using renderer 'GskGLRenderer' for surface 'GdkWaylandToplevel'
[1486107.919] {Default Queue}  -> xdg_wm_base#20.get_xdg_surface(new id xdg_surface#44, wl_surface#40)
[1486107.929]  -> xdg_surface#44.get_toplevel(new id xdg_toplevel#47)
[1486107.933]  -> xdg_toplevel#47.set_parent(xdg_toplevel#31)
[1486107.937]  -> xdg_toplevel#47.set_title("WS114 modal child")
[1486107.940]  -> xdg_toplevel#47.set_app_id("python3")
[1486107.943]  -> wl_surface#40.commit()
[1486108.768] {mesa egl surface queue} wl_callback#37.done(196230)
[1486108.779] {mesa egl surface queue} wl_buffer#36.release()
[1486109.511]  -> wl_surface#23.frame(new id wl_callback#37)
[1486109.551] {mesa egl surface queue}  -> wl_surface#23.attach(wl_buffer#36, 0, 0)
[1486109.563] {mesa egl surface queue}  -> wl_surface#23.damage_buffer(33, 205, 83, 40)
[1486114.406] {mesa egl surface queue}  -> wl_surface#23.commit()
[1486114.435] {mesa egl surface queue}  -> wl_display#1.sync(new id wl_callback#49)
[1486114.613] xdg_toplevel#47.configure_bounds(1256, 690)
[1486114.630] xdg_toplevel#47.configure(0, 0, array[4])
[1486114.642] xdg_surface#44.configure(45)
[1486114.683]  -> xdg_surface#44.ack_configure(45)
[1486116.635]  -> xdg_toplevel#47.set_min_size(300, 188)
[1486116.657]  -> xdg_toplevel#47.set_max_size(0, 0)
[1486118.162] {mesa egl swrast display queue}  -> wl_shm#27.create_pool(new id wl_shm_pool#50, fd 18, 293328)
[1486118.187] {mesa egl surface queue}  -> wl_shm_pool#50.create_buffer(new id wl_buffer#51, 0, 388, 189, 1552, 0)
[1486118.201] {mesa egl surface queue}  -> wl_shm_pool#50.destroy()
[1486371.009]  -> xdg_toplevel#47.set_min_size(272, 159)
[1486371.022]  -> xdg_toplevel#47.set_max_size(0, 0)
[1486371.026]  -> xdg_surface#44.set_window_geometry(14, 12, 360, 160)
[1486371.032] {Default Queue}  -> wl_compositor#4.create_region(new id wl_region#52)
[1486371.039] {Default Queue}  -> wl_region#52.add(22, 12, 344, 160)
[1486371.042]  -> wl_surface#40.set_opaque_region(wl_region#52)
[1486371.045] {Default Queue}  -> wl_region#52.destroy()
[1486371.048] {Default Queue}  -> wl_compositor#4.create_region(new id wl_region#53)
[1486371.051] {Default Queue}  -> wl_region#53.add(2, 0, 384, 184)
[1486371.054]  -> wl_surface#40.set_input_region(wl_region#53)
[1486371.057] {Default Queue}  -> wl_region#53.destroy()
[1486371.060] {Default Queue}  -> wp_viewport#45.set_destination(388, 189)
[1486371.063]  -> wl_surface#40.frame(new id wl_callback#54)
[1486371.098] {mesa egl surface queue}  -> wl_surface#40.attach(wl_buffer#51, 0, 0)
[1486371.103] {mesa egl surface queue}  -> wl_surface#40.damage_buffer(0, 0, 388, 189)
[1486371.645] {mesa egl surface queue}  -> wl_surface#40.commit()
[1486371.656] {mesa egl surface queue}  -> wl_display#1.sync(new id wl_callback#55)
[1486371.745] {Display Queue} wl_display#1.delete_id(49)
[1486371.751] {Display Queue} wl_display#1.delete_id(37)
[1486371.753] {Default Queue} wl_callback#37.done(196352)
[1486371.819] {mesa egl surface queue} wl_callback#48.done(194091)
[1486371.823] {mesa egl surface queue} wl_buffer#42.release()
[1486372.317] {mesa egl surface queue}  -> wl_buffer#42.destroy()
[1486372.370] {Default Queue}  -> wp_viewport#41.destroy()
[1486372.376]  -> wl_surface#35.destroy()
[1486372.562] {Display Queue} wl_display#1.delete_id(50)
[1486372.567] {Display Queue} wl_display#1.delete_id(52)
[1486372.569] {Display Queue} wl_display#1.delete_id(53)
[1486372.571] {Display Queue} wl_display#1.delete_id(55)
[1486394.310] {Default Queue} wl_keyboard#22.leave(46, wl_surface#23)
[1486394.356] {Default Queue} wl_keyboard#22.enter(47, wl_surface#40, array[0])
[1486394.369] {Default Queue} wl_keyboard#22.modifiers(48, 0, 0, 0, 0)
[1486394.415] {Default Queue} zwp_text_input_v3#34.leave(wl_surface#23)
[1486394.424] {Default Queue} zwp_text_input_v3#34.enter(wl_surface#40)
[1486394.432] {Default Queue} wl_pointer#6.leave(49, wl_surface#23)
[1486394.445] {Default Queue} wl_pointer#6.frame()
[1486394.455] {Default Queue} wl_pointer#6.enter(50, wl_surface#40, -97.00000000, 72.00000000)
[1486394.468] {Default Queue}  -> wp_cursor_shape_device_v1#21.set_shape(50, 1)
[1486394.477] {Default Queue} wl_pointer#6.frame()
[1486395.428] {Display Queue} wl_display#1.delete_id(54)
[1486395.437] {Display Queue} wl_display#1.delete_id(42)
[1486395.440] {Display Queue} wl_display#1.delete_id(41)
[1486395.442] {Display Queue} wl_display#1.delete_id(35)
[1486395.444] {Default Queue} wl_callback#54.done(196604)
[1486395.681] {mesa egl surface queue} wl_callback#49.done(196340)
[1486395.689] {mesa egl surface queue} wl_buffer#36.release()
[1486398.129]  -> wl_surface#23.frame(new id wl_callback#49)
[1486398.153] {mesa egl surface queue}  -> wl_surface#23.attach(wl_buffer#36, 0, 0)
[1486398.159] {mesa egl surface queue}  -> wl_surface#23.damage_buffer(37, 208, 75, 32)
[1486398.721] {mesa egl surface queue}  -> wl_surface#23.commit()
[1486398.731] {mesa egl surface queue}  -> wl_display#1.sync(new id wl_callback#54)
[1486398.888] {Display Queue} wl_display#1.delete_id(54)
[1486430.926] {Display Queue} wl_display#1.delete_id(49)
[1486430.944] {Default Queue} wl_callback#49.done(196641)
[1506392.407] {Default Queue} wl_pointer#6.motion(216602, 193.00000000, 128.00000000)
[1506392.500] {Default Queue} wl_pointer#6.frame()
[1506393.901] {mesa egl surface queue} wl_callback#55.done(196582)
[1506393.942] {mesa egl surface queue} wl_buffer#51.release()
[1506394.777]  -> wl_surface#40.frame(new id wl_callback#55)
[1506394.860] {mesa egl surface queue}  -> wl_surface#40.attach(wl_buffer#51, 0, 0)
[1506394.885] {mesa egl surface queue}  -> wl_surface#40.damage_buffer(39, 114, 310, 32)
[1506395.486] {mesa egl surface queue}  -> wl_surface#40.commit()
[1506395.505] {mesa egl surface queue}  -> wl_display#1.sync(new id wl_callback#49)
[1506402.157] {Display Queue} wl_display#1.delete_id(49)
[1506421.853] {Display Queue} wl_display#1.delete_id(55)
[1506421.890] {Default Queue} wl_callback#55.done(216631)
[1506543.696] {Default Queue} wl_pointer#6.button(51, 216753, 272, 1)
[1506543.744] {Default Queue} xdg_wm_base#20.ping(52)
[1506543.757] {Default Queue}  -> xdg_wm_base#20.pong(52)
[1506543.767] {Default Queue} wl_pointer#6.frame()
[1506544.639] {mesa egl surface queue} wl_callback#49.done(216612)
[1506544.663] {mesa egl surface queue} wl_buffer#51.release()
[1506545.102]  -> wl_surface#40.frame(new id wl_callback#49)
[1506545.164] {mesa egl surface queue}  -> wl_surface#40.attach(wl_buffer#51, 0, 0)
[1506545.187] {mesa egl surface queue}  -> wl_surface#40.damage_buffer(35, 111, 318, 40)
[1506545.763] {mesa egl surface queue}  -> wl_surface#40.commit()
[1506545.792] {mesa egl surface queue}  -> wl_display#1.sync(new id wl_callback#55)
[1506546.068] {Display Queue} wl_display#1.delete_id(55)
[1506555.893] {Display Queue} wl_display#1.delete_id(49)
[1506555.921] {Default Queue} wl_callback#49.done(216766)
[1506654.085] {Default Queue} wl_pointer#6.button(53, 216802, 272, 0)
[1506654.126] {Default Queue} wl_pointer#6.frame()
[1506654.997]  -> xdg_toplevel#47.destroy()
[1506655.018]  -> xdg_surface#44.destroy()
[1506655.029]  -> wl_surface#40.attach(nil, 0, 0)
[1506655.039]  -> wl_surface#40.commit()
[1506655.167] {mesa egl surface queue} wl_callback#55.done(216756)
[1506655.182] {mesa egl surface queue} wl_buffer#51.release()
[1506655.347] {mesa egl surface queue}  -> wl_buffer#51.destroy()
[1506655.455] {Default Queue}  -> wp_viewport#45.destroy()
[1506655.470]  -> wl_surface#40.destroy()
[1506656.054] {Display Queue} wl_display#1.delete_id(47)
[1506656.071] {Display Queue} wl_display#1.delete_id(44)
[1506656.079] {Display Queue} wl_display#1.delete_id(51)
[1506656.086] {Display Queue} wl_display#1.delete_id(45)
[1506656.094] {Display Queue} wl_display#1.delete_id(40)
[1506656.101] {Default Queue} wl_pointer#6.leave(54, nil)
[1506656.117] {Default Queue} wl_pointer#6.frame()
[1506656.129] {Default Queue} wl_keyboard#22.leave(55, nil)
[1506682.026] {Default Queue} wl_keyboard#22.enter(56, wl_surface#23, array[0])
[1506682.058] {Default Queue} wl_keyboard#22.modifiers(57, 0, 0, 0, 0)
[1506682.089] {Default Queue} zwp_text_input_v3#34.enter(wl_surface#23)
[1506682.097] {Default Queue} wl_pointer#6.enter(58, wl_surface#23, 363.00000000, 278.00000000)
[1506682.108] {Default Queue}  -> wp_cursor_shape_device_v1#21.set_shape(58, 1)
[1506682.118] {Default Queue} wl_pointer#6.frame()
[1506682.630] {Default Queue}  -> wp_cursor_shape_device_v1#21.set_shape(58, 9)
[1507650.098] {Default Queue} wl_pointer#6.motion(217860, 286.00000000, 222.00000000)
[1507650.168] {Default Queue} wl_pointer#6.frame()
[1507650.681] {Default Queue}  -> wp_cursor_shape_device_v1#21.set_shape(58, 1)
[1507651.689] {mesa egl surface queue} wl_callback#54.done(196609)
[1507651.719] {mesa egl surface queue} wl_buffer#36.release()
[1507660.661]  -> wl_surface#23.frame(new id wl_callback#54)
[1507660.742] {mesa egl surface queue}  -> wl_surface#23.attach(wl_buffer#36, 0, 0)
[1507660.759] {mesa egl surface queue}  -> wl_surface#23.damage_buffer(240, 208, 94, 32)
[1507661.529] {mesa egl surface queue}  -> wl_surface#23.commit()
[1507661.549] {mesa egl surface queue}  -> wl_display#1.sync(new id wl_callback#40)
[1507661.779] {Display Queue} wl_display#1.delete_id(40)
[1507684.754] {Display Queue} wl_display#1.delete_id(54)
[1507684.771] {Default Queue} wl_callback#54.done(217894)
[1507799.765] {Default Queue} wl_pointer#6.button(59, 218009, 272, 1)
[1507799.812] {Default Queue} xdg_wm_base#20.ping(60)
[1507799.826] {Default Queue}  -> xdg_wm_base#20.pong(60)
[1507799.836] {Default Queue} wl_pointer#6.frame()
[1507800.965] {mesa egl surface queue} wl_callback#40.done(217871)
[1507800.992] {mesa egl surface queue} wl_buffer#36.release()
[1507801.396]  -> wl_surface#23.frame(new id wl_callback#40)
[1507801.456] {mesa egl surface queue}  -> wl_surface#23.attach(wl_buffer#36, 0, 0)
[1507801.480] {mesa egl surface queue}  -> wl_surface#23.damage_buffer(236, 205, 102, 40)
[1507802.365] {mesa egl surface queue}  -> wl_surface#23.commit()
[1507802.391] {mesa egl surface queue}  -> wl_display#1.sync(new id wl_callback#54)
[1507802.545] {Display Queue} wl_display#1.delete_id(54)
[1507818.731] {Display Queue} wl_display#1.delete_id(40)
[1507818.758] {Default Queue} wl_callback#40.done(218028)
[1507845.607] {Default Queue} wl_pointer#6.button(61, 218055, 272, 0)
[1507845.657] {Default Queue} wl_pointer#6.frame()
[1507846.406]  -> xdg_toplevel#31.set_maximized()
[1507847.195] {mesa egl surface queue} wl_callback#54.done(218012)
[1507847.217] {mesa egl surface queue} wl_buffer#36.release()
[1507847.749]  -> wl_surface#23.frame(new id wl_callback#54)
[1507847.813] {mesa egl surface queue}  -> wl_surface#23.attach(wl_buffer#36, 0, 0)
[1507847.832] {mesa egl surface queue}  -> wl_surface#23.damage_buffer(236, 205, 102, 40)
[1507848.681] {mesa egl surface queue}  -> wl_surface#23.commit()
[1507848.733] {mesa egl surface queue}  -> wl_display#1.sync(new id wl_callback#40)
[1507848.898] xdg_toplevel#31.configure(1280, 762, array[8])
[1507848.922] xdg_surface#30.configure(62)
[1507848.938]  -> xdg_surface#30.ack_configure(62)
[1507872.610] {Display Queue} wl_display#1.delete_id(40)
[1507889.660] {Display Queue} wl_display#1.delete_id(54)
[1507889.688] {Default Queue} wl_callback#54.done(218099)
[1507891.374]  -> xdg_toplevel#31.set_min_size(429, 280)
[1507891.385]  -> xdg_toplevel#31.set_max_size(0, 0)
[1507891.996]  -> xdg_toplevel#31.set_min_size(457, 309)
[1507892.003]  -> xdg_toplevel#31.set_max_size(0, 0)
[1507893.263] {mesa egl surface queue} wl_callback#40.done(218082)
[1507893.274] {mesa egl surface queue} wl_buffer#36.release()
[1507893.278] {mesa egl surface queue}  -> wl_buffer#36.destroy()
[1507893.321] {mesa egl swrast display queue}  -> wl_shm#27.create_pool(new id wl_shm_pool#40, fd 18, 3901440)
[1507893.327] {mesa egl surface queue}  -> wl_shm_pool#40.create_buffer(new id wl_buffer#54, 0, 1280, 762, 5120, 0)
[1507893.331] {mesa egl surface queue}  -> wl_shm_pool#40.destroy()
[1507894.797]  -> xdg_surface#30.set_window_geometry(0, 0, 1280, 762)
[1507894.814] {Default Queue}  -> wl_compositor#4.create_region(new id wl_region#45)
[1507894.825] {Default Queue}  -> wl_region#45.add(0, 0, 1280, 762)
[1507894.833]  -> wl_surface#23.set_opaque_region(wl_region#45)
[1507894.839] {Default Queue}  -> wl_region#45.destroy()
[1507894.844] {Default Queue}  -> wl_compositor#4.create_region(new id wl_region#51)
[1507894.851] {Default Queue}  -> wl_region#51.add(-12, -12, 1304, 786)
[1507894.859]  -> wl_surface#23.set_input_region(wl_region#51)
[1507894.866] {Default Queue}  -> wl_region#51.destroy()
[1507894.872] {Default Queue}  -> wp_viewport#24.set_destination(1280, 762)
[1507894.880]  -> wl_surface#23.frame(new id wl_callback#44)
[1507894.908] {mesa egl surface queue}  -> wl_surface#23.attach(wl_buffer#54, 0, 0)
[1507894.917] {mesa egl surface queue}  -> wl_surface#23.damage_buffer(0, 0, 1280, 762)
[1507903.188] {mesa egl surface queue}  -> wl_surface#23.commit()
[1507903.202] {mesa egl surface queue}  -> wl_display#1.sync(new id wl_callback#47)
[1507920.929] {Display Queue} wl_display#1.delete_id(36)
[1507920.939] {Display Queue} wl_display#1.delete_id(40)
[1507920.942] {Display Queue} wl_display#1.delete_id(45)
[1507920.944] {Display Queue} wl_display#1.delete_id(51)
[1507920.946] {Display Queue} wl_display#1.delete_id(47)
[1507950.897] {Display Queue} wl_display#1.delete_id(44)
[1507950.927] {Default Queue} wl_callback#44.done(218161)
[1511849.955]  -> xdg_toplevel#31.unset_maximized()
[1511850.388] xdg_toplevel#31.configure_bounds(1256, 690)
[1511850.413] xdg_toplevel#31.configure(700, 460, array[4])
[1511850.426] xdg_surface#30.configure(63)
[1511850.452]  -> xdg_surface#30.ack_configure(63)
[1511853.673]  -> xdg_toplevel#31.set_min_size(485, 338)
[1511853.742]  -> xdg_toplevel#31.set_max_size(0, 0)
[1511854.682]  -> xdg_toplevel#31.set_min_size(457, 309)
[1511854.702]  -> xdg_toplevel#31.set_max_size(0, 0)
[1511857.401] {mesa egl surface queue} wl_callback#47.done(218131)
[1511857.431] {mesa egl surface queue} wl_buffer#54.release()
[1511857.446] {mesa egl surface queue}  -> wl_buffer#54.destroy()
[1511857.530] {mesa egl swrast display queue}  -> wl_shm#27.create_pool(new id wl_shm_pool#47, fd 18, 1423968)
[1511857.545] {mesa egl surface queue}  -> wl_shm_pool#47.create_buffer(new id wl_buffer#44, 0, 728, 489, 2912, 0)
[1511857.557] {mesa egl surface queue}  -> wl_shm_pool#47.destroy()
[1511875.025]  -> xdg_surface#30.set_window_geometry(14, 12, 700, 460)
[1511875.055] {Default Queue}  -> wl_compositor#4.create_region(new id wl_region#51)
[1511875.067] {Default Queue}  -> wl_region#51.add(14, 20, 700, 452)
[1511875.078]  -> wl_surface#23.set_opaque_region(wl_region#51)
[1511875.086] {Default Queue}  -> wl_region#51.destroy()
[1511875.093] {Default Queue}  -> wl_compositor#4.create_region(new id wl_region#45)
[1511875.100] {Default Queue}  -> wl_region#45.add(2, 0, 724, 484)
[1511875.120]  -> wl_surface#23.set_input_region(wl_region#45)
[1511875.126] {Default Queue}  -> wl_region#45.destroy()
[1511875.133] {Default Queue}  -> wp_viewport#24.set_destination(728, 489)
[1511875.142]  -> wl_surface#23.frame(new id wl_callback#40)
[1511875.182] {mesa egl surface queue}  -> wl_surface#23.attach(wl_buffer#44, 0, 0)
[1511875.192] {mesa egl surface queue}  -> wl_surface#23.damage_buffer(0, 0, 728, 489)
[1511880.009] {mesa egl surface queue}  -> wl_surface#23.commit()
[1511880.034] {mesa egl surface queue}  -> wl_display#1.sync(new id wl_callback#36)
[1511886.981] {Display Queue} wl_display#1.delete_id(54)
[1511887.008] {Display Queue} wl_display#1.delete_id(47)
[1511887.017] {Display Queue} wl_display#1.delete_id(51)
[1511887.024] {Display Queue} wl_display#1.delete_id(45)
[1511887.031] {Display Queue} wl_display#1.delete_id(36)
[1511911.652] {Display Queue} wl_display#1.delete_id(40)
[1511911.677] {Default Queue} wl_callback#40.done(222121)
[1514874.360] {Default Queue} wl_pointer#6.motion(225084, 396.00000000, 222.00000000)
[1514874.418] {Default Queue} wl_pointer#6.frame()
[1514875.592] {mesa egl surface queue} wl_callback#36.done(222097)
[1514875.619] {mesa egl surface queue} wl_buffer#44.release()
[1514877.642]  -> wl_surface#23.frame(new id wl_callback#36)
[1514877.736] {mesa egl surface queue}  -> wl_surface#23.attach(wl_buffer#44, 0, 0)
[1514877.753] {mesa egl surface queue}  -> wl_surface#23.damage_buffer(240, 208, 94, 32)
[1514877.764] {mesa egl surface queue}  -> wl_surface#23.damage_buffer(348, 208, 100, 32)
[1514878.609] {mesa egl surface queue}  -> wl_surface#23.commit()
[1514878.634] {mesa egl surface queue}  -> wl_display#1.sync(new id wl_callback#40)
[1514880.894] {Display Queue} wl_display#1.delete_id(40)
[1514896.020] {Display Queue} wl_display#1.delete_id(36)
[1514896.048] {Default Queue} wl_callback#36.done(225106)
[1515013.820] {Default Queue} wl_pointer#6.button(64, 225223, 272, 1)
[1515013.872] {Default Queue} xdg_wm_base#20.ping(65)
[1515013.889] {Default Queue}  -> xdg_wm_base#20.pong(65)
[1515013.903] {Default Queue} wl_pointer#6.frame()
[1515015.090] {mesa egl surface queue} wl_callback#40.done(225091)
[1515015.115] {mesa egl surface queue} wl_buffer#44.release()
[1515015.558]  -> wl_surface#23.frame(new id wl_callback#40)
[1515015.598] {mesa egl surface queue}  -> wl_surface#23.attach(wl_buffer#44, 0, 0)
[1515015.611] {mesa egl surface queue}  -> wl_surface#23.damage_buffer(344, 205, 108, 40)
[1515016.417] {mesa egl surface queue}  -> wl_surface#23.commit()
[1515016.437] {mesa egl surface queue}  -> wl_display#1.sync(new id wl_callback#36)
[1515016.582] {Display Queue} wl_display#1.delete_id(36)
[1515031.687] {Display Queue} wl_display#1.delete_id(40)
[1515031.716] {Default Queue} wl_callback#40.done(225241)
[1515062.426] {Default Queue} wl_pointer#6.button(66, 225272, 272, 0)
[1515062.472] {Default Queue} wl_pointer#6.frame()
[1515063.280]  -> xdg_toplevel#31.set_fullscreen(nil)
[1515064.139] {mesa egl surface queue} wl_callback#36.done(225226)
[1515064.171] {mesa egl surface queue} wl_buffer#44.release()
[1515064.773]  -> wl_surface#23.frame(new id wl_callback#36)
[1515064.836] {mesa egl surface queue}  -> wl_surface#23.attach(wl_buffer#44, 0, 0)
[1515064.855] {mesa egl surface queue}  -> wl_surface#23.damage_buffer(344, 205, 108, 40)
[1515066.260] {mesa egl surface queue}  -> wl_surface#23.commit()
[1515066.292] {mesa egl surface queue}  -> wl_display#1.sync(new id wl_callback#40)
[1515066.452] xdg_toplevel#31.configure(1280, 800, array[8])
[1515066.476] xdg_surface#30.configure(67)
[1515066.493]  -> xdg_surface#30.ack_configure(67)
[1515086.503] {Display Queue} wl_display#1.delete_id(40)
[1515100.875] {Display Queue} wl_display#1.delete_id(36)
[1515100.902] {Default Queue} wl_callback#36.done(225311)
[1515102.074]  -> xdg_toplevel#31.set_min_size(429, 233)
[1515102.085]  -> xdg_toplevel#31.set_max_size(0, 0)
[1515102.693]  -> xdg_toplevel#31.set_min_size(457, 262)
[1515102.700]  -> xdg_toplevel#31.set_max_size(0, 0)
[1515103.738] {mesa egl surface queue} wl_callback#40.done(225296)
[1515103.758] {mesa egl surface queue} wl_buffer#44.release()
[1515103.770] {mesa egl surface queue}  -> wl_buffer#44.destroy()
[1515103.820] {mesa egl swrast display queue}  -> wl_shm#27.create_pool(new id wl_shm_pool#40, fd 18, 4096000)
[1515103.826] {mesa egl surface queue}  -> wl_shm_pool#40.create_buffer(new id wl_buffer#36, 0, 1280, 800, 5120, 0)
[1515103.830] {mesa egl surface queue}  -> wl_shm_pool#40.destroy()
[1515104.900]  -> xdg_surface#30.set_window_geometry(0, 0, 1280, 800)
[1515104.909] {Default Queue}  -> wl_compositor#4.create_region(new id wl_region#45)
[1515104.914] {Default Queue}  -> wl_region#45.add(0, 0, 1280, 800)
[1515104.918]  -> wl_surface#23.set_opaque_region(wl_region#45)
[1515104.921] {Default Queue}  -> wl_region#45.destroy()
[1515104.924] {Default Queue}  -> wl_compositor#4.create_region(new id wl_region#51)
[1515104.927] {Default Queue}  -> wl_region#51.add(-12, -12, 1304, 824)
[1515104.931]  -> wl_surface#23.set_input_region(wl_region#51)
[1515104.934] {Default Queue}  -> wl_region#51.destroy()
[1515104.937] {Default Queue}  -> wp_viewport#24.set_destination(1280, 800)
[1515104.941]  -> wl_surface#23.frame(new id wl_callback#47)
[1515104.967] {mesa egl surface queue}  -> wl_surface#23.attach(wl_buffer#36, 0, 0)
[1515104.971] {mesa egl surface queue}  -> wl_surface#23.damage_buffer(0, 0, 1280, 800)
[1515111.575] {mesa egl surface queue}  -> wl_surface#23.commit()
[1515111.585] {mesa egl surface queue}  -> wl_display#1.sync(new id wl_callback#54)
[1515111.720] {Display Queue} wl_display#1.delete_id(44)
[1515111.725] {Display Queue} wl_display#1.delete_id(40)
[1515111.727] {Display Queue} wl_display#1.delete_id(45)
[1515111.730] {Display Queue} wl_display#1.delete_id(51)
[1515111.732] {Display Queue} wl_display#1.delete_id(54)
[1515133.991] {Display Queue} wl_display#1.delete_id(47)
[1515134.005] {Default Queue} wl_callback#47.done(225344)
[1515149.519] {Default Queue}  -> wp_cursor_shape_device_v1#21.set_shape(58, 9)
[1515150.577] {mesa egl surface queue} wl_callback#54.done(225321)
[1515150.603] {mesa egl surface queue} wl_buffer#36.release()
[1515150.996]  -> wl_surface#23.frame(new id wl_callback#54)
[1515151.039] {mesa egl surface queue}  -> wl_surface#23.attach(wl_buffer#36, 0, 0)
[1515151.052] {mesa egl surface queue}  -> wl_surface#23.damage_buffer(334, 149, 100, 32)
[1515152.358] {mesa egl surface queue}  -> wl_surface#23.commit()
[1515152.380] {mesa egl surface queue}  -> wl_display#1.sync(new id wl_callback#47)
[1515152.686] {Display Queue} wl_display#1.delete_id(47)
[1515179.137] {Display Queue} wl_display#1.delete_id(54)
[1515179.151] {Default Queue} wl_callback#54.done(225389)
[1519066.075]  -> xdg_toplevel#31.unset_fullscreen()
[1519066.483] xdg_toplevel#31.configure_bounds(1256, 690)
[1519066.507] xdg_toplevel#31.configure(700, 460, array[4])
[1519066.519] xdg_surface#30.configure(68)
[1519066.543]  -> xdg_surface#30.ack_configure(68)
[1519068.753]  -> xdg_toplevel#31.set_min_size(485, 338)
[1519068.775]  -> xdg_toplevel#31.set_max_size(0, 0)
[1519071.993] {mesa egl surface queue} wl_callback#47.done(225362)
[1519072.021] {mesa egl surface queue} wl_buffer#36.release()
[1519072.032] {mesa egl surface queue}  -> wl_buffer#36.destroy()
[1519072.133] {mesa egl swrast display queue}  -> wl_shm#27.create_pool(new id wl_shm_pool#47, fd 18, 1423968)
[1519072.149] {mesa egl surface queue}  -> wl_shm_pool#47.create_buffer(new id wl_buffer#54, 0, 728, 489, 2912, 0)
[1519072.164] {mesa egl surface queue}  -> wl_shm_pool#47.destroy()
[1519106.359]  -> xdg_toplevel#31.set_min_size(457, 309)
[1519106.370]  -> xdg_toplevel#31.set_max_size(0, 0)
[1519106.375]  -> xdg_surface#30.set_window_geometry(14, 12, 700, 460)
[1519106.380] {Default Queue}  -> wl_compositor#4.create_region(new id wl_region#51)
[1519106.386] {Default Queue}  -> wl_region#51.add(14, 20, 700, 452)
[1519106.389]  -> wl_surface#23.set_opaque_region(wl_region#51)
[1519106.392] {Default Queue}  -> wl_region#51.destroy()
[1519106.394] {Default Queue}  -> wl_compositor#4.create_region(new id wl_region#45)
[1519106.397] {Default Queue}  -> wl_region#45.add(2, 0, 724, 484)
[1519107.106]  -> wl_surface#23.set_input_region(wl_region#45)
[1519107.110] {Default Queue}  -> wl_region#45.destroy()
[1519107.113] {Default Queue}  -> wp_viewport#24.set_destination(728, 489)
[1519107.117]  -> wl_surface#23.frame(new id wl_callback#40)
[1519107.140] {mesa egl surface queue}  -> wl_surface#23.attach(wl_buffer#54, 0, 0)
[1519107.144] {mesa egl surface queue}  -> wl_surface#23.damage_buffer(0, 0, 728, 489)
[1519108.357] {mesa egl surface queue}  -> wl_surface#23.commit()
[1519108.365] {mesa egl surface queue}  -> wl_display#1.sync(new id wl_callback#44)
[1519412.266] {Display Queue} wl_display#1.delete_id(36)
[1519412.294] {Display Queue} wl_display#1.delete_id(47)
[1519412.304] {Display Queue} wl_display#1.delete_id(51)
[1519412.312] {Display Queue} wl_display#1.delete_id(45)
[1519412.319] {Display Queue} wl_display#1.delete_id(44)
[1519441.563] {Display Queue} wl_display#1.delete_id(40)
[1519441.593] {Default Queue} wl_callback#40.done(229651)
[1519462.425] {Default Queue}  -> wp_cursor_shape_device_v1#21.set_shape(58, 1)
[1519463.328] {mesa egl surface queue} wl_callback#44.done(229622)
[1519463.351] {mesa egl surface queue} wl_buffer#54.release()
[1519463.809]  -> wl_surface#23.frame(new id wl_callback#44)
[1519463.852] {mesa egl surface queue}  -> wl_surface#23.attach(wl_buffer#54, 0, 0)
[1519463.865] {mesa egl surface queue}  -> wl_surface#23.damage_buffer(348, 208, 100, 32)
[1519464.370] {mesa egl surface queue}  -> wl_surface#23.commit()
[1519464.389] {mesa egl surface queue}  -> wl_display#1.sync(new id wl_callback#40)
[1519464.659] {Display Queue} wl_display#1.delete_id(40)
[1519487.543] {Display Queue} wl_display#1.delete_id(44)
[1519487.571] {Default Queue} wl_callback#44.done(229697)
[1525262.551] {Default Queue} wl_pointer#6.motion(235472, 363.00000000, 33.00000000)
[1525262.604] {Default Queue} wl_pointer#6.frame()
[1525263.517] {mesa egl surface queue} wl_callback#40.done(229674)
[1525263.540] {mesa egl surface queue} wl_buffer#54.release()
[1525263.970]  -> wl_surface#23.frame(new id wl_callback#40)
[1525264.016] {mesa egl surface queue}  -> wl_surface#23.attach(wl_buffer#54, 0, 0)
[1525264.032] {mesa egl surface queue}  -> wl_surface#23.damage_buffer(348, 208, 100, 32)
[1525266.597] {mesa egl surface queue}  -> wl_surface#23.commit()
[1525266.627] {mesa egl surface queue}  -> wl_display#1.sync(new id wl_callback#44)
[1525269.768] {Display Queue} wl_display#1.delete_id(44)
[1525285.172] {Display Queue} wl_display#1.delete_id(40)
[1525285.200] {Default Queue} wl_callback#40.done(235495)
[1525310.873] {Default Queue} wl_pointer#6.button(69, 235520, 272, 1)
[1525310.912] {Default Queue} xdg_wm_base#20.ping(70)
[1525310.925] {Default Queue}  -> xdg_wm_base#20.pong(70)
[1525310.935] {Default Queue} wl_pointer#6.frame()
[1525561.637] {Default Queue} wl_pointer#6.motion(235771, 355.00000000, 28.00000000)
[1525561.756] {Default Queue} wl_pointer#6.frame()
[1525663.475] {Default Queue} wl_pointer#6.motion(235873, 347.00000000, 23.00000000)
[1525663.530] {Default Queue} wl_pointer#6.frame()
[1525663.767]  -> xdg_toplevel#31.unset_fullscreen()
[1525663.789]  -> xdg_toplevel#31.move(wl_seat#14, 69)
[1525765.182] {Default Queue} wl_pointer#6.frame()
[1525867.809] {Default Queue} wl_pointer#6.frame()
[1525968.729] {Default Queue} wl_pointer#6.frame()
[1526167.347] {Default Queue} wl_pointer#6.frame()
[1526194.089] {Default Queue} wl_pointer#6.frame()
[1526271.441] {Default Queue} wl_pointer#6.frame()
[1526372.221] {Default Queue} wl_pointer#6.frame()
[1526472.761] {Default Queue} wl_pointer#6.frame()
[1526572.997] {Default Queue} wl_pointer#6.button(71, 236782, 272, 0)
[1526573.053] {Default Queue} wl_pointer#6.frame()
[1526573.096] {Default Queue} wl_pointer#6.frame()
[1557354.088] {Default Queue} wl_keyboard#22.leave(73, wl_surface#23)
[1557354.138] {Default Queue} zwp_text_input_v3#34.leave(wl_surface#23)
[1557354.151] {Default Queue} wl_pointer#6.leave(76, wl_surface#23)
[1557354.164] {Default Queue} wl_pointer#6.frame()
[1577383.353] {Default Queue} wl_data_device#16.selection(nil)
[1577383.445] {Default Queue} zwp_primary_selection_device_v1#15.selection(nil)
[1577383.462] {Default Queue} wl_keyboard#22.enter(79, wl_surface#23, array[0])
[1577383.499] {Default Queue} wl_keyboard#22.modifiers(80, 0, 0, 0, 0)
[1577383.546] {Default Queue} zwp_text_input_v3#34.enter(wl_surface#23)
[1577383.566] {Default Queue} wl_pointer#6.enter(82, wl_surface#23, 55.00000000, 127.00000000)
[1577383.595] {Default Queue}  -> wp_cursor_shape_device_v1#21.set_shape(82, 1)
[1577383.610] {Default Queue} wl_pointer#6.frame()
[1577383.623] {Default Queue} wl_pointer#6.button(83, 287593, 272, 1)
[1577383.643] {Default Queue} xdg_wm_base#20.ping(84)
[1577383.653] {Default Queue}  -> xdg_wm_base#20.pong(84)
[1577383.662] {Default Queue} wl_pointer#6.frame()
[1577384.567] {Default Queue}  -> wp_cursor_shape_device_v1#21.set_shape(82, 9)
[1577384.847] {Default Queue}  -> zwp_text_input_v3#34.enable()
[1577384.879] {Default Queue}  -> zwp_text_input_v3#34.set_surrounding_text("q592 Ω copy-ünï", 18, 0)
[1577384.891] {Default Queue}  -> zwp_text_input_v3#34.set_text_change_cause(1)
[1577384.907] {Default Queue}  -> zwp_text_input_v3#34.set_content_type(0, 0)
[1577384.959] {Default Queue}  -> zwp_text_input_v3#34.set_cursor_rectangle(152, 112, 0, 32)
[1577384.972] {Default Queue}  -> zwp_text_input_v3#34.commit()
[1577385.075] {Default Queue}  -> zwp_text_input_v3#34.set_surrounding_text("q592 Ω copy-ünï", 18, 0)
[1577385.087] {Default Queue}  -> zwp_text_input_v3#34.set_text_change_cause(1)
[1577385.099] {Default Queue}  -> zwp_text_input_v3#34.set_content_type(0, 0)
[1577385.111] {Default Queue}  -> zwp_text_input_v3#34.set_cursor_rectangle(152, 112, 0, 32)
[1577385.122] {Default Queue}  -> zwp_text_input_v3#34.commit()
[1577385.983] {mesa egl surface queue} wl_callback#44.done(235479)
[1577386.008] {mesa egl surface queue} wl_buffer#54.release()
[1577386.672]  -> wl_surface#23.frame(new id wl_callback#44)
[1577386.715] {mesa egl surface queue}  -> wl_surface#23.attach(wl_buffer#54, 0, 0)
[1577386.728] {mesa egl surface queue}  -> wl_surface#23.damage_buffer(45, 119, 107, 18)
[1577387.792] {mesa egl surface queue}  -> wl_surface#23.commit()
[1577387.810] {mesa egl surface queue}  -> wl_display#1.sync(new id wl_callback#40)
[1577411.849] {Display Queue} wl_display#1.delete_id(40)
[1577426.829] {Display Queue} wl_display#1.delete_id(44)
[1577426.847] {Default Queue} wl_callback#44.done(287637)
[1577427.265] {mesa egl surface queue} wl_callback#40.done(287621)
[1577427.277] {mesa egl surface queue} wl_buffer#54.release()
[1577427.721]  -> wl_surface#23.frame(new id wl_callback#40)
[1577427.750] {mesa egl surface queue}  -> wl_surface#23.attach(wl_buffer#54, 0, 0)
[1577427.758] {mesa egl surface queue}  -> wl_surface#23.damage_buffer(32, 107, 664, 42)
[1577428.500] {mesa egl surface queue}  -> wl_surface#23.commit()
[1577428.514] {mesa egl surface queue}  -> wl_display#1.sync(new id wl_callback#44)
[1577428.620] {Display Queue} wl_display#1.delete_id(44)
[1577440.807] {Display Queue} wl_display#1.delete_id(40)
[1577440.823] {Default Queue} wl_callback#40.done(287651)
[1577440.839] {Default Queue} wl_pointer#6.button(85, 287641, 272, 0)
[1577440.851] {Default Queue} wl_pointer#6.frame()
[1577441.778] {mesa egl surface queue} wl_callback#44.done(287638)
[1577441.791] {mesa egl surface queue} wl_buffer#54.release()
[1577442.107]  -> wl_surface#23.frame(new id wl_callback#44)
[1577442.128] {mesa egl surface queue}  -> wl_surface#23.attach(wl_buffer#54, 0, 0)
[1577442.135] {mesa egl surface queue}  -> wl_surface#23.damage_buffer(32, 107, 664, 42)
[1577442.819] {mesa egl surface queue}  -> wl_surface#23.commit()
[1577442.830] {mesa egl surface queue}  -> wl_display#1.sync(new id wl_callback#40)
[1577442.925] {Display Queue} wl_display#1.delete_id(40)
[1577456.427] {Display Queue} wl_display#1.delete_id(44)
[1577456.453] {Default Queue} wl_callback#44.done(287666)
[1577456.892] {mesa egl surface queue} wl_callback#40.done(287653)
[1577456.900] {mesa egl surface queue} wl_buffer#54.release()
[1577457.142]  -> wl_surface#23.frame(new id wl_callback#40)
[1577457.156] {mesa egl surface queue}  -> wl_surface#23.attach(wl_buffer#54, 0, 0)
[1577457.160] {mesa egl surface queue}  -> wl_surface#23.damage_buffer(33, 108, 662, 40)
[1577457.846] {mesa egl surface queue}  -> wl_surface#23.commit()
[1577457.856] {mesa egl surface queue}  -> wl_display#1.sync(new id wl_callback#44)
[1577457.912] {Display Queue} wl_display#1.delete_id(44)
[1577470.828] {Display Queue} wl_display#1.delete_id(40)
[1577470.857] {Default Queue} wl_callback#40.done(287680)
[1577471.268] {mesa egl surface queue} wl_callback#44.done(287668)
[1577471.307] {mesa egl surface queue} wl_buffer#54.release()
[1577471.711]  -> wl_surface#23.frame(new id wl_callback#44)
[1577471.726] {mesa egl surface queue}  -> wl_surface#23.attach(wl_buffer#54, 0, 0)
[1577471.730] {mesa egl surface queue}  -> wl_surface#23.damage_buffer(33, 108, 662, 40)
[1577472.372] {mesa egl surface queue}  -> wl_surface#23.commit()
[1577472.382] {mesa egl surface queue}  -> wl_display#1.sync(new id wl_callback#40)
[1577472.451] {Display Queue} wl_display#1.delete_id(40)
[1577486.667] {Display Queue} wl_display#1.delete_id(44)
[1577486.706] {Default Queue} wl_callback#44.done(287696)
[1577486.905] {mesa egl surface queue} wl_callback#40.done(287682)
[1577486.912] {mesa egl surface queue} wl_buffer#54.release()
[1577487.168]  -> wl_surface#23.frame(new id wl_callback#40)
[1577487.183] {mesa egl surface queue}  -> wl_surface#23.attach(wl_buffer#54, 0, 0)
[1577487.187] {mesa egl surface queue}  -> wl_surface#23.damage_buffer(34, 109, 660, 38)
[1577487.848] {mesa egl surface queue}  -> wl_surface#23.commit()
[1577487.858] {mesa egl surface queue}  -> wl_display#1.sync(new id wl_callback#44)
[1577487.914] {Display Queue} wl_display#1.delete_id(44)
[1577501.106] {Display Queue} wl_display#1.delete_id(40)
[1577501.132] {Default Queue} wl_callback#40.done(287711)
[1577501.526] {mesa egl surface queue} wl_callback#44.done(287698)
[1577501.546] {mesa egl surface queue} wl_buffer#54.release()
[1577501.891]  -> wl_surface#23.frame(new id wl_callback#44)
[1577501.908] {mesa egl surface queue}  -> wl_surface#23.attach(wl_buffer#54, 0, 0)
[1577501.912] {mesa egl surface queue}  -> wl_surface#23.damage_buffer(34, 109, 660, 38)
[1577502.559] {mesa egl surface queue}  -> wl_surface#23.commit()
[1577502.569] {mesa egl surface queue}  -> wl_display#1.sync(new id wl_callback#40)
[1577502.635] {Display Queue} wl_display#1.delete_id(40)
[1577516.582] {Display Queue} wl_display#1.delete_id(44)
[1577516.609] {Default Queue} wl_callback#44.done(287726)
[1577516.899] {mesa egl surface queue} wl_callback#40.done(287712)
[1577516.906] {mesa egl surface queue} wl_buffer#54.release()
[1577517.113]  -> wl_surface#23.frame(new id wl_callback#40)
[1577517.126] {mesa egl surface queue}  -> wl_surface#23.attach(wl_buffer#54, 0, 0)
[1577517.130] {mesa egl surface queue}  -> wl_surface#23.damage_buffer(34, 109, 660, 38)
[1577517.783] {mesa egl surface queue}  -> wl_surface#23.commit()
[1577517.793] {mesa egl surface queue}  -> wl_display#1.sync(new id wl_callback#44)
[1577517.858] {Display Queue} wl_display#1.delete_id(44)
[1577530.838] {Display Queue} wl_display#1.delete_id(40)
[1577530.848] {Default Queue} wl_callback#40.done(287740)
[1577531.035] {mesa egl surface queue} wl_callback#44.done(287728)
[1577531.042] {mesa egl surface queue} wl_buffer#54.release()
[1577531.269]  -> wl_surface#23.frame(new id wl_callback#44)
[1577531.283] {mesa egl surface queue}  -> wl_surface#23.attach(wl_buffer#54, 0, 0)
[1577531.287] {mesa egl surface queue}  -> wl_surface#23.damage_buffer(34, 109, 660, 38)
[1577531.898] {mesa egl surface queue}  -> wl_surface#23.commit()
[1577531.909] {mesa egl surface queue}  -> wl_display#1.sync(new id wl_callback#40)
[1577531.965] {Display Queue} wl_display#1.delete_id(40)
[1577545.198] {Display Queue} wl_display#1.delete_id(44)
[1577545.216] {Default Queue} wl_callback#44.done(287755)
[1577545.509] {mesa egl surface queue} wl_callback#40.done(287742)
[1577545.524] {mesa egl surface queue} wl_buffer#54.release()
[1577545.923]  -> wl_surface#23.frame(new id wl_callback#40)
[1577545.951] {mesa egl surface queue}  -> wl_surface#23.attach(wl_buffer#54, 0, 0)
[1577545.960] {mesa egl surface queue}  -> wl_surface#23.damage_buffer(35, 110, 658, 36)
[1577546.726] {mesa egl surface queue}  -> wl_surface#23.commit()
[1577546.739] {mesa egl surface queue}  -> wl_display#1.sync(new id wl_callback#44)
[1577546.833] {Display Queue} wl_display#1.delete_id(44)
[1577563.265] {Display Queue} wl_display#1.delete_id(40)
[1577563.294] {Default Queue} wl_callback#40.done(287773)
[1577563.684] {mesa egl surface queue} wl_callback#44.done(287757)
[1577563.702] {mesa egl surface queue} wl_buffer#54.release()
[1577564.187]  -> wl_surface#23.frame(new id wl_callback#44)
[1577564.217] {mesa egl surface queue}  -> wl_surface#23.attach(wl_buffer#54, 0, 0)
[1577564.225] {mesa egl surface queue}  -> wl_surface#23.damage_buffer(35, 110, 658, 36)
[1577565.142] {mesa egl surface queue}  -> wl_surface#23.commit()
[1577565.162] {mesa egl surface queue}  -> wl_display#1.sync(new id wl_callback#40)
[1577565.306] {Display Queue} wl_display#1.delete_id(40)
[1577589.655] {Display Queue} wl_display#1.delete_id(44)
[1577589.684] {Default Queue} wl_callback#44.done(287799)
[1577590.079] {mesa egl surface queue} wl_callback#40.done(287775)
[1577590.091] {mesa egl surface queue} wl_buffer#54.release()
[1577590.370]  -> wl_surface#23.frame(new id wl_callback#40)
[1577590.389] {mesa egl surface queue}  -> wl_surface#23.attach(wl_buffer#54, 0, 0)
[1577590.395] {mesa egl surface queue}  -> wl_surface#23.damage_buffer(35, 110, 658, 36)
[1577591.106] {mesa egl surface queue}  -> wl_surface#23.commit()
[1577591.120] {mesa egl surface queue}  -> wl_display#1.sync(new id wl_callback#44)
[1577591.195] {Display Queue} wl_display#1.delete_id(44)
[1577608.163] {Display Queue} wl_display#1.delete_id(40)
[1577608.189] {Default Queue} wl_callback#40.done(287818)
[1577608.596] {mesa egl surface queue} wl_callback#44.done(287801)
[1577608.616] {mesa egl surface queue} wl_buffer#54.release()
[1577609.076]  -> wl_surface#23.frame(new id wl_callback#44)
[1577609.114] {mesa egl surface queue}  -> wl_surface#23.attach(wl_buffer#54, 0, 0)
[1577609.126] {mesa egl surface queue}  -> wl_surface#23.damage_buffer(35, 110, 658, 36)
[1577609.991] {mesa egl surface queue}  -> wl_surface#23.commit()
[1577610.000] {mesa egl surface queue}  -> wl_display#1.sync(new id wl_callback#40)
[1577610.059] {Display Queue} wl_display#1.delete_id(40)
[1577624.271] {Display Queue} wl_display#1.delete_id(44)
[1577624.295] {Default Queue} wl_callback#44.done(287834)
[1577624.692] {mesa egl surface queue} wl_callback#40.done(287820)
[1577624.709] {mesa egl surface queue} wl_buffer#54.release()
[1577625.152]  -> wl_surface#23.frame(new id wl_callback#40)
[1577625.187] {mesa egl surface queue}  -> wl_surface#23.attach(wl_buffer#54, 0, 0)
[1577625.199] {mesa egl surface queue}  -> wl_surface#23.damage_buffer(35, 110, 658, 36)
[1577627.020] {mesa egl surface queue}  -> wl_surface#23.commit()
[1577627.045] {mesa egl surface queue}  -> wl_display#1.sync(new id wl_callback#44)
[1577627.175] {Display Queue} wl_display#1.delete_id(44)
[1577651.272] {Display Queue} wl_display#1.delete_id(40)
[1577651.297] {Default Queue} wl_callback#40.done(287861)
[1577651.686] {mesa egl surface queue} wl_callback#44.done(287837)
[1577651.704] {mesa egl surface queue} wl_buffer#54.release()
[1577652.203]  -> wl_surface#23.frame(new id wl_callback#44)
[1577652.223] {mesa egl surface queue}  -> wl_surface#23.attach(wl_buffer#54, 0, 0)
[1577652.230] {mesa egl surface queue}  -> wl_surface#23.damage_buffer(35, 110, 658, 36)
[1577653.005] {mesa egl surface queue}  -> wl_surface#23.commit()
[1577653.016] {mesa egl surface queue}  -> wl_display#1.sync(new id wl_callback#40)
[1577653.087] {Display Queue} wl_display#1.delete_id(40)
[1577670.775] {Display Queue} wl_display#1.delete_id(44)
[1577670.799] {Default Queue} wl_callback#44.done(287880)
[1577671.070] {mesa egl surface queue} wl_callback#40.done(287863)
[1577671.077] {mesa egl surface queue} wl_buffer#54.release()
[1577671.301]  -> wl_surface#23.frame(new id wl_callback#40)
[1577671.315] {mesa egl surface queue}  -> wl_surface#23.attach(wl_buffer#54, 0, 0)
[1577671.320] {mesa egl surface queue}  -> wl_surface#23.damage_buffer(35, 110, 658, 36)
[1577671.977] {mesa egl surface queue}  -> wl_surface#23.commit()
[1577671.985] {mesa egl surface queue}  -> wl_display#1.sync(new id wl_callback#44)
[1577672.038] {Display Queue} wl_display#1.delete_id(44)
[1577685.975] {Display Queue} wl_display#1.delete_id(40)
[1577686.003] {Default Queue} wl_callback#40.done(287896)
[1577686.396] {mesa egl surface queue} wl_callback#44.done(287882)
[1577686.411] {mesa egl surface queue} wl_buffer#54.release()
[1577686.786]  -> wl_surface#23.frame(new id wl_callback#44)
[1577686.817] {mesa egl surface queue}  -> wl_surface#23.attach(wl_buffer#54, 0, 0)
[1577686.827] {mesa egl surface queue}  -> wl_surface#23.damage_buffer(35, 110, 658, 36)
[1577687.648] {mesa egl surface queue}  -> wl_surface#23.commit()
[1577687.665] {mesa egl surface queue}  -> wl_display#1.sync(new id wl_callback#40)
[1577687.771] {Display Queue} wl_display#1.delete_id(40)
[1577704.193] {Display Queue} wl_display#1.delete_id(44)
[1577704.221] {Default Queue} wl_callback#44.done(287914)
[1577754.376] {mesa egl surface queue} wl_callback#40.done(287898)
[1577754.408] {mesa egl surface queue} wl_buffer#54.release()
[1577754.777]  -> wl_surface#23.frame(new id wl_callback#40)
[1577754.812] {mesa egl surface queue}  -> wl_surface#23.attach(wl_buffer#54, 0, 0)
[1577754.824] {mesa egl surface queue}  -> wl_surface#23.damage_buffer(53, 119, 1, 18)
[1577755.563] {mesa egl surface queue}  -> wl_surface#23.commit()
[1577755.593] {mesa egl surface queue}  -> wl_display#1.sync(new id wl_callback#44)
[1577755.745] {Display Queue} wl_display#1.delete_id(44)
[1577772.195] {Display Queue} wl_display#1.delete_id(40)
[1577772.223] {Default Queue} wl_callback#40.done(287982)
[1577772.561] {mesa egl surface queue} wl_callback#44.done(287965)
[1577772.582] {mesa egl surface queue} wl_buffer#54.release()
[1577772.895]  -> wl_surface#23.frame(new id wl_callback#44)
[1577772.919] {mesa egl surface queue}  -> wl_surface#23.attach(wl_buffer#54, 0, 0)
[1577772.927] {mesa egl surface queue}  -> wl_surface#23.damage_buffer(53, 119, 1, 18)
[1577773.586] {mesa egl surface queue}  -> wl_surface#23.commit()
[1577773.599] {mesa egl surface queue}  -> wl_display#1.sync(new id wl_callback#40)
[1577773.746] {Display Queue} wl_display#1.delete_id(40)
[1577803.024] {Display Queue} wl_display#1.delete_id(44)
[1577803.044] {Default Queue} wl_callback#44.done(288013)
[1577803.304] {mesa egl surface queue} wl_callback#40.done(287983)
[1577803.315] {mesa egl surface queue} wl_buffer#54.release()
[1577803.602]  -> wl_surface#23.frame(new id wl_callback#40)
[1577803.627] {mesa egl surface queue}  -> wl_surface#23.attach(wl_buffer#54, 0, 0)
[1577803.635] {mesa egl surface queue}  -> wl_surface#23.damage_buffer(53, 119, 1, 18)
[1577804.332] {mesa egl surface queue}  -> wl_surface#23.commit()
[1577804.346] {mesa egl surface queue}  -> wl_display#1.sync(new id wl_callback#44)
[1577804.472] {Display Queue} wl_display#1.delete_id(44)
[1577831.587] {Display Queue} wl_display#1.delete_id(40)
[1577831.616] {Default Queue} wl_callback#40.done(288041)
[1577831.907] {mesa egl surface queue} wl_callback#44.done(288014)
[1577831.918] {mesa egl surface queue} wl_buffer#54.release()
[1577832.199]  -> wl_surface#23.frame(new id wl_callback#44)
[1577832.222] {mesa egl surface queue}  -> wl_surface#23.attach(wl_buffer#54, 0, 0)
[1577832.230] {mesa egl surface queue}  -> wl_surface#23.damage_buffer(53, 119, 1, 18)
[1577832.862] {mesa egl surface queue}  -> wl_surface#23.commit()
[1577832.877] {mesa egl surface queue}  -> wl_display#1.sync(new id wl_callback#40)
[1577833.005] {Display Queue} wl_display#1.delete_id(40)
[1577860.851] {Display Queue} wl_display#1.delete_id(44)
[1577860.875] {Default Queue} wl_callback#44.done(288070)
[1577861.162] {mesa egl surface queue} wl_callback#40.done(288043)
[1577861.180] {mesa egl surface queue} wl_buffer#54.release()
[1577861.507]  -> wl_surface#23.frame(new id wl_callback#40)
[1577861.537] {mesa egl surface queue}  -> wl_surface#23.attach(wl_buffer#54, 0, 0)
[1577861.546] {mesa egl surface queue}  -> wl_surface#23.damage_buffer(53, 119, 1, 18)
[1577862.283] {mesa egl surface queue}  -> wl_surface#23.commit()
[1577862.328] {mesa egl surface queue}  -> wl_display#1.sync(new id wl_callback#44)
[1577862.476] {Display Queue} wl_display#1.delete_id(44)
[1577890.670] {Display Queue} wl_display#1.delete_id(40)
[1577890.695] {Default Queue} wl_callback#40.done(288100)
[1577891.000] {mesa egl surface queue} wl_callback#44.done(288072)
[1577891.017] {mesa egl surface queue} wl_buffer#54.release()
[1577891.433]  -> wl_surface#23.frame(new id wl_callback#44)
[1577891.468] {mesa egl surface queue}  -> wl_surface#23.attach(wl_buffer#54, 0, 0)
[1577891.478] {mesa egl surface queue}  -> wl_surface#23.damage_buffer(53, 119, 1, 18)
[1577892.126] {mesa egl surface queue}  -> wl_surface#23.commit()
[1577892.156] {mesa egl surface queue}  -> wl_display#1.sync(new id wl_callback#40)
[1577892.318] {Display Queue} wl_display#1.delete_id(40)
[1577920.513] {Display Queue} wl_display#1.delete_id(44)
[1577920.544] {Default Queue} wl_callback#44.done(288130)
[1577920.901] {mesa egl surface queue} wl_callback#40.done(288102)
[1577920.918] {mesa egl surface queue} wl_buffer#54.release()
[1577921.285]  -> wl_surface#23.frame(new id wl_callback#40)
[1577921.321] {mesa egl surface queue}  -> wl_surface#23.attach(wl_buffer#54, 0, 0)
[1577921.333] {mesa egl surface queue}  -> wl_surface#23.damage_buffer(53, 119, 1, 18)
[1577922.001] {mesa egl surface queue}  -> wl_surface#23.commit()
[1577922.023] {mesa egl surface queue}  -> wl_display#1.sync(new id wl_callback#44)
[1577922.169] {Display Queue} wl_display#1.delete_id(44)
[1577951.870] {Display Queue} wl_display#1.delete_id(40)
[1577951.892] {Default Queue} wl_callback#40.done(288161)
[1577952.173] {mesa egl surface queue} wl_callback#44.done(288132)
[1577952.188] {mesa egl surface queue} wl_buffer#54.release()
[1577952.514]  -> wl_surface#23.frame(new id wl_callback#44)
[1577952.543] {mesa egl surface queue}  -> wl_surface#23.attach(wl_buffer#54, 0, 0)
[1577952.551] {mesa egl surface queue}  -> wl_surface#23.damage_buffer(53, 119, 1, 18)
[1577953.210] {mesa egl surface queue}  -> wl_surface#23.commit()
[1577953.238] {mesa egl surface queue}  -> wl_display#1.sync(new id wl_callback#40)
[1577953.455] {Display Queue} wl_display#1.delete_id(40)
[1577981.101] {Display Queue} wl_display#1.delete_id(44)
[1577981.129] {Default Queue} wl_callback#44.done(288191)
[1577981.474] {mesa egl surface queue} wl_callback#40.done(288163)
[1577981.493] {mesa egl surface queue} wl_buffer#54.release()
[1577981.935]  -> wl_surface#23.frame(new id wl_callback#40)
[1577981.968] {mesa egl surface queue}  -> wl_surface#23.attach(wl_buffer#54, 0, 0)
[1577981.978] {mesa egl surface queue}  -> wl_surface#23.damage_buffer(53, 119, 1, 18)
[1577982.601] {mesa egl surface queue}  -> wl_surface#23.commit()
[1577982.624] {mesa egl surface queue}  -> wl_display#1.sync(new id wl_callback#44)
[1577982.753] {Display Queue} wl_display#1.delete_id(44)
[1578010.419] {Display Queue} wl_display#1.delete_id(40)
[1578010.447] {Default Queue} wl_callback#40.done(288220)
[1578010.789] {mesa egl surface queue} wl_callback#44.done(288193)
[1578010.807] {mesa egl surface queue} wl_buffer#54.release()
[1578011.172]  -> wl_surface#23.frame(new id wl_callback#44)
[1578011.204] {mesa egl surface queue}  -> wl_surface#23.attach(wl_buffer#54, 0, 0)
[1578011.215] {mesa egl surface queue}  -> wl_surface#23.damage_buffer(53, 119, 1, 18)
[1578011.862] {mesa egl surface queue}  -> wl_surface#23.commit()
[1578011.881] {mesa egl surface queue}  -> wl_display#1.sync(new id wl_callback#40)
[1578012.052] {Display Queue} wl_display#1.delete_id(40)
[1578039.971] {Display Queue} wl_display#1.delete_id(44)
[1578040.005] {Default Queue} wl_callback#44.done(288250)
[1578040.366] {mesa egl surface queue} wl_callback#40.done(288222)
[1578040.385] {mesa egl surface queue} wl_buffer#54.release()
[1578040.795]  -> wl_surface#23.frame(new id wl_callback#40)
[1578040.832] {mesa egl surface queue}  -> wl_surface#23.attach(wl_buffer#54, 0, 0)
[1578040.846] {mesa egl surface queue}  -> wl_surface#23.damage_buffer(53, 119, 1, 18)
[1578041.633] {mesa egl surface queue}  -> wl_surface#23.commit()
[1578041.654] {mesa egl surface queue}  -> wl_display#1.sync(new id wl_callback#44)
[1578041.850] {Display Queue} wl_display#1.delete_id(44)
[1578071.883] {Display Queue} wl_display#1.delete_id(40)
[1578071.911] {Default Queue} wl_callback#40.done(288281)
[1578072.264] {mesa egl surface queue} wl_callback#44.done(288252)
[1578072.283] {mesa egl surface queue} wl_buffer#54.release()
[1578072.642]  -> wl_surface#23.frame(new id wl_callback#44)
[1578072.673] {mesa egl surface queue}  -> wl_surface#23.attach(wl_buffer#54, 0, 0)
[1578072.683] {mesa egl surface queue}  -> wl_surface#23.damage_buffer(53, 119, 1, 18)
[1578073.392] {mesa egl surface queue}  -> wl_surface#23.commit()
[1578073.415] {mesa egl surface queue}  -> wl_display#1.sync(new id wl_callback#40)
[1578073.573] {Display Queue} wl_display#1.delete_id(40)
[1578101.533] {Display Queue} wl_display#1.delete_id(44)
[1578101.559] {Default Queue} wl_callback#44.done(288311)
[1578356.591] {mesa egl surface queue} wl_callback#40.done(288283)
[1578356.621] {mesa egl surface queue} wl_buffer#54.release()
[1578356.997]  -> wl_surface#23.frame(new id wl_callback#40)
[1578357.033] {mesa egl surface queue}  -> wl_surface#23.attach(wl_buffer#54, 0, 0)
[1578357.046] {mesa egl surface queue}  -> wl_surface#23.damage_buffer(53, 119, 1, 18)
[1578357.834] {mesa egl surface queue}  -> wl_surface#23.commit()
[1578357.865] {mesa egl surface queue}  -> wl_display#1.sync(new id wl_callback#44)
[1578358.621] {Display Queue} wl_display#1.delete_id(44)
[1578376.187] {Display Queue} wl_display#1.delete_id(40)
[1578376.219] {Default Queue} wl_callback#40.done(288586)
[1578376.560] {mesa egl surface queue} wl_callback#44.done(288568)
[1578376.578] {mesa egl surface queue} wl_buffer#54.release()
[1578376.958]  -> wl_surface#23.frame(new id wl_callback#44)
[1578376.994] {mesa egl surface queue}  -> wl_surface#23.attach(wl_buffer#54, 0, 0)
[1578377.006] {mesa egl surface queue}  -> wl_surface#23.damage_buffer(53, 119, 1, 18)
[1578377.638] {mesa egl surface queue}  -> wl_surface#23.commit()
[1578377.654] {mesa egl surface queue}  -> wl_display#1.sync(new id wl_callback#40)
[1578377.827] {Display Queue} wl_display#1.delete_id(40)
[1578407.559] {Display Queue} wl_display#1.delete_id(44)
[1578407.587] {Default Queue} wl_callback#44.done(288617)
[1578407.888] {mesa egl surface queue} wl_callback#40.done(288588)
[1578407.899] {mesa egl surface queue} wl_buffer#54.release()
[1578408.254]  -> wl_surface#23.frame(new id wl_callback#40)
[1578408.283] {mesa egl surface queue}  -> wl_surface#23.attach(wl_buffer#54, 0, 0)
[1578408.291] {mesa egl surface queue}  -> wl_surface#23.damage_buffer(53, 119, 1, 18)
[1578408.931] {mesa egl surface queue}  -> wl_surface#23.commit()
[1578408.946] {mesa egl surface queue}  -> wl_display#1.sync(new id wl_callback#44)
[1578409.062] {Display Queue} wl_display#1.delete_id(44)
[1578436.728] {Display Queue} wl_display#1.delete_id(40)
[1578436.765] {Default Queue} wl_callback#40.done(288646)
[1578437.022] {mesa egl surface queue} wl_callback#44.done(288619)
[1578437.035] {mesa egl surface queue} wl_buffer#54.release()
[1578437.327]  -> wl_surface#23.frame(new id wl_callback#44)
[1578437.352] {mesa egl surface queue}  -> wl_surface#23.attach(wl_buffer#54, 0, 0)
[1578437.360] {mesa egl surface queue}  -> wl_surface#23.damage_buffer(53, 119, 1, 18)
[1578438.012] {mesa egl surface queue}  -> wl_surface#23.commit()
[1578438.031] {mesa egl surface queue}  -> wl_display#1.sync(new id wl_callback#40)
[1578438.151] {Display Queue} wl_display#1.delete_id(40)
[1578467.601] {Display Queue} wl_display#1.delete_id(44)
[1578467.629] {Default Queue} wl_callback#44.done(288677)
[1578467.961] {mesa egl surface queue} wl_callback#40.done(288648)
[1578467.982] {mesa egl surface queue} wl_buffer#54.release()
[1578468.361]  -> wl_surface#23.frame(new id wl_callback#40)
[1578468.385] {mesa egl surface queue}  -> wl_surface#23.attach(wl_buffer#54, 0, 0)
[1578468.394] {mesa egl surface queue}  -> wl_surface#23.damage_buffer(53, 119, 1, 18)
[1578469.052] {mesa egl surface queue}  -> wl_surface#23.commit()
[1578469.068] {mesa egl surface queue}  -> wl_display#1.sync(new id wl_callback#44)
[1578469.199] {Display Queue} wl_display#1.delete_id(44)
[1578495.414] {Display Queue} wl_display#1.delete_id(40)
[1578495.436] {Default Queue} wl_callback#40.done(288705)
[1578495.456] {Default Queue} wl_keyboard#22.key(86, 288693, 29, 1)
[1578495.581] {Default Queue} wl_keyboard#22.modifiers(88, 4, 0, 0, 0)
[1578495.613] {Default Queue} wl_keyboard#22.key(89, 288693, 30, 1)
[1578495.771] {Default Queue}  -> wl_surface#17.attach(nil, 0, 0)
[1578495.781] {Default Queue}  -> wl_surface#17.commit()
[1578495.788] {Default Queue}  -> wl_pointer#6.set_cursor(82, wl_surface#17, 0, 0)
[1578497.841] {Default Queue}  -> zwp_primary_selection_device_manager_v1#12.create_source(new id zwp_primary_selection_source_v1#40)
[1578497.866] {Default Queue}  -> zwp_primary_selection_source_v1#40.offer("text/plain;charset=utf-8")
[1578497.877] {Default Queue}  -> zwp_primary_selection_source_v1#40.offer("text/plain")
[1578497.885] {Default Queue}  -> zwp_primary_selection_device_v1#15.set_selection(zwp_primary_selection_source_v1#40, 89)
[1578498.414] {mesa egl surface queue} wl_callback#44.done(288679)
[1578498.431] {mesa egl surface queue} wl_buffer#54.release()
[1578498.799]  -> wl_surface#23.frame(new id wl_callback#44)
[1578498.825] {mesa egl surface queue}  -> wl_surface#23.attach(wl_buffer#54, 0, 0)
[1578498.833] {mesa egl surface queue}  -> wl_surface#23.damage_buffer(45, 119, 107, 18)
[1578499.443] {mesa egl surface queue}  -> wl_surface#23.commit()
[1578499.458] {mesa egl surface queue}  -> wl_display#1.sync(new id wl_callback#45)
[1578499.585] {Display Queue} wl_display#1.delete_id(45)
[1578499.595] {Default Queue} zwp_primary_selection_device_v1#15.data_offer(new id zwp_primary_selection_offer_v1#4278190080)
[1578499.604] {Default Queue} zwp_primary_selection_offer_v1#4278190080.offer("text/plain;charset=utf-8")
[1578499.613] {Default Queue} zwp_primary_selection_offer_v1#4278190080.offer("text/plain")
[1578499.619] {Default Queue} zwp_primary_selection_device_v1#15.selection(zwp_primary_selection_offer_v1#4278190080)
[1578499.630] {Default Queue}  -> zwp_primary_selection_offer_v1#4278190080.destroy()
[1578536.559] {Display Queue} wl_display#1.delete_id(44)
[1578536.574] {Default Queue} wl_callback#44.done(288746)
[1578536.588] {Default Queue} wl_keyboard#22.key(90, 288746, 30, 0)
[1578536.615] {Default Queue} wl_keyboard#22.key(91, 288746, 29, 0)
[1578536.623] {Default Queue} wl_keyboard#22.modifiers(93, 0, 0, 0, 0)
[1578536.779] {Default Queue}  -> wp_cursor_shape_device_v1#21.set_shape(82, 9)
[1578990.686] {Default Queue} wl_keyboard#22.key(94, 289200, 29, 1)
[1578990.769] {Default Queue} wl_keyboard#22.modifiers(96, 4, 0, 0, 0)
[1578990.810] {Default Queue} wl_keyboard#22.key(97, 289200, 46, 1)
[1578990.961] {Default Queue}  -> wl_surface#17.attach(nil, 0, 0)
[1578990.975] {Default Queue}  -> wl_surface#17.commit()
[1578990.985] {Default Queue}  -> wl_pointer#6.set_cursor(82, wl_surface#17, 0, 0)
[1578991.367] {Default Queue}  -> wl_data_device_manager#9.create_data_source(new id wl_data_source#44)
[1578991.382] {Default Queue}  -> wl_data_source#44.offer("text/plain;charset=utf-8")
[1578991.391] {Default Queue}  -> wl_data_source#44.offer("text/plain")
[1578991.402] {Default Queue}  -> wl_data_device#16.set_selection(wl_data_source#44, 97)
[1578991.906] {Default Queue} wl_data_device#16.data_offer(new id wl_data_offer#4278190081)
[1578991.923] {Default Queue} wl_data_offer#4278190081.offer("text/plain;charset=utf-8")
[1578991.933] {Default Queue} wl_data_offer#4278190081.offer("text/plain")
[1578991.941] {Default Queue} wl_data_device#16.selection(wl_data_offer#4278190081)
[1578991.952] {Default Queue} wl_data_source#44.send("text/plain;charset=utf-8", fd 12)
[1579043.683] {Default Queue} wl_keyboard#22.key(98, 289253, 46, 0)
[1579043.762] {Default Queue} wl_keyboard#22.key(99, 289253, 29, 0)
[1579043.783] {Default Queue} wl_keyboard#22.modifiers(101, 0, 0, 0, 0)
[1580346.216] {Default Queue} wl_pointer#6.motion(290556, 742.00000000, 81.00000000)
[1580346.256] {Default Queue} wl_pointer#6.frame()
[1580346.565] {Default Queue}  -> wp_cursor_shape_device_v1#21.set_shape(82, 1)
[1580603.876] {Default Queue} wl_keyboard#22.leave(102, wl_surface#23)
[1580603.936] {Default Queue} zwp_text_input_v3#34.leave(wl_surface#23)
[1580603.951] {Default Queue}  -> zwp_text_input_v3#34.disable()
[1580603.970] {Default Queue}  -> zwp_text_input_v3#34.commit()
[1580603.979] {Default Queue} wl_pointer#6.leave(105, wl_surface#23)
[1580603.994] {Default Queue} wl_pointer#6.frame()
[1580605.528] {mesa egl surface queue} wl_callback#45.done(288709)
[1580605.560] {mesa egl surface queue} wl_buffer#54.release()
[1580606.248]  -> wl_surface#23.frame(new id wl_callback#45)
[1580606.300] {mesa egl surface queue}  -> wl_surface#23.attach(wl_buffer#54, 0, 0)
[1580606.342] {mesa egl surface queue}  -> wl_surface#23.damage_buffer(45, 119, 107, 18)
[1580607.925] {mesa egl surface queue}  -> wl_surface#23.commit()
[1580607.951] {mesa egl surface queue}  -> wl_display#1.sync(new id wl_callback#51)
[1580630.496] {Display Queue} wl_display#1.delete_id(51)
[1580646.000] {Display Queue} wl_display#1.delete_id(45)
[1580646.013] {Default Queue} wl_callback#45.done(290856)
[1580646.375] {mesa egl surface queue} wl_callback#51.done(290840)
[1580646.383] {mesa egl surface queue} wl_buffer#54.release()
[1580646.700]  -> wl_surface#23.frame(new id wl_callback#51)
[1580646.719] {mesa egl surface queue}  -> wl_surface#23.attach(wl_buffer#54, 0, 0)
[1580646.725] {mesa egl surface queue}  -> wl_surface#23.damage_buffer(34, 109, 660, 38)
[1580647.554] {mesa egl surface queue}  -> wl_surface#23.commit()
[1580647.565] {mesa egl surface queue}  -> wl_display#1.sync(new id wl_callback#45)
[1580647.642] {Display Queue} wl_display#1.delete_id(45)
[1580658.640] {Display Queue} wl_display#1.delete_id(51)
[1580658.650] {Default Queue} wl_callback#51.done(290868)
[1580658.892] {mesa egl surface queue} wl_callback#45.done(290857)
[1580658.897] {mesa egl surface queue} wl_buffer#54.release()
[1580659.177]  -> wl_surface#23.frame(new id wl_callback#45)
[1580659.193] {mesa egl surface queue}  -> wl_surface#23.attach(wl_buffer#54, 0, 0)
[1580659.197] {mesa egl surface queue}  -> wl_surface#23.damage_buffer(34, 109, 660, 38)
[1580659.948] {mesa egl surface queue}  -> wl_surface#23.commit()
[1580659.957] {mesa egl surface queue}  -> wl_display#1.sync(new id wl_callback#51)
[1580660.204] {Default Queue} wl_data_device#16.data_offer(new id wl_data_offer#4278190082)
[1580660.215] {Default Queue} wl_data_offer#4278190082.offer("text/plain;charset=utf-8")
[1580660.221] {Default Queue} wl_data_offer#4278190082.offer("text/plain")
[1580660.224] {Default Queue} wl_data_device#16.selection(wl_data_offer#4278190082)
[1580660.229] {Default Queue} zwp_primary_selection_device_v1#15.data_offer(new id zwp_primary_selection_offer_v1#4278190083)
[1580660.234] {Default Queue} zwp_primary_selection_offer_v1#4278190083.offer("text/plain;charset=utf-8")
[1580660.237] {Default Queue} zwp_primary_selection_offer_v1#4278190083.offer("text/plain")
[1580660.239] {Default Queue} zwp_primary_selection_device_v1#15.selection(zwp_primary_selection_offer_v1#4278190083)
[1580660.244] {Default Queue}  -> zwp_primary_selection_offer_v1#4278190083.destroy()
[1580660.247] {Default Queue} wl_keyboard#22.enter(112, wl_surface#23, array[0])
[1580660.255] {Default Queue} wl_keyboard#22.modifiers(113, 0, 0, 0, 0)
[1580660.276] {Default Queue} zwp_text_input_v3#34.enter(wl_surface#23)
[1580660.279] {Default Queue} wl_pointer#6.enter(114, wl_surface#23, 742.00000000, 81.00000000)
[1580660.286] {Default Queue}  -> wp_cursor_shape_device_v1#21.set_shape(114, 1)
[1580660.289] {Default Queue} wl_pointer#6.frame()
[1580660.348] {Default Queue}  -> zwp_text_input_v3#34.enable()
[1580660.486] {Default Queue}  -> zwp_text_input_v3#34.set_surrounding_text("q592 Ω copy-ünï", 18, 0)
[1580660.490] {Default Queue}  -> zwp_text_input_v3#34.set_text_change_cause(1)
[1580660.498] {Default Queue}  -> zwp_text_input_v3#34.set_content_type(0, 0)
[1580660.562] {Default Queue}  -> zwp_text_input_v3#34.set_cursor_rectangle(152, 112, 0, 32)
[1580660.566] {Default Queue}  -> zwp_text_input_v3#34.commit()
[1580660.791] {Display Queue} wl_display#1.delete_id(51)
[1580673.571] {Display Queue} wl_display#1.delete_id(45)
[1580673.584] {Default Queue} wl_callback#45.done(290883)
[1580674.021] {mesa egl surface queue} wl_callback#51.done(290870)
[1580674.030] {mesa egl surface queue} wl_buffer#54.release()
[1580674.318]  -> wl_surface#23.frame(new id wl_callback#51)
[1580674.336] {mesa egl surface queue}  -> wl_surface#23.attach(wl_buffer#54, 0, 0)
[1580674.340] {mesa egl surface queue}  -> wl_surface#23.damage_buffer(45, 119, 107, 18)
[1580675.138] {mesa egl surface queue}  -> wl_surface#23.commit()
[1580675.148] {mesa egl surface queue}  -> wl_display#1.sync(new id wl_callback#45)
[1580675.228] {Display Queue} wl_display#1.delete_id(45)
[1580688.874] {Display Queue} wl_display#1.delete_id(51)
[1580688.887] {Default Queue} wl_callback#51.done(290899)
[1580689.162] {mesa egl surface queue} wl_callback#45.done(290885)
[1580689.170] {mesa egl surface queue} wl_buffer#54.release()
[1580689.474]  -> wl_surface#23.frame(new id wl_callback#45)
[1580689.493] {mesa egl surface queue}  -> wl_surface#23.attach(wl_buffer#54, 0, 0)
[1580689.497] {mesa egl surface queue}  -> wl_surface#23.damage_buffer(34, 109, 660, 38)
[1580692.689] {mesa egl surface queue}  -> wl_surface#23.commit()
[1580692.702] {mesa egl surface queue}  -> wl_display#1.sync(new id wl_callback#51)
[1580692.781] {Display Queue} wl_display#1.delete_id(51)
[1580706.665] {Display Queue} wl_display#1.delete_id(45)
[1580706.690] {Default Queue} wl_callback#45.done(290916)
[1580707.144] {mesa egl surface queue} wl_callback#51.done(290903)
[1580707.164] {mesa egl surface queue} wl_buffer#54.release()
[1580707.557]  -> wl_surface#23.frame(new id wl_callback#51)
[1580707.574] {mesa egl surface queue}  -> wl_surface#23.attach(wl_buffer#54, 0, 0)
[1580707.578] {mesa egl surface queue}  -> wl_surface#23.damage_buffer(34, 109, 660, 38)
[1580708.217] {mesa egl surface queue}  -> wl_surface#23.commit()
[1580708.224] {mesa egl surface queue}  -> wl_display#1.sync(new id wl_callback#45)
[1580708.282] {Display Queue} wl_display#1.delete_id(45)
[1580715.752] {Display Queue} wl_display#1.delete_id(51)
[1580715.778] {Default Queue} wl_callback#51.done(290925)
[1580716.194] {mesa egl surface queue} wl_callback#45.done(290918)
[1580716.214] {mesa egl surface queue} wl_buffer#54.release()
[1580716.521]  -> wl_surface#23.frame(new id wl_callback#45)
[1580716.535] {mesa egl surface queue}  -> wl_surface#23.attach(wl_buffer#54, 0, 0)
[1580716.539] {mesa egl surface queue}  -> wl_surface#23.damage_buffer(34, 109, 660, 38)
[1580717.149] {mesa egl surface queue}  -> wl_surface#23.commit()
[1580717.156] {mesa egl surface queue}  -> wl_display#1.sync(new id wl_callback#51)
[1580717.209] {Display Queue} wl_display#1.delete_id(51)
[1580724.599] {Display Queue} wl_display#1.delete_id(45)
[1580724.625] {Default Queue} wl_callback#45.done(290934)
[1580725.000] {mesa egl surface queue} wl_callback#51.done(290927)
[1580725.019] {mesa egl surface queue} wl_buffer#54.release()
[1580725.431]  -> wl_surface#23.frame(new id wl_callback#51)
[1580725.459] {mesa egl surface queue}  -> wl_surface#23.attach(wl_buffer#54, 0, 0)
[1580725.463] {mesa egl surface queue}  -> wl_surface#23.damage_buffer(35, 110, 658, 36)
[1580726.083] {mesa egl surface queue}  -> wl_surface#23.commit()
[1580726.091] {mesa egl surface queue}  -> wl_display#1.sync(new id wl_callback#45)
[1580726.143] {Display Queue} wl_display#1.delete_id(45)
[1580804.345] {Display Queue} wl_display#1.delete_id(51)
[1580804.381] {Default Queue} wl_callback#51.done(291014)
[1580804.895] {mesa egl surface queue} wl_callback#45.done(290936)
[1580804.941] {mesa egl surface queue} wl_buffer#54.release()
[1580805.463]  -> wl_surface#23.frame(new id wl_callback#45)
[1580805.505] {mesa egl surface queue}  -> wl_surface#23.attach(wl_buffer#54, 0, 0)
[1580805.518] {mesa egl surface queue}  -> wl_surface#23.damage_buffer(35, 110, 658, 36)
[1580806.943] {mesa egl surface queue}  -> wl_surface#23.commit()
[1580806.965] {mesa egl surface queue}  -> wl_display#1.sync(new id wl_callback#51)
[1580807.151] {Display Queue} wl_display#1.delete_id(51)
[1580823.745] {Display Queue} wl_display#1.delete_id(45)
[1580823.774] {Default Queue} wl_callback#45.done(291033)
[1580824.255] {mesa egl surface queue} wl_callback#51.done(291017)
[1580824.277] {mesa egl surface queue} wl_buffer#54.release()
[1580824.781]  -> wl_surface#23.frame(new id wl_callback#51)
[1580824.821] {mesa egl surface queue}  -> wl_surface#23.attach(wl_buffer#54, 0, 0)
[1580824.835] {mesa egl surface queue}  -> wl_surface#23.damage_buffer(35, 110, 658, 36)
[1580826.017] {mesa egl surface queue}  -> wl_surface#23.commit()
[1580826.039] {mesa egl surface queue}  -> wl_display#1.sync(new id wl_callback#45)
[1580826.208] {Display Queue} wl_display#1.delete_id(45)
[1580843.324] {Display Queue} wl_display#1.delete_id(51)
[1580843.357] {Default Queue} wl_callback#51.done(291053)
[1580843.823] {mesa egl surface queue} wl_callback#45.done(291036)
[1580843.845] {mesa egl surface queue} wl_buffer#54.release()
[1580844.332]  -> wl_surface#23.frame(new id wl_callback#45)
[1580844.370] {mesa egl surface queue}  -> wl_surface#23.attach(wl_buffer#54, 0, 0)
[1580844.383] {mesa egl surface queue}  -> wl_surface#23.damage_buffer(35, 110, 658, 36)
[1580845.631] {mesa egl surface queue}  -> wl_surface#23.commit()
[1580845.651] {mesa egl surface queue}  -> wl_display#1.sync(new id wl_callback#51)
[1580845.827] {Display Queue} wl_display#1.delete_id(51)
[1580859.820] {Display Queue} wl_display#1.delete_id(45)
[1580859.844] {Default Queue} wl_callback#45.done(291069)
[1580860.208] {mesa egl surface queue} wl_callback#51.done(291056)
[1580860.222] {mesa egl surface queue} wl_buffer#54.release()
[1580860.678]  -> wl_surface#23.frame(new id wl_callback#51)
[1580860.710] {mesa egl surface queue}  -> wl_surface#23.attach(wl_buffer#54, 0, 0)
[1580860.721] {mesa egl surface queue}  -> wl_surface#23.damage_buffer(35, 110, 658, 36)
[1580861.779] {mesa egl surface queue}  -> wl_surface#23.commit()
[1580861.807] {mesa egl surface queue}  -> wl_display#1.sync(new id wl_callback#45)
[1580861.967] {Display Queue} wl_display#1.delete_id(45)
[1580875.568] {Display Queue} wl_display#1.delete_id(51)
[1580875.598] {Default Queue} wl_callback#51.done(291085)
[1580876.001] {mesa egl surface queue} wl_callback#45.done(291072)
[1580876.016] {mesa egl surface queue} wl_buffer#54.release()
[1580876.363]  -> wl_surface#23.frame(new id wl_callback#45)
[1580876.389] {mesa egl surface queue}  -> wl_surface#23.attach(wl_buffer#54, 0, 0)
[1580876.398] {mesa egl surface queue}  -> wl_surface#23.damage_buffer(35, 110, 658, 36)
[1580877.353] {mesa egl surface queue}  -> wl_surface#23.commit()
[1580877.367] {mesa egl surface queue}  -> wl_display#1.sync(new id wl_callback#51)
[1580877.560] {Display Queue} wl_display#1.delete_id(51)
[1580892.460] {Display Queue} wl_display#1.delete_id(45)
[1580892.490] {Default Queue} wl_callback#45.done(291102)
[1580892.885] {mesa egl surface queue} wl_callback#51.done(291087)
[1580892.915] {mesa egl surface queue} wl_buffer#54.release()
[1580893.326]  -> wl_surface#23.frame(new id wl_callback#51)
[1580893.361] {mesa egl surface queue}  -> wl_surface#23.attach(wl_buffer#54, 0, 0)
[1580893.372] {mesa egl surface queue}  -> wl_surface#23.damage_buffer(35, 110, 658, 36)
[1580894.422] {mesa egl surface queue}  -> wl_surface#23.commit()
[1580894.448] {mesa egl surface queue}  -> wl_display#1.sync(new id wl_callback#45)
[1580894.653] {Display Queue} wl_display#1.delete_id(45)
[1580909.219] {Display Queue} wl_display#1.delete_id(51)
[1580909.249] {Default Queue} wl_callback#51.done(291119)
[1580909.645] {mesa egl surface queue} wl_callback#45.done(291104)
[1580909.693] {mesa egl surface queue} wl_buffer#54.release()
[1580910.135]  -> wl_surface#23.frame(new id wl_callback#45)
[1580910.160] {mesa egl surface queue}  -> wl_surface#23.attach(wl_buffer#54, 0, 0)
[1580910.169] {mesa egl surface queue}  -> wl_surface#23.damage_buffer(35, 110, 658, 36)
[1580911.097] {mesa egl surface queue}  -> wl_surface#23.commit()
[1580911.112] {mesa egl surface queue}  -> wl_display#1.sync(new id wl_callback#51)
[1580911.232] {Display Queue} wl_display#1.delete_id(51)
[1580924.473] {Display Queue} wl_display#1.delete_id(45)
[1580924.503] {Default Queue} wl_callback#45.done(291134)
[1580924.891] {mesa egl surface queue} wl_callback#51.done(291121)
[1580924.912] {mesa egl surface queue} wl_buffer#54.release()
[1580925.338]  -> wl_surface#23.frame(new id wl_callback#51)
[1580925.375] {mesa egl surface queue}  -> wl_surface#23.attach(wl_buffer#54, 0, 0)
[1580925.388] {mesa egl surface queue}  -> wl_surface#23.damage_buffer(35, 110, 658, 36)
[1580926.521] {mesa egl surface queue}  -> wl_surface#23.commit()
[1580926.544] {mesa egl surface queue}  -> wl_display#1.sync(new id wl_callback#45)
[1580926.684] {Display Queue} wl_display#1.delete_id(45)
[1580941.558] {Display Queue} wl_display#1.delete_id(51)
[1580941.588] {Default Queue} wl_callback#51.done(291151)
[1580942.004] {mesa egl surface queue} wl_callback#45.done(291136)
[1580942.022] {mesa egl surface queue} wl_buffer#54.release()
[1580942.400]  -> wl_surface#23.frame(new id wl_callback#45)
[1580942.430] {mesa egl surface queue}  -> wl_surface#23.attach(wl_buffer#54, 0, 0)
[1580942.440] {mesa egl surface queue}  -> wl_surface#23.damage_buffer(35, 110, 658, 36)
[1580943.659] {mesa egl surface queue}  -> wl_surface#23.commit()
[1580943.684] {mesa egl surface queue}  -> wl_display#1.sync(new id wl_callback#51)
[1580943.807] {Display Queue} wl_display#1.delete_id(51)
[1580958.600] {Display Queue} wl_display#1.delete_id(45)
[1580958.630] {Default Queue} wl_callback#45.done(291168)
[1580959.014] {mesa egl surface queue} wl_callback#51.done(291154)
[1580959.039] {mesa egl surface queue} wl_buffer#54.release()
[1580959.416]  -> wl_surface#23.frame(new id wl_callback#51)
[1580959.449] {mesa egl surface queue}  -> wl_surface#23.attach(wl_buffer#54, 0, 0)
[1580959.458] {mesa egl surface queue}  -> wl_surface#23.damage_buffer(35, 110, 658, 36)
[1580960.410] {mesa egl surface queue}  -> wl_surface#23.commit()
[1580960.430] {mesa egl surface queue}  -> wl_display#1.sync(new id wl_callback#45)
[1580960.580] {Display Queue} wl_display#1.delete_id(45)
[1580975.650] {Display Queue} wl_display#1.delete_id(51)
[1580975.678] {Default Queue} wl_callback#51.done(291185)
[1580976.048] {mesa egl surface queue} wl_callback#45.done(291170)
[1580976.068] {mesa egl surface queue} wl_buffer#54.release()
[1580976.499]  -> wl_surface#23.frame(new id wl_callback#45)
[1580976.536] {mesa egl surface queue}  -> wl_surface#23.attach(wl_buffer#54, 0, 0)
[1580976.548] {mesa egl surface queue}  -> wl_surface#23.damage_buffer(35, 110, 658, 36)
[1580977.761] {mesa egl surface queue}  -> wl_surface#23.commit()
[1580977.781] {mesa egl surface queue}  -> wl_display#1.sync(new id wl_callback#51)
[1580977.914] {Display Queue} wl_display#1.delete_id(51)
[1580992.125] {Display Queue} wl_display#1.delete_id(45)
[1580992.152] {Default Queue} wl_callback#45.done(291202)
[1602456.461] {Default Queue} wl_keyboard#22.leave(116, wl_surface#23)
[1602456.492] {Default Queue} zwp_text_input_v3#34.leave(wl_surface#23)
[1602456.499] {Default Queue}  -> zwp_text_input_v3#34.disable()
[1602456.509] {Default Queue}  -> zwp_text_input_v3#34.commit()
[1602456.513] {Default Queue} wl_pointer#6.leave(119, wl_surface#23)
[1602456.520] {Default Queue} wl_pointer#6.frame()
[1602457.368] {mesa egl surface queue} wl_callback#51.done(291188)
[1602457.381] {mesa egl surface queue} wl_buffer#54.release()
[1602457.938]  -> wl_surface#23.frame(new id wl_callback#51)
[1602457.967] {mesa egl surface queue}  -> wl_surface#23.attach(wl_buffer#54, 0, 0)
[1602457.986] {mesa egl surface queue}  -> wl_surface#23.damage_buffer(45, 119, 107, 18)
[1602458.420] {mesa egl surface queue}  -> wl_surface#23.commit()
[1602458.429] {mesa egl surface queue}  -> wl_display#1.sync(new id wl_callback#45)
[1602458.520] {Display Queue} wl_display#1.delete_id(45)
[1602477.342] {Display Queue} wl_display#1.delete_id(51)
[1602477.359] {Default Queue} wl_callback#51.done(312686)
[1602477.691] {mesa egl surface queue} wl_callback#45.done(312668)
[1602477.739] {mesa egl surface queue} wl_buffer#54.release()
[1602478.090]  -> wl_surface#23.frame(new id wl_callback#45)
[1602478.116] {mesa egl surface queue}  -> wl_surface#23.attach(wl_buffer#54, 0, 0)
[1602478.123] {mesa egl surface queue}  -> wl_surface#23.damage_buffer(35, 110, 658, 36)
[1602478.830] {mesa egl surface queue}  -> wl_surface#23.commit()
[1602478.842] {mesa egl surface queue}  -> wl_display#1.sync(new id wl_callback#51)
[1602478.942] {Display Queue} wl_display#1.delete_id(51)
[1602495.492] {Display Queue} wl_display#1.delete_id(45)
[1602495.503] {Default Queue} wl_callback#45.done(312705)
[1602495.746] {mesa egl surface queue} wl_callback#51.done(312689)
[1602495.753] {mesa egl surface queue} wl_buffer#54.release()
[1602496.022]  -> wl_surface#23.frame(new id wl_callback#51)
[1602496.038] {mesa egl surface queue}  -> wl_surface#23.attach(wl_buffer#54, 0, 0)
[1602496.043] {mesa egl surface queue}  -> wl_surface#23.damage_buffer(35, 110, 658, 36)
[1602496.770] {mesa egl surface queue}  -> wl_surface#23.commit()
[1602496.781] {mesa egl surface queue}  -> wl_display#1.sync(new id wl_callback#45)
[1602496.839] {Display Queue} wl_display#1.delete_id(45)
[1602512.930] {Display Queue} wl_display#1.delete_id(51)
[1602512.957] {Default Queue} wl_callback#51.done(312723)
[1602513.365] {mesa egl surface queue} wl_callback#45.done(312707)
[1602513.383] {mesa egl surface queue} wl_buffer#54.release()
[1602513.755]  -> wl_surface#23.frame(new id wl_callback#45)
[1602513.772] {mesa egl surface queue}  -> wl_surface#23.attach(wl_buffer#54, 0, 0)
[1602513.776] {mesa egl surface queue}  -> wl_surface#23.damage_buffer(34, 109, 660, 38)
[1602514.533] {mesa egl surface queue}  -> wl_surface#23.commit()
[1602514.543] {mesa egl surface queue}  -> wl_display#1.sync(new id wl_callback#51)
[1602514.601] {Display Queue} wl_display#1.delete_id(51)
[1602531.032] {Display Queue} wl_display#1.delete_id(45)
[1602531.059] {Default Queue} wl_callback#45.done(312741)
[1602531.457] {mesa egl surface queue} wl_callback#51.done(312724)
[1602531.476] {mesa egl surface queue} wl_buffer#54.release()
[1602531.821]  -> wl_surface#23.frame(new id wl_callback#51)
[1602531.835] {mesa egl surface queue}  -> wl_surface#23.attach(wl_buffer#54, 0, 0)
[1602531.840] {mesa egl surface queue}  -> wl_surface#23.damage_buffer(34, 109, 660, 38)
[1602532.598] {mesa egl surface queue}  -> wl_surface#23.commit()
[1602532.609] {mesa egl surface queue}  -> wl_display#1.sync(new id wl_callback#45)
[1602532.664] {Display Queue} wl_display#1.delete_id(45)
[1602548.856] {Display Queue} wl_display#1.delete_id(51)
[1602548.883] {Default Queue} wl_callback#51.done(312758)
[1602549.270] {mesa egl surface queue} wl_callback#45.done(312742)
[1602549.291] {mesa egl surface queue} wl_buffer#54.release()
[1602549.661]  -> wl_surface#23.frame(new id wl_callback#45)
[1602549.675] {mesa egl surface queue}  -> wl_surface#23.attach(wl_buffer#54, 0, 0)
[1602549.679] {mesa egl surface queue}  -> wl_surface#23.damage_buffer(33, 108, 662, 40)
[1602550.554] {mesa egl surface queue}  -> wl_surface#23.commit()
[1602550.573] {mesa egl surface queue}  -> wl_display#1.sync(new id wl_callback#51)
[1602550.708] {Display Queue} wl_display#1.delete_id(51)
[1602573.201] {Display Queue} wl_display#1.delete_id(45)
[1602573.228] {Default Queue} wl_callback#45.done(312783)
[1602573.620] {mesa egl surface queue} wl_callback#51.done(312760)
[1602573.627] {mesa egl surface queue} wl_buffer#54.release()
[1602573.908]  -> wl_surface#23.frame(new id wl_callback#51)
[1602573.927] {mesa egl surface queue}  -> wl_surface#23.attach(wl_buffer#54, 0, 0)
[1602573.932] {mesa egl surface queue}  -> wl_surface#23.damage_buffer(33, 108, 662, 40)
[1602574.675] {mesa egl surface queue}  -> wl_surface#23.commit()
[1602574.685] {mesa egl surface queue}  -> wl_display#1.sync(new id wl_callback#45)
[1602574.751] {Display Queue} wl_display#1.delete_id(45)
[1602592.948] {Display Queue} wl_display#1.delete_id(51)
[1602592.975] {Default Queue} wl_callback#51.done(312803)
[1602593.364] {mesa egl surface queue} wl_callback#45.done(312785)
[1602593.384] {mesa egl surface queue} wl_buffer#54.release()
[1602593.908]  -> wl_surface#23.frame(new id wl_callback#45)
[1602593.941] {mesa egl surface queue}  -> wl_surface#23.attach(wl_buffer#54, 0, 0)
[1602593.951] {mesa egl surface queue}  -> wl_surface#23.damage_buffer(33, 108, 662, 40)
[1602594.624] {mesa egl surface queue}  -> wl_surface#23.commit()
[1602594.634] {mesa egl surface queue}  -> wl_display#1.sync(new id wl_callback#51)
[1602594.690] {Display Queue} wl_display#1.delete_id(51)
[1602611.044] {Display Queue} wl_display#1.delete_id(45)
[1602611.071] {Default Queue} wl_callback#45.done(312821)
[1602611.453] {mesa egl surface queue} wl_callback#51.done(312804)
[1602611.472] {mesa egl surface queue} wl_buffer#54.release()
[1602611.889]  -> wl_surface#23.frame(new id wl_callback#51)
[1602611.920] {mesa egl surface queue}  -> wl_surface#23.attach(wl_buffer#54, 0, 0)
[1602611.930] {mesa egl surface queue}  -> wl_surface#23.damage_buffer(32, 107, 664, 42)
[1602613.031] {mesa egl surface queue}  -> wl_surface#23.commit()
[1602613.055] {mesa egl surface queue}  -> wl_display#1.sync(new id wl_callback#45)
[1602613.177] {Display Queue} wl_display#1.delete_id(45)
[1602635.313] {Display Queue} wl_display#1.delete_id(51)
[1602635.339] {Default Queue} wl_callback#51.done(312845)
[1602635.634] {mesa egl surface queue} wl_callback#45.done(312823)
[1602635.643] {mesa egl surface queue} wl_buffer#54.release()
[1602635.916]  -> wl_surface#23.frame(new id wl_callback#45)
[1602635.933] {mesa egl surface queue}  -> wl_surface#23.attach(wl_buffer#54, 0, 0)
[1602635.939] {mesa egl surface queue}  -> wl_surface#23.damage_buffer(32, 107, 664, 42)
[1602636.721] {mesa egl surface queue}  -> wl_surface#23.commit()
[1602636.736] {mesa egl surface queue}  -> wl_display#1.sync(new id wl_callback#51)
[1602636.810] {Display Queue} wl_display#1.delete_id(51)
[1602653.161] {Display Queue} wl_display#1.delete_id(45)
[1602653.187] {Default Queue} wl_callback#45.done(312863)
[1602653.571] {mesa egl surface queue} wl_callback#51.done(312847)
[1602653.590] {mesa egl surface queue} wl_buffer#54.release()
[1602654.009]  -> wl_surface#23.frame(new id wl_callback#51)
[1602654.024] {mesa egl surface queue}  -> wl_surface#23.attach(wl_buffer#54, 0, 0)
[1602654.028] {mesa egl surface queue}  -> wl_surface#23.damage_buffer(32, 107, 664, 42)
[1602654.633] {mesa egl surface queue}  -> wl_surface#23.commit()
[1602654.641] {mesa egl surface queue}  -> wl_display#1.sync(new id wl_callback#45)
[1602654.700] {Display Queue} wl_display#1.delete_id(45)
[1602668.354] {Display Queue} wl_display#1.delete_id(51)
[1602668.381] {Default Queue} wl_callback#51.done(312878)
[1602668.764] {mesa egl surface queue} wl_callback#45.done(312864)
[1602668.784] {mesa egl surface queue} wl_buffer#54.release()
[1602669.058]  -> wl_surface#23.frame(new id wl_callback#45)
[1602669.071] {mesa egl surface queue}  -> wl_surface#23.attach(wl_buffer#54, 0, 0)
[1602669.075] {mesa egl surface queue}  -> wl_surface#23.damage_buffer(32, 107, 664, 42)
[1602669.789] {mesa egl surface queue}  -> wl_surface#23.commit()
[1602669.797] {mesa egl surface queue}  -> wl_display#1.sync(new id wl_callback#51)
[1602669.860] {Display Queue} wl_display#1.delete_id(51)
[1602684.150] {Display Queue} wl_display#1.delete_id(45)
[1602684.177] {Default Queue} wl_callback#45.done(312894)
[1602684.558] {mesa egl surface queue} wl_callback#51.done(312880)
[1602684.576] {mesa egl surface queue} wl_buffer#54.release()
[1602684.947]  -> wl_surface#23.frame(new id wl_callback#51)
[1602684.960] {mesa egl surface queue}  -> wl_surface#23.attach(wl_buffer#54, 0, 0)
[1602684.964] {mesa egl surface queue}  -> wl_surface#23.damage_buffer(32, 107, 664, 42)
[1602685.642] {mesa egl surface queue}  -> wl_surface#23.commit()
[1602685.653] {mesa egl surface queue}  -> wl_display#1.sync(new id wl_callback#45)
[1602685.734] {Display Queue} wl_display#1.delete_id(45)
[1602698.991] {Display Queue} wl_display#1.delete_id(51)
[1602699.002] {Default Queue} wl_callback#51.done(312909)
[1602699.184] {mesa egl surface queue} wl_callback#45.done(312895)
[1602699.191] {mesa egl surface queue} wl_buffer#54.release()
[1602699.421]  -> wl_surface#23.frame(new id wl_callback#45)
[1602699.435] {mesa egl surface queue}  -> wl_surface#23.attach(wl_buffer#54, 0, 0)
[1602699.439] {mesa egl surface queue}  -> wl_surface#23.damage_buffer(32, 107, 664, 42)
[1602700.091] {mesa egl surface queue}  -> wl_surface#23.commit()
[1602700.104] {mesa egl surface queue}  -> wl_display#1.sync(new id wl_callback#51)
[1602700.165] {Display Queue} wl_display#1.delete_id(51)
[1602713.716] {Display Queue} wl_display#1.delete_id(45)
[1602713.726] {Default Queue} wl_callback#45.done(312923)
[1602713.897] {mesa egl surface queue} wl_callback#51.done(312910)
[1602713.902] {mesa egl surface queue} wl_buffer#54.release()
[1602714.112]  -> wl_surface#23.frame(new id wl_callback#51)
[1602714.125] {mesa egl surface queue}  -> wl_surface#23.attach(wl_buffer#54, 0, 0)
[1602714.129] {mesa egl surface queue}  -> wl_surface#23.damage_buffer(32, 107, 664, 42)
[1602714.736] {mesa egl surface queue}  -> wl_surface#23.commit()
[1602714.747] {mesa egl surface queue}  -> wl_display#1.sync(new id wl_callback#45)
[1602714.807] {Display Queue} wl_display#1.delete_id(45)
[1602728.029] {Display Queue} wl_display#1.delete_id(51)
[1602728.056] {Default Queue} wl_callback#51.done(312938)
[1602728.440] {mesa egl surface queue} wl_callback#45.done(312925)
[1602728.458] {mesa egl surface queue} wl_buffer#54.release()
[1602729.000]  -> wl_surface#23.frame(new id wl_callback#45)
[1602729.041] {mesa egl surface queue}  -> wl_surface#23.attach(wl_buffer#54, 0, 0)
[1602729.053] {mesa egl surface queue}  -> wl_surface#23.damage_buffer(32, 107, 664, 42)
[1602729.682] {mesa egl surface queue}  -> wl_surface#23.commit()
[1602729.711] {mesa egl surface queue}  -> wl_display#1.sync(new id wl_callback#51)
[1602729.770] {Display Queue} wl_display#1.delete_id(51)
[1602743.717] {Display Queue} wl_display#1.delete_id(45)
[1602743.745] {Default Queue} wl_callback#45.done(312953)
[1602744.124] {mesa egl surface queue} wl_callback#51.done(312940)
[1602744.144] {mesa egl surface queue} wl_buffer#54.release()
[1602744.382]  -> wl_surface#23.frame(new id wl_callback#51)
[1602744.395] {mesa egl surface queue}  -> wl_surface#23.attach(wl_buffer#54, 0, 0)
[1602744.400] {mesa egl surface queue}  -> wl_surface#23.damage_buffer(32, 107, 664, 42)
[1602745.024] {mesa egl surface queue}  -> wl_surface#23.commit()
[1602745.032] {mesa egl surface queue}  -> wl_display#1.sync(new id wl_callback#45)
[1602745.088] {Display Queue} wl_display#1.delete_id(45)
[1602761.889] {Display Queue} wl_display#1.delete_id(51)
[1602761.912] {Default Queue} wl_callback#51.done(312972)
[1622142.328] {Default Queue} wl_data_source#44.send("text/plain;charset=utf-8", fd 12)
[1642709.906] {Default Queue} wl_data_device#16.data_offer(new id wl_data_offer#4278190084)
[1642710.139] {Default Queue} wl_data_offer#4278190084.offer("text/plain;charset=utf-8")
[1642710.156] {Default Queue} wl_data_offer#4278190084.offer("text/plain")
[1642710.166] {Default Queue} wl_data_device#16.selection(wl_data_offer#4278190084)
[1642710.178] {Default Queue} zwp_primary_selection_device_v1#15.data_offer(new id zwp_primary_selection_offer_v1#4278190085)
[1642710.188] {Default Queue} zwp_primary_selection_offer_v1#4278190085.offer("text/plain;charset=utf-8")
[1642710.196] {Default Queue} zwp_primary_selection_offer_v1#4278190085.offer("text/plain")
[1642710.203] {Default Queue} zwp_primary_selection_device_v1#15.selection(zwp_primary_selection_offer_v1#4278190085)
[1642710.214] {Default Queue}  -> zwp_primary_selection_offer_v1#4278190085.destroy()
[1642710.239] {Default Queue} wl_keyboard#22.enter(137, wl_surface#23, array[0])
[1642710.267] {Default Queue} wl_keyboard#22.modifiers(138, 0, 0, 0, 0)
[1642710.308] {Default Queue} zwp_text_input_v3#34.enter(wl_surface#23)
[1642710.318] {Default Queue} wl_pointer#6.enter(139, wl_surface#23, 753.00000000, 73.00000000)
[1642710.334] {Default Queue}  -> wp_cursor_shape_device_v1#21.set_shape(139, 1)
[1642710.344] {Default Queue} wl_pointer#6.frame()
[1642710.477] {Default Queue}  -> zwp_text_input_v3#34.enable()
[1642710.505] {Default Queue}  -> zwp_text_input_v3#34.set_surrounding_text("q592 Ω copy-ünï", 18, 0)
[1642710.516] {Default Queue}  -> zwp_text_input_v3#34.set_text_change_cause(1)
[1642710.532] {Default Queue}  -> zwp_text_input_v3#34.set_content_type(0, 0)
[1642710.672] {Default Queue}  -> zwp_text_input_v3#34.set_cursor_rectangle(152, 112, 0, 32)
[1642710.684] {Default Queue}  -> zwp_text_input_v3#34.commit()
[1642711.637] {mesa egl surface queue} wl_callback#45.done(312955)
[1642711.658] {mesa egl surface queue} wl_buffer#54.release()
[1642713.547]  -> wl_surface#23.frame(new id wl_callback#45)
[1642713.597] {mesa egl surface queue}  -> wl_surface#23.attach(wl_buffer#54, 0, 0)
[1642713.609] {mesa egl surface queue}  -> wl_surface#23.damage_buffer(45, 119, 107, 18)
[1642714.472] {mesa egl surface queue}  -> wl_surface#23.commit()
[1642714.503] {mesa egl surface queue}  -> wl_display#1.sync(new id wl_callback#51)
[1642714.714] {Display Queue} wl_display#1.delete_id(51)
[1642744.783] {Display Queue} wl_display#1.delete_id(45)
[1642744.800] {Default Queue} wl_callback#45.done(352954)
[1642745.153] {mesa egl surface queue} wl_callback#51.done(352924)
[1642745.162] {mesa egl surface queue} wl_buffer#54.release()
[1642745.733]  -> wl_surface#23.frame(new id wl_callback#51)
[1642745.761] {mesa egl surface queue}  -> wl_surface#23.attach(wl_buffer#54, 0, 0)
[1642745.768] {mesa egl surface queue}  -> wl_surface#23.damage_buffer(32, 107, 664, 42)
[1642746.172] {mesa egl surface queue}  -> wl_surface#23.commit()
[1642746.181] {mesa egl surface queue}  -> wl_display#1.sync(new id wl_callback#45)
[1642746.273] {Display Queue} wl_display#1.delete_id(45)
[1642762.786] {Display Queue} wl_display#1.delete_id(51)
[1642762.815] {Default Queue} wl_callback#51.done(352973)
[1642763.221] {mesa egl surface queue} wl_callback#45.done(352956)
[1642763.235] {mesa egl surface queue} wl_buffer#54.release()
[1642763.647]  -> wl_surface#23.frame(new id wl_callback#45)
[1642763.677] {mesa egl surface queue}  -> wl_surface#23.attach(wl_buffer#54, 0, 0)
[1642763.686] {mesa egl surface queue}  -> wl_surface#23.damage_buffer(32, 107, 664, 42)
[1642764.380] {mesa egl surface queue}  -> wl_surface#23.commit()
[1642764.393] {mesa egl surface queue}  -> wl_display#1.sync(new id wl_callback#51)
[1642764.504] {Display Queue} wl_display#1.delete_id(51)
[1642773.459] {Display Queue} wl_display#1.delete_id(45)
[1642773.486] {Default Queue} wl_callback#45.done(352983)
[1642773.956] {mesa egl surface queue} wl_callback#51.done(352974)
[1642773.974] {mesa egl surface queue} wl_buffer#54.release()
[1642774.390]  -> wl_surface#23.frame(new id wl_callback#51)
[1642774.425] {mesa egl surface queue}  -> wl_surface#23.attach(wl_buffer#54, 0, 0)
[1642774.436] {mesa egl surface queue}  -> wl_surface#23.damage_buffer(33, 108, 662, 40)
[1642775.133] {mesa egl surface queue}  -> wl_surface#23.commit()
[1642775.151] {mesa egl surface queue}  -> wl_display#1.sync(new id wl_callback#45)
[1642775.273] {Display Queue} wl_display#1.delete_id(45)
[1642783.829] {Display Queue} wl_display#1.delete_id(51)
[1642783.844] {Default Queue} wl_callback#51.done(352993)
[1642784.077] {mesa egl surface queue} wl_callback#45.done(352985)
[1642784.087] {mesa egl surface queue} wl_buffer#54.release()
[1642784.357]  -> wl_surface#23.frame(new id wl_callback#45)
[1642784.376] {mesa egl surface queue}  -> wl_surface#23.attach(wl_buffer#54, 0, 0)
[1642784.382] {mesa egl surface queue}  -> wl_surface#23.damage_buffer(33, 108, 662, 40)
[1642785.062] {mesa egl surface queue}  -> wl_surface#23.commit()
[1642785.088] {mesa egl surface queue}  -> wl_display#1.sync(new id wl_callback#51)
[1642785.156] {Display Queue} wl_display#1.delete_id(51)
[1642793.894] {Display Queue} wl_display#1.delete_id(45)
[1642793.917] {Default Queue} wl_callback#45.done(353004)
[1642794.271] {mesa egl surface queue} wl_callback#51.done(352995)
[1642794.290] {mesa egl surface queue} wl_buffer#54.release()
[1642794.774]  -> wl_surface#23.frame(new id wl_callback#51)
[1642794.812] {mesa egl surface queue}  -> wl_surface#23.attach(wl_buffer#54, 0, 0)
[1642794.824] {mesa egl surface queue}  -> wl_surface#23.damage_buffer(33, 108, 662, 40)
[1642795.561] {mesa egl surface queue}  -> wl_surface#23.commit()
[1642795.583] {mesa egl surface queue}  -> wl_display#1.sync(new id wl_callback#45)
[1642795.690] {Display Queue} wl_display#1.delete_id(45)
[1642804.914] {Display Queue} wl_display#1.delete_id(51)
[1642804.940] {Default Queue} wl_callback#51.done(353015)
[1642805.302] {mesa egl surface queue} wl_callback#45.done(353005)
[1642805.321] {mesa egl surface queue} wl_buffer#54.release()
[1642805.789]  -> wl_surface#23.frame(new id wl_callback#45)
[1642805.829] {mesa egl surface queue}  -> wl_surface#23.attach(wl_buffer#54, 0, 0)
[1642805.841] {mesa egl surface queue}  -> wl_surface#23.damage_buffer(33, 108, 662, 40)
[1642806.529] {mesa egl surface queue}  -> wl_surface#23.commit()
[1642806.542] {mesa egl surface queue}  -> wl_display#1.sync(new id wl_callback#51)
[1642806.678] {Display Queue} wl_display#1.delete_id(51)
[1642816.389] {Display Queue} wl_display#1.delete_id(45)
[1642816.412] {Default Queue} wl_callback#45.done(353026)
[1642816.754] {mesa egl surface queue} wl_callback#51.done(353016)
[1642816.773] {mesa egl surface queue} wl_buffer#54.release()
[1642817.117]  -> wl_surface#23.frame(new id wl_callback#51)
[1642817.135] {mesa egl surface queue}  -> wl_surface#23.attach(wl_buffer#54, 0, 0)
[1642817.142] {mesa egl surface queue}  -> wl_surface#23.damage_buffer(34, 109, 660, 38)
[1642817.894] {mesa egl surface queue}  -> wl_surface#23.commit()
[1642817.906] {mesa egl surface queue}  -> wl_display#1.sync(new id wl_callback#45)
[1642818.035] {Display Queue} wl_display#1.delete_id(45)
[1642828.314] {Display Queue} wl_display#1.delete_id(51)
[1642828.337] {Default Queue} wl_callback#51.done(353038)
[1642828.671] {mesa egl surface queue} wl_callback#45.done(353028)
[1642828.688] {mesa egl surface queue} wl_buffer#54.release()
[1642829.080]  -> wl_surface#23.frame(new id wl_callback#45)
[1642829.116] {mesa egl surface queue}  -> wl_surface#23.attach(wl_buffer#54, 0, 0)
[1642829.128] {mesa egl surface queue}  -> wl_surface#23.damage_buffer(34, 109, 660, 38)
[1642829.956] {mesa egl surface queue}  -> wl_surface#23.commit()
[1642829.985] {mesa egl surface queue}  -> wl_display#1.sync(new id wl_callback#51)
[1642830.123] {Display Queue} wl_display#1.delete_id(51)
[1642844.221] {Display Queue} wl_display#1.delete_id(45)
[1642844.259] {Default Queue} wl_callback#45.done(353054)
[1642844.518] {mesa egl surface queue} wl_callback#51.done(353040)
[1642844.531] {mesa egl surface queue} wl_buffer#54.release()
[1642844.837]  -> wl_surface#23.frame(new id wl_callback#51)
[1642844.862] {mesa egl surface queue}  -> wl_surface#23.attach(wl_buffer#54, 0, 0)
[1642844.870] {mesa egl surface queue}  -> wl_surface#23.damage_buffer(34, 109, 660, 38)
[1642845.662] {mesa egl surface queue}  -> wl_surface#23.commit()
[1642845.675] {mesa egl surface queue}  -> wl_display#1.sync(new id wl_callback#45)
[1642845.781] {Display Queue} wl_display#1.delete_id(45)
[1642855.494] {Display Queue} wl_display#1.delete_id(51)
[1642855.520] {Default Queue} wl_callback#51.done(353065)
[1642855.867] {mesa egl surface queue} wl_callback#45.done(353056)
[1642855.887] {mesa egl surface queue} wl_buffer#54.release()
[1642856.243]  -> wl_surface#23.frame(new id wl_callback#45)
[1642856.268] {mesa egl surface queue}  -> wl_surface#23.attach(wl_buffer#54, 0, 0)
[1642856.277] {mesa egl surface queue}  -> wl_surface#23.damage_buffer(34, 109, 660, 38)
[1642857.026] {mesa egl surface queue}  -> wl_surface#23.commit()
[1642857.057] {mesa egl surface queue}  -> wl_display#1.sync(new id wl_callback#51)
[1642857.150] {Display Queue} wl_display#1.delete_id(51)
[1642869.604] {Display Queue} wl_display#1.delete_id(45)
[1642869.631] {Default Queue} wl_callback#45.done(353079)
[1642870.010] {mesa egl surface queue} wl_callback#51.done(353067)
[1642870.030] {mesa egl surface queue} wl_buffer#54.release()
[1642870.404]  -> wl_surface#23.frame(new id wl_callback#51)
[1642870.433] {mesa egl surface queue}  -> wl_surface#23.attach(wl_buffer#54, 0, 0)
[1642870.443] {mesa egl surface queue}  -> wl_surface#23.damage_buffer(34, 109, 660, 38)
[1642871.366] {mesa egl surface queue}  -> wl_surface#23.commit()
[1642871.382] {mesa egl surface queue}  -> wl_display#1.sync(new id wl_callback#45)
[1642871.487] {Display Queue} wl_display#1.delete_id(45)
[1642883.342] {Display Queue} wl_display#1.delete_id(51)
[1642883.363] {Default Queue} wl_callback#51.done(353093)
[1642883.629] {mesa egl surface queue} wl_callback#45.done(353081)
[1642883.642] {mesa egl surface queue} wl_buffer#54.release()
[1642883.955]  -> wl_surface#23.frame(new id wl_callback#45)
[1642883.981] {mesa egl surface queue}  -> wl_surface#23.attach(wl_buffer#54, 0, 0)
[1642883.990] {mesa egl surface queue}  -> wl_surface#23.damage_buffer(35, 110, 658, 36)
[1642884.876] {mesa egl surface queue}  -> wl_surface#23.commit()
[1642884.890] {mesa egl surface queue}  -> wl_display#1.sync(new id wl_callback#51)
[1642884.986] {Display Queue} wl_display#1.delete_id(51)
[1642895.287] {Display Queue} wl_display#1.delete_id(45)
[1642895.311] {Default Queue} wl_callback#45.done(353105)
[1642895.635] {mesa egl surface queue} wl_callback#51.done(353095)
[1642895.651] {mesa egl surface queue} wl_buffer#54.release()
[1642896.074]  -> wl_surface#23.frame(new id wl_callback#51)
[1642896.123] {mesa egl surface queue}  -> wl_surface#23.attach(wl_buffer#54, 0, 0)
[1642896.130] {mesa egl surface queue}  -> wl_surface#23.damage_buffer(35, 110, 658, 36)
[1642896.883] {mesa egl surface queue}  -> wl_surface#23.commit()
[1642896.896] {mesa egl surface queue}  -> wl_display#1.sync(new id wl_callback#45)
[1642896.978] {Display Queue} wl_display#1.delete_id(45)
[1642907.141] {Display Queue} wl_display#1.delete_id(51)
[1642907.157] {Default Queue} wl_callback#51.done(353117)
[1642907.370] {mesa egl surface queue} wl_callback#45.done(353107)
[1642907.382] {mesa egl surface queue} wl_buffer#54.release()
[1642907.630]  -> wl_surface#23.frame(new id wl_callback#45)
[1642907.650] {mesa egl surface queue}  -> wl_surface#23.attach(wl_buffer#54, 0, 0)
[1642907.657] {mesa egl surface queue}  -> wl_surface#23.damage_buffer(35, 110, 658, 36)
[1642908.415] {mesa egl surface queue}  -> wl_surface#23.commit()
[1642908.429] {mesa egl surface queue}  -> wl_display#1.sync(new id wl_callback#51)
[1642908.560] {Display Queue} wl_display#1.delete_id(51)
[1642919.007] {Display Queue} wl_display#1.delete_id(45)
[1642919.034] {Default Queue} wl_callback#45.done(353129)
[1642919.380] {mesa egl surface queue} wl_callback#51.done(353118)
[1642919.408] {mesa egl surface queue} wl_buffer#54.release()
[1642919.708]  -> wl_surface#23.frame(new id wl_callback#51)
[1642919.732] {mesa egl surface queue}  -> wl_surface#23.attach(wl_buffer#54, 0, 0)
[1642919.740] {mesa egl surface queue}  -> wl_surface#23.damage_buffer(35, 110, 658, 36)
[1642920.654] {mesa egl surface queue}  -> wl_surface#23.commit()
[1642920.667] {mesa egl surface queue}  -> wl_display#1.sync(new id wl_callback#45)
[1642920.755] {Display Queue} wl_display#1.delete_id(45)
[1642932.222] {Display Queue} wl_display#1.delete_id(51)
[1642932.248] {Default Queue} wl_callback#51.done(353142)
[1642932.593] {mesa egl surface queue} wl_callback#45.done(353131)
[1642932.610] {mesa egl surface queue} wl_buffer#54.release()
[1642933.002]  -> wl_surface#23.frame(new id wl_callback#45)
[1642933.036] {mesa egl surface queue}  -> wl_surface#23.attach(wl_buffer#54, 0, 0)
[1642933.048] {mesa egl surface queue}  -> wl_surface#23.damage_buffer(35, 110, 658, 36)
[1642934.000] {mesa egl surface queue}  -> wl_surface#23.commit()
[1642934.040] {mesa egl surface queue}  -> wl_display#1.sync(new id wl_callback#51)
[1642934.199] {Display Queue} wl_display#1.delete_id(51)
[1642996.281] {Display Queue} wl_display#1.delete_id(45)
[1642996.307] {Default Queue} wl_callback#45.done(353206)
[1642996.660] {mesa egl surface queue} wl_callback#51.done(353144)
[1642996.680] {mesa egl surface queue} wl_buffer#54.release()
[1642997.084]  -> wl_surface#23.frame(new id wl_callback#51)
[1642997.119] {mesa egl surface queue}  -> wl_surface#23.attach(wl_buffer#54, 0, 0)
[1642997.131] {mesa egl surface queue}  -> wl_surface#23.damage_buffer(35, 110, 658, 36)
[1642998.351] {mesa egl surface queue}  -> wl_surface#23.commit()
[1642998.371] {mesa egl surface queue}  -> wl_display#1.sync(new id wl_callback#45)
[1642998.543] {Display Queue} wl_display#1.delete_id(45)
[1643013.654] {Display Queue} wl_display#1.delete_id(51)
[1643013.681] {Default Queue} wl_callback#51.done(353223)
[1643014.071] {mesa egl surface queue} wl_callback#45.done(353208)
[1643014.090] {mesa egl surface queue} wl_buffer#54.release()
[1643014.514]  -> wl_surface#23.frame(new id wl_callback#45)
[1643014.550] {mesa egl surface queue}  -> wl_surface#23.attach(wl_buffer#54, 0, 0)
[1643014.585] {mesa egl surface queue}  -> wl_surface#23.damage_buffer(35, 110, 658, 36)
[1643015.683] {mesa egl surface queue}  -> wl_surface#23.commit()
[1643015.712] {mesa egl surface queue}  -> wl_display#1.sync(new id wl_callback#51)
[1643015.893] {Display Queue} wl_display#1.delete_id(51)
[1643029.274] {Display Queue} wl_display#1.delete_id(45)
[1643029.297] {Default Queue} wl_callback#45.done(353239)
[1644250.928] {Default Queue} wl_pointer#6.motion(354460, 689.00000000, 33.00000000)
[1644250.987] {Default Queue} wl_pointer#6.frame()
[1644252.361] {mesa egl surface queue} wl_callback#51.done(353226)
[1644252.396] {mesa egl surface queue} wl_buffer#54.release()
[1644254.356]  -> wl_surface#23.frame(new id wl_callback#51)
[1644254.424] {mesa egl surface queue}  -> wl_surface#23.attach(wl_buffer#54, 0, 0)
[1644254.439] {mesa egl surface queue}  -> wl_surface#23.damage_buffer(676, 20, 30, 30)
[1644255.084] {mesa egl surface queue}  -> wl_surface#23.commit()
[1644255.101] {mesa egl surface queue}  -> wl_display#1.sync(new id wl_callback#45)
[1644277.583] {Display Queue} wl_display#1.delete_id(45)
[1644289.053] {Display Queue} wl_display#1.delete_id(51)
[1644289.080] {Default Queue} wl_callback#51.done(354499)
[1644400.631] {Default Queue} wl_pointer#6.button(140, 354610, 272, 1)
[1644400.671] {Default Queue} xdg_wm_base#20.ping(141)
[1644400.684] {Default Queue}  -> xdg_wm_base#20.pong(141)
[1644400.694] {Default Queue} wl_pointer#6.frame()
[1644405.199] {mesa egl surface queue} wl_callback#45.done(354487)
[1644405.232] {mesa egl surface queue} wl_buffer#54.release()
[1644405.695]  -> wl_surface#23.frame(new id wl_callback#45)
[1644405.777] {mesa egl surface queue}  -> wl_surface#23.attach(wl_buffer#54, 0, 0)
[1644405.790] {mesa egl surface queue}  -> wl_surface#23.damage_buffer(676, 20, 30, 30)
[1644406.668] {mesa egl surface queue}  -> wl_surface#23.commit()
[1644406.687] {mesa egl surface queue}  -> wl_display#1.sync(new id wl_callback#51)
[1644406.881] {Display Queue} wl_display#1.delete_id(51)
[1644422.051] {Display Queue} wl_display#1.delete_id(45)
[1644422.076] {Default Queue} wl_callback#45.done(354632)
[1644451.318] {Default Queue} wl_pointer#6.button(142, 354661, 272, 0)
[1644451.354] {Default Queue} wl_pointer#6.frame()
[1644452.293]  -> xdg_toplevel#31.destroy()
[1644452.315]  -> xdg_surface#30.destroy()
[1644452.326]  -> wl_surface#23.attach(nil, 0, 0)
[1644452.336]  -> wl_surface#23.commit()
[1644452.367] {Default Queue}  -> zwp_text_input_v3#34.disable()
[1644452.377] {Default Queue}  -> zwp_text_input_v3#34.commit()
[1644452.738] {mesa egl surface queue} wl_callback#51.done(354617)
[1644452.754] {mesa egl surface queue} wl_buffer#54.release()
[1644462.624] {mesa egl surface queue} wl_callback#46.done(191778)
[1644462.655] {mesa egl surface queue} wl_buffer#43.release()
[1644462.828] {mesa egl surface queue}  -> wl_buffer#43.destroy()
[1644462.905] {Default Queue}  -> wp_viewport#38.destroy()
[1644462.919]  -> wl_surface#39.destroy()
[1644463.022] {Default Queue}  -> zwp_primary_selection_source_v1#40.destroy()
[1644463.036] {Default Queue}  -> zwp_primary_selection_device_manager_v1#12.create_source(new id zwp_primary_selection_source_v1#46)
[1644463.054] {Default Queue}  -> zwp_primary_selection_device_v1#15.set_selection(zwp_primary_selection_source_v1#46, 140)
[1644463.322] {mesa egl surface queue}  -> wl_buffer#54.destroy()
[1644463.462] {Default Queue}  -> wp_viewport#24.destroy()
[1644463.475]  -> wl_surface#23.destroy()
