ZWL PREFERENCES open
ZWL DISPLAY device=llvmpipe (LLVM 19.1.7, 256 bits) width=1280 height=800 refresh_mhz=74994
ZWL STARTUP step=vulkan-device ms=167
ZWL STARTUP step=vulkan-objects-arrow ms=35
ZWL STARTUP step=wallpaper-picture ms=6
ZWL STARTUP step=wallpaper ms=34
ZWL STARTUP step=glyphs-text ms=8
ZWL STARTUP step=glyphs-icons ms=3
ZWL STARTUP step=glyphs-mark ms=18
ZWL GLASS atlas cache-top=380 cells=273 faces=1
ZWL STARTUP step=glyphs ms=29
ZWL GLASS ready text=1
ZWL STARTUP step=compose ms=265 at_ms=14847
ZWL INPUT device=/dev/input/event5 kind=pointer abs=1
ZWL INPUT device=/dev/input/event2 kind=keyboard abs=0
ZWL INPUT device=/dev/input/event1 kind=pointer abs=0
ZWL INPUT device=/dev/input/event0 kind=keyboard abs=0
ZWL STARTUP step=input ms=49 at_ms=14896
ZWL KEYMAP format=xkb_v1 errno=0
ZWL STARTUP step=keymap ms=0 at_ms=14896
ZWL STARTUP step=socket ms=0 at_ms=14896
ZWL CLIENT client=1 fd=17 ime=1
ZWL IME started pid=975 client=1
ZWL READY socket=/run/keiland-0 width=1280 height=800 timeout_ms=18446744073709551615 pid=950
ZWL CORNER zone x=1252 y=0 width=28 height=28
ZWL OSK zone kind=flick x=1252 y=772 size=28
ZWL OSK zone kind=qwerty x=0 y=772 size=28
ZWL NETWORK state reachable=0 connected=1 kind=wired interface=enp0s5 wifi=absent ssid=
ZWL VOLUME reachable=1 device=1
ZWL DESKTOP start pid=976 command=/opt/keiland/bin/files --desktop at_ms=14909
ZWL STARTUP step=output-display ms=0
KEI-IME LANGUAGE id=direct
ZWL STARTUP step=output-pipelines ms=28
ZWL STARTUP step=output-swapchain ms=3
ZWL STARTUP step=output-targets ms=0
ZWL OUTPUT open width=1280 height=800 images=3 format=44
ZWL MODE window switch_ms=32 at_ms=14941
ZWL LAT draw frame=1 at_us=14941013
ZWL LAT acquired frame=1 at_us=14941050
ZWL GLASS desktops x=820 step=46 width=40
ZWL NETWORK icon x=1064 y=3 width=30 height=28
ZWL VOLUME icon x=1031 y=3 width=30 height=28
ZWL LAT recorded frame=1 at_us=14941160
ZWL COMPOSE frame=1 image=0 windows=0 at_ms=15083
ZWL LAT submit frame=1 at_us=15083480
ZWL CLIENT client=2 fd=22
ZWL LAT shown frame=1 at_us=15083585
ZWL IME language=direct
KEI-IME READY languages=2
ZWL DESKTOP role client=2 surface=8 x=0 y=34 width=1280 height=766
ZWL LAT draw frame=2 at_us=15084447
ZWL LAT acquired frame=2 at_us=15084454
ZFILES ZWL LAT recorded frame=2 at_us=15084529
DESKTOP configure x=0 y=34 width=1280 height=766
ZWL COMPOSE frame=2 image=0 windows=0 at_ms=15097
ZWL LAT submit frame=2 at_us=15097196
ZWL LAT shown frame=2 at_us=15097220
ZWL SEAT client=2 pointer=1 keyboard=0 touch=0
ZWL SEAT client=2 pointer=1 keyboard=1 touch=0
ZWL DESKTOP ack serial=2
ZFILES LOCATION kind=folder path=/root/Desktop items=0 error=0
ZFILES DESKTOP layout saved=0 error=0
ZFILES DESKTOP grid width=1280 height=766 columns=13 rows=7
ZFILES DESKTOP ready items=0 cells=0 width=1280 height=766 at_ms=15144 newest_age_ms=-1
ZWL IMPORT client=2 buffer=22 width=1280 height=766 bytes=3932160
ZWL IMPORT client=2 buffer=24 width=1280 height=766 bytes=3932160
ZWL IMPORT client=2 buffer=26 width=1280 height=766 bytes=3932160
ZWL ACQUIRE_FENCE client=2 surface=8 generation=1
ZWL LAT adopt surface=8 at_us=15208984
ZWL LAT draw frame=3 at_us=15208996
ZWL LAT acquired frame=3 at_us=15209008
ZWL DESKTOP drawn at_ms=15209
ZWL LAT recorded frame=3 at_us=15209130
ZWL COMPOSE frame=3 image=0 windows=0 at_ms=15226
ZWL LAT submit frame=3 at_us=15226817
ZWL LAT shown frame=3 at_us=15226842
ZFILES MENU context-only
ZFILES DESKTOP startup entered_ms=14918 fonts=12 instance=36 window=131 present=45 app=1 canvas=0 draw=1 shown=64 menus=18
ZFILES READY width=1280 height=766 token=-
ZWL CLIENT client=3 fd=23
ZWL CONFIGURE client=3 surface=6 serial=3 width=1280 height=800 fullscreen=1
ZWL LAT draw frame=4 at_us=15316610
ZWL LAT acquired frame=4 at_us=15316625
ZWL LAT recorded frame=4 at_us=15316809
ZWL COMPOSE frame=4 image=0 windows=0 at_ms=15342
ZWL LAT submit frame=4 at_us=15342743
ZWL LAT shown frame=4 at_us=15344827
ZWL IMPORT client=3 buffer=15 width=1280 height=800 bytes=4096000
ZWL IMPORT client=3 buffer=17 width=1280 height=800 bytes=4096000
ZWL IMPORT client=3 buffer=19 width=1280 height=800 bytes=4096000
ZWL COMMIT client=3 surface=6 buffer=15 queued=0
ZWL ACQUIRE_FENCE client=3 surface=6 generation=1
ZWL LAT adopt surface=6 at_us=15399717
ZWL MAP client=3 surface=6 x=0 y=0
ZWL LAT draw frame=5 at_us=15399767
ZWL LAT acquired frame=5 at_us=15399784
ZWL GLASS bar hidden fullscreen=6
ZWL LAT recorded frame=5 at_us=15399902
ZWL COMPOSE frame=5 image=0 windows=1 at_ms=15427
ZWL LAT submit frame=5 at_us=15427266
ZWL LAT shown frame=5 at_us=15429347
ZWL COMMIT client=3 surface=6 buffer=17 queued=0
ZWL ACQUIRE_FENCE client=3 surface=6 generation=1
ZWL LAT adopt surface=6 at_us=15429476
ZWL RELEASE client=3 buffer=15 dead=0
ZWL LAT draw frame=6 at_us=15429483
ZWL LAT acquired frame=6 at_us=15429487
ZWL LAT recorded frame=6 at_us=15429535
ZWL COMPOSE frame=6 image=0 windows=1 at_ms=15446
ZWL LAT submit frame=6 at_us=15446456
ZWL LAT shown frame=6 at_us=15448534
ZWL COMMIT client=3 surface=6 buffer=19 queued=0
ZWL ACQUIRE_FENCE client=3 surface=6 generation=1
ZWL LAT adopt surface=6 at_us=15449607
ZWL RELEASE client=3 buffer=17 dead=0
ZWL LAT draw frame=7 at_us=15449612
ZWL LAT acquired frame=7 at_us=15449617
ZWL LAT recorded frame=7 at_us=15449646
ZWL COMPOSE frame=7 image=0 windows=1 at_ms=15464
ZWL LAT submit frame=7 at_us=15464528
ZWL LAT shown frame=7 at_us=15466939
ZWL COMMIT client=3 surface=6 buffer=15 queued=0
ZWL ACQUIRE_FENCE client=3 surface=6 generation=1
ZWL LAT adopt surface=6 at_us=15467574
ZWL RELEASE client=3 buffer=19 dead=0
ZWL LAT draw frame=8 at_us=15467579
ZWL LAT acquired frame=8 at_us=15467583
ZWL LAT recorded frame=8 at_us=15467611
ZWL COMPOSE frame=8 image=0 windows=1 at_ms=15479
ZWL LAT submit frame=8 at_us=15479117
ZWL LAT shown frame=8 at_us=15481192
ZWL COMMIT client=3 surface=6 buffer=17 queued=0
ZWL ACQUIRE_FENCE client=3 surface=6 generation=1
ZWL LAT adopt surface=6 at_us=15485335
ZWL RELEASE client=3 buffer=15 dead=0
ZWL LAT draw frame=9 at_us=15485340
ZWL LAT acquired frame=9 at_us=15485344
ZWL LAT recorded frame=9 at_us=15485371
ZWL COMPOSE frame=9 image=0 windows=1 at_ms=15497
ZWL LAT submit frame=9 at_us=15497023
ZWL LAT shown frame=9 at_us=15499130
ZWL COMMIT client=3 surface=6 buffer=15 queued=0
ZWL ACQUIRE_FENCE client=3 surface=6 generation=1
ZWL LAT adopt surface=6 at_us=15502902
ZWL RELEASE client=3 buffer=17 dead=0
ZWL LAT draw frame=10 at_us=15502908
ZWL LAT acquired frame=10 at_us=15502913
ZWL LAT recorded frame=10 at_us=15502940
ZWL COMPOSE frame=10 image=0 windows=1 at_ms=15516
ZWL LAT submit frame=10 at_us=15516161
ZWL LAT shown frame=10 at_us=15518233
ZWL COMMIT client=3 surface=6 buffer=17 queued=0
ZWL ACQUIRE_FENCE client=3 surface=6 generation=1
ZWL LAT adopt surface=6 at_us=15520361
ZWL RELEASE client=3 buffer=15 dead=0
ZWL LAT draw frame=11 at_us=15520366
ZWL LAT acquired frame=11 at_us=15520372
ZWL LAT recorded frame=11 at_us=15520398
ZWL COMPOSE frame=11 image=0 windows=1 at_ms=15532
ZWL LAT submit frame=11 at_us=15532498
ZWL LAT shown frame=11 at_us=15534605
ZWL COMMIT client=3 surface=6 buffer=15 queued=0
ZWL ACQUIRE_FENCE client=3 surface=6 generation=1
ZWL LAT adopt surface=6 at_us=15537857
ZWL RELEASE client=3 buffer=17 dead=0
ZWL LAT draw frame=12 at_us=15537863
ZWL LAT acquired frame=12 at_us=15537869
ZWL LAT recorded frame=12 at_us=15537899
ZWL COMPOSE frame=12 image=0 windows=1 at_ms=15551
ZWL LAT submit frame=12 at_us=15551870
ZWL LAT shown frame=12 at_us=15554003
ZWL COMMIT client=3 surface=6 buffer=17 queued=0
ZWL ACQUIRE_FENCE client=3 surface=6 generation=1
ZWL LAT adopt surface=6 at_us=15555673
ZWL RELEASE client=3 buffer=15 dead=0
ZWL LAT draw frame=13 at_us=15555678
ZWL LAT acquired frame=13 at_us=15555683
ZWL LAT recorded frame=13 at_us=15555711
ZWL COMPOSE frame=13 image=0 windows=1 at_ms=15566
ZWL LAT submit frame=13 at_us=15566384
ZWL LAT shown frame=13 at_us=15568499
ZWL COMMIT client=3 surface=6 buffer=15 queued=0
ZWL ACQUIRE_FENCE client=3 surface=6 generation=1
ZWL LAT adopt surface=6 at_us=15573651
ZWL RELEASE client=3 buffer=17 dead=0
ZWL LAT draw frame=14 at_us=15573659
ZWL LAT acquired frame=14 at_us=15573664
ZWL LAT recorded frame=14 at_us=15573854
ZWL COMPOSE frame=14 image=0 windows=1 at_ms=15589
ZWL LAT submit frame=14 at_us=15589756
ZWL LAT shown frame=14 at_us=15591858
ZWL COMMIT client=3 surface=6 buffer=19 queued=0
ZWL ACQUIRE_FENCE client=3 surface=6 generation=1
ZWL LAT adopt surface=6 at_us=15591925
ZWL RELEASE client=3 buffer=15 dead=0
ZWL LAT draw frame=15 at_us=15591931
ZWL LAT acquired frame=15 at_us=15591936
ZWL LAT recorded frame=15 at_us=15591965
ZWL COMPOSE frame=15 image=0 windows=1 at_ms=15603
ZWL LAT submit frame=15 at_us=15603154
ZWL LAT shown frame=15 at_us=15605263
ZWL COMMIT client=3 surface=6 buffer=15 queued=0
ZWL ACQUIRE_FENCE client=3 surface=6 generation=1
ZWL LAT adopt surface=6 at_us=15609834
ZWL RELEASE client=3 buffer=19 dead=0
ZWL LAT draw frame=16 at_us=15609840
ZWL LAT acquired frame=16 at_us=15609845
ZWL LAT recorded frame=16 at_us=15609874
ZWL COMPOSE frame=16 image=0 windows=1 at_ms=15622
ZWL LAT submit frame=16 at_us=15622571
ZWL LAT shown frame=16 at_us=15624652
ZWL COMMIT client=3 surface=6 buffer=17 queued=0
ZWL ACQUIRE_FENCE client=3 surface=6 generation=1
ZWL LAT adopt surface=6 at_us=15627716
ZWL RELEASE client=3 buffer=15 dead=0
ZWL LAT draw frame=17 at_us=15627721
ZWL LAT acquired frame=17 at_us=15627726
ZWL LAT recorded frame=17 at_us=15627755
ZWL COMPOSE frame=17 image=0 windows=1 at_ms=15639
ZWL LAT submit frame=17 at_us=15639442
ZWL LAT shown frame=17 at_us=15641551
ZWL COMMIT client=3 surface=6 buffer=15 queued=0
ZWL ACQUIRE_FENCE client=3 surface=6 generation=1
ZWL LAT adopt surface=6 at_us=15646195
ZWL RELEASE client=3 buffer=17 dead=0
ZWL LAT draw frame=18 at_us=15646212
ZWL LAT acquired frame=18 at_us=15646223
ZWL LAT recorded frame=18 at_us=15646275
ZWL COMPOSE frame=18 image=0 windows=1 at_ms=15669
ZWL LAT submit frame=18 at_us=15669847
ZWL LAT shown frame=18 at_us=15671976
ZWL COMMIT client=3 surface=6 buffer=19 queued=0
ZWL ACQUIRE_FENCE client=3 surface=6 generation=1
ZWL LAT adopt surface=6 at_us=15672147
ZWL RELEASE client=3 buffer=15 dead=0
ZWL LAT draw frame=19 at_us=15672163
ZWL LAT acquired frame=19 at_us=15672174
ZWL LAT recorded frame=19 at_us=15672233
ZWL COMPOSE frame=19 image=0 windows=1 at_ms=15690
ZWL LAT submit frame=19 at_us=15690340
ZWL LAT shown frame=19 at_us=15692486
ZWL COMMIT client=3 surface=6 buffer=17 queued=0
ZWL ACQUIRE_FENCE client=3 surface=6 generation=1
ZWL LAT adopt surface=6 at_us=15692689
ZWL RELEASE client=3 buffer=19 dead=0
ZWL LAT draw frame=20 at_us=15692705
ZWL LAT acquired frame=20 at_us=15692715
ZWL LAT recorded frame=20 at_us=15692773
ZWL COMPOSE frame=20 image=0 windows=1 at_ms=15709
ZWL LAT submit frame=20 at_us=15709936
ZWL LAT shown frame=20 at_us=15712058
ZWL COMMIT client=3 surface=6 buffer=15 queued=0
ZWL ACQUIRE_FENCE client=3 surface=6 generation=1
ZWL LAT adopt surface=6 at_us=15712253
ZWL RELEASE client=3 buffer=17 dead=0
ZWL LAT draw frame=21 at_us=15712267
ZWL LAT acquired frame=21 at_us=15712276
ZWL LAT recorded frame=21 at_us=15712327
ZWL COMPOSE frame=21 image=0 windows=1 at_ms=15725
ZWL LAT submit frame=21 at_us=15725217
ZWL LAT shown frame=21 at_us=15727328
ZWL COMMIT client=3 surface=6 buffer=17 queued=0
ZWL ACQUIRE_FENCE client=3 surface=6 generation=1
ZWL LAT adopt surface=6 at_us=15729545
ZWL RELEASE client=3 buffer=15 dead=0
ZWL LAT draw frame=22 at_us=15729550
ZWL LAT acquired frame=22 at_us=15729554
ZWL LAT recorded frame=22 at_us=15729579
ZWL COMPOSE frame=22 image=0 windows=1 at_ms=15740
ZWL LAT submit frame=22 at_us=15740879
ZWL LAT shown frame=22 at_us=15743084
ZWL COMMIT client=3 surface=6 buffer=15 queued=0
ZWL ACQUIRE_FENCE client=3 surface=6 generation=1
ZWL LAT adopt surface=6 at_us=15748206
ZWL RELEASE client=3 buffer=17 dead=0
ZWL LAT draw frame=23 at_us=15748222
ZWL LAT acquired frame=23 at_us=15748236
ZWL LAT recorded frame=23 at_us=15748291
ZWL COMPOSE frame=23 image=0 windows=1 at_ms=15774
ZWL LAT submit frame=23 at_us=15774039
ZWL LAT shown frame=23 at_us=15776205
ZWL COMMIT client=3 surface=6 buffer=19 queued=0
ZWL ACQUIRE_FENCE client=3 surface=6 generation=1
ZWL LAT adopt surface=6 at_us=15776356
ZWL RELEASE client=3 buffer=15 dead=0
ZWL LAT draw frame=24 at_us=15776378
ZWL LAT acquired frame=24 at_us=15776385
ZWL LAT recorded frame=24 at_us=15776426
ZWL COMPOSE frame=24 image=0 windows=1 at_ms=15793
ZWL LAT submit frame=24 at_us=15793812
ZWL LAT shown frame=24 at_us=15795927
ZWL COMMIT client=3 surface=6 buffer=17 queued=0
ZWL ACQUIRE_FENCE client=3 surface=6 generation=1
ZWL LAT adopt surface=6 at_us=15796098
ZWL RELEASE client=3 buffer=19 dead=0
ZWL LAT draw frame=25 at_us=15796103
ZWL LAT acquired frame=25 at_us=15796106
ZWL LAT recorded frame=25 at_us=15796133
ZWL COMPOSE frame=25 image=0 windows=1 at_ms=15808
ZWL LAT submit frame=25 at_us=15808736
ZWL LAT shown frame=25 at_us=15810846
ZWL COMMIT client=3 surface=6 buffer=15 queued=0
ZWL ACQUIRE_FENCE client=3 surface=6 generation=1
ZWL LAT adopt surface=6 at_us=15813975
ZWL RELEASE client=3 buffer=17 dead=0
ZWL LAT draw frame=26 at_us=15813981
ZWL LAT acquired frame=26 at_us=15813984
ZWL LAT recorded frame=26 at_us=15814008
ZWL COMPOSE frame=26 image=0 windows=1 at_ms=15827
ZWL LAT submit frame=26 at_us=15827439
ZWL LAT shown frame=26 at_us=15829553
ZWL COMMIT client=3 surface=6 buffer=17 queued=0
ZWL ACQUIRE_FENCE client=3 surface=6 generation=1
ZWL LAT adopt surface=6 at_us=15831645
ZWL RELEASE client=3 buffer=15 dead=0
ZWL LAT draw frame=27 at_us=15831650
ZWL LAT acquired frame=27 at_us=15831654
ZWL LAT recorded frame=27 at_us=15831678
ZWL COMPOSE frame=27 image=0 windows=1 at_ms=15843
ZWL LAT submit frame=27 at_us=15843027
ZWL LAT shown frame=27 at_us=15845141
ZWL COMMIT client=3 surface=6 buffer=15 queued=0
ZWL ACQUIRE_FENCE client=3 surface=6 generation=1
ZWL LAT adopt surface=6 at_us=15850175
ZWL RELEASE client=3 buffer=17 dead=0
ZWL LAT draw frame=28 at_us=15850189
ZWL LAT acquired frame=28 at_us=15850201
ZWL LAT recorded frame=28 at_us=15850252
ZWL COMPOSE frame=28 image=0 windows=1 at_ms=15873
ZWL LAT submit frame=28 at_us=15873920
ZWL LAT shown frame=28 at_us=15876065
ZWL COMMIT client=3 surface=6 buffer=19 queued=0
ZWL ACQUIRE_FENCE client=3 surface=6 generation=1
ZWL LAT adopt surface=6 at_us=15876280
ZWL RELEASE client=3 buffer=15 dead=0
ZWL LAT draw frame=29 at_us=15876295
ZWL LAT acquired frame=29 at_us=15876305
ZWL LAT recorded frame=29 at_us=15876358
ZWL COMPOSE frame=29 image=0 windows=1 at_ms=15893
ZWL LAT submit frame=29 at_us=15893721
ZWL LAT shown frame=29 at_us=15895839
ZWL COMMIT client=3 surface=6 buffer=17 queued=0
ZWL ACQUIRE_FENCE client=3 surface=6 generation=1
ZWL LAT adopt surface=6 at_us=15896043
ZWL RELEASE client=3 buffer=19 dead=0
ZWL LAT draw frame=30 at_us=15896059
ZWL LAT acquired frame=30 at_us=15896068
ZWL LAT recorded frame=30 at_us=15896118
ZWL COMPOSE frame=30 image=0 windows=1 at_ms=15915
ZWL LAT submit frame=30 at_us=15915330
ZWL LAT shown frame=30 at_us=15917467
ZWL COMMIT client=3 surface=6 buffer=15 queued=0
ZWL ACQUIRE_FENCE client=3 surface=6 generation=1
ZWL LAT adopt surface=6 at_us=15918169
ZWL RELEASE client=3 buffer=17 dead=0
ZWL LAT draw frame=31 at_us=15918184
ZWL LAT acquired frame=31 at_us=15918197
ZWL LAT recorded frame=31 at_us=15918254
ZWL COMPOSE frame=31 image=0 windows=1 at_ms=15930
ZWL LAT submit frame=31 at_us=15930587
ZWL LAT shown frame=31 at_us=15932693
ZWL COMMIT client=3 surface=6 buffer=17 queued=0
ZWL ACQUIRE_FENCE client=3 surface=6 generation=1
ZWL LAT adopt surface=6 at_us=15936211
ZWL RELEASE client=3 buffer=15 dead=0
ZWL LAT draw frame=32 at_us=15936218
ZWL LAT acquired frame=32 at_us=15936225
ZWL LAT recorded frame=32 at_us=15936254
ZWL COMPOSE frame=32 image=0 windows=1 at_ms=15948
ZWL LAT submit frame=32 at_us=15948905
ZWL LAT shown frame=32 at_us=15951019
ZWL COMMIT client=3 surface=6 buffer=15 queued=0
ZWL ACQUIRE_FENCE client=3 surface=6 generation=1
ZWL LAT adopt surface=6 at_us=15953899
ZWL RELEASE client=3 buffer=17 dead=0
ZWL LAT draw frame=33 at_us=15953904
ZWL LAT acquired frame=33 at_us=15953909
ZWL LAT recorded frame=33 at_us=15953934
ZWL COMPOSE frame=33 image=0 windows=1 at_ms=15965
ZWL LAT submit frame=33 at_us=15965814
ZWL LAT shown frame=33 at_us=15967892
ZWL COMMIT client=3 surface=6 buffer=17 queued=0
ZWL ACQUIRE_FENCE client=3 surface=6 generation=1
ZWL LAT adopt surface=6 at_us=15971552
ZWL RELEASE client=3 buffer=15 dead=0
ZWL LAT draw frame=34 at_us=15971558
ZWL LAT acquired frame=34 at_us=15971563
ZWL LAT recorded frame=34 at_us=15971589
ZWL COMPOSE frame=34 image=0 windows=1 at_ms=15982
ZWL LAT submit frame=34 at_us=15982829
ZWL LAT shown frame=34 at_us=15984943
ZWL COMMIT client=3 surface=6 buffer=15 queued=0
ZWL ACQUIRE_FENCE client=3 surface=6 generation=1
ZWL LAT adopt surface=6 at_us=15990200
ZWL RELEASE client=3 buffer=17 dead=0
ZWL LAT draw frame=35 at_us=15990216
ZWL LAT acquired frame=35 at_us=15990230
ZWL LAT recorded frame=35 at_us=15990282
ZWL COMPOSE frame=35 image=0 windows=1 at_ms=16013
ZWL LAT submit frame=35 at_us=16013251
ZWL LAT shown frame=35 at_us=16015367
ZWL COMMIT client=3 surface=6 buffer=19 queued=0
ZWL ACQUIRE_FENCE client=3 surface=6 generation=1
ZWL LAT adopt surface=6 at_us=16015571
ZWL RELEASE client=3 buffer=15 dead=0
ZWL LAT draw frame=36 at_us=16015581
ZWL LAT acquired frame=36 at_us=16015587
ZWL LAT recorded frame=36 at_us=16015628
ZWL COMPOSE frame=36 image=0 windows=1 at_ms=16033
ZWL LAT submit frame=36 at_us=16033280
ZWL LAT shown frame=36 at_us=16035500
ZWL COMMIT client=3 surface=6 buffer=17 queued=0
ZWL ACQUIRE_FENCE client=3 surface=6 generation=1
ZWL LAT adopt surface=6 at_us=16035706
ZWL RELEASE client=3 buffer=19 dead=0
ZWL LAT draw frame=37 at_us=16035719
ZWL LAT acquired frame=37 at_us=16035727
ZWL LAT recorded frame=37 at_us=16035775
ZWL COMPOSE frame=37 image=0 windows=1 at_ms=16048
ZWL LAT submit frame=37 at_us=16048032
ZWL LAT shown frame=37 at_us=16050145
ZWL COMMIT client=3 surface=6 buffer=15 queued=0
ZWL ACQUIRE_FENCE client=3 surface=6 generation=1
ZWL LAT adopt surface=6 at_us=16053908
ZWL RELEASE client=3 buffer=17 dead=0
ZWL LAT draw frame=38 at_us=16053913
ZWL LAT acquired frame=38 at_us=16053918
ZWL LAT recorded frame=38 at_us=16053944
ZWL COMPOSE frame=38 image=0 windows=1 at_ms=16067
ZWL LAT submit frame=38 at_us=16067179
ZWL LAT shown frame=38 at_us=16069295
ZWL COMMIT client=3 surface=6 buffer=17 queued=0
ZWL ACQUIRE_FENCE client=3 surface=6 generation=1
ZWL LAT adopt surface=6 at_us=16071601
ZWL RELEASE client=3 buffer=15 dead=0
ZWL LAT draw frame=39 at_us=16071606
ZWL LAT acquired frame=39 at_us=16071612
ZWL LAT recorded frame=39 at_us=16071636
ZWL COMPOSE frame=39 image=0 windows=1 at_ms=16083
ZWL LAT submit frame=39 at_us=16083507
ZWL LAT shown frame=39 at_us=16085617
ZWL COMMIT client=3 surface=6 buffer=15 queued=0
ZWL ACQUIRE_FENCE client=3 surface=6 generation=1
ZWL LAT adopt surface=6 at_us=16090377
ZWL RELEASE client=3 buffer=17 dead=0
ZWL LAT draw frame=40 at_us=16090392
ZWL LAT acquired frame=40 at_us=16090403
ZWL LAT recorded frame=40 at_us=16090453
ZWL COMPOSE frame=40 image=0 windows=1 at_ms=16113
ZWL LAT submit frame=40 at_us=16113704
ZWL LAT shown frame=40 at_us=16115917
ZWL COMMIT client=3 surface=6 buffer=19 queued=0
ZWL ACQUIRE_FENCE client=3 surface=6 generation=1
ZWL LAT adopt surface=6 at_us=16116125
ZWL RELEASE client=3 buffer=15 dead=0
ZWL LAT draw frame=41 at_us=16116135
ZWL LAT acquired frame=41 at_us=16116142
ZWL LAT recorded frame=41 at_us=16116183
ZWL COMPOSE frame=41 image=0 windows=1 at_ms=16131
ZWL LAT submit frame=41 at_us=16131022
ZWL LAT shown frame=41 at_us=16133107
ZWL COMMIT client=3 surface=6 buffer=15 queued=0
ZWL ACQUIRE_FENCE client=3 surface=6 generation=1
ZWL LAT adopt surface=6 at_us=16133406
ZWL RELEASE client=3 buffer=19 dead=0
ZWL LAT draw frame=42 at_us=16133413
ZWL LAT acquired frame=42 at_us=16133416
ZWL LAT recorded frame=42 at_us=16133445
ZWL COMPOSE frame=42 image=0 windows=1 at_ms=16146
ZWL LAT submit frame=42 at_us=16146394
ZWL LAT shown frame=42 at_us=16148507
ZWL COMMIT client=3 surface=6 buffer=17 queued=0
ZWL ACQUIRE_FENCE client=3 surface=6 generation=1
ZWL LAT adopt surface=6 at_us=16151406
ZWL RELEASE client=3 buffer=15 dead=0
ZWL LAT draw frame=43 at_us=16151416
ZWL LAT acquired frame=43 at_us=16151424
ZWL LAT recorded frame=43 at_us=16151463
ZWL COMPOSE frame=43 image=0 windows=1 at_ms=16165
ZWL LAT submit frame=43 at_us=16165153
ZWL LAT shown frame=43 at_us=16167268
ZWL COMMIT client=3 surface=6 buffer=15 queued=0
ZWL ACQUIRE_FENCE client=3 surface=6 generation=1
ZWL LAT adopt surface=6 at_us=16170081
ZWL RELEASE client=3 buffer=17 dead=0
ZWL LAT draw frame=44 at_us=16170097
ZWL LAT acquired frame=44 at_us=16170110
ZWL LAT recorded frame=44 at_us=16170166
ZWL COMPOSE frame=44 image=0 windows=1 at_ms=16192
ZWL LAT submit frame=44 at_us=16192115
ZWL LAT shown frame=44 at_us=16194224
ZWL COMMIT client=3 surface=6 buffer=19 queued=0
ZWL ACQUIRE_FENCE client=3 surface=6 generation=1
ZWL LAT adopt surface=6 at_us=16194320
ZWL RELEASE client=3 buffer=15 dead=0
ZWL LAT draw frame=45 at_us=16194328
ZWL LAT acquired frame=45 at_us=16194333
ZWL LAT recorded frame=45 at_us=16194372
ZWL COMPOSE frame=45 image=0 windows=1 at_ms=16207
ZWL LAT submit frame=45 at_us=16207991
ZWL LAT shown frame=45 at_us=16210117
ZWL COMMIT client=3 surface=6 buffer=15 queued=0
ZWL ACQUIRE_FENCE client=3 surface=6 generation=1
ZWL LAT adopt surface=6 at_us=16212574
ZWL RELEASE client=3 buffer=19 dead=0
ZWL LAT draw frame=46 at_us=16212587
ZWL LAT acquired frame=46 at_us=16212597
ZWL LAT recorded frame=46 at_us=16212645
ZWL COMPOSE frame=46 image=0 windows=1 at_ms=16234
ZWL LAT submit frame=46 at_us=16234959
ZWL LAT shown frame=46 at_us=16237054
ZWL COMMIT client=3 surface=6 buffer=17 queued=0
ZWL ACQUIRE_FENCE client=3 surface=6 generation=1
ZWL LAT adopt surface=6 at_us=16237173
ZWL RELEASE client=3 buffer=15 dead=0
ZWL LAT draw frame=47 at_us=16237180
ZWL LAT acquired frame=47 at_us=16237185
ZWL LAT recorded frame=47 at_us=16237216
ZWL COMPOSE frame=47 image=0 windows=1 at_ms=16254
ZWL LAT submit frame=47 at_us=16254862
ZWL LAT shown frame=47 at_us=16257000
ZWL COMMIT client=3 surface=6 buffer=19 queued=0
ZWL ACQUIRE_FENCE client=3 surface=6 generation=1
ZWL LAT adopt surface=6 at_us=16257204
ZWL RELEASE client=3 buffer=17 dead=0
ZWL LAT draw frame=48 at_us=16257220
ZWL LAT acquired frame=48 at_us=16257231
ZWL LAT recorded frame=48 at_us=16257290
ZWL COMPOSE frame=48 image=0 windows=1 at_ms=16283
ZWL LAT submit frame=48 at_us=16283186
ZWL LAT shown frame=48 at_us=16285311
ZWL COMMIT client=3 surface=6 buffer=15 queued=0
ZWL ACQUIRE_FENCE client=3 surface=6 generation=1
ZWL LAT adopt surface=6 at_us=16285608
ZWL RELEASE client=3 buffer=19 dead=0
ZWL LAT draw frame=49 at_us=16285615
ZWL LAT acquired frame=49 at_us=16285619
ZWL LAT recorded frame=49 at_us=16285649
ZWL COMPOSE frame=49 image=0 windows=1 at_ms=16301
ZWL LAT submit frame=49 at_us=16301507
ZWL LAT shown frame=49 at_us=16303624
ZWL COMMIT client=3 surface=6 buffer=17 queued=0
ZWL ACQUIRE_FENCE client=3 surface=6 generation=1
ZWL LAT adopt surface=6 at_us=16304362
ZWL RELEASE client=3 buffer=15 dead=0
ZWL LAT draw frame=50 at_us=16304376
ZWL LAT acquired frame=50 at_us=16304384
ZWL LAT recorded frame=50 at_us=16304431
ZWL COMPOSE frame=50 image=0 windows=1 at_ms=16318
ZWL LAT submit frame=50 at_us=16318064
ZWL LAT shown frame=50 at_us=16320174
ZWL COMMIT client=3 surface=6 buffer=15 queued=0
ZWL ACQUIRE_FENCE client=3 surface=6 generation=1
ZWL LAT adopt surface=6 at_us=16322987
ZWL RELEASE client=3 buffer=17 dead=0
ZWL LAT draw frame=51 at_us=16323002
ZWL LAT acquired frame=51 at_us=16323014
ZWL LAT recorded frame=51 at_us=16323059
ZWL COMPOSE frame=51 image=0 windows=1 at_ms=16340
ZWL LAT submit frame=51 at_us=16340714
ZWL LAT shown frame=51 at_us=16342803
ZWL COMMIT client=3 surface=6 buffer=19 queued=0
ZWL ACQUIRE_FENCE client=3 surface=6 generation=1
ZWL LAT adopt surface=6 at_us=16343002
ZWL RELEASE client=3 buffer=15 dead=0
ZWL LAT draw frame=52 at_us=16343008
ZWL LAT acquired frame=52 at_us=16343012
ZWL LAT recorded frame=52 at_us=16343037
ZWL COMPOSE frame=52 image=0 windows=1 at_ms=16364
ZWL LAT submit frame=52 at_us=16364146
ZWL LAT shown frame=52 at_us=16366260
ZWL COMMIT client=3 surface=6 buffer=17 queued=0
ZWL ACQUIRE_FENCE client=3 surface=6 generation=1
ZWL LAT adopt surface=6 at_us=16366555
ZWL RELEASE client=3 buffer=19 dead=0
ZWL LAT draw frame=53 at_us=16366635
ZWL LAT acquired frame=53 at_us=16366644
ZWL LAT recorded frame=53 at_us=16366693
ZWL COMPOSE frame=53 image=0 windows=1 at_ms=16382
ZWL LAT submit frame=53 at_us=16382400
ZWL LAT shown frame=53 at_us=16384552
ZWL COMMIT client=3 surface=6 buffer=15 queued=0
ZWL ACQUIRE_FENCE client=3 surface=6 generation=1
ZWL LAT adopt surface=6 at_us=16384714
ZWL RELEASE client=3 buffer=17 dead=0
ZWL LAT draw frame=54 at_us=16384726
ZWL LAT acquired frame=54 at_us=16384733
ZWL LAT recorded frame=54 at_us=16384774
ZWL COMPOSE frame=54 image=0 windows=1 at_ms=16403
ZWL LAT submit frame=54 at_us=16403650
ZWL LAT shown frame=54 at_us=16405766
ZWL COMMIT client=3 surface=6 buffer=19 queued=0
ZWL ACQUIRE_FENCE client=3 surface=6 generation=1
ZWL LAT adopt surface=6 at_us=16405892
ZWL RELEASE client=3 buffer=15 dead=0
ZWL LAT draw frame=55 at_us=16405898
ZWL LAT acquired frame=55 at_us=16405903
ZWL LAT recorded frame=55 at_us=16405931
ZWL COMPOSE frame=55 image=0 windows=1 at_ms=16418
ZWL LAT submit frame=55 at_us=16418603
ZWL LAT shown frame=55 at_us=16420726
ZWL COMMIT client=3 surface=6 buffer=15 queued=0
ZWL ACQUIRE_FENCE client=3 surface=6 generation=1
ZWL LAT adopt surface=6 at_us=16425276
ZWL RELEASE client=3 buffer=19 dead=0
ZWL LAT draw frame=56 at_us=16425290
ZWL LAT acquired frame=56 at_us=16425302
ZWL LAT recorded frame=56 at_us=16425351
ZWL COMPOSE frame=56 image=0 windows=1 at_ms=16450
ZWL LAT submit frame=56 at_us=16450141
ZWL LAT shown frame=56 at_us=16452265
ZWL COMMIT client=3 surface=6 buffer=17 queued=0
ZWL ACQUIRE_FENCE client=3 surface=6 generation=1
ZWL LAT adopt surface=6 at_us=16452495
ZWL RELEASE client=3 buffer=15 dead=0
ZWL LAT draw frame=57 at_us=16452510
ZWL LAT acquired frame=57 at_us=16452520
ZWL LAT recorded frame=57 at_us=16452568
ZWL COMPOSE frame=57 image=0 windows=1 at_ms=16473
ZWL LAT submit frame=57 at_us=16473149
ZWL LAT shown frame=57 at_us=16475264
ZWL COMMIT client=3 surface=6 buffer=19 queued=0
ZWL ACQUIRE_FENCE client=3 surface=6 generation=1
ZWL LAT adopt surface=6 at_us=16475547
ZWL RELEASE client=3 buffer=17 dead=0
ZWL LAT draw frame=58 at_us=16475562
ZWL LAT acquired frame=58 at_us=16475571
ZWL LAT recorded frame=58 at_us=16475615
ZWL COMPOSE frame=58 image=0 windows=1 at_ms=16488
ZWL LAT submit frame=58 at_us=16488853
ZWL LAT shown frame=58 at_us=16491052
ZWL COMMIT client=3 surface=6 buffer=15 queued=0
ZWL ACQUIRE_FENCE client=3 surface=6 generation=1
ZWL LAT adopt surface=6 at_us=16495117
ZWL RELEASE client=3 buffer=19 dead=0
ZWL LAT draw frame=59 at_us=16495132
ZWL LAT acquired frame=59 at_us=16495145
ZWL LAT recorded frame=59 at_us=16495192
ZWL COMPOSE frame=59 image=0 windows=1 at_ms=16513
ZWL LAT submit frame=59 at_us=16513808
ZWL LAT shown frame=59 at_us=16516052
ZWL COMMIT client=3 surface=6 buffer=17 queued=0
ZWL ACQUIRE_FENCE client=3 surface=6 generation=1
ZWL LAT adopt surface=6 at_us=16516267
ZWL RELEASE client=3 buffer=15 dead=0
ZWL LAT draw frame=60 at_us=16516283
ZWL LAT acquired frame=60 at_us=16516293
ZWL LAT recorded frame=60 at_us=16516347
ZWL COMPOSE frame=60 image=0 windows=1 at_ms=16535
ZWL LAT submit frame=60 at_us=16535251
ZWL LAT shown frame=60 at_us=16537362
ZWL COMMIT client=3 surface=6 buffer=19 queued=0
ZWL ACQUIRE_FENCE client=3 surface=6 generation=1
ZWL LAT adopt surface=6 at_us=16537655
ZWL RELEASE client=3 buffer=17 dead=0
ZWL LAT draw frame=61 at_us=16537670
ZWL LAT acquired frame=61 at_us=16537679
ZWL LAT recorded frame=61 at_us=16537726
ZWL COMPOSE frame=61 image=0 windows=1 at_ms=16551
ZWL LAT submit frame=61 at_us=16551446
ZWL LAT shown frame=61 at_us=16553552
ZWL COMMIT client=3 surface=6 buffer=15 queued=0
ZWL ACQUIRE_FENCE client=3 surface=6 generation=1
ZWL LAT adopt surface=6 at_us=16555990
ZWL RELEASE client=3 buffer=19 dead=0
ZWL LAT draw frame=62 at_us=16556024
ZWL LAT acquired frame=62 at_us=16556033
ZWL LAT recorded frame=62 at_us=16556072
ZWL COMPOSE frame=62 image=0 windows=1 at_ms=16574
ZWL LAT submit frame=62 at_us=16574179
ZWL LAT shown frame=62 at_us=16576325
ZWL COMMIT client=3 surface=6 buffer=17 queued=0
ZWL ACQUIRE_FENCE client=3 surface=6 generation=1
ZWL LAT adopt surface=6 at_us=16576518
ZWL RELEASE client=3 buffer=15 dead=0
ZWL LAT draw frame=63 at_us=16576535
ZWL LAT acquired frame=63 at_us=16576547
ZWL LAT recorded frame=63 at_us=16576600
ZWL COMPOSE frame=63 image=0 windows=1 at_ms=16590
ZWL LAT submit frame=63 at_us=16590308
ZWL LAT shown frame=63 at_us=16592471
ZWL COMMIT client=3 surface=6 buffer=15 queued=0
ZWL ACQUIRE_FENCE client=3 surface=6 generation=1
ZWL LAT adopt surface=6 at_us=16596709
ZWL RELEASE client=3 buffer=17 dead=0
ZWL LAT draw frame=64 at_us=16596714
ZWL LAT acquired frame=64 at_us=16596719
ZWL LAT recorded frame=64 at_us=16596741
ZWL COMPOSE frame=64 image=0 windows=1 at_ms=16612
ZWL LAT submit frame=64 at_us=16612496
ZWL LAT shown frame=64 at_us=16614617
ZWL COMMIT client=3 surface=6 buffer=17 queued=0
ZWL ACQUIRE_FENCE client=3 surface=6 generation=1
ZWL LAT adopt surface=6 at_us=16614802
ZWL RELEASE client=3 buffer=15 dead=0
ZWL LAT draw frame=65 at_us=16614817
ZWL LAT acquired frame=65 at_us=16614826
ZWL LAT recorded frame=65 at_us=16614878
ZWL COMPOSE frame=65 image=0 windows=1 at_ms=16627
ZWL LAT submit frame=65 at_us=16627693
ZWL LAT shown frame=65 at_us=16629810
ZWL COMMIT client=3 surface=6 buffer=15 queued=0
ZWL ACQUIRE_FENCE client=3 surface=6 generation=1
ZWL LAT adopt surface=6 at_us=16632633
ZWL RELEASE client=3 buffer=17 dead=0
ZWL LAT draw frame=66 at_us=16632639
ZWL LAT acquired frame=66 at_us=16632643
ZWL LAT recorded frame=66 at_us=16632670
ZWL COMPOSE frame=66 image=0 windows=1 at_ms=16646
ZWL LAT submit frame=66 at_us=16646229
ZWL LAT shown frame=66 at_us=16648311
ZWL COMMIT client=3 surface=6 buffer=17 queued=0
ZWL ACQUIRE_FENCE client=3 surface=6 generation=1
ZWL LAT adopt surface=6 at_us=16650387
ZWL RELEASE client=3 buffer=15 dead=0
ZWL LAT draw frame=67 at_us=16650393
ZWL LAT acquired frame=67 at_us=16650400
ZWL LAT recorded frame=67 at_us=16650432
ZWL COMPOSE frame=67 image=0 windows=1 at_ms=16667
ZWL LAT submit frame=67 at_us=16667974
ZWL LAT shown frame=67 at_us=16670096
ZWL COMMIT client=3 surface=6 buffer=19 queued=0
ZWL ACQUIRE_FENCE client=3 surface=6 generation=1
ZWL LAT adopt surface=6 at_us=16670389
ZWL RELEASE client=3 buffer=17 dead=0
ZWL LAT draw frame=68 at_us=16670405
ZWL LAT acquired frame=68 at_us=16670415
ZWL LAT recorded frame=68 at_us=16670474
ZWL COMPOSE frame=68 image=0 windows=1 at_ms=16683
ZWL LAT submit frame=68 at_us=16683311
ZWL LAT shown frame=68 at_us=16685434
ZWL COMMIT client=3 surface=6 buffer=15 queued=0
ZWL ACQUIRE_FENCE client=3 surface=6 generation=1
ZWL LAT adopt surface=6 at_us=16688607
ZWL RELEASE client=3 buffer=19 dead=0
ZWL LAT draw frame=69 at_us=16688614
ZWL LAT acquired frame=69 at_us=16688619
ZWL LAT recorded frame=69 at_us=16688648
ZWL COMPOSE frame=69 image=0 windows=1 at_ms=16700
ZWL LAT submit frame=69 at_us=16701000
ZWL LAT shown frame=69 at_us=16703085
ZWL COMMIT client=3 surface=6 buffer=17 queued=0
ZWL ACQUIRE_FENCE client=3 surface=6 generation=1
ZWL LAT adopt surface=6 at_us=16706168
ZWL RELEASE client=3 buffer=15 dead=0
ZWL LAT draw frame=70 at_us=16706173
ZWL LAT acquired frame=70 at_us=16706178
ZWL LAT recorded frame=70 at_us=16706207
ZWL COMPOSE frame=70 image=0 windows=1 at_ms=16718
ZWL LAT submit frame=70 at_us=16718551
ZWL LAT shown frame=70 at_us=16720673
ZWL COMMIT client=3 surface=6 buffer=15 queued=0
ZWL ACQUIRE_FENCE client=3 surface=6 generation=1
ZWL LAT adopt surface=6 at_us=16724483
ZWL RELEASE client=3 buffer=17 dead=0
ZWL LAT draw frame=71 at_us=16724489
ZWL LAT acquired frame=71 at_us=16724497
ZWL LAT recorded frame=71 at_us=16724531
ZWL COMPOSE frame=71 image=0 windows=1 at_ms=16775
ZWL LAT submit frame=71 at_us=16775824
ZWL LAT shown frame=71 at_us=16778021
ZWL COMMIT client=3 surface=6 buffer=19 queued=0
ZWL ACQUIRE_FENCE client=3 surface=6 generation=1
ZWL LAT adopt surface=6 at_us=16778347
ZWL RELEASE client=3 buffer=15 dead=0
ZWL LAT draw frame=72 at_us=16778363
ZWL LAT acquired frame=72 at_us=16778374
ZWL LAT recorded frame=72 at_us=16778437
ZWL COMPOSE frame=72 image=0 windows=1 at_ms=16802
ZWL LAT submit frame=72 at_us=16802090
ZWL LAT shown frame=72 at_us=16804210
ZWL COMMIT client=3 surface=6 buffer=17 queued=0
ZWL ACQUIRE_FENCE client=3 surface=6 generation=1
ZWL LAT adopt surface=6 at_us=16804409
ZWL RELEASE client=3 buffer=19 dead=0
ZWL LAT draw frame=73 at_us=16804426
ZWL LAT acquired frame=73 at_us=16804436
ZWL LAT recorded frame=73 at_us=16804498
ZWL COMPOSE frame=73 image=0 windows=1 at_ms=16827
ZWL LAT submit frame=73 at_us=16827892
ZWL LAT shown frame=73 at_us=16830016
ZWL COMMIT client=3 surface=6 buffer=15 queued=0
ZWL ACQUIRE_FENCE client=3 surface=6 generation=1
ZWL LAT adopt surface=6 at_us=16830183
ZWL RELEASE client=3 buffer=17 dead=0
ZWL LAT draw frame=74 at_us=16830189
ZWL LAT acquired frame=74 at_us=16830194
ZWL LAT recorded frame=74 at_us=16830229
ZWL COMPOSE frame=74 image=0 windows=1 at_ms=16851
ZWL LAT submit frame=74 at_us=16851051
ZWL LAT shown frame=74 at_us=16918342
ZWL COMMIT client=3 surface=6 buffer=19 queued=0
ZWL ACQUIRE_FENCE client=3 surface=6 generation=1
ZWL LAT adopt surface=6 at_us=16919057
ZWL RELEASE client=3 buffer=15 dead=0
ZWL LAT draw frame=75 at_us=16919074
ZWL LAT acquired frame=75 at_us=16919091
ZWL LAT recorded frame=75 at_us=16919182
ZWL COMPOSE frame=75 image=0 windows=1 at_ms=16944
ZWL LAT submit frame=75 at_us=16944110
ZWL LAT shown frame=75 at_us=16946241
ZWL COMMIT client=3 surface=6 buffer=17 queued=0
ZWL ACQUIRE_FENCE client=3 surface=6 generation=1
ZWL LAT adopt surface=6 at_us=16946529
ZWL RELEASE client=3 buffer=19 dead=0
ZWL LAT draw frame=76 at_us=16946546
ZWL LAT acquired frame=76 at_us=16946556
ZWL LAT recorded frame=76 at_us=16946620
ZWL COMPOSE frame=76 image=0 windows=1 at_ms=16967
ZWL LAT submit frame=76 at_us=16967139
ZWL LAT shown frame=76 at_us=16969239
ZWL COMMIT client=3 surface=6 buffer=15 queued=0
ZWL ACQUIRE_FENCE client=3 surface=6 generation=1
ZWL LAT adopt surface=6 at_us=16969331
ZWL RELEASE client=3 buffer=17 dead=0
ZWL LAT draw frame=77 at_us=16969338
ZWL LAT acquired frame=77 at_us=16969343
ZWL LAT recorded frame=77 at_us=16969380
ZWL COMPOSE frame=77 image=0 windows=1 at_ms=16987
ZWL LAT submit frame=77 at_us=16987578
ZWL LAT shown frame=77 at_us=16989699
ZWL COMMIT client=3 surface=6 buffer=19 queued=0
ZWL ACQUIRE_FENCE client=3 surface=6 generation=1
ZWL LAT adopt surface=6 at_us=16989825
ZWL RELEASE client=3 buffer=15 dead=0
ZWL LAT draw frame=78 at_us=16989831
ZWL LAT acquired frame=78 at_us=16989838
ZWL LAT recorded frame=78 at_us=16989872
ZWL COMPOSE frame=78 image=0 windows=1 at_ms=17003
ZWL LAT submit frame=78 at_us=17003811
ZWL LAT shown frame=78 at_us=17005925
ZWL COMMIT client=3 surface=6 buffer=15 queued=0
ZWL ACQUIRE_FENCE client=3 surface=6 generation=1
ZWL LAT adopt surface=6 at_us=17008269
ZWL RELEASE client=3 buffer=19 dead=0
ZWL LAT draw frame=79 at_us=17008284
ZWL LAT acquired frame=79 at_us=17008298
ZWL LAT recorded frame=79 at_us=17008351
ZWL COMPOSE frame=79 image=0 windows=1 at_ms=17032
ZWL LAT submit frame=79 at_us=17032198
ZWL LAT shown frame=79 at_us=17035038
ZWL COMMIT client=3 surface=6 buffer=17 queued=0
ZWL ACQUIRE_FENCE client=3 surface=6 generation=1
ZWL LAT adopt surface=6 at_us=17035277
ZWL RELEASE client=3 buffer=15 dead=0
ZWL LAT draw frame=80 at_us=17035285
ZWL LAT acquired frame=80 at_us=17035290
ZWL LAT recorded frame=80 at_us=17035326
ZWL COMPOSE frame=80 image=0 windows=1 at_ms=17056
ZWL LAT submit frame=80 at_us=17056646
ZWL LAT shown frame=80 at_us=17058770
ZWL COMMIT client=3 surface=6 buffer=19 queued=0
ZWL ACQUIRE_FENCE client=3 surface=6 generation=1
ZWL LAT adopt surface=6 at_us=17059059
ZWL RELEASE client=3 buffer=17 dead=0
ZWL LAT draw frame=81 at_us=17059076
ZWL LAT acquired frame=81 at_us=17059086
ZWL LAT recorded frame=81 at_us=17059147
ZWL COMPOSE frame=81 image=0 windows=1 at_ms=17071
ZWL LAT submit frame=81 at_us=17071623
ZWL LAT shown frame=81 at_us=17073732
ZWL COMMIT client=3 surface=6 buffer=15 queued=0
ZWL ACQUIRE_FENCE client=3 surface=6 generation=1
ZWL LAT adopt surface=6 at_us=17078174
ZWL RELEASE client=3 buffer=19 dead=0
ZWL LAT draw frame=82 at_us=17078188
ZWL LAT acquired frame=82 at_us=17078195
ZWL LAT recorded frame=82 at_us=17078229
ZWL COMPOSE frame=82 image=0 windows=1 at_ms=17091
ZWL LAT submit frame=82 at_us=17091651
ZWL LAT shown frame=82 at_us=17093771
ZWL COMMIT client=3 surface=6 buffer=17 queued=0
ZWL ACQUIRE_FENCE client=3 surface=6 generation=1
ZWL LAT adopt surface=6 at_us=17097239
ZWL RELEASE client=3 buffer=15 dead=0
ZWL LAT draw frame=83 at_us=17097245
ZWL LAT acquired frame=83 at_us=17097251
ZWL LAT recorded frame=83 at_us=17097280
ZWL COMPOSE frame=83 image=0 windows=1 at_ms=17110
ZWL LAT submit frame=83 at_us=17110191
ZWL LAT shown frame=83 at_us=17112267
ZWL COMMIT client=3 surface=6 buffer=15 queued=0
ZWL ACQUIRE_FENCE client=3 surface=6 generation=1
ZWL LAT adopt surface=6 at_us=17115274
ZWL RELEASE client=3 buffer=17 dead=0
ZWL LAT draw frame=84 at_us=17115279
ZWL LAT acquired frame=84 at_us=17115283
ZWL LAT recorded frame=84 at_us=17115310
ZWL COMPOSE frame=84 image=0 windows=1 at_ms=17127
ZWL LAT submit frame=84 at_us=17127979
ZWL LAT shown frame=84 at_us=17130094
ZWL COMMIT client=3 surface=6 buffer=17 queued=0
ZWL ACQUIRE_FENCE client=3 surface=6 generation=1
ZWL LAT adopt surface=6 at_us=17133643
ZWL RELEASE client=3 buffer=15 dead=0
ZWL LAT draw frame=85 at_us=17133652
ZWL LAT acquired frame=85 at_us=17133660
ZWL LAT recorded frame=85 at_us=17133698
ZWL COMPOSE frame=85 image=0 windows=1 at_ms=17146
ZWL LAT submit frame=85 at_us=17146142
ZWL LAT shown frame=85 at_us=17148267
ZWL COMMIT client=3 surface=6 buffer=15 queued=0
ZWL ACQUIRE_FENCE client=3 surface=6 generation=1
ZWL LAT adopt surface=6 at_us=17151902
ZWL RELEASE client=3 buffer=17 dead=0
ZWL LAT draw frame=86 at_us=17151915
ZWL LAT acquired frame=86 at_us=17151926
ZWL LAT recorded frame=86 at_us=17151976
ZWL COMPOSE frame=86 image=0 windows=1 at_ms=17172
ZWL LAT submit frame=86 at_us=17172262
ZWL LAT shown frame=86 at_us=17174381
ZWL COMMIT client=3 surface=6 buffer=19 queued=0
ZWL ACQUIRE_FENCE client=3 surface=6 generation=1
ZWL LAT adopt surface=6 at_us=17174681
ZWL RELEASE client=3 buffer=15 dead=0
ZWL LAT draw frame=87 at_us=17174697
ZWL LAT acquired frame=87 at_us=17174718
ZWL LAT recorded frame=87 at_us=17174747
ZWL COMPOSE frame=87 image=0 windows=1 at_ms=17189
ZWL LAT submit frame=87 at_us=17189997
ZWL LAT shown frame=87 at_us=17192089
ZWL COMMIT client=3 surface=6 buffer=15 queued=0
ZWL ACQUIRE_FENCE client=3 surface=6 generation=1
ZWL LAT adopt surface=6 at_us=17192493
ZWL RELEASE client=3 buffer=19 dead=0
ZWL LAT draw frame=88 at_us=17192499
ZWL LAT acquired frame=88 at_us=17192502
ZWL LAT recorded frame=88 at_us=17192531
ZWL COMPOSE frame=88 image=0 windows=1 at_ms=17204
ZWL LAT submit frame=88 at_us=17204484
ZWL LAT shown frame=88 at_us=17206598
ZWL COMMIT client=3 surface=6 buffer=17 queued=0
ZWL ACQUIRE_FENCE client=3 surface=6 generation=1
ZWL LAT adopt surface=6 at_us=17211234
ZWL RELEASE client=3 buffer=15 dead=0
ZWL LAT draw frame=89 at_us=17211252
ZWL LAT acquired frame=89 at_us=17211266
ZWL LAT recorded frame=89 at_us=17211328
ZWL COMPOSE frame=89 image=0 windows=1 at_ms=17233
ZWL LAT submit frame=89 at_us=17233097
ZWL LAT shown frame=89 at_us=17235221
ZWL COMMIT client=3 surface=6 buffer=19 queued=0
ZWL ACQUIRE_FENCE client=3 surface=6 generation=1
ZWL LAT adopt surface=6 at_us=17235504
ZWL RELEASE client=3 buffer=17 dead=0
ZWL LAT draw frame=90 at_us=17235520
ZWL LAT acquired frame=90 at_us=17235529
ZWL LAT recorded frame=90 at_us=17235582
ZWL COMPOSE frame=90 image=0 windows=1 at_ms=17253
ZWL LAT submit frame=90 at_us=17253044
ZWL LAT shown frame=90 at_us=17255244
ZWL COMMIT client=3 surface=6 buffer=15 queued=0
ZWL ACQUIRE_FENCE client=3 surface=6 generation=1
ZWL LAT adopt surface=6 at_us=17255443
ZWL RELEASE client=3 buffer=19 dead=0
ZWL LAT draw frame=91 at_us=17255460
ZWL LAT acquired frame=91 at_us=17255472
ZWL LAT recorded frame=91 at_us=17255533
ZWL COMPOSE frame=91 image=0 windows=1 at_ms=17268
ZWL LAT submit frame=91 at_us=17268969
ZWL LAT shown frame=91 at_us=17271168
ZWL COMMIT client=3 surface=6 buffer=17 queued=0
ZWL ACQUIRE_FENCE client=3 surface=6 generation=1
ZWL LAT adopt surface=6 at_us=17273048
ZWL RELEASE client=3 buffer=15 dead=0
ZWL LAT draw frame=92 at_us=17273053
ZWL LAT acquired frame=92 at_us=17273058
ZWL LAT recorded frame=92 at_us=17273086
ZWL COMPOSE frame=92 image=0 windows=1 at_ms=17284
ZWL LAT submit frame=92 at_us=17284489
ZWL LAT shown frame=92 at_us=17286617
ZWL COMMIT client=3 surface=6 buffer=15 queued=0
ZWL ACQUIRE_FENCE client=3 surface=6 generation=1
ZWL LAT adopt surface=6 at_us=17291889
ZWL RELEASE client=3 buffer=17 dead=0
ZWL LAT draw frame=93 at_us=17291908
ZWL LAT acquired frame=93 at_us=17291922
ZWL LAT recorded frame=93 at_us=17291986
ZWL COMPOSE frame=93 image=0 windows=1 at_ms=17315
ZWL LAT submit frame=93 at_us=17315728
ZWL LAT shown frame=93 at_us=17317860
ZWL COMMIT client=3 surface=6 buffer=19 queued=0
ZWL ACQUIRE_FENCE client=3 surface=6 generation=1
ZWL LAT adopt surface=6 at_us=17318061
ZWL RELEASE client=3 buffer=15 dead=0
ZWL LAT draw frame=94 at_us=17318070
ZWL LAT acquired frame=94 at_us=17318077
ZWL LAT recorded frame=94 at_us=17318114
ZWL COMPOSE frame=94 image=0 windows=1 at_ms=17333
ZWL LAT submit frame=94 at_us=17333508
ZWL LAT shown frame=94 at_us=17335664
ZWL COMMIT client=3 surface=6 buffer=15 queued=0
ZWL ACQUIRE_FENCE client=3 surface=6 generation=1
ZWL LAT adopt surface=6 at_us=17335965
ZWL RELEASE client=3 buffer=19 dead=0
ZWL LAT draw frame=95 at_us=17335971
ZWL LAT acquired frame=95 at_us=17335977
ZWL LAT recorded frame=95 at_us=17336024
ZWL COMPOSE frame=95 image=0 windows=1 at_ms=17347
ZWL LAT submit frame=95 at_us=17347181
ZWL LAT shown frame=95 at_us=17349292
ZWL COMMIT client=3 surface=6 buffer=17 queued=0
ZWL ACQUIRE_FENCE client=3 surface=6 generation=1
ZWL LAT adopt surface=6 at_us=17354522
ZWL RELEASE client=3 buffer=15 dead=0
ZWL LAT draw frame=96 at_us=17354536
ZWL LAT acquired frame=96 at_us=17354548
ZWL LAT recorded frame=96 at_us=17354599
ZWL COMPOSE frame=96 image=0 windows=1 at_ms=17376
ZWL LAT submit frame=96 at_us=17376638
ZWL LAT shown frame=96 at_us=17378764
ZWL COMMIT client=3 surface=6 buffer=19 queued=0
ZWL ACQUIRE_FENCE client=3 surface=6 generation=1
ZWL LAT adopt surface=6 at_us=17379054
ZWL RELEASE client=3 buffer=17 dead=0
ZWL LAT draw frame=97 at_us=17379069
ZWL LAT acquired frame=97 at_us=17379078
ZWL LAT recorded frame=97 at_us=17379129
ZWL COMPOSE frame=97 image=0 windows=1 at_ms=17393
ZWL LAT submit frame=97 at_us=17393874
ZWL LAT shown frame=97 at_us=17396194
ZWL COMMIT client=3 surface=6 buffer=15 queued=0
ZWL ACQUIRE_FENCE client=3 surface=6 generation=1
ZWL LAT adopt surface=6 at_us=17396862
ZWL RELEASE client=3 buffer=19 dead=0
ZWL LAT draw frame=98 at_us=17396868
ZWL LAT acquired frame=98 at_us=17396872
ZWL LAT recorded frame=98 at_us=17396898
ZWL COMPOSE frame=98 image=0 windows=1 at_ms=17409
ZWL LAT submit frame=98 at_us=17409223
ZWL LAT shown frame=98 at_us=17411301
ZWL COMMIT client=3 surface=6 buffer=17 queued=0
ZWL ACQUIRE_FENCE client=3 surface=6 generation=1
ZWL LAT adopt surface=6 at_us=17414630
ZWL RELEASE client=3 buffer=15 dead=0
ZWL LAT draw frame=99 at_us=17414635
ZWL LAT acquired frame=99 at_us=17414640
ZWL LAT recorded frame=99 at_us=17414664
ZWL COMPOSE frame=99 image=0 windows=1 at_ms=17427
ZWL LAT submit frame=99 at_us=17427879
ZWL LAT shown frame=99 at_us=17429989
ZWL COMMIT client=3 surface=6 buffer=15 queued=0
ZWL ACQUIRE_FENCE client=3 surface=6 generation=1
ZWL LAT adopt surface=6 at_us=17433382
ZWL RELEASE client=3 buffer=17 dead=0
ZWL LAT draw frame=100 at_us=17433396
ZWL LAT acquired frame=100 at_us=17433407
ZWL LAT recorded frame=100 at_us=17433459
ZWL COMPOSE frame=100 image=0 windows=1 at_ms=17455
ZWL LAT submit frame=100 at_us=17455925
ZWL LAT shown frame=100 at_us=17458052
ZWL COMMIT client=3 surface=6 buffer=19 queued=0
ZWL ACQUIRE_FENCE client=3 surface=6 generation=1
ZWL LAT adopt surface=6 at_us=17458351
ZWL RELEASE client=3 buffer=15 dead=0
ZWL LAT draw frame=101 at_us=17458365
ZWL LAT acquired frame=101 at_us=17458374
ZWL LAT recorded frame=101 at_us=17458427
ZWL COMPOSE frame=101 image=0 windows=1 at_ms=17473
ZWL LAT submit frame=101 at_us=17473420
ZWL LAT shown frame=101 at_us=17475495
ZWL COMMIT client=3 surface=6 buffer=15 queued=0
ZWL ACQUIRE_FENCE client=3 surface=6 generation=1
ZWL LAT adopt surface=6 at_us=17476044
ZWL RELEASE client=3 buffer=19 dead=0
ZWL LAT draw frame=102 at_us=17476048
ZWL LAT acquired frame=102 at_us=17476052
ZWL LAT recorded frame=102 at_us=17476074
ZWL COMPOSE frame=102 image=0 windows=1 at_ms=17486
ZWL LAT submit frame=102 at_us=17486920
ZWL LAT shown frame=102 at_us=17489006
ZWL COMMIT client=3 surface=6 buffer=17 queued=0
ZWL ACQUIRE_FENCE client=3 surface=6 generation=1
ZWL LAT adopt surface=6 at_us=17494608
ZWL RELEASE client=3 buffer=15 dead=0
ZWL LAT draw frame=103 at_us=17494624
ZWL LAT acquired frame=103 at_us=17494640
ZWL LAT recorded frame=103 at_us=17494697
ZWL COMPOSE frame=103 image=0 windows=1 at_ms=17513
ZWL LAT submit frame=103 at_us=17513987
ZWL LAT shown frame=103 at_us=17516070
ZWL COMMIT client=3 surface=6 buffer=19 queued=0
ZWL ACQUIRE_FENCE client=3 surface=6 generation=1
ZWL LAT adopt surface=6 at_us=17516205
ZWL RELEASE client=3 buffer=17 dead=0
ZWL LAT draw frame=104 at_us=17516214
ZWL LAT acquired frame=104 at_us=17516220
ZWL LAT recorded frame=104 at_us=17516258
ZWL COMPOSE frame=104 image=0 windows=1 at_ms=17530
ZWL LAT submit frame=104 at_us=17530269
ZWL LAT shown frame=104 at_us=17532386
ZWL COMMIT client=3 surface=6 buffer=15 queued=0
ZWL ACQUIRE_FENCE client=3 surface=6 generation=1
ZWL LAT adopt surface=6 at_us=17534034
ZWL RELEASE client=3 buffer=19 dead=0
ZWL LAT draw frame=105 at_us=17534040
ZWL LAT acquired frame=105 at_us=17534044
ZWL LAT recorded frame=105 at_us=17534071
ZWL COMPOSE frame=105 image=0 windows=1 at_ms=17548
ZWL LAT submit frame=105 at_us=17548176
ZWL LAT shown frame=105 at_us=17550253
ZWL COMMIT client=3 surface=6 buffer=17 queued=0
ZWL ACQUIRE_FENCE client=3 surface=6 generation=1
ZWL LAT adopt surface=6 at_us=17551846
ZWL RELEASE client=3 buffer=15 dead=0
ZWL LAT draw frame=106 at_us=17551851
ZWL LAT acquired frame=106 at_us=17551854
ZWL LAT recorded frame=106 at_us=17551878
ZWL COMPOSE frame=106 image=0 windows=1 at_ms=17564
ZWL LAT submit frame=106 at_us=17564356
ZWL LAT shown frame=106 at_us=17566462
ZWL COMMIT client=3 surface=6 buffer=15 queued=0
ZWL ACQUIRE_FENCE client=3 surface=6 generation=1
ZWL LAT adopt surface=6 at_us=17569536
ZWL RELEASE client=3 buffer=17 dead=0
ZWL LAT draw frame=107 at_us=17569541
ZWL LAT acquired frame=107 at_us=17569546
ZWL LAT recorded frame=107 at_us=17569568
ZWL COMPOSE frame=107 image=0 windows=1 at_ms=17582
ZWL LAT submit frame=107 at_us=17582811
ZWL LAT shown frame=107 at_us=17584925
ZWL COMMIT client=3 surface=6 buffer=17 queued=0
ZWL ACQUIRE_FENCE client=3 surface=6 generation=1
ZWL LAT adopt surface=6 at_us=17587060
ZWL RELEASE client=3 buffer=15 dead=0
ZWL LAT draw frame=108 at_us=17587064
ZWL LAT acquired frame=108 at_us=17587068
ZWL LAT recorded frame=108 at_us=17587092
ZWL COMPOSE frame=108 image=0 windows=1 at_ms=17599
ZWL LAT submit frame=108 at_us=17599026
ZWL LAT shown frame=108 at_us=17601151
ZWL COMMIT client=3 surface=6 buffer=15 queued=0
ZWL ACQUIRE_FENCE client=3 surface=6 generation=1
ZWL LAT adopt surface=6 at_us=17605323
ZWL RELEASE client=3 buffer=17 dead=0
ZWL LAT draw frame=109 at_us=17605338
ZWL LAT acquired frame=109 at_us=17605349
ZWL LAT recorded frame=109 at_us=17605402
ZWL COMPOSE frame=109 image=0 windows=1 at_ms=17627
ZWL LAT submit frame=109 at_us=17627898
ZWL LAT shown frame=109 at_us=17630028
ZWL COMMIT client=3 surface=6 buffer=19 queued=0
ZWL ACQUIRE_FENCE client=3 surface=6 generation=1
ZWL LAT adopt surface=6 at_us=17630306
ZWL RELEASE client=3 buffer=15 dead=0
ZWL LAT draw frame=110 at_us=17630314
ZWL LAT acquired frame=110 at_us=17630319
ZWL LAT recorded frame=110 at_us=17630352
ZWL COMPOSE frame=110 image=0 windows=1 at_ms=17645
ZWL LAT submit frame=110 at_us=17645127
ZWL LAT shown frame=110 at_us=17647212
ZWL COMMIT client=3 surface=6 buffer=15 queued=0
ZWL ACQUIRE_FENCE client=3 surface=6 generation=1
ZWL LAT adopt surface=6 at_us=17647749
ZWL RELEASE client=3 buffer=19 dead=0
ZWL LAT draw frame=111 at_us=17647763
ZWL LAT acquired frame=111 at_us=17647768
ZWL LAT recorded frame=111 at_us=17647793
ZWL COMPOSE frame=111 image=0 windows=1 at_ms=17659
ZWL LAT submit frame=111 at_us=17659017
ZWL LAT shown frame=111 at_us=17661134
ZWL COMMIT client=3 surface=6 buffer=17 queued=0
ZWL ACQUIRE_FENCE client=3 surface=6 generation=1
ZWL LAT adopt surface=6 at_us=17666524
ZWL RELEASE client=3 buffer=15 dead=0
ZWL LAT draw frame=112 at_us=17666538
ZWL LAT acquired frame=112 at_us=17666550
ZWL LAT recorded frame=112 at_us=17666601
ZWL COMPOSE frame=112 image=0 windows=1 at_ms=17690
ZWL LAT submit frame=112 at_us=17690714
ZWL LAT shown frame=112 at_us=17692886
ZWL COMMIT client=3 surface=6 buffer=19 queued=0
ZWL ACQUIRE_FENCE client=3 surface=6 generation=1
ZWL LAT adopt surface=6 at_us=17693190
ZWL RELEASE client=3 buffer=17 dead=0
ZWL LAT draw frame=113 at_us=17693206
ZWL LAT acquired frame=113 at_us=17693216
ZWL LAT recorded frame=113 at_us=17693275
ZWL COMPOSE frame=113 image=0 windows=1 at_ms=17714
ZWL LAT submit frame=113 at_us=17714320
ZWL LAT shown frame=113 at_us=17716441
ZWL COMMIT client=3 surface=6 buffer=15 queued=0
ZWL ACQUIRE_FENCE client=3 surface=6 generation=1
ZWL LAT adopt surface=6 at_us=17716636
ZWL RELEASE client=3 buffer=19 dead=0
ZWL LAT draw frame=114 at_us=17716650
ZWL LAT acquired frame=114 at_us=17716659
ZWL LAT recorded frame=114 at_us=17716709
ZWL COMPOSE frame=114 image=0 windows=1 at_ms=17729
ZWL LAT submit frame=114 at_us=17729572
ZWL LAT shown frame=114 at_us=17731654
ZWL COMMIT client=3 surface=6 buffer=17 queued=0
ZWL ACQUIRE_FENCE client=3 surface=6 generation=1
ZWL LAT adopt surface=6 at_us=17735889
ZWL RELEASE client=3 buffer=15 dead=0
ZWL LAT draw frame=115 at_us=17735905
ZWL LAT acquired frame=115 at_us=17735920
ZWL LAT recorded frame=115 at_us=17735975
ZWL COMPOSE frame=115 image=0 windows=1 at_ms=17759
ZWL LAT submit frame=115 at_us=17759561
ZWL LAT shown frame=115 at_us=17761721
ZWL COMMIT client=3 surface=6 buffer=19 queued=0
ZWL ACQUIRE_FENCE client=3 surface=6 generation=1
ZWL LAT adopt surface=6 at_us=17762059
ZWL RELEASE client=3 buffer=17 dead=0
ZWL LAT draw frame=116 at_us=17762068
ZWL LAT acquired frame=116 at_us=17762075
ZWL LAT recorded frame=116 at_us=17762116
ZWL COMPOSE frame=116 image=0 windows=1 at_ms=17777
ZWL LAT submit frame=116 at_us=17777493
ZWL LAT shown frame=116 at_us=17779579
ZWL COMMIT client=3 surface=6 buffer=15 queued=0
ZWL ACQUIRE_FENCE client=3 surface=6 generation=1
ZWL LAT adopt surface=6 at_us=17779920
ZWL RELEASE client=3 buffer=19 dead=0
ZWL LAT draw frame=117 at_us=17779926
ZWL LAT acquired frame=117 at_us=17779930
ZWL LAT recorded frame=117 at_us=17779957
ZWL COMPOSE frame=117 image=0 windows=1 at_ms=17791
ZWL LAT submit frame=117 at_us=17791859
ZWL LAT shown frame=117 at_us=17793972
ZWL COMMIT client=3 surface=6 buffer=17 queued=0
ZWL ACQUIRE_FENCE client=3 surface=6 generation=1
ZWL LAT adopt surface=6 at_us=17798110
ZWL RELEASE client=3 buffer=15 dead=0
ZWL LAT draw frame=118 at_us=17798115
ZWL LAT acquired frame=118 at_us=17798119
ZWL LAT recorded frame=118 at_us=17798146
ZWL COMPOSE frame=118 image=0 windows=1 at_ms=17809
ZWL LAT submit frame=118 at_us=17809256
ZWL LAT shown frame=118 at_us=17811371
ZWL COMMIT client=3 surface=6 buffer=15 queued=0
ZWL ACQUIRE_FENCE client=3 surface=6 generation=1
ZWL LAT adopt surface=6 at_us=17816786
ZWL RELEASE client=3 buffer=17 dead=0
ZWL LAT draw frame=119 at_us=17816805
ZWL LAT acquired frame=119 at_us=17816821
ZWL LAT recorded frame=119 at_us=17816907
ZWL COMPOSE frame=119 image=0 windows=1 at_ms=17841
ZWL LAT submit frame=119 at_us=17841208
ZWL LAT shown frame=119 at_us=17843341
ZWL COMMIT client=3 surface=6 buffer=19 queued=0
ZWL ACQUIRE_FENCE client=3 surface=6 generation=1
ZWL LAT adopt surface=6 at_us=17843644
ZWL RELEASE client=3 buffer=15 dead=0
ZWL LAT draw frame=120 at_us=17843660
ZWL LAT acquired frame=120 at_us=17843670
ZWL LAT recorded frame=120 at_us=17843728
ZWL COMPOSE frame=120 image=0 windows=1 at_ms=17864
ZWL LAT submit frame=120 at_us=17864615
ZWL LAT shown frame=120 at_us=17866741
ZWL COMMIT client=3 surface=6 buffer=17 queued=0
ZWL ACQUIRE_FENCE client=3 surface=6 generation=1
ZWL LAT adopt surface=6 at_us=17867042
ZWL RELEASE client=3 buffer=19 dead=0
ZWL LAT draw frame=121 at_us=17867057
ZWL LAT acquired frame=121 at_us=17867067
ZWL LAT recorded frame=121 at_us=17867120
ZWL COMPOSE frame=121 image=0 windows=1 at_ms=17879
ZWL LAT submit frame=121 at_us=17879731
ZWL LAT shown frame=121 at_us=17881844
ZWL COMMIT client=3 surface=6 buffer=15 queued=0
ZWL ACQUIRE_FENCE client=3 surface=6 generation=1
ZWL LAT adopt surface=6 at_us=17884912
ZWL RELEASE client=3 buffer=17 dead=0
ZWL LAT draw frame=122 at_us=17884919
ZWL LAT acquired frame=122 at_us=17884925
ZWL LAT recorded frame=122 at_us=17884955
ZWL COMPOSE frame=122 image=0 windows=1 at_ms=17897
ZWL LAT submit frame=122 at_us=17897727
ZWL LAT shown frame=122 at_us=17899808
ZWL COMMIT client=3 surface=6 buffer=17 queued=0
ZWL ACQUIRE_FENCE client=3 surface=6 generation=1
ZWL LAT adopt surface=6 at_us=17902596
ZWL RELEASE client=3 buffer=15 dead=0
ZWL LAT draw frame=123 at_us=17902601
ZWL LAT acquired frame=123 at_us=17902607
ZWL LAT recorded frame=123 at_us=17902633
ZWL COMPOSE frame=123 image=0 windows=1 at_ms=17914
ZWL LAT submit frame=123 at_us=17914762
ZWL LAT shown frame=123 at_us=17916861
ZWL COMMIT client=3 surface=6 buffer=15 queued=0
ZWL ACQUIRE_FENCE client=3 surface=6 generation=1
ZWL LAT adopt surface=6 at_us=17920922
ZWL RELEASE client=3 buffer=17 dead=0
ZWL LAT draw frame=124 at_us=17920936
ZWL LAT acquired frame=124 at_us=17920945
ZWL LAT recorded frame=124 at_us=17920986
ZWL COMPOSE frame=124 image=0 windows=1 at_ms=17936
ZWL LAT submit frame=124 at_us=17936649
ZWL LAT shown frame=124 at_us=17938845
ZWL COMMIT client=3 surface=6 buffer=19 queued=0
ZWL ACQUIRE_FENCE client=3 surface=6 generation=1
ZWL LAT adopt surface=6 at_us=17939027
ZWL RELEASE client=3 buffer=15 dead=0
ZWL LAT draw frame=125 at_us=17939044
ZWL LAT acquired frame=125 at_us=17939054
ZWL LAT recorded frame=125 at_us=17939114
ZWL COMPOSE frame=125 image=0 windows=1 at_ms=17952
ZWL LAT submit frame=125 at_us=17952411
ZWL LAT shown frame=125 at_us=17954519
ZWL COMMIT client=3 surface=6 buffer=15 queued=0
ZWL ACQUIRE_FENCE client=3 surface=6 generation=1
ZWL LAT adopt surface=6 at_us=17957497
ZWL RELEASE client=3 buffer=19 dead=0
ZWL LAT draw frame=126 at_us=17957502
ZWL LAT acquired frame=126 at_us=17957508
ZWL LAT recorded frame=126 at_us=17957536
ZWL COMPOSE frame=126 image=0 windows=1 at_ms=17973
ZWL LAT submit frame=126 at_us=17973989
ZWL LAT shown frame=126 at_us=17976065
ZWL COMMIT client=3 surface=6 buffer=17 queued=0
ZWL ACQUIRE_FENCE client=3 surface=6 generation=1
ZWL LAT adopt surface=6 at_us=17976207
ZWL RELEASE client=3 buffer=15 dead=0
ZWL LAT draw frame=127 at_us=17976212
ZWL LAT acquired frame=127 at_us=17976216
ZWL LAT recorded frame=127 at_us=17976241
ZWL COMPOSE frame=127 image=0 windows=1 at_ms=17989
ZWL LAT submit frame=127 at_us=17989294
ZWL LAT shown frame=127 at_us=17991403
ZWL COMMIT client=3 surface=6 buffer=15 queued=0
ZWL ACQUIRE_FENCE client=3 surface=6 generation=1
ZWL LAT adopt surface=6 at_us=17993642
ZWL RELEASE client=3 buffer=17 dead=0
ZWL LAT draw frame=128 at_us=17993648
ZWL LAT acquired frame=128 at_us=17993652
ZWL LAT recorded frame=128 at_us=17993675
ZWL COMPOSE frame=128 image=0 windows=1 at_ms=18007
ZWL LAT submit frame=128 at_us=18007763
ZWL LAT shown frame=128 at_us=18009882
ZWL COMMIT client=3 surface=6 buffer=17 queued=0
ZWL ACQUIRE_FENCE client=3 surface=6 generation=1
ZWL LAT adopt surface=6 at_us=18011419
ZWL RELEASE client=3 buffer=15 dead=0
ZWL LAT draw frame=129 at_us=18011426
ZWL LAT acquired frame=129 at_us=18011432
ZWL LAT recorded frame=129 at_us=18011465
ZWL COMPOSE frame=129 image=0 windows=1 at_ms=18022
ZWL LAT submit frame=129 at_us=18022364
ZWL LAT shown frame=129 at_us=18024479
ZWL COMMIT client=3 surface=6 buffer=15 queued=0
ZWL ACQUIRE_FENCE client=3 surface=6 generation=1
ZWL LAT adopt surface=6 at_us=18029997
ZWL RELEASE client=3 buffer=17 dead=0
ZWL LAT draw frame=130 at_us=18030026
ZWL LAT acquired frame=130 at_us=18030039
ZWL LAT recorded frame=130 at_us=18030095
ZWL COMPOSE frame=130 image=0 windows=1 at_ms=18051
ZWL LAT submit frame=130 at_us=18051701
ZWL LAT shown frame=130 at_us=18053825
ZWL COMMIT client=3 surface=6 buffer=19 queued=0
ZWL ACQUIRE_FENCE client=3 surface=6 generation=1
ZWL LAT adopt surface=6 at_us=18054029
ZWL RELEASE client=3 buffer=15 dead=0
ZWL LAT draw frame=131 at_us=18054039
ZWL LAT acquired frame=131 at_us=18054046
ZWL LAT recorded frame=131 at_us=18054084
ZWL COMPOSE frame=131 image=0 windows=1 at_ms=18072
ZWL LAT submit frame=131 at_us=18072370
ZWL LAT shown frame=131 at_us=18074492
ZWL COMMIT client=3 surface=6 buffer=17 queued=0
ZWL ACQUIRE_FENCE client=3 surface=6 generation=1
ZWL LAT adopt surface=6 at_us=18074793
ZWL RELEASE client=3 buffer=19 dead=0
ZWL LAT draw frame=132 at_us=18074800
ZWL LAT acquired frame=132 at_us=18074805
ZWL LAT recorded frame=132 at_us=18074839
ZWL COMPOSE frame=132 image=0 windows=1 at_ms=18088
ZWL LAT submit frame=132 at_us=18088146
ZWL LAT shown frame=132 at_us=18090261
ZWL COMMIT client=3 surface=6 buffer=15 queued=0
ZWL ACQUIRE_FENCE client=3 surface=6 generation=1
ZWL LAT adopt surface=6 at_us=18092868
ZWL RELEASE client=3 buffer=17 dead=0
ZWL LAT draw frame=133 at_us=18092874
ZWL LAT acquired frame=133 at_us=18092879
ZWL LAT recorded frame=133 at_us=18092906
ZWL COMPOSE frame=133 image=0 windows=1 at_ms=18106
ZWL LAT submit frame=133 at_us=18106708
ZWL LAT shown frame=133 at_us=18108813
ZWL COMMIT client=3 surface=6 buffer=17 queued=0
ZWL ACQUIRE_FENCE client=3 surface=6 generation=1
ZWL LAT adopt surface=6 at_us=18110194
ZWL RELEASE client=3 buffer=15 dead=0
ZWL LAT draw frame=134 at_us=18110199
ZWL LAT acquired frame=134 at_us=18110204
ZWL LAT recorded frame=134 at_us=18110231
ZWL COMPOSE frame=134 image=0 windows=1 at_ms=18122
ZWL LAT submit frame=134 at_us=18122840
ZWL LAT shown frame=134 at_us=18124957
ZWL COMMIT client=3 surface=6 buffer=15 queued=0
ZWL ACQUIRE_FENCE client=3 surface=6 generation=1
ZWL LAT adopt surface=6 at_us=18128547
ZWL RELEASE client=3 buffer=17 dead=0
ZWL LAT draw frame=135 at_us=18128559
ZWL LAT acquired frame=135 at_us=18128570
ZWL LAT recorded frame=135 at_us=18128612
ZWL COMPOSE frame=135 image=0 windows=1 at_ms=18145
ZWL LAT submit frame=135 at_us=18145664
ZWL LAT shown frame=135 at_us=18147888
ZWL COMMIT client=3 surface=6 buffer=19 queued=0
ZWL ACQUIRE_FENCE client=3 surface=6 generation=1
ZWL LAT adopt surface=6 at_us=18148113
ZWL RELEASE client=3 buffer=15 dead=0
ZWL LAT draw frame=136 at_us=18148129
ZWL LAT acquired frame=136 at_us=18148139
ZWL LAT recorded frame=136 at_us=18148197
ZWL COMPOSE frame=136 image=0 windows=1 at_ms=18161
ZWL LAT submit frame=136 at_us=18161304
ZWL LAT shown frame=136 at_us=18163422
ZWL COMMIT client=3 surface=6 buffer=15 queued=0
ZWL ACQUIRE_FENCE client=3 surface=6 generation=1
ZWL LAT adopt surface=6 at_us=18165870
ZWL RELEASE client=3 buffer=19 dead=0
ZWL LAT draw frame=137 at_us=18165875
ZWL LAT acquired frame=137 at_us=18165880
ZWL LAT recorded frame=137 at_us=18165908
ZWL COMPOSE frame=137 image=0 windows=1 at_ms=18178
ZWL LAT submit frame=137 at_us=18178754
ZWL LAT shown frame=137 at_us=18180892
ZWL COMMIT client=3 surface=6 buffer=17 queued=0
ZWL ACQUIRE_FENCE client=3 surface=6 generation=1
ZWL LAT adopt surface=6 at_us=18183773
ZWL RELEASE client=3 buffer=15 dead=0
ZWL LAT draw frame=138 at_us=18183779
ZWL LAT acquired frame=138 at_us=18183784
ZWL LAT recorded frame=138 at_us=18183811
ZWL COMPOSE frame=138 image=0 windows=1 at_ms=18196
ZWL LAT submit frame=138 at_us=18196432
ZWL LAT shown frame=138 at_us=18198547
ZWL COMMIT client=3 surface=6 buffer=15 queued=0
ZWL ACQUIRE_FENCE client=3 surface=6 generation=1
ZWL LAT adopt surface=6 at_us=18201597
ZWL RELEASE client=3 buffer=17 dead=0
ZWL LAT draw frame=139 at_us=18201602
ZWL LAT acquired frame=139 at_us=18201608
ZWL LAT recorded frame=139 at_us=18201634
ZWL COMPOSE frame=139 image=0 windows=1 at_ms=18213
ZWL LAT submit frame=139 at_us=18213294
ZWL LAT shown frame=139 at_us=18215422
ZWL COMMIT client=3 surface=6 buffer=17 queued=0
ZWL ACQUIRE_FENCE client=3 surface=6 generation=1
ZWL LAT adopt surface=6 at_us=18220372
ZWL RELEASE client=3 buffer=15 dead=0
ZWL LAT draw frame=140 at_us=18220391
ZWL LAT acquired frame=140 at_us=18220406
ZWL LAT recorded frame=140 at_us=18220479
ZWL COMPOSE frame=140 image=0 windows=1 at_ms=18239
ZWL LAT submit frame=140 at_us=18239717
ZWL LAT shown frame=140 at_us=18241845
ZWL COMMIT client=3 surface=6 buffer=19 queued=0
ZWL ACQUIRE_FENCE client=3 surface=6 generation=1
ZWL LAT adopt surface=6 at_us=18242087
ZWL RELEASE client=3 buffer=17 dead=0
ZWL LAT draw frame=141 at_us=18242097
ZWL LAT acquired frame=141 at_us=18242104
ZWL LAT recorded frame=141 at_us=18242144
ZWL COMPOSE frame=141 image=0 windows=1 at_ms=18255
ZWL LAT submit frame=141 at_us=18255165
ZWL LAT shown frame=141 at_us=18257284
ZWL COMMIT client=3 surface=6 buffer=15 queued=0
ZWL ACQUIRE_FENCE client=3 surface=6 generation=1
ZWL LAT adopt surface=6 at_us=18260725
ZWL RELEASE client=3 buffer=19 dead=0
ZWL LAT draw frame=142 at_us=18260742
ZWL LAT acquired frame=142 at_us=18260755
ZWL LAT recorded frame=142 at_us=18260814
ZWL COMPOSE frame=142 image=0 windows=1 at_ms=18277
ZWL LAT submit frame=142 at_us=18277895
ZWL LAT shown frame=142 at_us=18280038
ZWL COMMIT client=3 surface=6 buffer=17 queued=0
ZWL ACQUIRE_FENCE client=3 surface=6 generation=1
ZWL LAT adopt surface=6 at_us=18280146
ZWL RELEASE client=3 buffer=15 dead=0
ZWL LAT draw frame=143 at_us=18280152
ZWL LAT acquired frame=143 at_us=18280156
ZWL LAT recorded frame=143 at_us=18280184
ZWL COMPOSE frame=143 image=0 windows=1 at_ms=18298
ZWL LAT submit frame=143 at_us=18298710
ZWL LAT shown frame=143 at_us=18300796
ZWL COMMIT client=3 surface=6 buffer=19 queued=0
ZWL ACQUIRE_FENCE client=3 surface=6 generation=1
ZWL LAT adopt surface=6 at_us=18300873
ZWL RELEASE client=3 buffer=17 dead=0
ZWL LAT draw frame=144 at_us=18300878
ZWL LAT acquired frame=144 at_us=18300882
ZWL LAT recorded frame=144 at_us=18300911
ZWL COMPOSE frame=144 image=0 windows=1 at_ms=18318
ZWL LAT submit frame=144 at_us=18318542
ZWL LAT shown frame=144 at_us=18320623
ZWL COMMIT client=3 surface=6 buffer=15 queued=0
ZWL ACQUIRE_FENCE client=3 surface=6 generation=1
ZWL LAT adopt surface=6 at_us=18320690
ZWL RELEASE client=3 buffer=19 dead=0
ZWL LAT draw frame=145 at_us=18320695
ZWL LAT acquired frame=145 at_us=18320698
ZWL LAT recorded frame=145 at_us=18320725
ZWL COMPOSE frame=145 image=0 windows=1 at_ms=18334
ZWL LAT submit frame=145 at_us=18334188
ZWL LAT shown frame=145 at_us=18336266
ZWL COMMIT client=3 surface=6 buffer=17 queued=0
ZWL ACQUIRE_FENCE client=3 surface=6 generation=1
ZWL LAT adopt surface=6 at_us=18338310
ZWL RELEASE client=3 buffer=15 dead=0
ZWL LAT draw frame=146 at_us=18338316
ZWL LAT acquired frame=146 at_us=18338320
ZWL LAT recorded frame=146 at_us=18338347
ZWL COMPOSE frame=146 image=0 windows=1 at_ms=18351
ZWL LAT submit frame=146 at_us=18351704
ZWL LAT shown frame=146 at_us=18353783
ZWL COMMIT client=3 surface=6 buffer=15 queued=0
ZWL ACQUIRE_FENCE client=3 surface=6 generation=1
ZWL LAT adopt surface=6 at_us=18355933
ZWL RELEASE client=3 buffer=17 dead=0
ZWL LAT draw frame=147 at_us=18355939
ZWL LAT acquired frame=147 at_us=18355945
ZWL LAT recorded frame=147 at_us=18355973
ZWL COMPOSE frame=147 image=0 windows=1 at_ms=18369
ZWL LAT submit frame=147 at_us=18369514
ZWL LAT shown frame=147 at_us=18371610
ZWL COMMIT client=3 surface=6 buffer=17 queued=0
ZWL ACQUIRE_FENCE client=3 surface=6 generation=1
ZWL LAT adopt surface=6 at_us=18373470
ZWL RELEASE client=3 buffer=15 dead=0
ZWL LAT draw frame=148 at_us=18373478
ZWL LAT acquired frame=148 at_us=18373484
ZWL LAT recorded frame=148 at_us=18373517
ZWL COMPOSE frame=148 image=0 windows=1 at_ms=18390
ZWL LAT submit frame=148 at_us=18390124
ZWL LAT shown frame=148 at_us=18392254
ZWL COMMIT client=3 surface=6 buffer=19 queued=0
ZWL ACQUIRE_FENCE client=3 surface=6 generation=1
ZWL LAT adopt surface=6 at_us=18392452
ZWL RELEASE client=3 buffer=17 dead=0
ZWL LAT draw frame=149 at_us=18392467
ZWL LAT acquired frame=149 at_us=18392493
ZWL LAT recorded frame=149 at_us=18392550
ZWL COMPOSE frame=149 image=0 windows=1 at_ms=18404
ZWL LAT submit frame=149 at_us=18404632
ZWL LAT shown frame=149 at_us=18406743
ZWL COMMIT client=3 surface=6 buffer=15 queued=0
ZWL ACQUIRE_FENCE client=3 surface=6 generation=1
ZWL LAT adopt surface=6 at_us=18410877
ZWL RELEASE client=3 buffer=19 dead=0
ZWL LAT draw frame=150 at_us=18410893
ZWL LAT acquired frame=150 at_us=18410904
ZWL LAT recorded frame=150 at_us=18410962
ZWL COMPOSE frame=150 image=0 windows=1 at_ms=18430
ZWL LAT submit frame=150 at_us=18430851
ZWL LAT shown frame=150 at_us=18432979
ZWL COMMIT client=3 surface=6 buffer=17 queued=0
ZWL ACQUIRE_FENCE client=3 surface=6 generation=1
ZWL LAT adopt surface=6 at_us=18433173
ZWL RELEASE client=3 buffer=15 dead=0
ZWL LAT draw frame=151 at_us=18433180
ZWL LAT acquired frame=151 at_us=18433186
ZWL LAT recorded frame=151 at_us=18433220
ZWL COMPOSE frame=151 image=0 windows=1 at_ms=18451
ZWL LAT submit frame=151 at_us=18451358
ZWL LAT shown frame=151 at_us=18453490
ZWL COMMIT client=3 surface=6 buffer=19 queued=0
ZWL ACQUIRE_FENCE client=3 surface=6 generation=1
ZWL LAT adopt surface=6 at_us=18453621
ZWL RELEASE client=3 buffer=17 dead=0
ZWL LAT draw frame=152 at_us=18453630
ZWL LAT acquired frame=152 at_us=18453635
ZWL LAT recorded frame=152 at_us=18453675
ZWL COMPOSE frame=152 image=0 windows=1 at_ms=18465
ZWL LAT submit frame=152 at_us=18465372
ZWL LAT shown frame=152 at_us=18467493
ZWL COMMIT client=3 surface=6 buffer=15 queued=0
ZWL ACQUIRE_FENCE client=3 surface=6 generation=1
ZWL LAT adopt surface=6 at_us=18472320
ZWL RELEASE client=3 buffer=19 dead=0
ZWL LAT draw frame=153 at_us=18472338
ZWL LAT acquired frame=153 at_us=18472351
ZWL LAT recorded frame=153 at_us=18472414
ZWL COMPOSE frame=153 image=0 windows=1 at_ms=18496
ZWL LAT submit frame=153 at_us=18496566
ZWL LAT shown frame=153 at_us=18498699
ZWL COMMIT client=3 surface=6 buffer=17 queued=0
ZWL ACQUIRE_FENCE client=3 surface=6 generation=1
ZWL LAT adopt surface=6 at_us=18499000
ZWL RELEASE client=3 buffer=15 dead=0
ZWL LAT draw frame=154 at_us=18499017
ZWL LAT acquired frame=154 at_us=18499028
ZWL LAT recorded frame=154 at_us=18499088
ZWL COMPOSE frame=154 image=0 windows=1 at_ms=18518
ZWL LAT submit frame=154 at_us=18518757
ZWL LAT shown frame=154 at_us=18520878
ZWL COMMIT client=3 surface=6 buffer=19 queued=0
ZWL ACQUIRE_FENCE client=3 surface=6 generation=1
ZWL LAT adopt surface=6 at_us=18521111
ZWL RELEASE client=3 buffer=17 dead=0
ZWL LAT draw frame=155 at_us=18521123
ZWL LAT acquired frame=155 at_us=18521132
ZWL LAT recorded frame=155 at_us=18521179
ZWL COMPOSE frame=155 image=0 windows=1 at_ms=18542
ZWL LAT submit frame=155 at_us=18542250
ZWL LAT shown frame=155 at_us=18544369
ZWL COMMIT client=3 surface=6 buffer=15 queued=0
ZWL ACQUIRE_FENCE client=3 surface=6 generation=1
ZWL LAT adopt surface=6 at_us=18544556
ZWL RELEASE client=3 buffer=19 dead=0
ZWL LAT draw frame=156 at_us=18544571
ZWL LAT acquired frame=156 at_us=18544580
ZWL LAT recorded frame=156 at_us=18544634
ZWL COMPOSE frame=156 image=0 windows=1 at_ms=18563
ZWL LAT submit frame=156 at_us=18563975
ZWL LAT shown frame=156 at_us=18566129
ZWL COMMIT client=3 surface=6 buffer=17 queued=0
ZWL ACQUIRE_FENCE client=3 surface=6 generation=1
ZWL LAT adopt surface=6 at_us=18566337
ZWL RELEASE client=3 buffer=15 dead=0
ZWL LAT draw frame=157 at_us=18566353
ZWL LAT acquired frame=157 at_us=18566364
ZWL LAT recorded frame=157 at_us=18566423
ZWL COMPOSE frame=157 image=0 windows=1 at_ms=18579
ZWL LAT submit frame=157 at_us=18579489
ZWL LAT shown frame=157 at_us=18581620
ZWL COMMIT client=3 surface=6 buffer=15 queued=0
ZWL ACQUIRE_FENCE client=3 surface=6 generation=1
ZWL LAT adopt surface=6 at_us=18584459
ZWL RELEASE client=3 buffer=17 dead=0
ZWL LAT draw frame=158 at_us=18584472
ZWL LAT acquired frame=158 at_us=18584481
ZWL LAT recorded frame=158 at_us=18584527
ZWL COMPOSE frame=158 image=0 windows=1 at_ms=18605
ZWL LAT submit frame=158 at_us=18605296
ZWL LAT shown frame=158 at_us=18607426
ZWL COMMIT client=3 surface=6 buffer=19 queued=0
ZWL ACQUIRE_FENCE client=3 surface=6 generation=1
ZWL LAT adopt surface=6 at_us=18607625
ZWL RELEASE client=3 buffer=15 dead=0
ZWL LAT draw frame=159 at_us=18607631
ZWL LAT acquired frame=159 at_us=18607636
ZWL LAT recorded frame=159 at_us=18607668
ZWL COMPOSE frame=159 image=0 windows=1 at_ms=18623
ZWL LAT submit frame=159 at_us=18623989
ZWL LAT shown frame=159 at_us=18626122
ZWL COMMIT client=3 surface=6 buffer=17 queued=0
ZWL ACQUIRE_FENCE client=3 surface=6 generation=1
ZWL LAT adopt surface=6 at_us=18626318
ZWL RELEASE client=3 buffer=19 dead=0
ZWL LAT draw frame=160 at_us=18626333
ZWL LAT acquired frame=160 at_us=18626343
ZWL LAT recorded frame=160 at_us=18626401
ZWL COMPOSE frame=160 image=0 windows=1 at_ms=18638
ZWL LAT submit frame=160 at_us=18638990
ZWL LAT shown frame=160 at_us=18641112
ZWL COMMIT client=3 surface=6 buffer=15 queued=0
ZWL ACQUIRE_FENCE client=3 surface=6 generation=1
ZWL LAT adopt surface=6 at_us=18644736
ZWL RELEASE client=3 buffer=17 dead=0
ZWL LAT draw frame=161 at_us=18644751
ZWL LAT acquired frame=161 at_us=18644762
ZWL LAT recorded frame=161 at_us=18644814
ZWL COMPOSE frame=161 image=0 windows=1 at_ms=18665
ZWL LAT submit frame=161 at_us=18665362
ZWL LAT shown frame=161 at_us=18667492
ZWL COMMIT client=3 surface=6 buffer=19 queued=0
ZWL ACQUIRE_FENCE client=3 surface=6 generation=1
ZWL LAT adopt surface=6 at_us=18667677
ZWL RELEASE client=3 buffer=15 dead=0
ZWL LAT draw frame=162 at_us=18667683
ZWL LAT acquired frame=162 at_us=18667687
ZWL LAT recorded frame=162 at_us=18667717
ZWL COMPOSE frame=162 image=0 windows=1 at_ms=18681
ZWL LAT submit frame=162 at_us=18681226
ZWL LAT shown frame=162 at_us=18683339
ZWL COMMIT client=3 surface=6 buffer=15 queued=0
ZWL ACQUIRE_FENCE client=3 surface=6 generation=1
ZWL LAT adopt surface=6 at_us=18685518
ZWL RELEASE client=3 buffer=19 dead=0
ZWL LAT draw frame=163 at_us=18685523
ZWL LAT acquired frame=163 at_us=18685528
ZWL LAT recorded frame=163 at_us=18685554
ZWL COMPOSE frame=163 image=0 windows=1 at_ms=18699
ZWL LAT submit frame=163 at_us=18699250
ZWL LAT shown frame=163 at_us=18701326
ZWL COMMIT client=3 surface=6 buffer=17 queued=0
ZWL ACQUIRE_FENCE client=3 surface=6 generation=1
ZWL LAT adopt surface=6 at_us=18703318
ZWL RELEASE client=3 buffer=15 dead=0
ZWL LAT draw frame=164 at_us=18703323
ZWL LAT acquired frame=164 at_us=18703327
ZWL LAT recorded frame=164 at_us=18703351
ZWL COMPOSE frame=164 image=0 windows=1 at_ms=18715
ZWL LAT submit frame=164 at_us=18715251
ZWL LAT shown frame=164 at_us=18717361
ZWL COMMIT client=3 surface=6 buffer=15 queued=0
ZWL ACQUIRE_FENCE client=3 surface=6 generation=1
ZWL LAT adopt surface=6 at_us=18721196
ZWL RELEASE client=3 buffer=17 dead=0
ZWL LAT draw frame=165 at_us=18721202
ZWL LAT acquired frame=165 at_us=18721207
ZWL LAT recorded frame=165 at_us=18721234
ZWL COMPOSE frame=165 image=0 windows=1 at_ms=18734
ZWL LAT submit frame=165 at_us=18734312
ZWL LAT shown frame=165 at_us=18736422
ZWL COMMIT client=3 surface=6 buffer=17 queued=0
ZWL ACQUIRE_FENCE client=3 surface=6 generation=1
ZWL LAT adopt surface=6 at_us=18739216
ZWL RELEASE client=3 buffer=15 dead=0
ZWL LAT draw frame=166 at_us=18739222
ZWL LAT acquired frame=166 at_us=18739225
ZWL LAT recorded frame=166 at_us=18739250
ZWL COMPOSE frame=166 image=0 windows=1 at_ms=18751
ZWL LAT submit frame=166 at_us=18751302
ZWL LAT shown frame=166 at_us=18753414
ZWL COMMIT client=3 surface=6 buffer=15 queued=0
ZWL ACQUIRE_FENCE client=3 surface=6 generation=1
ZWL LAT adopt surface=6 at_us=18757442
ZWL RELEASE client=3 buffer=17 dead=0
ZWL LAT draw frame=167 at_us=18757455
ZWL LAT acquired frame=167 at_us=18757466
ZWL LAT recorded frame=167 at_us=18757511
ZWL COMPOSE frame=167 image=0 windows=1 at_ms=18774
ZWL LAT submit frame=167 at_us=18774948
ZWL LAT shown frame=167 at_us=18777070
ZWL COMMIT client=3 surface=6 buffer=19 queued=0
ZWL ACQUIRE_FENCE client=3 surface=6 generation=1
ZWL LAT adopt surface=6 at_us=18777193
ZWL RELEASE client=3 buffer=15 dead=0
ZWL LAT draw frame=168 at_us=18777199
ZWL LAT acquired frame=168 at_us=18777202
ZWL LAT recorded frame=168 at_us=18777238
ZWL COMPOSE frame=168 image=0 windows=1 at_ms=18790
ZWL LAT submit frame=168 at_us=18790775
ZWL LAT shown frame=168 at_us=18792904
ZWL COMMIT client=3 surface=6 buffer=15 queued=0
ZWL ACQUIRE_FENCE client=3 surface=6 generation=1
ZWL LAT adopt surface=6 at_us=18795395
ZWL RELEASE client=3 buffer=19 dead=0
ZWL LAT draw frame=169 at_us=18795408
ZWL LAT acquired frame=169 at_us=18795418
ZWL LAT recorded frame=169 at_us=18795465
ZWL COMPOSE frame=169 image=0 windows=1 at_ms=18816
ZWL LAT submit frame=169 at_us=18816110
ZWL LAT shown frame=169 at_us=18818231
ZWL COMMIT client=3 surface=6 buffer=17 queued=0
ZWL ACQUIRE_FENCE client=3 surface=6 generation=1
ZWL LAT adopt surface=6 at_us=18818528
ZWL RELEASE client=3 buffer=15 dead=0
ZWL LAT draw frame=170 at_us=18818542
ZWL LAT acquired frame=170 at_us=18818551
ZWL LAT recorded frame=170 at_us=18818601
ZWL COMPOSE frame=170 image=0 windows=1 at_ms=18832
ZWL LAT submit frame=170 at_us=18832112
ZWL LAT shown frame=170 at_us=18834234
ZWL COMMIT client=3 surface=6 buffer=15 queued=0
ZWL ACQUIRE_FENCE client=3 surface=6 generation=1
ZWL LAT adopt surface=6 at_us=18836804
ZWL RELEASE client=3 buffer=17 dead=0
ZWL LAT draw frame=171 at_us=18836818
ZWL LAT acquired frame=171 at_us=18836830
ZWL LAT recorded frame=171 at_us=18836895
ZWL COMPOSE frame=171 image=0 windows=1 at_ms=18857
ZWL LAT submit frame=171 at_us=18857017
ZWL LAT shown frame=171 at_us=18906410
ZWL COMMIT client=3 surface=6 buffer=19 queued=0
ZWL ACQUIRE_FENCE client=3 surface=6 generation=1
ZWL LAT adopt surface=6 at_us=18906761
ZWL RELEASE client=3 buffer=15 dead=0
ZWL LAT draw frame=172 at_us=18906778
ZWL LAT acquired frame=172 at_us=18906788
ZWL LAT recorded frame=172 at_us=18906849
ZWL COMPOSE frame=172 image=0 windows=1 at_ms=18933
ZWL LAT submit frame=172 at_us=18933429
ZWL LAT shown frame=172 at_us=18935653
ZWL COMMIT client=3 surface=6 buffer=17 queued=0
ZWL ACQUIRE_FENCE client=3 surface=6 generation=1
ZWL LAT adopt surface=6 at_us=18936088
ZWL RELEASE client=3 buffer=19 dead=0
ZWL LAT draw frame=173 at_us=18936095
ZWL LAT acquired frame=173 at_us=18936101
ZWL LAT recorded frame=173 at_us=18936137
ZWL COMPOSE frame=173 image=0 windows=1 at_ms=18951
ZWL LAT submit frame=173 at_us=18951683
ZWL LAT shown frame=173 at_us=18953769
ZWL COMMIT client=3 surface=6 buffer=15 queued=0
ZWL ACQUIRE_FENCE client=3 surface=6 generation=1
ZWL LAT adopt surface=6 at_us=18954391
ZWL RELEASE client=3 buffer=17 dead=0
ZWL LAT draw frame=174 at_us=18954397
ZWL LAT acquired frame=174 at_us=18954401
ZWL LAT recorded frame=174 at_us=18954438
ZWL COMPOSE frame=174 image=0 windows=1 at_ms=18966
ZWL LAT submit frame=174 at_us=18966950
ZWL LAT shown frame=174 at_us=18969074
ZWL COMMIT client=3 surface=6 buffer=17 queued=0
ZWL ACQUIRE_FENCE client=3 surface=6 generation=1
ZWL LAT adopt surface=6 at_us=18972838
ZWL RELEASE client=3 buffer=15 dead=0
ZWL LAT draw frame=175 at_us=18972852
ZWL LAT acquired frame=175 at_us=18972858
ZWL LAT recorded frame=175 at_us=18972885
ZWL COMPOSE frame=175 image=0 windows=1 at_ms=18987
ZWL LAT submit frame=175 at_us=18987818
ZWL LAT shown frame=175 at_us=18990035
ZWL COMMIT client=3 surface=6 buffer=15 queued=0
ZWL ACQUIRE_FENCE client=3 surface=6 generation=1
ZWL LAT adopt surface=6 at_us=18990957
ZWL RELEASE client=3 buffer=17 dead=0
ZWL LAT draw frame=176 at_us=18990963
ZWL LAT acquired frame=176 at_us=18990968
ZWL LAT recorded frame=176 at_us=18990990
ZWL COMPOSE frame=176 image=0 windows=1 at_ms=19006
ZWL LAT submit frame=176 at_us=19006651
ZWL LAT shown frame=176 at_us=19008764
ZWL COMMIT client=3 surface=6 buffer=17 queued=0
ZWL ACQUIRE_FENCE client=3 surface=6 generation=1
ZWL LAT adopt surface=6 at_us=19008953
ZWL RELEASE client=3 buffer=15 dead=0
ZWL LAT draw frame=177 at_us=19008959
ZWL LAT acquired frame=177 at_us=19008964
ZWL LAT recorded frame=177 at_us=19009005
ZWL COMPOSE frame=177 image=0 windows=1 at_ms=19021
ZWL LAT submit frame=177 at_us=19021797
ZWL LAT shown frame=177 at_us=19023917
ZWL COMMIT client=3 surface=6 buffer=15 queued=0
ZWL ACQUIRE_FENCE client=3 surface=6 generation=1
ZWL LAT adopt surface=6 at_us=19027141
ZWL RELEASE client=3 buffer=17 dead=0
ZWL LAT draw frame=178 at_us=19027155
ZWL LAT acquired frame=178 at_us=19027167
ZWL LAT recorded frame=178 at_us=19027219
ZWL COMPOSE frame=178 image=0 windows=1 at_ms=19046
ZWL LAT submit frame=178 at_us=19046574
ZWL LAT shown frame=178 at_us=19048699
ZWL COMMIT client=3 surface=6 buffer=19 queued=0
ZWL ACQUIRE_FENCE client=3 surface=6 generation=1
ZWL LAT adopt surface=6 at_us=19048927
ZWL RELEASE client=3 buffer=15 dead=0
ZWL LAT draw frame=179 at_us=19048942
ZWL LAT acquired frame=179 at_us=19048953
ZWL LAT recorded frame=179 at_us=19049007
ZWL COMPOSE frame=179 image=0 windows=1 at_ms=19064
ZWL LAT submit frame=179 at_us=19064342
ZWL LAT shown frame=179 at_us=19066467
ZWL COMMIT client=3 surface=6 buffer=15 queued=0
ZWL ACQUIRE_FENCE client=3 surface=6 generation=1
ZWL LAT adopt surface=6 at_us=19067258
ZWL RELEASE client=3 buffer=19 dead=0
ZWL LAT draw frame=180 at_us=19067263
ZWL LAT acquired frame=180 at_us=19067266
ZWL LAT recorded frame=180 at_us=19067291
ZWL COMPOSE frame=180 image=0 windows=1 at_ms=19080
ZWL LAT submit frame=180 at_us=19080186
ZWL LAT shown frame=180 at_us=19082315
ZWL COMMIT client=3 surface=6 buffer=17 queued=0
ZWL ACQUIRE_FENCE client=3 surface=6 generation=1
ZWL LAT adopt surface=6 at_us=19085717
ZWL RELEASE client=3 buffer=15 dead=0
ZWL LAT draw frame=181 at_us=19085726
ZWL LAT acquired frame=181 at_us=19085734
ZWL LAT recorded frame=181 at_us=19085771
ZWL COMPOSE frame=181 image=0 windows=1 at_ms=19098
ZWL LAT submit frame=181 at_us=19098697
ZWL LAT shown frame=181 at_us=19100815
ZWL COMMIT client=3 surface=6 buffer=15 queued=0
ZWL ACQUIRE_FENCE client=3 surface=6 generation=1
ZWL LAT adopt surface=6 at_us=19103224
ZWL RELEASE client=3 buffer=17 dead=0
ZWL LAT draw frame=182 at_us=19103230
ZWL LAT acquired frame=182 at_us=19103235
ZWL LAT recorded frame=182 at_us=19103263
ZWL COMPOSE frame=182 image=0 windows=1 at_ms=19115
ZWL LAT submit frame=182 at_us=19115886
ZWL LAT shown frame=182 at_us=19117999
ZWL COMMIT client=3 surface=6 buffer=17 queued=0
ZWL ACQUIRE_FENCE client=3 surface=6 generation=1
ZWL LAT adopt surface=6 at_us=19121062
ZWL RELEASE client=3 buffer=15 dead=0
ZWL LAT draw frame=183 at_us=19121067
ZWL LAT acquired frame=183 at_us=19121073
ZWL LAT recorded frame=183 at_us=19121099
ZWL COMPOSE frame=183 image=0 windows=1 at_ms=19136
ZWL LAT submit frame=183 at_us=19136581
ZWL LAT shown frame=183 at_us=19138687
ZWL COMMIT client=3 surface=6 buffer=15 queued=0
ZWL ACQUIRE_FENCE client=3 surface=6 generation=1
ZWL LAT adopt surface=6 at_us=19138941
ZWL RELEASE client=3 buffer=17 dead=0
ZWL LAT draw frame=184 at_us=19138950
ZWL LAT acquired frame=184 at_us=19138958
ZWL LAT recorded frame=184 at_us=19138996
ZWL COMPOSE frame=184 image=0 windows=1 at_ms=19159
ZWL LAT submit frame=184 at_us=19159452
ZWL LAT shown frame=184 at_us=19161542
ZWL COMMIT client=3 surface=6 buffer=19 queued=0
ZWL ACQUIRE_FENCE client=3 surface=6 generation=1
ZWL LAT adopt surface=6 at_us=19161693
ZWL RELEASE client=3 buffer=15 dead=0
ZWL LAT draw frame=185 at_us=19161699
ZWL LAT acquired frame=185 at_us=19161703
ZWL LAT recorded frame=185 at_us=19161733
ZWL COMPOSE frame=185 image=0 windows=1 at_ms=19179
ZWL LAT submit frame=185 at_us=19179078
ZWL LAT shown frame=185 at_us=19181204
ZWL COMMIT client=3 surface=6 buffer=17 queued=0
ZWL ACQUIRE_FENCE client=3 surface=6 generation=1
ZWL LAT adopt surface=6 at_us=19181357
ZWL RELEASE client=3 buffer=19 dead=0
ZWL LAT draw frame=186 at_us=19181362
ZWL LAT acquired frame=186 at_us=19181365
ZWL LAT recorded frame=186 at_us=19181392
ZWL COMPOSE frame=186 image=0 windows=1 at_ms=19196
ZWL LAT submit frame=186 at_us=19196069
ZWL LAT shown frame=186 at_us=19198513
ZWL COMMIT client=3 surface=6 buffer=15 queued=0
ZWL ACQUIRE_FENCE client=3 surface=6 generation=1
ZWL LAT adopt surface=6 at_us=19199477
ZWL RELEASE client=3 buffer=17 dead=0
ZWL LAT draw frame=187 at_us=19199482
ZWL LAT acquired frame=187 at_us=19199488
ZWL LAT recorded frame=187 at_us=19199514
ZWL COMPOSE frame=187 image=0 windows=1 at_ms=19216
ZWL LAT submit frame=187 at_us=19216039
ZWL LAT shown frame=187 at_us=19218139
ZWL COMMIT client=3 surface=6 buffer=19 queued=0
ZWL ACQUIRE_FENCE client=3 surface=6 generation=1
ZWL LAT adopt surface=6 at_us=19218230
ZWL RELEASE client=3 buffer=15 dead=0
ZWL LAT draw frame=188 at_us=19218236
ZWL LAT acquired frame=188 at_us=19218241
ZWL LAT recorded frame=188 at_us=19218273
ZWL COMPOSE frame=188 image=0 windows=1 at_ms=19231
ZWL LAT submit frame=188 at_us=19231241
ZWL LAT shown frame=188 at_us=19233351
ZWL COMMIT client=3 surface=6 buffer=15 queued=0
ZWL ACQUIRE_FENCE client=3 surface=6 generation=1
ZWL LAT adopt surface=6 at_us=19235834
ZWL RELEASE client=3 buffer=19 dead=0
ZWL LAT draw frame=189 at_us=19235840
ZWL LAT acquired frame=189 at_us=19235845
ZWL LAT recorded frame=189 at_us=19235869
ZWL COMPOSE frame=189 image=0 windows=1 at_ms=19249
ZWL LAT submit frame=189 at_us=19249332
ZWL LAT shown frame=189 at_us=19251441
ZWL COMMIT client=3 surface=6 buffer=17 queued=0
ZWL ACQUIRE_FENCE client=3 surface=6 generation=1
ZWL LAT adopt surface=6 at_us=19253850
ZWL RELEASE client=3 buffer=15 dead=0
ZWL LAT draw frame=190 at_us=19253856
ZWL LAT acquired frame=190 at_us=19253859
ZWL LAT recorded frame=190 at_us=19253880
ZWL COMPOSE frame=190 image=0 windows=1 at_ms=19266
ZWL LAT submit frame=190 at_us=19266756
ZWL LAT shown frame=190 at_us=19268895
ZWL COMMIT client=3 surface=6 buffer=15 queued=0
ZWL ACQUIRE_FENCE client=3 surface=6 generation=1
ZWL LAT adopt surface=6 at_us=19271761
ZWL RELEASE client=3 buffer=17 dead=0
ZWL LAT draw frame=191 at_us=19271766
ZWL LAT acquired frame=191 at_us=19271772
ZWL LAT recorded frame=191 at_us=19271798
ZWL COMPOSE frame=191 image=0 windows=1 at_ms=19283
ZWL LAT submit frame=191 at_us=19283941
ZWL LAT shown frame=191 at_us=19286057
ZWL COMMIT client=3 surface=6 buffer=17 queued=0
ZWL ACQUIRE_FENCE client=3 surface=6 generation=1
ZWL LAT adopt surface=6 at_us=19290786
ZWL RELEASE client=3 buffer=15 dead=0
ZWL LAT draw frame=192 at_us=19290800
ZWL LAT acquired frame=192 at_us=19290811
ZWL LAT recorded frame=192 at_us=19290859
ZWL COMPOSE frame=192 image=0 windows=1 at_ms=19313
ZWL LAT submit frame=192 at_us=19313503
ZWL LAT shown frame=192 at_us=19315717
ZWL COMMIT client=3 surface=6 buffer=19 queued=0
ZWL ACQUIRE_FENCE client=3 surface=6 generation=1
ZWL LAT adopt surface=6 at_us=19316075
ZWL RELEASE client=3 buffer=17 dead=0
ZWL LAT draw frame=193 at_us=19316093
ZWL LAT acquired frame=193 at_us=19316104
ZWL LAT recorded frame=193 at_us=19316157
ZWL COMPOSE frame=193 image=0 windows=1 at_ms=19334
ZWL LAT submit frame=193 at_us=19334857
ZWL LAT shown frame=193 at_us=19336984
ZWL COMMIT client=3 surface=6 buffer=15 queued=0
ZWL ACQUIRE_FENCE client=3 surface=6 generation=1
ZWL LAT adopt surface=6 at_us=19337167
ZWL RELEASE client=3 buffer=19 dead=0
ZWL LAT draw frame=194 at_us=19337182
ZWL LAT acquired frame=194 at_us=19337191
ZWL LAT recorded frame=194 at_us=19337242
ZWL COMPOSE frame=194 image=0 windows=1 at_ms=19354
ZWL LAT submit frame=194 at_us=19354895
ZWL LAT shown frame=194 at_us=19357017
ZWL COMMIT client=3 surface=6 buffer=17 queued=0
ZWL ACQUIRE_FENCE client=3 surface=6 generation=1
ZWL LAT adopt surface=6 at_us=19357314
ZWL RELEASE client=3 buffer=15 dead=0
ZWL LAT draw frame=195 at_us=19357328
ZWL LAT acquired frame=195 at_us=19357339
ZWL LAT recorded frame=195 at_us=19357388
ZWL COMPOSE frame=195 image=0 windows=1 at_ms=19374
ZWL LAT submit frame=195 at_us=19374535
ZWL LAT shown frame=195 at_us=19376651
ZWL COMMIT client=3 surface=6 buffer=19 queued=0
ZWL ACQUIRE_FENCE client=3 surface=6 generation=1
ZWL LAT adopt surface=6 at_us=19376832
ZWL RELEASE client=3 buffer=17 dead=0
ZWL LAT draw frame=196 at_us=19376865
ZWL LAT acquired frame=196 at_us=19376875
ZWL LAT recorded frame=196 at_us=19376923
ZWL COMPOSE frame=196 image=0 windows=1 at_ms=19394
ZWL LAT submit frame=196 at_us=19394431
ZWL LAT shown frame=196 at_us=19396550
ZWL COMMIT client=3 surface=6 buffer=15 queued=0
ZWL ACQUIRE_FENCE client=3 surface=6 generation=1
ZWL LAT adopt surface=6 at_us=19396744
ZWL RELEASE client=3 buffer=19 dead=0
ZWL LAT draw frame=197 at_us=19396759
ZWL LAT acquired frame=197 at_us=19396768
ZWL LAT recorded frame=197 at_us=19396816
ZWL COMPOSE frame=197 image=0 windows=1 at_ms=19414
ZWL LAT submit frame=197 at_us=19414716
ZWL LAT shown frame=197 at_us=19416883
ZWL COMMIT client=3 surface=6 buffer=17 queued=0
ZWL ACQUIRE_FENCE client=3 surface=6 generation=1
ZWL LAT adopt surface=6 at_us=19417008
ZWL RELEASE client=3 buffer=15 dead=0
ZWL LAT draw frame=198 at_us=19417013
ZWL LAT acquired frame=198 at_us=19417016
ZWL LAT recorded frame=198 at_us=19417040
ZWL COMPOSE frame=198 image=0 windows=1 at_ms=19430
ZWL LAT submit frame=198 at_us=19430174
ZWL LAT shown frame=198 at_us=19432290
ZWL COMMIT client=3 surface=6 buffer=15 queued=0
ZWL ACQUIRE_FENCE client=3 surface=6 generation=1
ZWL LAT adopt surface=6 at_us=19435051
ZWL RELEASE client=3 buffer=17 dead=0
ZWL LAT draw frame=199 at_us=19435056
ZWL LAT acquired frame=199 at_us=19435060
ZWL LAT recorded frame=199 at_us=19435081
ZWL COMPOSE frame=199 image=0 windows=1 at_ms=19449
ZWL LAT submit frame=199 at_us=19449689
ZWL LAT shown frame=199 at_us=19452456
ZWL COMMIT client=3 surface=6 buffer=17 queued=0
ZWL ACQUIRE_FENCE client=3 surface=6 generation=1
ZWL LAT adopt surface=6 at_us=19453639
ZWL RELEASE client=3 buffer=15 dead=0
ZWL LAT draw frame=200 at_us=19453651
ZWL LAT acquired frame=200 at_us=19453661
ZWL LAT recorded frame=200 at_us=19453701
ZWL COMPOSE frame=200 image=0 windows=1 at_ms=19472
ZWL LAT submit frame=200 at_us=19472201
ZWL LAT shown frame=200 at_us=19474320
ZWL COMMIT client=3 surface=6 buffer=19 queued=0
ZWL ACQUIRE_FENCE client=3 surface=6 generation=1
ZWL LAT adopt surface=6 at_us=19474605
ZWL RELEASE client=3 buffer=17 dead=0
ZWL LAT draw frame=201 at_us=19474620
ZWL LAT acquired frame=201 at_us=19474629
ZWL LAT recorded frame=201 at_us=19474686
ZWL COMPOSE frame=201 image=0 windows=1 at_ms=19488
ZWL LAT submit frame=201 at_us=19488050
ZWL LAT shown frame=201 at_us=19490163
ZWL COMMIT client=3 surface=6 buffer=15 queued=0
ZWL ACQUIRE_FENCE client=3 surface=6 generation=1
ZWL LAT adopt surface=6 at_us=19494001
ZWL RELEASE client=3 buffer=19 dead=0
ZWL LAT draw frame=202 at_us=19494013
ZWL LAT acquired frame=202 at_us=19494023
ZWL LAT recorded frame=202 at_us=19494068
ZWL COMPOSE frame=202 image=0 windows=1 at_ms=19513
ZWL LAT submit frame=202 at_us=19513814
ZWL LAT shown frame=202 at_us=19515930
ZWL COMMIT client=3 surface=6 buffer=17 queued=0
ZWL ACQUIRE_FENCE client=3 surface=6 generation=1
ZWL LAT adopt surface=6 at_us=19516070
ZWL RELEASE client=3 buffer=15 dead=0
ZWL LAT draw frame=203 at_us=19516083
ZWL LAT acquired frame=203 at_us=19516093
ZWL LAT recorded frame=203 at_us=19516142
ZWL COMPOSE frame=203 image=0 windows=1 at_ms=19532
ZWL LAT submit frame=203 at_us=19532205
ZWL LAT shown frame=203 at_us=19534287
ZWL COMMIT client=3 surface=6 buffer=19 queued=0
ZWL ACQUIRE_FENCE client=3 surface=6 generation=1
ZWL LAT adopt surface=6 at_us=19534349
ZWL RELEASE client=3 buffer=17 dead=0
ZWL LAT draw frame=204 at_us=19534354
ZWL LAT acquired frame=204 at_us=19534358
ZWL LAT recorded frame=204 at_us=19534386
ZWL COMPOSE frame=204 image=0 windows=1 at_ms=19547
ZWL LAT submit frame=204 at_us=19547166
ZWL LAT shown frame=204 at_us=19549306
ZWL COMMIT client=3 surface=6 buffer=15 queued=0
ZWL ACQUIRE_FENCE client=3 surface=6 generation=1
ZWL LAT adopt surface=6 at_us=19552311
ZWL RELEASE client=3 buffer=19 dead=0
ZWL LAT draw frame=205 at_us=19552329
ZWL LAT acquired frame=205 at_us=19552344
ZWL LAT recorded frame=205 at_us=19552419
ZWL COMPOSE frame=205 image=0 windows=1 at_ms=19564
ZWL LAT submit frame=205 at_us=19564642
ZWL LAT shown frame=205 at_us=19566760
ZWL COMMIT client=3 surface=6 buffer=17 queued=0
ZWL ACQUIRE_FENCE client=3 surface=6 generation=1
ZWL LAT adopt surface=6 at_us=19571117
ZWL RELEASE client=3 buffer=15 dead=0
ZWL LAT draw frame=206 at_us=19571134
ZWL LAT acquired frame=206 at_us=19571147
ZWL LAT recorded frame=206 at_us=19571210
ZWL COMPOSE frame=206 image=0 windows=1 at_ms=19594
ZWL LAT submit frame=206 at_us=19594443
ZWL LAT shown frame=206 at_us=19596534
ZWL COMMIT client=3 surface=6 buffer=19 queued=0
ZWL ACQUIRE_FENCE client=3 surface=6 generation=1
ZWL LAT adopt surface=6 at_us=19596674
ZWL RELEASE client=3 buffer=17 dead=0
ZWL LAT draw frame=207 at_us=19596678
ZWL LAT acquired frame=207 at_us=19596683
ZWL LAT recorded frame=207 at_us=19596709
ZWL COMPOSE frame=207 image=0 windows=1 at_ms=19612
ZWL LAT submit frame=207 at_us=19612113
ZWL LAT shown frame=207 at_us=19614240
ZWL COMMIT client=3 surface=6 buffer=15 queued=0
ZWL ACQUIRE_FENCE client=3 surface=6 generation=1
ZWL LAT adopt surface=6 at_us=19614550
ZWL RELEASE client=3 buffer=19 dead=0
ZWL LAT draw frame=208 at_us=19614554
ZWL LAT acquired frame=208 at_us=19614558
ZWL LAT recorded frame=208 at_us=19614583
ZWL COMPOSE frame=208 image=0 windows=1 at_ms=19626
ZWL LAT submit frame=208 at_us=19626490
ZWL LAT shown frame=208 at_us=19628599
ZWL COMMIT client=3 surface=6 buffer=17 queued=0
ZWL ACQUIRE_FENCE client=3 surface=6 generation=1
ZWL LAT adopt surface=6 at_us=19633320
ZWL RELEASE client=3 buffer=15 dead=0
ZWL LAT draw frame=209 at_us=19633325
ZWL LAT acquired frame=209 at_us=19633330
ZWL LAT recorded frame=209 at_us=19633357
ZWL COMPOSE frame=209 image=0 windows=1 at_ms=19654
ZWL LAT submit frame=209 at_us=19654099
ZWL LAT shown frame=209 at_us=19656217
ZWL COMMIT client=3 surface=6 buffer=19 queued=0
ZWL ACQUIRE_FENCE client=3 surface=6 generation=1
ZWL LAT adopt surface=6 at_us=19656369
ZWL RELEASE client=3 buffer=17 dead=0
ZWL LAT draw frame=210 at_us=19656374
ZWL LAT acquired frame=210 at_us=19656377
ZWL LAT recorded frame=210 at_us=19656401
ZWL COMPOSE frame=210 image=0 windows=1 at_ms=19671
ZWL LAT submit frame=210 at_us=19671858
ZWL LAT shown frame=210 at_us=19673973
ZWL COMMIT client=3 surface=6 buffer=15 queued=0
ZWL ACQUIRE_FENCE client=3 surface=6 generation=1
ZWL LAT adopt surface=6 at_us=19674298
ZWL RELEASE client=3 buffer=19 dead=0
ZWL LAT draw frame=211 at_us=19674312
ZWL LAT acquired frame=211 at_us=19674322
ZWL LAT recorded frame=211 at_us=19674371
ZWL COMPOSE frame=211 image=0 windows=1 at_ms=19686
ZWL LAT submit frame=211 at_us=19686689
ZWL LAT shown frame=211 at_us=19688764
ZWL COMMIT client=3 surface=6 buffer=17 queued=0
ZWL ACQUIRE_FENCE client=3 surface=6 generation=1
ZWL LAT adopt surface=6 at_us=19693348
ZWL RELEASE client=3 buffer=15 dead=0
ZWL LAT draw frame=212 at_us=19693365
ZWL LAT acquired frame=212 at_us=19693379
ZWL LAT recorded frame=212 at_us=19693437
ZWL COMPOSE frame=212 image=0 windows=1 at_ms=19714
ZWL LAT submit frame=212 at_us=19714233
ZWL LAT shown frame=212 at_us=19716372
ZWL COMMIT client=3 surface=6 buffer=19 queued=0
ZWL ACQUIRE_FENCE client=3 surface=6 generation=1
ZWL LAT adopt surface=6 at_us=19716573
ZWL RELEASE client=3 buffer=17 dead=0
ZWL LAT draw frame=213 at_us=19716589
ZWL LAT acquired frame=213 at_us=19716599
ZWL LAT recorded frame=213 at_us=19716660
ZWL COMPOSE frame=213 image=0 windows=1 at_ms=19731
ZWL LAT submit frame=213 at_us=19731930
ZWL LAT shown frame=213 at_us=19734010
ZWL COMMIT client=3 surface=6 buffer=15 queued=0
ZWL ACQUIRE_FENCE client=3 surface=6 generation=1
ZWL LAT adopt surface=6 at_us=19734709
ZWL RELEASE client=3 buffer=19 dead=0
ZWL LAT draw frame=214 at_us=19734713
ZWL LAT acquired frame=214 at_us=19734717
ZWL LAT recorded frame=214 at_us=19734740
ZWL COMPOSE frame=214 image=0 windows=1 at_ms=19747
ZWL LAT submit frame=214 at_us=19747101
ZWL LAT shown frame=214 at_us=19749215
ZWL COMMIT client=3 surface=6 buffer=17 queued=0
ZWL ACQUIRE_FENCE client=3 surface=6 generation=1
ZWL LAT adopt surface=6 at_us=19753360
ZWL RELEASE client=3 buffer=15 dead=0
ZWL LAT draw frame=215 at_us=19753376
ZWL LAT acquired frame=215 at_us=19753389
ZWL LAT recorded frame=215 at_us=19753440
ZWL COMPOSE frame=215 image=0 windows=1 at_ms=19774
ZWL LAT submit frame=215 at_us=19774566
ZWL LAT shown frame=215 at_us=19776689
ZWL COMMIT client=3 surface=6 buffer=19 queued=0
ZWL ACQUIRE_FENCE client=3 surface=6 generation=1
ZWL LAT adopt surface=6 at_us=19776903
ZWL RELEASE client=3 buffer=17 dead=0
ZWL LAT draw frame=216 at_us=19776934
ZWL LAT acquired frame=216 at_us=19776943
ZWL LAT recorded frame=216 at_us=19776990
ZWL COMPOSE frame=216 image=0 windows=1 at_ms=19794
ZWL LAT submit frame=216 at_us=19794574
ZWL LAT shown frame=216 at_us=19796705
ZWL COMMIT client=3 surface=6 buffer=15 queued=0
ZWL ACQUIRE_FENCE client=3 surface=6 generation=1
ZWL LAT adopt surface=6 at_us=19796942
ZWL RELEASE client=3 buffer=19 dead=0
ZWL LAT draw frame=217 at_us=19796958
ZWL LAT acquired frame=217 at_us=19796968
ZWL LAT recorded frame=217 at_us=19797034
ZWL COMPOSE frame=217 image=0 windows=1 at_ms=19813
ZWL LAT submit frame=217 at_us=19813293
ZWL LAT shown frame=217 at_us=19815424
ZWL COMMIT client=3 surface=6 buffer=17 queued=0
ZWL ACQUIRE_FENCE client=3 surface=6 generation=1
ZWL LAT adopt surface=6 at_us=19815646
ZWL RELEASE client=3 buffer=15 dead=0
ZWL LAT draw frame=218 at_us=19815665
ZWL LAT acquired frame=218 at_us=19815669
ZWL LAT recorded frame=218 at_us=19815699
ZWL COMPOSE frame=218 image=0 windows=1 at_ms=19831
ZWL LAT submit frame=218 at_us=19831216
ZWL LAT shown frame=218 at_us=19833346
ZWL COMMIT client=3 surface=6 buffer=15 queued=0
ZWL ACQUIRE_FENCE client=3 surface=6 generation=1
ZWL LAT adopt surface=6 at_us=19833764
ZWL RELEASE client=3 buffer=17 dead=0
ZWL LAT draw frame=219 at_us=19833770
ZWL LAT acquired frame=219 at_us=19833776
ZWL LAT recorded frame=219 at_us=19833803
ZWL COMPOSE frame=219 image=0 windows=1 at_ms=19851
ZWL LAT submit frame=219 at_us=19851769
ZWL LAT shown frame=219 at_us=19854002
ZWL COMMIT client=3 surface=6 buffer=19 queued=0
ZWL ACQUIRE_FENCE client=3 surface=6 generation=1
ZWL LAT adopt surface=6 at_us=19854221
ZWL RELEASE client=3 buffer=15 dead=0
ZWL LAT draw frame=220 at_us=19854237
ZWL LAT acquired frame=220 at_us=19854247
ZWL LAT recorded frame=220 at_us=19854306
ZWL COMPOSE frame=220 image=0 windows=1 at_ms=19874
ZWL LAT submit frame=220 at_us=19874914
ZWL LAT shown frame=220 at_us=19876998
ZWL COMMIT client=3 surface=6 buffer=17 queued=0
ZWL ACQUIRE_FENCE client=3 surface=6 generation=1
ZWL LAT adopt surface=6 at_us=19877133
ZWL RELEASE client=3 buffer=19 dead=0
ZWL LAT draw frame=221 at_us=19877139
ZWL LAT acquired frame=221 at_us=19877143
ZWL LAT recorded frame=221 at_us=19877171
ZWL COMPOSE frame=221 image=0 windows=1 at_ms=19891
ZWL LAT submit frame=221 at_us=19891185
ZWL LAT shown frame=221 at_us=19893291
ZWL COMMIT client=3 surface=6 buffer=15 queued=0
ZWL ACQUIRE_FENCE client=3 surface=6 generation=1
ZWL LAT adopt surface=6 at_us=19895269
ZWL RELEASE client=3 buffer=17 dead=0
ZWL LAT draw frame=222 at_us=19895285
ZWL LAT acquired frame=222 at_us=19895294
ZWL LAT recorded frame=222 at_us=19895342
ZWL COMPOSE frame=222 image=0 windows=1 at_ms=19910
ZWL LAT submit frame=222 at_us=19910897
ZWL LAT shown frame=222 at_us=19912975
ZWL PERF 5011ms: passes=492 timeouts=240 | poll 22.2% work 79.2%
ZWL PERF compose frames=222 draw_ms=17.54 (acquire 0.01 submit+present 17.49) frame_ms=20.27
ZWL COMMIT client=3 surface=6 buffer=17 queued=0
ZWL ACQUIRE_FENCE client=3 surface=6 generation=1
ZWL LAT adopt surface=6 at_us=19913045
ZWL RELEASE client=3 buffer=15 dead=0
ZWL LAT draw frame=223 at_us=19913050
ZWL LAT acquired frame=223 at_us=19913054
ZWL LAT recorded frame=223 at_us=19913079
ZWL COMPOSE frame=223 image=0 windows=1 at_ms=19927
ZWL LAT submit frame=223 at_us=19927104
ZWL LAT shown frame=223 at_us=19929179
ZWL COMMIT client=3 surface=6 buffer=15 queued=0
ZWL ACQUIRE_FENCE client=3 surface=6 generation=1
ZWL LAT adopt surface=6 at_us=19930949
ZWL RELEASE client=3 buffer=17 dead=0
ZWL LAT draw frame=224 at_us=19930964
ZWL LAT acquired frame=224 at_us=19930974
ZWL LAT recorded frame=224 at_us=19931021
ZWL COMPOSE frame=224 image=0 windows=1 at_ms=19947
ZWL LAT submit frame=224 at_us=19947224
ZWL LAT shown frame=224 at_us=19949347
ZWL COMMIT client=3 surface=6 buffer=19 queued=0
ZWL ACQUIRE_FENCE client=3 surface=6 generation=1
ZWL LAT adopt surface=6 at_us=19949755
ZWL RELEASE client=3 buffer=15 dead=0
ZWL LAT draw frame=225 at_us=19949761
ZWL LAT acquired frame=225 at_us=19949776
ZWL LAT recorded frame=225 at_us=19949803
ZWL COMPOSE frame=225 image=0 windows=1 at_ms=19962
ZWL LAT submit frame=225 at_us=19962471
ZWL LAT shown frame=225 at_us=19964582
ZWL COMMIT client=3 surface=6 buffer=15 queued=0
ZWL ACQUIRE_FENCE client=3 surface=6 generation=1
ZWL LAT adopt surface=6 at_us=19967935
ZWL RELEASE client=3 buffer=19 dead=0
ZWL LAT draw frame=226 at_us=19967951
ZWL LAT acquired frame=226 at_us=19967961
ZWL LAT recorded frame=226 at_us=19968046
ZWL COMPOSE frame=226 image=0 windows=1 at_ms=19990
ZWL LAT submit frame=226 at_us=19990572
ZWL LAT shown frame=226 at_us=19992723
ZWL COMMIT client=3 surface=6 buffer=17 queued=0
ZWL ACQUIRE_FENCE client=3 surface=6 generation=1
ZWL LAT adopt surface=6 at_us=19993056
ZWL RELEASE client=3 buffer=15 dead=0
ZWL LAT draw frame=227 at_us=19993084
ZWL LAT acquired frame=227 at_us=19993095
ZWL LAT recorded frame=227 at_us=19993153
ZWL COMPOSE frame=227 image=0 windows=1 at_ms=20018
ZWL LAT submit frame=227 at_us=20018390
ZWL LAT shown frame=227 at_us=20020536
ZWL COMMIT client=3 surface=6 buffer=19 queued=0
ZWL ACQUIRE_FENCE client=3 surface=6 generation=1
ZWL LAT adopt surface=6 at_us=20020754
ZWL RELEASE client=3 buffer=17 dead=0
ZWL LAT draw frame=228 at_us=20020770
ZWL LAT acquired frame=228 at_us=20020780
ZWL LAT recorded frame=228 at_us=20020838
ZWL COMPOSE frame=228 image=0 windows=1 at_ms=20038
ZWL LAT submit frame=228 at_us=20038495
ZWL LAT shown frame=228 at_us=20041394
ZWL COMMIT client=3 surface=6 buffer=15 queued=0
ZWL ACQUIRE_FENCE client=3 surface=6 generation=1
ZWL LAT adopt surface=6 at_us=20041600
ZWL RELEASE client=3 buffer=19 dead=0
ZWL LAT draw frame=229 at_us=20041615
ZWL LAT acquired frame=229 at_us=20041625
ZWL LAT recorded frame=229 at_us=20041680
ZWL COMPOSE frame=229 image=0 windows=1 at_ms=20057
ZWL LAT submit frame=229 at_us=20057660
ZWL LAT shown frame=229 at_us=20059776
ZWL COMMIT client=3 surface=6 buffer=17 queued=0
ZWL ACQUIRE_FENCE client=3 surface=6 generation=1
ZWL LAT adopt surface=6 at_us=20059957
ZWL RELEASE client=3 buffer=15 dead=0
ZWL LAT draw frame=230 at_us=20059971
ZWL LAT acquired frame=230 at_us=20059980
ZWL LAT recorded frame=230 at_us=20060067
ZWL COMPOSE frame=230 image=0 windows=1 at_ms=20074
ZWL LAT submit frame=230 at_us=20074976
ZWL LAT shown frame=230 at_us=20077070
ZWL COMMIT client=3 surface=6 buffer=15 queued=0
ZWL ACQUIRE_FENCE client=3 surface=6 generation=1
ZWL LAT adopt surface=6 at_us=20077542
ZWL RELEASE client=3 buffer=17 dead=0
ZWL LAT draw frame=231 at_us=20077548
ZWL LAT acquired frame=231 at_us=20077554
ZWL LAT recorded frame=231 at_us=20077585
ZWL COMPOSE frame=231 image=0 windows=1 at_ms=20089
ZWL LAT submit frame=231 at_us=20089375
ZWL LAT shown frame=231 at_us=20091581
ZWL COMMIT client=3 surface=6 buffer=17 queued=0
ZWL ACQUIRE_FENCE client=3 surface=6 generation=1
ZWL LAT adopt surface=6 at_us=20096280
ZWL RELEASE client=3 buffer=15 dead=0
ZWL LAT draw frame=232 at_us=20096297
ZWL LAT acquired frame=232 at_us=20096311
ZWL LAT recorded frame=232 at_us=20096372
ZWL COMPOSE frame=232 image=0 windows=1 at_ms=20120
ZWL LAT submit frame=232 at_us=20120378
ZWL LAT shown frame=232 at_us=20122467
ZWL COMMIT client=3 surface=6 buffer=19 queued=0
ZWL ACQUIRE_FENCE client=3 surface=6 generation=1
ZWL LAT adopt surface=6 at_us=20122695
ZWL RELEASE client=3 buffer=17 dead=0
ZWL LAT draw frame=233 at_us=20122701
ZWL LAT acquired frame=233 at_us=20122705
ZWL LAT recorded frame=233 at_us=20122739
ZWL COMPOSE frame=233 image=0 windows=1 at_ms=20140
ZWL LAT submit frame=233 at_us=20140778
ZWL LAT shown frame=233 at_us=20142981
ZWL COMMIT client=3 surface=6 buffer=15 queued=0
ZWL ACQUIRE_FENCE client=3 surface=6 generation=1
ZWL LAT adopt surface=6 at_us=20143303
ZWL RELEASE client=3 buffer=19 dead=0
ZWL LAT draw frame=234 at_us=20143320
ZWL LAT acquired frame=234 at_us=20143331
ZWL LAT recorded frame=234 at_us=20143390
ZWL COMPOSE frame=234 image=0 windows=1 at_ms=20159
ZWL LAT submit frame=234 at_us=20159838
ZWL LAT shown frame=234 at_us=20161951
ZWL COMMIT client=3 surface=6 buffer=17 queued=0
ZWL ACQUIRE_FENCE client=3 surface=6 generation=1
ZWL LAT adopt surface=6 at_us=20162171
ZWL RELEASE client=3 buffer=15 dead=0
ZWL LAT draw frame=235 at_us=20162186
ZWL LAT acquired frame=235 at_us=20162197
ZWL LAT recorded frame=235 at_us=20162248
ZWL COMPOSE frame=235 image=0 windows=1 at_ms=20176
ZWL LAT submit frame=235 at_us=20176953
ZWL LAT shown frame=235 at_us=20179028
ZWL COMMIT client=3 surface=6 buffer=15 queued=0
ZWL ACQUIRE_FENCE client=3 surface=6 generation=1
ZWL LAT adopt surface=6 at_us=20180080
ZWL RELEASE client=3 buffer=17 dead=0
ZWL LAT draw frame=236 at_us=20180085
ZWL LAT acquired frame=236 at_us=20180089
ZWL LAT recorded frame=236 at_us=20180113
ZWL COMPOSE frame=236 image=0 windows=1 at_ms=20193
ZWL LAT submit frame=236 at_us=20193477
ZWL LAT shown frame=236 at_us=20195590
ZWL COMMIT client=3 surface=6 buffer=17 queued=0
ZWL ACQUIRE_FENCE client=3 surface=6 generation=1
ZWL LAT adopt surface=6 at_us=20198363
ZWL RELEASE client=3 buffer=15 dead=0
ZWL LAT draw frame=237 at_us=20198374
ZWL LAT acquired frame=237 at_us=20198382
ZWL LAT recorded frame=237 at_us=20198422
ZWL COMPOSE frame=237 image=0 windows=1 at_ms=20218
ZWL LAT submit frame=237 at_us=20218397
ZWL LAT shown frame=237 at_us=20220524
ZWL COMMIT client=3 surface=6 buffer=19 queued=0
ZWL ACQUIRE_FENCE client=3 surface=6 generation=1
ZWL LAT adopt surface=6 at_us=20220710
ZWL RELEASE client=3 buffer=17 dead=0
ZWL LAT draw frame=238 at_us=20220726
ZWL LAT acquired frame=238 at_us=20220736
ZWL LAT recorded frame=238 at_us=20220789
ZWL COMPOSE frame=238 image=0 windows=1 at_ms=20235
ZWL LAT submit frame=238 at_us=20235037
ZWL LAT shown frame=238 at_us=20237124
ZWL COMMIT client=3 surface=6 buffer=15 queued=0
ZWL ACQUIRE_FENCE client=3 surface=6 generation=1
ZWL LAT adopt surface=6 at_us=20238546
ZWL RELEASE client=3 buffer=19 dead=0
ZWL LAT draw frame=239 at_us=20238551
ZWL LAT acquired frame=239 at_us=20238556
ZWL LAT recorded frame=239 at_us=20238582
ZWL COMPOSE frame=239 image=0 windows=1 at_ms=20250
ZWL LAT submit frame=239 at_us=20250887
ZWL LAT shown frame=239 at_us=20253000
ZWL COMMIT client=3 surface=6 buffer=17 queued=0
ZWL ACQUIRE_FENCE client=3 surface=6 generation=1
ZWL LAT adopt surface=6 at_us=20257264
ZWL RELEASE client=3 buffer=15 dead=0
ZWL LAT draw frame=240 at_us=20257282
ZWL LAT acquired frame=240 at_us=20257295
ZWL LAT recorded frame=240 at_us=20257352
ZWL COMPOSE frame=240 image=0 windows=1 at_ms=20277
ZWL LAT submit frame=240 at_us=20277651
ZWL LAT shown frame=240 at_us=20279775
ZWL COMMIT client=3 surface=6 buffer=19 queued=0
ZWL ACQUIRE_FENCE client=3 surface=6 generation=1
ZWL LAT adopt surface=6 at_us=20279966
ZWL RELEASE client=3 buffer=17 dead=0
ZWL LAT draw frame=241 at_us=20279981
ZWL LAT acquired frame=241 at_us=20279990
ZWL LAT recorded frame=241 at_us=20280069
ZWL COMPOSE frame=241 image=0 windows=1 at_ms=20295
ZWL LAT submit frame=241 at_us=20295902
ZWL LAT shown frame=241 at_us=20297999
ZWL COMMIT client=3 surface=6 buffer=15 queued=0
ZWL ACQUIRE_FENCE client=3 surface=6 generation=1
ZWL LAT adopt surface=6 at_us=20298134
ZWL RELEASE client=3 buffer=19 dead=0
ZWL LAT draw frame=242 at_us=20298139
ZWL LAT acquired frame=242 at_us=20298141
ZWL LAT recorded frame=242 at_us=20298160
ZWL COMPOSE frame=242 image=0 windows=1 at_ms=20312
ZWL LAT submit frame=242 at_us=20312742
ZWL LAT shown frame=242 at_us=20314852
ZWL COMMIT client=3 surface=6 buffer=17 queued=0
ZWL ACQUIRE_FENCE client=3 surface=6 generation=1
ZWL LAT adopt surface=6 at_us=20316482
ZWL RELEASE client=3 buffer=15 dead=0
ZWL LAT draw frame=243 at_us=20316487
ZWL LAT acquired frame=243 at_us=20316492
ZWL LAT recorded frame=243 at_us=20316517
ZWL COMPOSE frame=243 image=0 windows=1 at_ms=20334
ZWL LAT submit frame=243 at_us=20334082
ZWL LAT shown frame=243 at_us=20336191
ZWL COMMIT client=3 surface=6 buffer=19 queued=0
ZWL ACQUIRE_FENCE client=3 surface=6 generation=1
ZWL LAT adopt surface=6 at_us=20336358
ZWL RELEASE client=3 buffer=17 dead=0
ZWL LAT draw frame=244 at_us=20336373
ZWL LAT acquired frame=244 at_us=20336392
ZWL LAT recorded frame=244 at_us=20336464
ZWL COMPOSE frame=244 image=0 windows=1 at_ms=20361
ZWL LAT submit frame=244 at_us=20361516
ZWL LAT shown frame=244 at_us=20363639
ZWL COMMIT client=3 surface=6 buffer=15 queued=0
ZWL ACQUIRE_FENCE client=3 surface=6 generation=1
ZWL LAT adopt surface=6 at_us=20363823
ZWL RELEASE client=3 buffer=19 dead=0
ZWL LAT draw frame=245 at_us=20363829
ZWL LAT acquired frame=245 at_us=20363833
ZWL LAT recorded frame=245 at_us=20363866
ZWL COMPOSE frame=245 image=0 windows=1 at_ms=20378
ZWL LAT submit frame=245 at_us=20378254
ZWL LAT shown frame=245 at_us=20380401
ZWL COMMIT client=3 surface=6 buffer=17 queued=0
ZWL ACQUIRE_FENCE client=3 surface=6 generation=1
ZWL LAT adopt surface=6 at_us=20381942
ZWL RELEASE client=3 buffer=15 dead=0
ZWL LAT draw frame=246 at_us=20381947
ZWL LAT acquired frame=246 at_us=20381951
ZWL LAT recorded frame=246 at_us=20381974
ZWL COMPOSE frame=246 image=0 windows=1 at_ms=20394
ZWL LAT submit frame=246 at_us=20394768
ZWL LAT shown frame=246 at_us=20396871
ZWL COMMIT client=3 surface=6 buffer=15 queued=0
ZWL ACQUIRE_FENCE client=3 surface=6 generation=1
ZWL LAT adopt surface=6 at_us=20400261
ZWL RELEASE client=3 buffer=17 dead=0
ZWL LAT draw frame=247 at_us=20400276
ZWL LAT acquired frame=247 at_us=20400291
ZWL LAT recorded frame=247 at_us=20400343
ZWL COMPOSE frame=247 image=0 windows=1 at_ms=20420
ZWL LAT submit frame=247 at_us=20420924
ZWL LAT shown frame=247 at_us=20423047
ZWL COMMIT client=3 surface=6 buffer=19 queued=0
ZWL ACQUIRE_FENCE client=3 surface=6 generation=1
ZWL LAT adopt surface=6 at_us=20423228
ZWL RELEASE client=3 buffer=15 dead=0
ZWL LAT draw frame=248 at_us=20423242
ZWL LAT acquired frame=248 at_us=20423251
ZWL LAT recorded frame=248 at_us=20423301
ZWL COMPOSE frame=248 image=0 windows=1 at_ms=20440
ZWL LAT submit frame=248 at_us=20440752
ZWL LAT shown frame=248 at_us=20442863
ZWL COMMIT client=3 surface=6 buffer=17 queued=0
ZWL ACQUIRE_FENCE client=3 surface=6 generation=1
ZWL LAT adopt surface=6 at_us=20443025
ZWL RELEASE client=3 buffer=19 dead=0
ZWL LAT draw frame=249 at_us=20443030
ZWL LAT acquired frame=249 at_us=20443033
ZWL LAT recorded frame=249 at_us=20443055
ZWL COMPOSE frame=249 image=0 windows=1 at_ms=20456
ZWL LAT submit frame=249 at_us=20456561
ZWL LAT shown frame=249 at_us=20458670
ZWL COMMIT client=3 surface=6 buffer=15 queued=0
ZWL ACQUIRE_FENCE client=3 surface=6 generation=1
ZWL LAT adopt surface=6 at_us=20461223
ZWL RELEASE client=3 buffer=17 dead=0
ZWL LAT draw frame=250 at_us=20461227
ZWL LAT acquired frame=250 at_us=20461230
ZWL LAT recorded frame=250 at_us=20461252
ZWL COMPOSE frame=250 image=0 windows=1 at_ms=20475
ZWL LAT submit frame=250 at_us=20475224
ZWL LAT shown frame=250 at_us=20477339
ZWL COMMIT client=3 surface=6 buffer=17 queued=0
ZWL ACQUIRE_FENCE client=3 surface=6 generation=1
ZWL LAT adopt surface=6 at_us=20480280
ZWL RELEASE client=3 buffer=15 dead=0
ZWL LAT draw frame=251 at_us=20480298
ZWL LAT acquired frame=251 at_us=20480313
ZWL LAT recorded frame=251 at_us=20480370
ZWL COMPOSE frame=251 image=0 windows=1 at_ms=20504
ZWL LAT submit frame=251 at_us=20504401
ZWL LAT shown frame=251 at_us=20506524
ZWL COMMIT client=3 surface=6 buffer=19 queued=0
ZWL ACQUIRE_FENCE client=3 surface=6 generation=1
ZWL LAT adopt surface=6 at_us=20506812
ZWL RELEASE client=3 buffer=17 dead=0
ZWL LAT draw frame=252 at_us=20506827
ZWL LAT acquired frame=252 at_us=20506837
ZWL LAT recorded frame=252 at_us=20506887
ZWL COMPOSE frame=252 image=0 windows=1 at_ms=20526
ZWL LAT submit frame=252 at_us=20526112
ZWL LAT shown frame=252 at_us=20528242
ZWL COMMIT client=3 surface=6 buffer=15 queued=0
ZWL ACQUIRE_FENCE client=3 surface=6 generation=1
ZWL LAT adopt surface=6 at_us=20528405
ZWL RELEASE client=3 buffer=19 dead=0
ZWL LAT draw frame=253 at_us=20528417
ZWL LAT acquired frame=253 at_us=20528425
ZWL LAT recorded frame=253 at_us=20528467
ZWL COMPOSE frame=253 image=0 windows=1 at_ms=20550
ZWL LAT submit frame=253 at_us=20550738
ZWL LAT shown frame=253 at_us=20552869
ZWL COMMIT client=3 surface=6 buffer=17 queued=0
ZWL ACQUIRE_FENCE client=3 surface=6 generation=1
ZWL LAT adopt surface=6 at_us=20553080
ZWL RELEASE client=3 buffer=15 dead=0
ZWL LAT draw frame=254 at_us=20553095
ZWL LAT acquired frame=254 at_us=20553105
ZWL LAT recorded frame=254 at_us=20553151
ZWL COMPOSE frame=254 image=0 windows=1 at_ms=20568
ZWL LAT submit frame=254 at_us=20568168
ZWL LAT shown frame=254 at_us=20570243
ZWL COMMIT client=3 surface=6 buffer=15 queued=0
ZWL ACQUIRE_FENCE client=3 surface=6 generation=1
ZWL LAT adopt surface=6 at_us=20571375
ZWL RELEASE client=3 buffer=17 dead=0
ZWL LAT draw frame=255 at_us=20571390
ZWL LAT acquired frame=255 at_us=20571400
ZWL LAT recorded frame=255 at_us=20571446
ZWL COMPOSE frame=255 image=0 windows=1 at_ms=20585
ZWL LAT submit frame=255 at_us=20585812
ZWL LAT shown frame=255 at_us=20588338
ZWL COMMIT client=3 surface=6 buffer=17 queued=0
ZWL ACQUIRE_FENCE client=3 surface=6 generation=1
ZWL LAT adopt surface=6 at_us=20589233
ZWL RELEASE client=3 buffer=15 dead=0
ZWL LAT draw frame=256 at_us=20589239
ZWL LAT acquired frame=256 at_us=20589245
ZWL LAT recorded frame=256 at_us=20589268
ZWL COMPOSE frame=256 image=0 windows=1 at_ms=20602
ZWL LAT submit frame=256 at_us=20602761
ZWL LAT shown frame=256 at_us=20604923
ZWL COMMIT client=3 surface=6 buffer=15 queued=0
ZWL ACQUIRE_FENCE client=3 surface=6 generation=1
ZWL LAT adopt surface=6 at_us=20607084
ZWL RELEASE client=3 buffer=17 dead=0
ZWL LAT draw frame=257 at_us=20607090
ZWL LAT acquired frame=257 at_us=20607094
ZWL LAT recorded frame=257 at_us=20607121
ZWL COMPOSE frame=257 image=0 windows=1 at_ms=20619
ZWL LAT submit frame=257 at_us=20619793
ZWL LAT shown frame=257 at_us=20621917
ZWL COMMIT client=3 surface=6 buffer=17 queued=0
ZWL ACQUIRE_FENCE client=3 surface=6 generation=1
ZWL LAT adopt surface=6 at_us=20625039
ZWL RELEASE client=3 buffer=15 dead=0
ZWL LAT draw frame=258 at_us=20625044
ZWL LAT acquired frame=258 at_us=20625048
ZWL LAT recorded frame=258 at_us=20625073
ZWL COMPOSE frame=258 image=0 windows=1 at_ms=20641
ZWL LAT submit frame=258 at_us=20641211
ZWL LAT shown frame=258 at_us=20643324
ZWL COMMIT client=3 surface=6 buffer=19 queued=0
ZWL ACQUIRE_FENCE client=3 surface=6 generation=1
ZWL LAT adopt surface=6 at_us=20643506
ZWL RELEASE client=3 buffer=17 dead=0
ZWL LAT draw frame=259 at_us=20643520
ZWL LAT acquired frame=259 at_us=20643530
ZWL LAT recorded frame=259 at_us=20643575
ZWL COMPOSE frame=259 image=0 windows=1 at_ms=20661
ZWL LAT submit frame=259 at_us=20661056
ZWL LAT shown frame=259 at_us=20663185
ZWL COMMIT client=3 surface=6 buffer=15 queued=0
ZWL ACQUIRE_FENCE client=3 surface=6 generation=1
ZWL LAT adopt surface=6 at_us=20663475
ZWL RELEASE client=3 buffer=19 dead=0
ZWL LAT draw frame=260 at_us=20663490
ZWL LAT acquired frame=260 at_us=20663500
ZWL LAT recorded frame=260 at_us=20663556
ZWL COMPOSE frame=260 image=0 windows=1 at_ms=20686
ZWL LAT submit frame=260 at_us=20686411
ZWL LAT shown frame=260 at_us=20688588
ZWL COMMIT client=3 surface=6 buffer=17 queued=0
ZWL ACQUIRE_FENCE client=3 surface=6 generation=1
ZWL LAT adopt surface=6 at_us=20688776
ZWL RELEASE client=3 buffer=15 dead=0
ZWL LAT draw frame=261 at_us=20688791
ZWL LAT acquired frame=261 at_us=20688800
ZWL LAT recorded frame=261 at_us=20688878
ZWL COMPOSE frame=261 image=0 windows=1 at_ms=20707
ZWL LAT submit frame=261 at_us=20707111
ZWL LAT shown frame=261 at_us=20709232
ZWL COMMIT client=3 surface=6 buffer=19 queued=0
ZWL ACQUIRE_FENCE client=3 surface=6 generation=1
ZWL LAT adopt surface=6 at_us=20709469
ZWL RELEASE client=3 buffer=17 dead=0
ZWL LAT draw frame=262 at_us=20709483
ZWL LAT acquired frame=262 at_us=20709492
ZWL LAT recorded frame=262 at_us=20709542
ZWL COMPOSE frame=262 image=0 windows=1 at_ms=20723
ZWL LAT submit frame=262 at_us=20723280
ZWL LAT shown frame=262 at_us=20725389
ZWL COMMIT client=3 surface=6 buffer=15 queued=0
ZWL ACQUIRE_FENCE client=3 surface=6 generation=1
ZWL LAT adopt surface=6 at_us=20727960
ZWL RELEASE client=3 buffer=19 dead=0
ZWL LAT draw frame=263 at_us=20727977
ZWL LAT acquired frame=263 at_us=20727992
ZWL LAT recorded frame=263 at_us=20728086
ZWL COMPOSE frame=263 image=0 windows=1 at_ms=20744
ZWL LAT submit frame=263 at_us=20744988
ZWL LAT shown frame=263 at_us=20747101
ZWL COMMIT client=3 surface=6 buffer=17 queued=0
ZWL ACQUIRE_FENCE client=3 surface=6 generation=1
ZWL LAT adopt surface=6 at_us=20747273
ZWL RELEASE client=3 buffer=15 dead=0
ZWL LAT draw frame=264 at_us=20747287
ZWL LAT acquired frame=264 at_us=20747296
ZWL LAT recorded frame=264 at_us=20747343
ZWL COMPOSE frame=264 image=0 windows=1 at_ms=20761
ZWL LAT submit frame=264 at_us=20761394
ZWL LAT shown frame=264 at_us=20763590
ZWL COMMIT client=3 surface=6 buffer=15 queued=0
ZWL ACQUIRE_FENCE client=3 surface=6 generation=1
ZWL LAT adopt surface=6 at_us=20766194
ZWL RELEASE client=3 buffer=17 dead=0
ZWL LAT draw frame=265 at_us=20766199
ZWL LAT acquired frame=265 at_us=20766203
ZWL LAT recorded frame=265 at_us=20766227
ZWL COMPOSE frame=265 image=0 windows=1 at_ms=20779
ZWL LAT submit frame=265 at_us=20779620
ZWL LAT shown frame=265 at_us=20781734
ZWL COMMIT client=3 surface=6 buffer=17 queued=0
ZWL ACQUIRE_FENCE client=3 surface=6 generation=1
ZWL LAT adopt surface=6 at_us=20784369
ZWL RELEASE client=3 buffer=15 dead=0
ZWL LAT draw frame=266 at_us=20784374
ZWL LAT acquired frame=266 at_us=20784378
ZWL LAT recorded frame=266 at_us=20784400
ZWL COMPOSE frame=266 image=0 windows=1 at_ms=20796
ZWL LAT submit frame=266 at_us=20796315
ZWL LAT shown frame=266 at_us=20798426
ZWL COMMIT client=3 surface=6 buffer=15 queued=0
ZWL ACQUIRE_FENCE client=3 surface=6 generation=1
ZWL LAT adopt surface=6 at_us=20802674
ZWL RELEASE client=3 buffer=17 dead=0
ZWL LAT draw frame=267 at_us=20802679
ZWL LAT acquired frame=267 at_us=20802684
ZWL LAT recorded frame=267 at_us=20802705
ZWL COMPOSE frame=267 image=0 windows=1 at_ms=20817
ZWL LAT submit frame=267 at_us=20817383
ZWL LAT shown frame=267 at_us=20819525
ZWL COMMIT client=3 surface=6 buffer=17 queued=0
ZWL ACQUIRE_FENCE client=3 surface=6 generation=1
ZWL LAT adopt surface=6 at_us=20820894
ZWL RELEASE client=3 buffer=15 dead=0
ZWL LAT draw frame=268 at_us=20820907
ZWL LAT acquired frame=268 at_us=20820916
ZWL LAT recorded frame=268 at_us=20820960
ZWL COMPOSE frame=268 image=0 windows=1 at_ms=20837
ZWL LAT submit frame=268 at_us=20837916
ZWL LAT shown frame=268 at_us=20840046
ZWL COMMIT client=3 surface=6 buffer=19 queued=0
ZWL ACQUIRE_FENCE client=3 surface=6 generation=1
ZWL LAT adopt surface=6 at_us=20840229
ZWL RELEASE client=3 buffer=17 dead=0
ZWL LAT draw frame=269 at_us=20840243
ZWL LAT acquired frame=269 at_us=20840252
ZWL LAT recorded frame=269 at_us=20840301
ZWL COMPOSE frame=269 image=0 windows=1 at_ms=20863
ZWL LAT submit frame=269 at_us=20863484
ZWL LAT shown frame=269 at_us=20910327
ZWL COMMIT client=3 surface=6 buffer=15 queued=0
ZWL ACQUIRE_FENCE client=3 surface=6 generation=1
ZWL LAT adopt surface=6 at_us=20910668
ZWL RELEASE client=3 buffer=19 dead=0
ZWL LAT draw frame=270 at_us=20910685
ZWL LAT acquired frame=270 at_us=20910695
ZWL LAT recorded frame=270 at_us=20910753
ZWL COMPOSE frame=270 image=0 windows=1 at_ms=20931
ZWL LAT submit frame=270 at_us=20931867
ZWL LAT shown frame=270 at_us=20933983
ZWL COMMIT client=3 surface=6 buffer=17 queued=0
ZWL ACQUIRE_FENCE client=3 surface=6 generation=1
ZWL LAT adopt surface=6 at_us=20934270
ZWL RELEASE client=3 buffer=15 dead=0
ZWL LAT draw frame=271 at_us=20934284
ZWL LAT acquired frame=271 at_us=20934295
ZWL LAT recorded frame=271 at_us=20934343
ZWL COMPOSE frame=271 image=0 windows=1 at_ms=20948
ZWL LAT submit frame=271 at_us=20948907
ZWL LAT shown frame=271 at_us=20951537
ZWL COMMIT client=3 surface=6 buffer=15 queued=0
ZWL ACQUIRE_FENCE client=3 surface=6 generation=1
ZWL LAT adopt surface=6 at_us=20953182
ZWL RELEASE client=3 buffer=17 dead=0
ZWL LAT draw frame=272 at_us=20953197
ZWL LAT acquired frame=272 at_us=20953210
ZWL LAT recorded frame=272 at_us=20953263
ZWL COMPOSE frame=272 image=0 windows=1 at_ms=20974
ZWL LAT submit frame=272 at_us=20974158
ZWL LAT shown frame=272 at_us=20976266
ZWL COMMIT client=3 surface=6 buffer=19 queued=0
ZWL ACQUIRE_FENCE client=3 surface=6 generation=1
ZWL LAT adopt surface=6 at_us=20976398
ZWL RELEASE client=3 buffer=15 dead=0
ZWL LAT draw frame=273 at_us=20976405
ZWL LAT acquired frame=273 at_us=20976409
ZWL LAT recorded frame=273 at_us=20976435
ZWL COMPOSE frame=273 image=0 windows=1 at_ms=21001
ZWL LAT submit frame=273 at_us=21001645
ZWL LAT shown frame=273 at_us=21003819
ZWL COMMIT client=3 surface=6 buffer=17 queued=0
ZWL ACQUIRE_FENCE client=3 surface=6 generation=1
ZWL LAT adopt surface=6 at_us=21004117
ZWL RELEASE client=3 buffer=19 dead=0
ZWL LAT draw frame=274 at_us=21004133
ZWL LAT acquired frame=274 at_us=21004142
ZWL LAT recorded frame=274 at_us=21004252
ZWL COMPOSE frame=274 image=0 windows=1 at_ms=21018
ZWL LAT submit frame=274 at_us=21018898
ZWL LAT shown frame=274 at_us=21024020
ZWL COMMIT client=3 surface=6 buffer=15 queued=0
ZWL ACQUIRE_FENCE client=3 surface=6 generation=1
ZWL LAT adopt surface=6 at_us=21025310
ZWL RELEASE client=3 buffer=17 dead=0
ZWL LAT draw frame=275 at_us=21025315
ZWL LAT acquired frame=275 at_us=21025326
ZWL LAT recorded frame=275 at_us=21025350
ZWL COMPOSE frame=275 image=0 windows=1 at_ms=21038
ZWL LAT submit frame=275 at_us=21038079
ZWL LAT shown frame=275 at_us=21040193
ZWL COMMIT client=3 surface=6 buffer=17 queued=0
ZWL ACQUIRE_FENCE client=3 surface=6 generation=1
ZWL LAT adopt surface=6 at_us=21043085
ZWL RELEASE client=3 buffer=15 dead=0
ZWL LAT draw frame=276 at_us=21043090
ZWL LAT acquired frame=276 at_us=21043095
ZWL LAT recorded frame=276 at_us=21043120
ZWL COMPOSE frame=276 image=0 windows=1 at_ms=21055
ZWL LAT submit frame=276 at_us=21055431
ZWL LAT shown frame=276 at_us=21057547
ZWL COMMIT client=3 surface=6 buffer=15 queued=0
ZWL ACQUIRE_FENCE client=3 surface=6 generation=1
ZWL LAT adopt surface=6 at_us=21060981
ZWL RELEASE client=3 buffer=17 dead=0
ZWL LAT draw frame=277 at_us=21060986
ZWL LAT acquired frame=277 at_us=21060991
ZWL LAT recorded frame=277 at_us=21061018
ZWL COMPOSE frame=277 image=0 windows=1 at_ms=21080
ZWL LAT submit frame=277 at_us=21080107
ZWL LAT shown frame=277 at_us=21082203
ZWL COMMIT client=3 surface=6 buffer=19 queued=0
ZWL ACQUIRE_FENCE client=3 surface=6 generation=1
ZWL LAT adopt surface=6 at_us=21082491
ZWL RELEASE client=3 buffer=15 dead=0
ZWL LAT draw frame=278 at_us=21082506
ZWL LAT acquired frame=278 at_us=21082515
ZWL LAT recorded frame=278 at_us=21082568
ZWL COMPOSE frame=278 image=0 windows=1 at_ms=21102
ZWL LAT submit frame=278 at_us=21102343
ZWL LAT shown frame=278 at_us=21104476
ZWL COMMIT client=3 surface=6 buffer=17 queued=0
ZWL ACQUIRE_FENCE client=3 surface=6 generation=1
ZWL LAT adopt surface=6 at_us=21104649
ZWL RELEASE client=3 buffer=19 dead=0
ZWL LAT draw frame=279 at_us=21104664
ZWL LAT acquired frame=279 at_us=21104674
ZWL LAT recorded frame=279 at_us=21104726
ZWL COMPOSE frame=279 image=0 windows=1 at_ms=21119
ZWL LAT submit frame=279 at_us=21119819
ZWL LAT shown frame=279 at_us=21121914
ZWL COMMIT client=3 surface=6 buffer=15 queued=0
ZWL ACQUIRE_FENCE client=3 surface=6 generation=1
ZWL LAT adopt surface=6 at_us=21122481
ZWL RELEASE client=3 buffer=17 dead=0
ZWL LAT draw frame=280 at_us=21122489
ZWL LAT acquired frame=280 at_us=21122494
ZWL LAT recorded frame=280 at_us=21122528
ZWL COMPOSE frame=280 image=0 windows=1 at_ms=21135
ZWL LAT submit frame=280 at_us=21135560
ZWL LAT shown frame=280 at_us=21137645
ZWL COMMIT client=3 surface=6 buffer=17 queued=0
ZWL ACQUIRE_FENCE client=3 surface=6 generation=1
ZWL LAT adopt surface=6 at_us=21139992
ZWL RELEASE client=3 buffer=15 dead=0
ZWL LAT draw frame=281 at_us=21139998
ZWL LAT acquired frame=281 at_us=21140016
ZWL LAT recorded frame=281 at_us=21140046
ZWL COMPOSE frame=281 image=0 windows=1 at_ms=21152
ZWL LAT submit frame=281 at_us=21152823
ZWL LAT shown frame=281 at_us=21154903
ZWL COMMIT client=3 surface=6 buffer=15 queued=0
ZWL ACQUIRE_FENCE client=3 surface=6 generation=1
ZWL LAT adopt surface=6 at_us=21158747
ZWL RELEASE client=3 buffer=17 dead=0
ZWL LAT draw frame=282 at_us=21158764
ZWL LAT acquired frame=282 at_us=21158777
ZWL LAT recorded frame=282 at_us=21158837
ZWL COMPOSE frame=282 image=0 windows=1 at_ms=21175
ZWL LAT submit frame=282 at_us=21175394
ZWL LAT shown frame=282 at_us=21177515
ZWL COMMIT client=3 surface=6 buffer=19 queued=0
ZWL ACQUIRE_FENCE client=3 surface=6 generation=1
ZWL LAT adopt surface=6 at_us=21177708
ZWL RELEASE client=3 buffer=15 dead=0
ZWL LAT draw frame=283 at_us=21177723
ZWL LAT acquired frame=283 at_us=21177735
ZWL LAT recorded frame=283 at_us=21177794
ZWL COMPOSE frame=283 image=0 windows=1 at_ms=21191
ZWL LAT submit frame=283 at_us=21192010
ZWL LAT shown frame=283 at_us=21194093
ZWL COMMIT client=3 surface=6 buffer=15 queued=0
ZWL ACQUIRE_FENCE client=3 surface=6 generation=1
ZWL LAT adopt surface=6 at_us=21195419
ZWL RELEASE client=3 buffer=19 dead=0
ZWL LAT draw frame=284 at_us=21195424
ZWL LAT acquired frame=284 at_us=21195428
ZWL LAT recorded frame=284 at_us=21195456
ZWL COMPOSE frame=284 image=0 windows=1 at_ms=21211
ZWL LAT submit frame=284 at_us=21211273
ZWL LAT shown frame=284 at_us=21213360
ZWL COMMIT client=3 surface=6 buffer=17 queued=0
ZWL ACQUIRE_FENCE client=3 surface=6 generation=1
ZWL LAT adopt surface=6 at_us=21213442
ZWL RELEASE client=3 buffer=15 dead=0
ZWL LAT draw frame=285 at_us=21213448
ZWL LAT acquired frame=285 at_us=21213452
ZWL LAT recorded frame=285 at_us=21213483
ZWL COMPOSE frame=285 image=0 windows=1 at_ms=21225
ZWL LAT submit frame=285 at_us=21225765
ZWL LAT shown frame=285 at_us=21227877
ZWL COMMIT client=3 surface=6 buffer=15 queued=0
ZWL ACQUIRE_FENCE client=3 surface=6 generation=1
ZWL LAT adopt surface=6 at_us=21231104
ZWL RELEASE client=3 buffer=17 dead=0
ZWL LAT draw frame=286 at_us=21231109
ZWL LAT acquired frame=286 at_us=21231114
ZWL LAT recorded frame=286 at_us=21231141
ZWL COMPOSE frame=286 image=0 windows=1 at_ms=21245
ZWL LAT submit frame=286 at_us=21245488
ZWL LAT shown frame=286 at_us=21247568
ZWL COMMIT client=3 surface=6 buffer=17 queued=0
ZWL ACQUIRE_FENCE client=3 surface=6 generation=1
ZWL LAT adopt surface=6 at_us=21248799
ZWL RELEASE client=3 buffer=15 dead=0
ZWL LAT draw frame=287 at_us=21248805
ZWL LAT acquired frame=287 at_us=21248810
ZWL LAT recorded frame=287 at_us=21248836
ZWL COMPOSE frame=287 image=0 windows=1 at_ms=21261
ZWL LAT submit frame=287 at_us=21261408
ZWL LAT shown frame=287 at_us=21263484
ZWL COMMIT client=3 surface=6 buffer=15 queued=0
ZWL ACQUIRE_FENCE client=3 surface=6 generation=1
ZWL LAT adopt surface=6 at_us=21266413
ZWL RELEASE client=3 buffer=17 dead=0
ZWL LAT draw frame=288 at_us=21266418
ZWL LAT acquired frame=288 at_us=21266422
ZWL LAT recorded frame=288 at_us=21266450
ZWL COMPOSE frame=288 image=0 windows=1 at_ms=21279
ZWL LAT submit frame=288 at_us=21279694
ZWL LAT shown frame=288 at_us=21281808
ZWL COMMIT client=3 surface=6 buffer=17 queued=0
ZWL ACQUIRE_FENCE client=3 surface=6 generation=1
ZWL LAT adopt surface=6 at_us=21284455
ZWL RELEASE client=3 buffer=15 dead=0
ZWL LAT draw frame=289 at_us=21284461
ZWL LAT acquired frame=289 at_us=21284465
ZWL LAT recorded frame=289 at_us=21284492
ZWL COMPOSE frame=289 image=0 windows=1 at_ms=21297
ZWL LAT submit frame=289 at_us=21297081
ZWL LAT shown frame=289 at_us=21299190
ZWL COMMIT client=3 surface=6 buffer=15 queued=0
ZWL ACQUIRE_FENCE client=3 surface=6 generation=1
ZWL LAT adopt surface=6 at_us=21301697
ZWL RELEASE client=3 buffer=17 dead=0
ZWL LAT draw frame=290 at_us=21301702
ZWL LAT acquired frame=290 at_us=21301706
ZWL LAT recorded frame=290 at_us=21301733
ZWL COMPOSE frame=290 image=0 windows=1 at_ms=21313
ZWL LAT submit frame=290 at_us=21313775
ZWL LAT shown frame=290 at_us=21315883
ZWL COMMIT client=3 surface=6 buffer=17 queued=0
ZWL ACQUIRE_FENCE client=3 surface=6 generation=1
ZWL LAT adopt surface=6 at_us=21319976
ZWL RELEASE client=3 buffer=15 dead=0
ZWL LAT draw frame=291 at_us=21319991
ZWL LAT acquired frame=291 at_us=21320034
ZWL LAT recorded frame=291 at_us=21320087
ZWL COMPOSE frame=291 image=0 windows=1 at_ms=21339
ZWL LAT submit frame=291 at_us=21339764
ZWL LAT shown frame=291 at_us=21341893
ZWL COMMIT client=3 surface=6 buffer=19 queued=0
ZWL ACQUIRE_FENCE client=3 surface=6 generation=1
ZWL LAT adopt surface=6 at_us=21342204
ZWL RELEASE client=3 buffer=17 dead=0
ZWL LAT draw frame=292 at_us=21342225
ZWL LAT acquired frame=292 at_us=21342232
ZWL LAT recorded frame=292 at_us=21342271
ZWL COMPOSE frame=292 image=0 windows=1 at_ms=21356
ZWL LAT submit frame=292 at_us=21356219
ZWL LAT shown frame=292 at_us=21358415
ZWL COMMIT client=3 surface=6 buffer=15 queued=0
ZWL ACQUIRE_FENCE client=3 surface=6 generation=1
ZWL LAT adopt surface=6 at_us=21360161
ZWL RELEASE client=3 buffer=19 dead=0
ZWL LAT draw frame=293 at_us=21360167
ZWL LAT acquired frame=293 at_us=21360172
ZWL LAT recorded frame=293 at_us=21360200
ZWL COMPOSE frame=293 image=0 windows=1 at_ms=21371
ZWL LAT submit frame=293 at_us=21371354
ZWL LAT shown frame=293 at_us=21373464
ZWL COMMIT client=3 surface=6 buffer=17 queued=0
ZWL ACQUIRE_FENCE client=3 surface=6 generation=1
ZWL LAT adopt surface=6 at_us=21379076
ZWL RELEASE client=3 buffer=15 dead=0
ZWL LAT draw frame=294 at_us=21379092
ZWL LAT acquired frame=294 at_us=21379103
ZWL LAT recorded frame=294 at_us=21379157
ZWL COMPOSE frame=294 image=0 windows=1 at_ms=21402
ZWL LAT submit frame=294 at_us=21402156
ZWL LAT shown frame=294 at_us=21404269
ZWL COMMIT client=3 surface=6 buffer=19 queued=0
ZWL ACQUIRE_FENCE client=3 surface=6 generation=1
ZWL LAT adopt surface=6 at_us=21404451
ZWL RELEASE client=3 buffer=17 dead=0
ZWL LAT draw frame=295 at_us=21404465
ZWL LAT acquired frame=295 at_us=21404475
ZWL LAT recorded frame=295 at_us=21404526
ZWL COMPOSE frame=295 image=0 windows=1 at_ms=21418
ZWL LAT submit frame=295 at_us=21418964
ZWL LAT shown frame=295 at_us=21421733
ZWL COMMIT client=3 surface=6 buffer=15 queued=0
ZWL ACQUIRE_FENCE client=3 surface=6 generation=1
ZWL LAT adopt surface=6 at_us=21422434
ZWL RELEASE client=3 buffer=19 dead=0
ZWL LAT draw frame=296 at_us=21422439
ZWL LAT acquired frame=296 at_us=21422443
ZWL LAT recorded frame=296 at_us=21422468
ZWL COMPOSE frame=296 image=0 windows=1 at_ms=21433
ZWL LAT submit frame=296 at_us=21433348
ZWL LAT shown frame=296 at_us=21435455
ZWL COMMIT client=3 surface=6 buffer=17 queued=0
ZWL ACQUIRE_FENCE client=3 surface=6 generation=1
ZWL LAT adopt surface=6 at_us=21441229
ZWL RELEASE client=3 buffer=15 dead=0
ZWL LAT draw frame=297 at_us=21441245
ZWL LAT acquired frame=297 at_us=21441257
ZWL LAT recorded frame=297 at_us=21441315
ZWL COMPOSE frame=297 image=0 windows=1 at_ms=21470
ZWL LAT submit frame=297 at_us=21470771
ZWL LAT shown frame=297 at_us=21472941
ZWL COMMIT client=3 surface=6 buffer=19 queued=0
ZWL ACQUIRE_FENCE client=3 surface=6 generation=1
ZWL LAT adopt surface=6 at_us=21473162
ZWL RELEASE client=3 buffer=17 dead=0
ZWL LAT draw frame=298 at_us=21473178
ZWL LAT acquired frame=298 at_us=21473188
ZWL LAT recorded frame=298 at_us=21473322
ZWL COMPOSE frame=298 image=0 windows=1 at_ms=21489
ZWL LAT submit frame=298 at_us=21489270
ZWL LAT shown frame=298 at_us=21491398
ZWL COMMIT client=3 surface=6 buffer=15 queued=0
ZWL ACQUIRE_FENCE client=3 surface=6 generation=1
ZWL LAT adopt surface=6 at_us=21491588
ZWL RELEASE client=3 buffer=19 dead=0
ZWL LAT draw frame=299 at_us=21491604
ZWL LAT acquired frame=299 at_us=21491616
ZWL LAT recorded frame=299 at_us=21491674
ZWL COMPOSE frame=299 image=0 windows=1 at_ms=21503
ZWL LAT submit frame=299 at_us=21503276
ZWL LAT shown frame=299 at_us=21505393
ZWL COMMIT client=3 surface=6 buffer=17 queued=0
ZWL ACQUIRE_FENCE client=3 surface=6 generation=1
ZWL LAT adopt surface=6 at_us=21510540
ZWL RELEASE client=3 buffer=15 dead=0
ZWL LAT draw frame=300 at_us=21510558
ZWL LAT acquired frame=300 at_us=21510572
ZWL LAT recorded frame=300 at_us=21510632
ZWL COMPOSE frame=300 image=0 windows=1 at_ms=21534
ZWL LAT submit frame=300 at_us=21534145
ZWL LAT shown frame=300 at_us=21536276
ZWL COMMIT client=3 surface=6 buffer=19 queued=0
ZWL ACQUIRE_FENCE client=3 surface=6 generation=1
ZWL LAT adopt surface=6 at_us=21536474
ZWL RELEASE client=3 buffer=17 dead=0
ZWL LAT draw frame=301 at_us=21536484
ZWL LAT acquired frame=301 at_us=21536490
ZWL LAT recorded frame=301 at_us=21536531
ZWL COMPOSE frame=301 image=0 windows=1 at_ms=21551
ZWL LAT submit frame=301 at_us=21551463
ZWL LAT shown frame=301 at_us=21553625
ZWL COMMIT client=3 surface=6 buffer=15 queued=0
ZWL ACQUIRE_FENCE client=3 surface=6 generation=1
ZWL LAT adopt surface=6 at_us=21554390
ZWL RELEASE client=3 buffer=19 dead=0
ZWL LAT draw frame=302 at_us=21554396
ZWL LAT acquired frame=302 at_us=21554401
ZWL LAT recorded frame=302 at_us=21554431
ZWL COMPOSE frame=302 image=0 windows=1 at_ms=21565
ZWL LAT submit frame=302 at_us=21565366
ZWL LAT shown frame=302 at_us=21567476
ZWL COMMIT client=3 surface=6 buffer=17 queued=0
ZWL ACQUIRE_FENCE client=3 surface=6 generation=1
ZWL LAT adopt surface=6 at_us=21573202
ZWL RELEASE client=3 buffer=15 dead=0
ZWL LAT draw frame=303 at_us=21573216
ZWL LAT acquired frame=303 at_us=21573230
ZWL LAT recorded frame=303 at_us=21573280
ZWL COMPOSE frame=303 image=0 windows=1 at_ms=21593
ZWL LAT submit frame=303 at_us=21593090
ZWL LAT shown frame=303 at_us=21595179
ZWL COMMIT client=3 surface=6 buffer=19 queued=0
ZWL ACQUIRE_FENCE client=3 surface=6 generation=1
ZWL LAT adopt surface=6 at_us=21595405
ZWL RELEASE client=3 buffer=17 dead=0
ZWL LAT draw frame=304 at_us=21595410
ZWL LAT acquired frame=304 at_us=21595413
ZWL LAT recorded frame=304 at_us=21595439
ZWL COMPOSE frame=304 image=0 windows=1 at_ms=21611
ZWL LAT submit frame=304 at_us=21611752
ZWL LAT shown frame=304 at_us=21613840
ZWL COMMIT client=3 surface=6 buffer=15 queued=0
ZWL ACQUIRE_FENCE client=3 surface=6 generation=1
ZWL LAT adopt surface=6 at_us=21613978
ZWL RELEASE client=3 buffer=19 dead=0
ZWL LAT draw frame=305 at_us=21613984
ZWL LAT acquired frame=305 at_us=21613988
ZWL LAT recorded frame=305 at_us=21614016
ZWL COMPOSE frame=305 image=0 windows=1 at_ms=21628
ZWL LAT submit frame=305 at_us=21628060
ZWL LAT shown frame=305 at_us=21630330
ZWL COMMIT client=3 surface=6 buffer=17 queued=0
ZWL ACQUIRE_FENCE client=3 surface=6 generation=1
ZWL LAT adopt surface=6 at_us=21632280
ZWL RELEASE client=3 buffer=15 dead=0
ZWL LAT draw frame=306 at_us=21632285
ZWL LAT acquired frame=306 at_us=21632290
ZWL LAT recorded frame=306 at_us=21632318
ZWL COMPOSE frame=306 image=0 windows=1 at_ms=21644
ZWL LAT submit frame=306 at_us=21644283
ZWL LAT shown frame=306 at_us=21646400
ZWL COMMIT client=3 surface=6 buffer=15 queued=0
ZWL ACQUIRE_FENCE client=3 surface=6 generation=1
ZWL LAT adopt surface=6 at_us=21651206
ZWL RELEASE client=3 buffer=17 dead=0
ZWL LAT draw frame=307 at_us=21651224
ZWL LAT acquired frame=307 at_us=21651240
ZWL LAT recorded frame=307 at_us=21651299
ZWL COMPOSE frame=307 image=0 windows=1 at_ms=21673
ZWL LAT submit frame=307 at_us=21673711
ZWL LAT shown frame=307 at_us=21675839
ZWL COMMIT client=3 surface=6 buffer=19 queued=0
ZWL ACQUIRE_FENCE client=3 surface=6 generation=1
ZWL LAT adopt surface=6 at_us=21676055
ZWL RELEASE client=3 buffer=15 dead=0
ZWL LAT draw frame=308 at_us=21676071
ZWL LAT acquired frame=308 at_us=21676081
ZWL LAT recorded frame=308 at_us=21676131
ZWL COMPOSE frame=308 image=0 windows=1 at_ms=21691
ZWL LAT submit frame=308 at_us=21691319
ZWL LAT shown frame=308 at_us=21693397
ZWL COMMIT client=3 surface=6 buffer=15 queued=0
ZWL ACQUIRE_FENCE client=3 surface=6 generation=1
ZWL LAT adopt surface=6 at_us=21694171
ZWL RELEASE client=3 buffer=19 dead=0
ZWL LAT draw frame=309 at_us=21694186
ZWL LAT acquired frame=309 at_us=21694196
ZWL LAT recorded frame=309 at_us=21694241
ZWL COMPOSE frame=309 image=0 windows=1 at_ms=21706
ZWL LAT submit frame=309 at_us=21706325
ZWL LAT shown frame=309 at_us=21708435
ZWL COMMIT client=3 surface=6 buffer=17 queued=0
ZWL ACQUIRE_FENCE client=3 surface=6 generation=1
ZWL LAT adopt surface=6 at_us=21713080
ZWL RELEASE client=3 buffer=15 dead=0
ZWL LAT draw frame=310 at_us=21713098
ZWL LAT acquired frame=310 at_us=21713112
ZWL LAT recorded frame=310 at_us=21713164
ZWL COMPOSE frame=310 image=0 windows=1 at_ms=21736
ZWL LAT submit frame=310 at_us=21736301
ZWL LAT shown frame=310 at_us=21738416
ZWL COMMIT client=3 surface=6 buffer=19 queued=0
ZWL ACQUIRE_FENCE client=3 surface=6 generation=1
ZWL LAT adopt surface=6 at_us=21738599
ZWL RELEASE client=3 buffer=17 dead=0
ZWL LAT draw frame=311 at_us=21738658
ZWL LAT acquired frame=311 at_us=21738670
ZWL LAT recorded frame=311 at_us=21738718
ZWL COMPOSE frame=311 image=0 windows=1 at_ms=21756
ZWL LAT submit frame=311 at_us=21756752
ZWL LAT shown frame=311 at_us=21758885
ZWL COMMIT client=3 surface=6 buffer=15 queued=0
ZWL ACQUIRE_FENCE client=3 surface=6 generation=1
ZWL LAT adopt surface=6 at_us=21759180
ZWL RELEASE client=3 buffer=19 dead=0
ZWL LAT draw frame=312 at_us=21759195
ZWL LAT acquired frame=312 at_us=21759205
ZWL LAT recorded frame=312 at_us=21759260
ZWL COMPOSE frame=312 image=0 windows=1 at_ms=21774
ZWL LAT submit frame=312 at_us=21774014
ZWL LAT shown frame=312 at_us=21776129
ZWL COMMIT client=3 surface=6 buffer=17 queued=0
ZWL ACQUIRE_FENCE client=3 surface=6 generation=1
ZWL LAT adopt surface=6 at_us=21777444
ZWL RELEASE client=3 buffer=15 dead=0
ZWL LAT draw frame=313 at_us=21777451
ZWL LAT acquired frame=313 at_us=21777456
ZWL LAT recorded frame=313 at_us=21777485
ZWL COMPOSE frame=313 image=0 windows=1 at_ms=21792
ZWL LAT submit frame=313 at_us=21792208
ZWL LAT shown frame=313 at_us=21794289
ZWL COMMIT client=3 surface=6 buffer=15 queued=0
ZWL ACQUIRE_FENCE client=3 surface=6 generation=1
ZWL LAT adopt surface=6 at_us=21795143
ZWL RELEASE client=3 buffer=17 dead=0
ZWL LAT draw frame=314 at_us=21795149
ZWL LAT acquired frame=314 at_us=21795152
ZWL LAT recorded frame=314 at_us=21795175
ZWL COMPOSE frame=314 image=0 windows=1 at_ms=21807
ZWL LAT submit frame=314 at_us=21807248
ZWL LAT shown frame=314 at_us=21809361
ZWL COMMIT client=3 surface=6 buffer=17 queued=0
ZWL ACQUIRE_FENCE client=3 surface=6 generation=1
ZWL LAT adopt surface=6 at_us=21814307
ZWL RELEASE client=3 buffer=15 dead=0
ZWL LAT draw frame=315 at_us=21814322
ZWL LAT acquired frame=315 at_us=21814335
ZWL LAT recorded frame=315 at_us=21814385
ZWL COMPOSE frame=315 image=0 windows=1 at_ms=21839
ZWL LAT submit frame=315 at_us=21839507
ZWL LAT shown frame=315 at_us=21841641
ZWL COMMIT client=3 surface=6 buffer=19 queued=0
ZWL ACQUIRE_FENCE client=3 surface=6 generation=1
ZWL LAT adopt surface=6 at_us=21841944
ZWL RELEASE client=3 buffer=17 dead=0
ZWL LAT draw frame=316 at_us=21841959
ZWL LAT acquired frame=316 at_us=21841969
ZWL LAT recorded frame=316 at_us=21842023
ZWL COMPOSE frame=316 image=0 windows=1 at_ms=21865
ZWL LAT submit frame=316 at_us=21865508
ZWL LAT shown frame=316 at_us=21867627
ZWL COMMIT client=3 surface=6 buffer=15 queued=0
ZWL ACQUIRE_FENCE client=3 surface=6 generation=1
ZWL LAT adopt surface=6 at_us=21867873
ZWL RELEASE client=3 buffer=19 dead=0
ZWL LAT draw frame=317 at_us=21867887
ZWL LAT acquired frame=317 at_us=21867896
ZWL LAT recorded frame=317 at_us=21867948
ZWL COMPOSE frame=317 image=0 windows=1 at_ms=21885
ZWL LAT submit frame=317 at_us=21885303
ZWL LAT shown frame=317 at_us=21887412
ZWL COMMIT client=3 surface=6 buffer=17 queued=0
ZWL ACQUIRE_FENCE client=3 surface=6 generation=1
ZWL LAT adopt surface=6 at_us=21887601
ZWL RELEASE client=3 buffer=15 dead=0
ZWL LAT draw frame=318 at_us=21887615
ZWL LAT acquired frame=318 at_us=21887624
ZWL LAT recorded frame=318 at_us=21887673
ZWL COMPOSE frame=318 image=0 windows=1 at_ms=21901
ZWL LAT submit frame=318 at_us=21901760
ZWL LAT shown frame=318 at_us=21903966
ZWL COMMIT client=3 surface=6 buffer=15 queued=0
ZWL ACQUIRE_FENCE client=3 surface=6 generation=1
ZWL LAT adopt surface=6 at_us=21905970
ZWL RELEASE client=3 buffer=17 dead=0
ZWL LAT draw frame=319 at_us=21905982
ZWL LAT acquired frame=319 at_us=21905994
ZWL LAT recorded frame=319 at_us=21906038
ZWL COMPOSE frame=319 image=0 windows=1 at_ms=21925
ZWL LAT submit frame=319 at_us=21925100
ZWL LAT shown frame=319 at_us=21927227
ZWL COMMIT client=3 surface=6 buffer=19 queued=0
ZWL ACQUIRE_FENCE client=3 surface=6 generation=1
ZWL LAT adopt surface=6 at_us=21927405
ZWL RELEASE client=3 buffer=15 dead=0
ZWL LAT draw frame=320 at_us=21927419
ZWL LAT acquired frame=320 at_us=21927429
ZWL LAT recorded frame=320 at_us=21927480
ZWL COMPOSE frame=320 image=0 windows=1 at_ms=21946
ZWL LAT submit frame=320 at_us=21946370
ZWL LAT shown frame=320 at_us=21948484
ZWL COMMIT client=3 surface=6 buffer=17 queued=0
ZWL ACQUIRE_FENCE client=3 surface=6 generation=1
ZWL LAT adopt surface=6 at_us=21948719
ZWL RELEASE client=3 buffer=19 dead=0
ZWL LAT draw frame=321 at_us=21948734
ZWL LAT acquired frame=321 at_us=21948743
ZWL LAT recorded frame=321 at_us=21948795
ZWL COMPOSE frame=321 image=0 windows=1 at_ms=21964
ZWL LAT submit frame=321 at_us=21964227
ZWL LAT shown frame=321 at_us=21966305
ZWL COMMIT client=3 surface=6 buffer=15 queued=0
ZWL ACQUIRE_FENCE client=3 surface=6 generation=1
ZWL LAT adopt surface=6 at_us=21966789
ZWL RELEASE client=3 buffer=17 dead=0
ZWL LAT draw frame=322 at_us=21966794
ZWL LAT acquired frame=322 at_us=21966798
ZWL LAT recorded frame=322 at_us=21966823
ZWL COMPOSE frame=322 image=0 windows=1 at_ms=21980
ZWL LAT submit frame=322 at_us=21980961
ZWL LAT shown frame=322 at_us=21983042
ZWL COMMIT client=3 surface=6 buffer=17 queued=0
ZWL ACQUIRE_FENCE client=3 surface=6 generation=1
ZWL LAT adopt surface=6 at_us=21984303
ZWL RELEASE client=3 buffer=15 dead=0
ZWL LAT draw frame=323 at_us=21984308
ZWL LAT acquired frame=323 at_us=21984313
ZWL LAT recorded frame=323 at_us=21984336
ZWL COMPOSE frame=323 image=0 windows=1 at_ms=21997
ZWL LAT submit frame=323 at_us=21997568
ZWL LAT shown frame=323 at_us=21999768
ZWL COMMIT client=3 surface=6 buffer=15 queued=0
ZWL ACQUIRE_FENCE client=3 surface=6 generation=1
ZWL LAT adopt surface=6 at_us=22002113
ZWL RELEASE client=3 buffer=17 dead=0
ZWL LAT draw frame=324 at_us=22002118
ZWL LAT acquired frame=324 at_us=22002123
ZWL LAT recorded frame=324 at_us=22002148
ZWL COMPOSE frame=324 image=0 windows=1 at_ms=22017
ZWL LAT submit frame=324 at_us=22017102
ZWL LAT shown frame=324 at_us=22019335
ZWL COMMIT client=3 surface=6 buffer=17 queued=0
ZWL ACQUIRE_FENCE client=3 surface=6 generation=1
ZWL LAT adopt surface=6 at_us=22020067
ZWL RELEASE client=3 buffer=15 dead=0
ZWL LAT draw frame=325 at_us=22020072
ZWL LAT acquired frame=325 at_us=22020076
ZWL LAT recorded frame=325 at_us=22020101
ZWL COMPOSE frame=325 image=0 windows=1 at_ms=22034
ZWL LAT submit frame=325 at_us=22034812
ZWL LAT shown frame=325 at_us=22036923
ZWL COMMIT client=3 surface=6 buffer=15 queued=0
ZWL ACQUIRE_FENCE client=3 surface=6 generation=1
ZWL LAT adopt surface=6 at_us=22038062
ZWL RELEASE client=3 buffer=17 dead=0
ZWL LAT draw frame=326 at_us=22038066
ZWL LAT acquired frame=326 at_us=22038070
ZWL LAT recorded frame=326 at_us=22038093
ZWL COMPOSE frame=326 image=0 windows=1 at_ms=22053
ZWL LAT submit frame=326 at_us=22053157
ZWL LAT shown frame=326 at_us=22055296
ZWL COMMIT client=3 surface=6 buffer=17 queued=0
ZWL ACQUIRE_FENCE client=3 surface=6 generation=1
ZWL LAT adopt surface=6 at_us=22056339
ZWL RELEASE client=3 buffer=15 dead=0
ZWL LAT draw frame=327 at_us=22056351
ZWL LAT acquired frame=327 at_us=22056360
ZWL LAT recorded frame=327 at_us=22056401
ZWL COMPOSE frame=327 image=0 windows=1 at_ms=22076
ZWL LAT submit frame=327 at_us=22076765
ZWL LAT shown frame=327 at_us=22091606
ZWL COMMIT client=3 surface=6 buffer=19 queued=0
ZWL ACQUIRE_FENCE client=3 surface=6 generation=1
ZWL LAT adopt surface=6 at_us=22091923
ZWL RELEASE client=3 buffer=17 dead=0
ZWL LAT draw frame=328 at_us=22091947
ZWL LAT acquired frame=328 at_us=22091992
ZWL LAT recorded frame=328 at_us=22092484
ZWL COMPOSE frame=328 image=0 windows=1 at_ms=22117
ZWL LAT submit frame=328 at_us=22117635
ZWL LAT shown frame=328 at_us=22119765
ZWL COMMIT client=3 surface=6 buffer=15 queued=0
ZWL ACQUIRE_FENCE client=3 surface=6 generation=1
ZWL LAT adopt surface=6 at_us=22119960
ZWL RELEASE client=3 buffer=19 dead=0
ZWL LAT draw frame=329 at_us=22119977
ZWL LAT acquired frame=329 at_us=22119987
ZWL LAT recorded frame=329 at_us=22120099
ZWL COMPOSE frame=329 image=0 windows=1 at_ms=22135
ZWL LAT submit frame=329 at_us=22135084
ZWL LAT shown frame=329 at_us=22137239
ZWL COMMIT client=3 surface=6 buffer=17 queued=0
ZWL ACQUIRE_FENCE client=3 surface=6 generation=1
ZWL LAT adopt surface=6 at_us=22139081
ZWL RELEASE client=3 buffer=15 dead=0
ZWL LAT draw frame=330 at_us=22139092
ZWL LAT acquired frame=330 at_us=22139154
ZWL LAT recorded frame=330 at_us=22139209
ZWL COMPOSE frame=330 image=0 windows=1 at_ms=22153
ZWL LAT submit frame=330 at_us=22153401
ZWL LAT shown frame=330 at_us=22155503
ZWL COMMIT client=3 surface=6 buffer=15 queued=0
ZWL ACQUIRE_FENCE client=3 surface=6 generation=1
ZWL LAT adopt surface=6 at_us=22158052
ZWL RELEASE client=3 buffer=17 dead=0
ZWL LAT draw frame=331 at_us=22158060
ZWL LAT acquired frame=331 at_us=22158114
ZWL LAT recorded frame=331 at_us=22158149
ZWL COMPOSE frame=331 image=0 windows=1 at_ms=22178
ZWL LAT submit frame=331 at_us=22178440
ZWL LAT shown frame=331 at_us=22180554
ZWL COMMIT client=3 surface=6 buffer=19 queued=0
ZWL ACQUIRE_FENCE client=3 surface=6 generation=1
ZWL LAT adopt surface=6 at_us=22180763
ZWL RELEASE client=3 buffer=15 dead=0
ZWL LAT draw frame=332 at_us=22180778
ZWL LAT acquired frame=332 at_us=22180787
ZWL LAT recorded frame=332 at_us=22180840
ZWL COMPOSE frame=332 image=0 windows=1 at_ms=22198
ZWL LAT submit frame=332 at_us=22198822
ZWL LAT shown frame=332 at_us=22200946
ZWL COMMIT client=3 surface=6 buffer=17 queued=0
ZWL ACQUIRE_FENCE client=3 surface=6 generation=1
ZWL LAT adopt surface=6 at_us=22201137
ZWL RELEASE client=3 buffer=19 dead=0
ZWL LAT draw frame=333 at_us=22201153
ZWL LAT acquired frame=333 at_us=22201163
ZWL LAT recorded frame=333 at_us=22201225
ZWL COMPOSE frame=333 image=0 windows=1 at_ms=22215
ZWL LAT submit frame=333 at_us=22215340
ZWL LAT shown frame=333 at_us=22217623
ZWL COMMIT client=3 surface=6 buffer=15 queued=0
ZWL ACQUIRE_FENCE client=3 surface=6 generation=1
ZWL LAT adopt surface=6 at_us=22220137
ZWL RELEASE client=3 buffer=17 dead=0
ZWL LAT draw frame=334 at_us=22220143
ZWL LAT acquired frame=334 at_us=22220148
ZWL LAT recorded frame=334 at_us=22220174
ZWL COMPOSE frame=334 image=0 windows=1 at_ms=22233
ZWL LAT submit frame=334 at_us=22233357
ZWL LAT shown frame=334 at_us=22235468
ZWL COMMIT client=3 surface=6 buffer=17 queued=0
ZWL ACQUIRE_FENCE client=3 surface=6 generation=1
ZWL LAT adopt surface=6 at_us=22239105
ZWL RELEASE client=3 buffer=15 dead=0
ZWL LAT draw frame=335 at_us=22239122
ZWL LAT acquired frame=335 at_us=22239138
ZWL LAT recorded frame=335 at_us=22239193
ZWL COMPOSE frame=335 image=0 windows=1 at_ms=22259
ZWL LAT submit frame=335 at_us=22259696
ZWL LAT shown frame=335 at_us=22261780
ZWL COMMIT client=3 surface=6 buffer=19 queued=0
ZWL ACQUIRE_FENCE client=3 surface=6 generation=1
ZWL LAT adopt surface=6 at_us=22261871
ZWL RELEASE client=3 buffer=17 dead=0
ZWL LAT draw frame=336 at_us=22261876
ZWL LAT acquired frame=336 at_us=22261880
ZWL LAT recorded frame=336 at_us=22261921
ZWL COMPOSE frame=336 image=0 windows=1 at_ms=22286
ZWL LAT submit frame=336 at_us=22286794
ZWL LAT shown frame=336 at_us=22290263
ZWL COMMIT client=3 surface=6 buffer=15 queued=0
ZWL ACQUIRE_FENCE client=3 surface=6 generation=1
ZWL LAT adopt surface=6 at_us=22290371
ZWL RELEASE client=3 buffer=19 dead=0
ZWL LAT draw frame=337 at_us=22290376
ZWL LAT acquired frame=337 at_us=22290381
ZWL LAT recorded frame=337 at_us=22290420
ZWL COMPOSE frame=337 image=0 windows=1 at_ms=22310
ZWL LAT submit frame=337 at_us=22310555
ZWL LAT shown frame=337 at_us=22312653
ZWL COMMIT client=3 surface=6 buffer=17 queued=0
ZWL ACQUIRE_FENCE client=3 surface=6 generation=1
ZWL LAT adopt surface=6 at_us=22312729
ZWL RELEASE client=3 buffer=15 dead=0
ZWL LAT draw frame=338 at_us=22312735
ZWL LAT acquired frame=338 at_us=22312739
ZWL LAT recorded frame=338 at_us=22312778
ZWL COMPOSE frame=338 image=0 windows=1 at_ms=22326
ZWL LAT submit frame=338 at_us=22326708
ZWL LAT shown frame=338 at_us=22328788
ZWL COMMIT client=3 surface=6 buffer=15 queued=0
ZWL ACQUIRE_FENCE client=3 surface=6 generation=1
ZWL LAT adopt surface=6 at_us=22330522
ZWL RELEASE client=3 buffer=17 dead=0
ZWL LAT draw frame=339 at_us=22330528
ZWL LAT acquired frame=339 at_us=22330546
ZWL LAT recorded frame=339 at_us=22330579
ZWL COMPOSE frame=339 image=0 windows=1 at_ms=22344
ZWL LAT submit frame=339 at_us=22344101
ZWL LAT shown frame=339 at_us=22346193
ZWL COMMIT client=3 surface=6 buffer=17 queued=0
ZWL ACQUIRE_FENCE client=3 surface=6 generation=1
ZWL LAT adopt surface=6 at_us=22349246
ZWL RELEASE client=3 buffer=15 dead=0
ZWL LAT draw frame=340 at_us=22349252
ZWL LAT acquired frame=340 at_us=22349257
ZWL LAT recorded frame=340 at_us=22349289
ZWL COMPOSE frame=340 image=0 windows=1 at_ms=22366
ZWL LAT submit frame=340 at_us=22366125
ZWL LAT shown frame=340 at_us=22368207
ZWL COMMIT client=3 surface=6 buffer=19 queued=0
ZWL ACQUIRE_FENCE client=3 surface=6 generation=1
ZWL LAT adopt surface=6 at_us=22368372
ZWL RELEASE client=3 buffer=17 dead=0
ZWL LAT draw frame=341 at_us=22368378
ZWL LAT acquired frame=341 at_us=22368383
ZWL LAT recorded frame=341 at_us=22368415
ZWL COMPOSE frame=341 image=0 windows=1 at_ms=22382
ZWL LAT submit frame=341 at_us=22382993
ZWL LAT shown frame=341 at_us=22385089
ZWL COMMIT client=3 surface=6 buffer=15 queued=0
ZWL ACQUIRE_FENCE client=3 surface=6 generation=1
ZWL LAT adopt surface=6 at_us=22386249
ZWL RELEASE client=3 buffer=19 dead=0
ZWL LAT draw frame=342 at_us=22386255
ZWL LAT acquired frame=342 at_us=22386260
ZWL LAT recorded frame=342 at_us=22386293
ZWL COMPOSE frame=342 image=0 windows=1 at_ms=22403
ZWL LAT submit frame=342 at_us=22403097
ZWL LAT shown frame=342 at_us=22405213
ZWL COMMIT client=3 surface=6 buffer=17 queued=0
ZWL ACQUIRE_FENCE client=3 surface=6 generation=1
ZWL LAT adopt surface=6 at_us=22405401
ZWL RELEASE client=3 buffer=15 dead=0
ZWL LAT draw frame=343 at_us=22405417
ZWL LAT acquired frame=343 at_us=22405429
ZWL LAT recorded frame=343 at_us=22405489
ZWL COMPOSE frame=343 image=0 windows=1 at_ms=22428
ZWL LAT submit frame=343 at_us=22428078
ZWL LAT shown frame=343 at_us=22430195
ZWL COMMIT client=3 surface=6 buffer=19 queued=0
ZWL ACQUIRE_FENCE client=3 surface=6 generation=1
ZWL LAT adopt surface=6 at_us=22430483
ZWL RELEASE client=3 buffer=17 dead=0
ZWL LAT draw frame=344 at_us=22430498
ZWL LAT acquired frame=344 at_us=22430506
ZWL LAT recorded frame=344 at_us=22430563
ZWL COMPOSE frame=344 image=0 windows=1 at_ms=22444
ZWL LAT submit frame=344 at_us=22444596
ZWL LAT shown frame=344 at_us=22446727
ZWL COMMIT client=3 surface=6 buffer=15 queued=0
ZWL ACQUIRE_FENCE client=3 surface=6 generation=1
ZWL LAT adopt surface=6 at_us=22449257
ZWL RELEASE client=3 buffer=19 dead=0
ZWL LAT draw frame=345 at_us=22449274
ZWL LAT acquired frame=345 at_us=22449288
ZWL LAT recorded frame=345 at_us=22449362
ZWL COMPOSE frame=345 image=0 windows=1 at_ms=22472
ZWL LAT submit frame=345 at_us=22472069
ZWL LAT shown frame=345 at_us=22474198
ZWL COMMIT client=3 surface=6 buffer=17 queued=0
ZWL ACQUIRE_FENCE client=3 surface=6 generation=1
ZWL LAT adopt surface=6 at_us=22474524
ZWL RELEASE client=3 buffer=15 dead=0
ZWL LAT draw frame=346 at_us=22474539
ZWL LAT acquired frame=346 at_us=22474549
ZWL LAT recorded frame=346 at_us=22474606
ZWL COMPOSE frame=346 image=0 windows=1 at_ms=22490
ZWL LAT submit frame=346 at_us=22490839
ZWL LAT shown frame=346 at_us=22493024
ZWL COMMIT client=3 surface=6 buffer=19 queued=0
ZWL ACQUIRE_FENCE client=3 surface=6 generation=1
ZWL LAT adopt surface=6 at_us=22493207
ZWL RELEASE client=3 buffer=17 dead=0
ZWL LAT draw frame=347 at_us=22493217
ZWL LAT acquired frame=347 at_us=22493225
ZWL LAT recorded frame=347 at_us=22493264
ZWL COMPOSE frame=347 image=0 windows=1 at_ms=22506
ZWL LAT submit frame=347 at_us=22506811
ZWL LAT shown frame=347 at_us=22508932
ZWL COMMIT client=3 surface=6 buffer=15 queued=0
ZWL ACQUIRE_FENCE client=3 surface=6 generation=1
ZWL LAT adopt surface=6 at_us=22511329
ZWL RELEASE client=3 buffer=19 dead=0
ZWL LAT draw frame=348 at_us=22511346
ZWL LAT acquired frame=348 at_us=22511360
ZWL LAT recorded frame=348 at_us=22511417
ZWL COMPOSE frame=348 image=0 windows=1 at_ms=22523
ZWL LAT submit frame=348 at_us=22523727
ZWL LAT shown frame=348 at_us=22525840
ZWL COMMIT client=3 surface=6 buffer=17 queued=0
ZWL ACQUIRE_FENCE client=3 surface=6 generation=1
ZWL LAT adopt surface=6 at_us=22530084
ZWL RELEASE client=3 buffer=15 dead=0
ZWL LAT draw frame=349 at_us=22530089
ZWL LAT acquired frame=349 at_us=22530093
ZWL LAT recorded frame=349 at_us=22530137
ZWL COMPOSE frame=349 image=0 windows=1 at_ms=22550
ZWL LAT submit frame=349 at_us=22550087
ZWL LAT shown frame=349 at_us=22552224
ZWL COMMIT client=3 surface=6 buffer=19 queued=0
ZWL ACQUIRE_FENCE client=3 surface=6 generation=1
ZWL LAT adopt surface=6 at_us=22552416
ZWL RELEASE client=3 buffer=17 dead=0
ZWL LAT draw frame=350 at_us=22552432
ZWL LAT acquired frame=350 at_us=22552442
ZWL LAT recorded frame=350 at_us=22552507
ZWL COMPOSE frame=350 image=0 windows=1 at_ms=22567
ZWL LAT submit frame=350 at_us=22567373
ZWL LAT shown frame=350 at_us=22569453
ZWL COMMIT client=3 surface=6 buffer=15 queued=0
ZWL ACQUIRE_FENCE client=3 surface=6 generation=1
ZWL LAT adopt surface=6 at_us=22571187
ZWL RELEASE client=3 buffer=19 dead=0
ZWL LAT draw frame=351 at_us=22571193
ZWL LAT acquired frame=351 at_us=22571200
ZWL LAT recorded frame=351 at_us=22571230
ZWL COMPOSE frame=351 image=0 windows=1 at_ms=22583
ZWL LAT submit frame=351 at_us=22583023
ZWL LAT shown frame=351 at_us=22585138
ZWL COMMIT client=3 surface=6 buffer=17 queued=0
ZWL ACQUIRE_FENCE client=3 surface=6 generation=1
ZWL LAT adopt surface=6 at_us=22591022
ZWL RELEASE client=3 buffer=15 dead=0
ZWL LAT draw frame=352 at_us=22591034
ZWL LAT acquired frame=352 at_us=22591044
ZWL LAT recorded frame=352 at_us=22591088
ZWL COMPOSE frame=352 image=0 windows=1 at_ms=22613
ZWL LAT submit frame=352 at_us=22613327
ZWL LAT shown frame=352 at_us=22615533
ZWL COMMIT client=3 surface=6 buffer=19 queued=0
ZWL ACQUIRE_FENCE client=3 surface=6 generation=1
ZWL LAT adopt surface=6 at_us=22615735
ZWL RELEASE client=3 buffer=17 dead=0
ZWL LAT draw frame=353 at_us=22615751
ZWL LAT acquired frame=353 at_us=22615762
ZWL LAT recorded frame=353 at_us=22615822
ZWL COMPOSE frame=353 image=0 windows=1 at_ms=22633
ZWL LAT submit frame=353 at_us=22633051
ZWL LAT shown frame=353 at_us=22635257
ZWL COMMIT client=3 surface=6 buffer=15 queued=0
ZWL ACQUIRE_FENCE client=3 surface=6 generation=1
ZWL LAT adopt surface=6 at_us=22635459
ZWL RELEASE client=3 buffer=19 dead=0
ZWL LAT draw frame=354 at_us=22635475
ZWL LAT acquired frame=354 at_us=22635485
ZWL LAT recorded frame=354 at_us=22635544
ZWL COMPOSE frame=354 image=0 windows=1 at_ms=22650
ZWL LAT submit frame=354 at_us=22650172
ZWL LAT shown frame=354 at_us=22652261
ZWL COMMIT client=3 surface=6 buffer=17 queued=0
ZWL ACQUIRE_FENCE client=3 surface=6 generation=1
ZWL LAT adopt surface=6 at_us=22654399
ZWL RELEASE client=3 buffer=15 dead=0
ZWL LAT draw frame=355 at_us=22654406
ZWL LAT acquired frame=355 at_us=22654413
ZWL LAT recorded frame=355 at_us=22654438
ZWL COMPOSE frame=355 image=0 windows=1 at_ms=22673
ZWL LAT submit frame=355 at_us=22673472
ZWL LAT shown frame=355 at_us=22675593
ZWL COMMIT client=3 surface=6 buffer=19 queued=0
ZWL ACQUIRE_FENCE client=3 surface=6 generation=1
ZWL LAT adopt surface=6 at_us=22675831
ZWL RELEASE client=3 buffer=17 dead=0
ZWL LAT draw frame=356 at_us=22675849
ZWL LAT acquired frame=356 at_us=22675860
ZWL LAT recorded frame=356 at_us=22675923
ZWL COMPOSE frame=356 image=0 windows=1 at_ms=22690
ZWL LAT submit frame=356 at_us=22690267
ZWL LAT shown frame=356 at_us=22692358
ZWL COMMIT client=3 surface=6 buffer=15 queued=0
ZWL ACQUIRE_FENCE client=3 surface=6 generation=1
ZWL LAT adopt surface=6 at_us=22694470
ZWL RELEASE client=3 buffer=19 dead=0
ZWL LAT draw frame=357 at_us=22694494
ZWL LAT acquired frame=357 at_us=22694511
ZWL LAT recorded frame=357 at_us=22694591
ZWL COMPOSE frame=357 image=0 windows=1 at_ms=22716
ZWL LAT submit frame=357 at_us=22716447
ZWL LAT shown frame=357 at_us=22718639
ZWL COMMIT client=3 surface=6 buffer=17 queued=0
ZWL ACQUIRE_FENCE client=3 surface=6 generation=1
ZWL LAT adopt surface=6 at_us=22718990
ZWL RELEASE client=3 buffer=15 dead=0
ZWL LAT draw frame=358 at_us=22719014
ZWL LAT acquired frame=358 at_us=22719032
ZWL LAT recorded frame=358 at_us=22719214
ZWL COMPOSE frame=358 image=0 windows=1 at_ms=22739
ZWL LAT submit frame=358 at_us=22739034
ZWL LAT shown frame=358 at_us=22741154
ZWL COMMIT client=3 surface=6 buffer=19 queued=0
ZWL ACQUIRE_FENCE client=3 surface=6 generation=1
ZWL LAT adopt surface=6 at_us=22741408
ZWL RELEASE client=3 buffer=17 dead=0
ZWL LAT draw frame=359 at_us=22741423
ZWL LAT acquired frame=359 at_us=22741434
ZWL LAT recorded frame=359 at_us=22741486
ZWL COMPOSE frame=359 image=0 windows=1 at_ms=22755
ZWL LAT submit frame=359 at_us=22755549
ZWL LAT shown frame=359 at_us=22757674
ZWL COMMIT client=3 surface=6 buffer=15 queued=0
ZWL ACQUIRE_FENCE client=3 surface=6 generation=1
ZWL LAT adopt surface=6 at_us=22760094
ZWL RELEASE client=3 buffer=19 dead=0
ZWL LAT draw frame=360 at_us=22760099
ZWL LAT acquired frame=360 at_us=22760105
ZWL LAT recorded frame=360 at_us=22760130
ZWL COMPOSE frame=360 image=0 windows=1 at_ms=22772
ZWL LAT submit frame=360 at_us=22772753
ZWL LAT shown frame=360 at_us=22774866
ZWL COMMIT client=3 surface=6 buffer=17 queued=0
ZWL ACQUIRE_FENCE client=3 surface=6 generation=1
ZWL LAT adopt surface=6 at_us=22778546
ZWL RELEASE client=3 buffer=15 dead=0
ZWL LAT draw frame=361 at_us=22778561
ZWL LAT acquired frame=361 at_us=22778567
ZWL LAT recorded frame=361 at_us=22778590
ZWL COMPOSE frame=361 image=0 windows=1 at_ms=22791
ZWL LAT submit frame=361 at_us=22791944
ZWL LAT shown frame=361 at_us=22794063
ZWL COMMIT client=3 surface=6 buffer=15 queued=0
ZWL ACQUIRE_FENCE client=3 surface=6 generation=1
ZWL LAT adopt surface=6 at_us=22797080
ZWL RELEASE client=3 buffer=17 dead=0
ZWL LAT draw frame=362 at_us=22797097
ZWL LAT acquired frame=362 at_us=22797111
ZWL LAT recorded frame=362 at_us=22797166
ZWL COMPOSE frame=362 image=0 windows=1 at_ms=22810
ZWL LAT submit frame=362 at_us=22810404
ZWL LAT shown frame=362 at_us=22812516
ZWL COMMIT client=3 surface=6 buffer=17 queued=0
ZWL ACQUIRE_FENCE client=3 surface=6 generation=1
ZWL LAT adopt surface=6 at_us=22815846
ZWL RELEASE client=3 buffer=15 dead=0
ZWL LAT draw frame=363 at_us=22815861
ZWL LAT acquired frame=363 at_us=22815873
ZWL LAT recorded frame=363 at_us=22815922
ZWL COMPOSE frame=363 image=0 windows=1 at_ms=22835
ZWL LAT submit frame=363 at_us=22835638
ZWL LAT shown frame=363 at_us=22837721
ZWL COMMIT client=3 surface=6 buffer=19 queued=0
ZWL ACQUIRE_FENCE client=3 surface=6 generation=1
ZWL LAT adopt surface=6 at_us=22837877
ZWL RELEASE client=3 buffer=17 dead=0
ZWL LAT draw frame=364 at_us=22837882
ZWL LAT acquired frame=364 at_us=22837885
ZWL LAT recorded frame=364 at_us=22837912
ZWL COMPOSE frame=364 image=0 windows=1 at_ms=22855
ZWL LAT submit frame=364 at_us=22855371
ZWL LAT shown frame=364 at_us=22857453
ZWL COMMIT client=3 surface=6 buffer=15 queued=0
ZWL ACQUIRE_FENCE client=3 surface=6 generation=1
ZWL LAT adopt surface=6 at_us=22857520
ZWL RELEASE client=3 buffer=19 dead=0
ZWL LAT draw frame=365 at_us=22857525
ZWL LAT acquired frame=365 at_us=22857528
ZWL LAT recorded frame=365 at_us=22857551
ZWL COMPOSE frame=365 image=0 windows=1 at_ms=22874
ZWL LAT submit frame=365 at_us=22874718
ZWL LAT shown frame=365 at_us=22926301
ZWL COMMIT client=3 surface=6 buffer=17 queued=0
ZWL ACQUIRE_FENCE client=3 surface=6 generation=1
ZWL LAT adopt surface=6 at_us=22926627
ZWL RELEASE client=3 buffer=15 dead=0
ZWL LAT draw frame=366 at_us=22926643
ZWL LAT acquired frame=366 at_us=22926654
ZWL LAT recorded frame=366 at_us=22926711
ZWL COMPOSE frame=366 image=0 windows=1 at_ms=22953
ZWL LAT submit frame=366 at_us=22953019
ZWL LAT shown frame=366 at_us=22955231
ZWL COMMIT client=3 surface=6 buffer=19 queued=0
ZWL ACQUIRE_FENCE client=3 surface=6 generation=1
ZWL LAT adopt surface=6 at_us=22955553
ZWL RELEASE client=3 buffer=17 dead=0
ZWL LAT draw frame=367 at_us=22955570
ZWL LAT acquired frame=367 at_us=22955583
ZWL LAT recorded frame=367 at_us=22955642
ZWL COMPOSE frame=367 image=0 windows=1 at_ms=22971
ZWL LAT submit frame=367 at_us=22971238
ZWL LAT shown frame=367 at_us=22973332
ZWL COMMIT client=3 surface=6 buffer=15 queued=0
ZWL ACQUIRE_FENCE client=3 surface=6 generation=1
ZWL LAT adopt surface=6 at_us=22973702
ZWL RELEASE client=3 buffer=19 dead=0
ZWL LAT draw frame=368 at_us=22973707
ZWL LAT acquired frame=368 at_us=22973712
ZWL LAT recorded frame=368 at_us=22973739
ZWL COMPOSE frame=368 image=0 windows=1 at_ms=22985
ZWL LAT submit frame=368 at_us=22985578
ZWL LAT shown frame=368 at_us=22987690
ZWL COMMIT client=3 surface=6 buffer=17 queued=0
ZWL ACQUIRE_FENCE client=3 surface=6 generation=1
ZWL LAT adopt surface=6 at_us=22991606
ZWL RELEASE client=3 buffer=15 dead=0
ZWL LAT draw frame=369 at_us=22991612
ZWL LAT acquired frame=369 at_us=22991616
ZWL LAT recorded frame=369 at_us=22991643
ZWL COMPOSE frame=369 image=0 windows=1 at_ms=23005
ZWL LAT submit frame=369 at_us=23005358
ZWL LAT shown frame=369 at_us=23007469
ZWL COMMIT client=3 surface=6 buffer=15 queued=0
ZWL ACQUIRE_FENCE client=3 surface=6 generation=1
ZWL LAT adopt surface=6 at_us=23009402
ZWL RELEASE client=3 buffer=17 dead=0
ZWL LAT draw frame=370 at_us=23009407
ZWL LAT acquired frame=370 at_us=23009411
ZWL LAT recorded frame=370 at_us=23009436
ZWL COMPOSE frame=370 image=0 windows=1 at_ms=23021
ZWL LAT submit frame=370 at_us=23021818
ZWL LAT shown frame=370 at_us=23023928
ZWL COMMIT client=3 surface=6 buffer=17 queued=0
ZWL ACQUIRE_FENCE client=3 surface=6 generation=1
ZWL LAT adopt surface=6 at_us=23027321
ZWL RELEASE client=3 buffer=15 dead=0
ZWL LAT draw frame=371 at_us=23027326
ZWL LAT acquired frame=371 at_us=23027331
ZWL LAT recorded frame=371 at_us=23027356
ZWL COMPOSE frame=371 image=0 windows=1 at_ms=23040
ZWL LAT submit frame=371 at_us=23040019
ZWL LAT shown frame=371 at_us=23042144
ZWL COMMIT client=3 surface=6 buffer=15 queued=0
ZWL ACQUIRE_FENCE client=3 surface=6 generation=1
ZWL LAT adopt surface=6 at_us=23046318
ZWL RELEASE client=3 buffer=17 dead=0
ZWL LAT draw frame=372 at_us=23046330
ZWL LAT acquired frame=372 at_us=23046341
ZWL LAT recorded frame=372 at_us=23046389
ZWL COMPOSE frame=372 image=0 windows=1 at_ms=23070
ZWL LAT submit frame=372 at_us=23070445
ZWL LAT shown frame=372 at_us=23072577
ZWL COMMIT client=3 surface=6 buffer=19 queued=0
ZWL ACQUIRE_FENCE client=3 surface=6 generation=1
ZWL LAT adopt surface=6 at_us=23072788
ZWL RELEASE client=3 buffer=15 dead=0
ZWL LAT draw frame=373 at_us=23072804
ZWL LAT acquired frame=373 at_us=23072815
ZWL LAT recorded frame=373 at_us=23072891
ZWL COMPOSE frame=373 image=0 windows=1 at_ms=23089
ZWL LAT submit frame=373 at_us=23089673
ZWL LAT shown frame=373 at_us=23091795
ZWL COMMIT client=3 surface=6 buffer=17 queued=0
ZWL ACQUIRE_FENCE client=3 surface=6 generation=1
ZWL LAT adopt surface=6 at_us=23091975
ZWL RELEASE client=3 buffer=19 dead=0
ZWL LAT draw frame=374 at_us=23091989
ZWL LAT acquired frame=374 at_us=23092032
ZWL LAT recorded frame=374 at_us=23092099
ZWL COMPOSE frame=374 image=0 windows=1 at_ms=23119
ZWL LAT submit frame=374 at_us=23119864
ZWL LAT shown frame=374 at_us=23121993
ZWL COMMIT client=3 surface=6 buffer=15 queued=0
ZWL ACQUIRE_FENCE client=3 surface=6 generation=1
ZWL LAT adopt surface=6 at_us=23122213
ZWL RELEASE client=3 buffer=17 dead=0
ZWL LAT draw frame=375 at_us=23122226
ZWL LAT acquired frame=375 at_us=23122236
ZWL LAT recorded frame=375 at_us=23122288
ZWL COMPOSE frame=375 image=0 windows=1 at_ms=23147
ZWL LAT submit frame=375 at_us=23147804
ZWL LAT shown frame=375 at_us=23149933
ZWL COMMIT client=3 surface=6 buffer=19 queued=0
ZWL ACQUIRE_FENCE client=3 surface=6 generation=1
ZWL LAT adopt surface=6 at_us=23150228
ZWL RELEASE client=3 buffer=15 dead=0
ZWL LAT draw frame=376 at_us=23150244
ZWL LAT acquired frame=376 at_us=23150254
ZWL LAT recorded frame=376 at_us=23150312
ZWL COMPOSE frame=376 image=0 windows=1 at_ms=23165
ZWL LAT submit frame=376 at_us=23165959
ZWL LAT shown frame=376 at_us=23168098
ZWL COMMIT client=3 surface=6 buffer=15 queued=0
ZWL ACQUIRE_FENCE client=3 surface=6 generation=1
ZWL LAT adopt surface=6 at_us=23168163
ZWL RELEASE client=3 buffer=19 dead=0
ZWL LAT draw frame=377 at_us=23168168
ZWL LAT acquired frame=377 at_us=23168172
ZWL LAT recorded frame=377 at_us=23168198
ZWL COMPOSE frame=377 image=0 windows=1 at_ms=23179
ZWL LAT submit frame=377 at_us=23179604
ZWL LAT shown frame=377 at_us=23181715
ZWL COMMIT client=3 surface=6 buffer=17 queued=0
ZWL ACQUIRE_FENCE client=3 surface=6 generation=1
ZWL LAT adopt surface=6 at_us=23186421
ZWL RELEASE client=3 buffer=15 dead=0
ZWL LAT draw frame=378 at_us=23186426
ZWL LAT acquired frame=378 at_us=23186431
ZWL LAT recorded frame=378 at_us=23186455
ZWL COMPOSE frame=378 image=0 windows=1 at_ms=23200
ZWL LAT submit frame=378 at_us=23200641
ZWL LAT shown frame=378 at_us=23202843
ZWL COMMIT client=3 surface=6 buffer=15 queued=0
ZWL ACQUIRE_FENCE client=3 surface=6 generation=1
ZWL LAT adopt surface=6 at_us=23205264
ZWL RELEASE client=3 buffer=17 dead=0
ZWL LAT draw frame=379 at_us=23205278
ZWL LAT acquired frame=379 at_us=23205291
ZWL LAT recorded frame=379 at_us=23205341
ZWL COMPOSE frame=379 image=0 windows=1 at_ms=23226
ZWL LAT submit frame=379 at_us=23226986
ZWL LAT shown frame=379 at_us=23229110
ZWL COMMIT client=3 surface=6 buffer=19 queued=0
ZWL ACQUIRE_FENCE client=3 surface=6 generation=1
ZWL LAT adopt surface=6 at_us=23229411
ZWL RELEASE client=3 buffer=15 dead=0
ZWL LAT draw frame=380 at_us=23229425
ZWL LAT acquired frame=380 at_us=23229434
ZWL LAT recorded frame=380 at_us=23229486
ZWL COMPOSE frame=380 image=0 windows=1 at_ms=23249
ZWL LAT submit frame=380 at_us=23249331
ZWL LAT shown frame=380 at_us=23251443
ZWL COMMIT client=3 surface=6 buffer=17 queued=0
ZWL ACQUIRE_FENCE client=3 surface=6 generation=1
ZWL LAT adopt surface=6 at_us=23251609
ZWL RELEASE client=3 buffer=19 dead=0
ZWL LAT draw frame=381 at_us=23251623
ZWL LAT acquired frame=381 at_us=23251632
ZWL LAT recorded frame=381 at_us=23251682
ZWL COMPOSE frame=381 image=0 windows=1 at_ms=23268
ZWL LAT submit frame=381 at_us=23268997
ZWL LAT shown frame=381 at_us=23271195
ZWL COMMIT client=3 surface=6 buffer=15 queued=0
ZWL ACQUIRE_FENCE client=3 surface=6 generation=1
ZWL LAT adopt surface=6 at_us=23271398
ZWL RELEASE client=3 buffer=17 dead=0
ZWL LAT draw frame=382 at_us=23271414
ZWL LAT acquired frame=382 at_us=23271425
ZWL LAT recorded frame=382 at_us=23271481
ZWL COMPOSE frame=382 image=0 windows=1 at_ms=23286
ZWL LAT submit frame=382 at_us=23286691
ZWL LAT shown frame=382 at_us=23288767
ZWL COMMIT client=3 surface=6 buffer=17 queued=0
ZWL ACQUIRE_FENCE client=3 surface=6 generation=1
ZWL LAT adopt surface=6 at_us=23289422
ZWL RELEASE client=3 buffer=15 dead=0
ZWL LAT draw frame=383 at_us=23289426
ZWL LAT acquired frame=383 at_us=23289430
ZWL LAT recorded frame=383 at_us=23289453
ZWL COMPOSE frame=383 image=0 windows=1 at_ms=23303
ZWL LAT submit frame=383 at_us=23303436
ZWL LAT shown frame=383 at_us=23305568
ZWL COMMIT client=3 surface=6 buffer=15 queued=0
ZWL ACQUIRE_FENCE client=3 surface=6 generation=1
ZWL LAT adopt surface=6 at_us=23307383
ZWL RELEASE client=3 buffer=17 dead=0
ZWL LAT draw frame=384 at_us=23307388
ZWL LAT acquired frame=384 at_us=23307394
ZWL LAT recorded frame=384 at_us=23307423
ZWL COMPOSE frame=384 image=0 windows=1 at_ms=23319
ZWL LAT submit frame=384 at_us=23319487
ZWL LAT shown frame=384 at_us=23321605
ZWL COMMIT client=3 surface=6 buffer=17 queued=0
ZWL ACQUIRE_FENCE client=3 surface=6 generation=1
ZWL LAT adopt surface=6 at_us=23326922
ZWL RELEASE client=3 buffer=15 dead=0
ZWL LAT draw frame=385 at_us=23326934
ZWL LAT acquired frame=385 at_us=23326943
ZWL LAT recorded frame=385 at_us=23326986
ZWL COMPOSE frame=385 image=0 windows=1 at_ms=23349
ZWL LAT submit frame=385 at_us=23349389
ZWL LAT shown frame=385 at_us=23351523
ZWL COMMIT client=3 surface=6 buffer=19 queued=0
ZWL ACQUIRE_FENCE client=3 surface=6 generation=1
ZWL LAT adopt surface=6 at_us=23351834
ZWL RELEASE client=3 buffer=17 dead=0
ZWL LAT draw frame=386 at_us=23351851
ZWL LAT acquired frame=386 at_us=23351861
ZWL LAT recorded frame=386 at_us=23351966
ZWL COMPOSE frame=386 image=0 windows=1 at_ms=23372
ZWL LAT submit frame=386 at_us=23372723
ZWL LAT shown frame=386 at_us=23374959
ZWL COMMIT client=3 surface=6 buffer=15 queued=0
ZWL ACQUIRE_FENCE client=3 surface=6 generation=1
ZWL LAT adopt surface=6 at_us=23375279
ZWL RELEASE client=3 buffer=19 dead=0
ZWL LAT draw frame=387 at_us=23375296
ZWL LAT acquired frame=387 at_us=23375308
ZWL LAT recorded frame=387 at_us=23375369
ZWL COMPOSE frame=387 image=0 windows=1 at_ms=23401
ZWL LAT submit frame=387 at_us=23401576
ZWL LAT shown frame=387 at_us=23403782
ZWL COMMIT client=3 surface=6 buffer=17 queued=0
ZWL ACQUIRE_FENCE client=3 surface=6 generation=1
ZWL LAT adopt surface=6 at_us=23403931
ZWL RELEASE client=3 buffer=15 dead=0
ZWL LAT draw frame=388 at_us=23403940
ZWL LAT acquired frame=388 at_us=23403945
ZWL LAT recorded frame=388 at_us=23403982
ZWL COMPOSE frame=388 image=0 windows=1 at_ms=23421
ZWL LAT submit frame=388 at_us=23421677
ZWL LAT shown frame=388 at_us=23423756
ZWL COMMIT client=3 surface=6 buffer=19 queued=0
ZWL ACQUIRE_FENCE client=3 surface=6 generation=1
ZWL LAT adopt surface=6 at_us=23423841
ZWL RELEASE client=3 buffer=17 dead=0
ZWL LAT draw frame=389 at_us=23423845
ZWL LAT acquired frame=389 at_us=23423848
ZWL LAT recorded frame=389 at_us=23423874
ZWL COMPOSE frame=389 image=0 windows=1 at_ms=23437
ZWL LAT submit frame=389 at_us=23437394
ZWL LAT shown frame=389 at_us=23439592
ZWL COMMIT client=3 surface=6 buffer=15 queued=0
ZWL ACQUIRE_FENCE client=3 surface=6 generation=1
ZWL LAT adopt surface=6 at_us=23442727
ZWL RELEASE client=3 buffer=19 dead=0
ZWL LAT draw frame=390 at_us=23442744
ZWL LAT acquired frame=390 at_us=23442758
ZWL LAT recorded frame=390 at_us=23442814
ZWL COMPOSE frame=390 image=0 windows=1 at_ms=23455
ZWL LAT submit frame=390 at_us=23455732
ZWL LAT shown frame=390 at_us=23457846
ZWL COMMIT client=3 surface=6 buffer=17 queued=0
ZWL ACQUIRE_FENCE client=3 surface=6 generation=1
ZWL LAT adopt surface=6 at_us=23461960
ZWL RELEASE client=3 buffer=15 dead=0
ZWL LAT draw frame=391 at_us=23461977
ZWL LAT acquired frame=391 at_us=23461992
ZWL LAT recorded frame=391 at_us=23462046
ZWL COMPOSE frame=391 image=0 windows=1 at_ms=23474
ZWL LAT submit frame=391 at_us=23474977
ZWL LAT shown frame=391 at_us=23477086
ZWL COMMIT client=3 surface=6 buffer=15 queued=0
ZWL ACQUIRE_FENCE client=3 surface=6 generation=1
ZWL LAT adopt surface=6 at_us=23480534
ZWL RELEASE client=3 buffer=17 dead=0
ZWL LAT draw frame=392 at_us=23480540
ZWL LAT acquired frame=392 at_us=23480544
ZWL LAT recorded frame=392 at_us=23480566
ZWL COMPOSE frame=392 image=0 windows=1 at_ms=23493
ZWL LAT submit frame=392 at_us=23493119
ZWL LAT shown frame=392 at_us=23495239
ZWL COMMIT client=3 surface=6 buffer=17 queued=0
ZWL ACQUIRE_FENCE client=3 surface=6 generation=1
ZWL LAT adopt surface=6 at_us=23500046
ZWL RELEASE client=3 buffer=15 dead=0
ZWL LAT draw frame=393 at_us=23500065
ZWL LAT acquired frame=393 at_us=23500078
ZWL LAT recorded frame=393 at_us=23500135
ZWL COMPOSE frame=393 image=0 windows=1 at_ms=23521
ZWL LAT submit frame=393 at_us=23521311
ZWL LAT shown frame=393 at_us=23523531
ZWL COMMIT client=3 surface=6 buffer=19 queued=0
ZWL ACQUIRE_FENCE client=3 surface=6 generation=1
ZWL LAT adopt surface=6 at_us=23523849
ZWL RELEASE client=3 buffer=17 dead=0
ZWL LAT draw frame=394 at_us=23523866
ZWL LAT acquired frame=394 at_us=23523876
ZWL LAT recorded frame=394 at_us=23523933
ZWL COMPOSE frame=394 image=0 windows=1 at_ms=23538
ZWL LAT submit frame=394 at_us=23538355
ZWL LAT shown frame=394 at_us=23541253
ZWL COMMIT client=3 surface=6 buffer=15 queued=0
ZWL ACQUIRE_FENCE client=3 surface=6 generation=1
ZWL LAT adopt surface=6 at_us=23542080
ZWL RELEASE client=3 buffer=19 dead=0
ZWL LAT draw frame=395 at_us=23542086
ZWL LAT acquired frame=395 at_us=23542091
ZWL LAT recorded frame=395 at_us=23542119
ZWL COMPOSE frame=395 image=0 windows=1 at_ms=23554
ZWL LAT submit frame=395 at_us=23554659
ZWL LAT shown frame=395 at_us=23556771
ZWL COMMIT client=3 surface=6 buffer=17 queued=0
ZWL ACQUIRE_FENCE client=3 surface=6 generation=1
ZWL LAT adopt surface=6 at_us=23560323
ZWL RELEASE client=3 buffer=15 dead=0
ZWL LAT draw frame=396 at_us=23560336
ZWL LAT acquired frame=396 at_us=23560345
ZWL LAT recorded frame=396 at_us=23560388
ZWL COMPOSE frame=396 image=0 windows=1 at_ms=23573
ZWL LAT submit frame=396 at_us=23573868
ZWL LAT shown frame=396 at_us=23575991
ZWL COMMIT client=3 surface=6 buffer=15 queued=0
ZWL ACQUIRE_FENCE client=3 surface=6 generation=1
ZWL LAT adopt surface=6 at_us=23578670
ZWL RELEASE client=3 buffer=17 dead=0
ZWL LAT draw frame=397 at_us=23578697
ZWL LAT acquired frame=397 at_us=23578708
ZWL LAT recorded frame=397 at_us=23578756
ZWL COMPOSE frame=397 image=0 windows=1 at_ms=23594
ZWL LAT submit frame=397 at_us=23594204
ZWL LAT shown frame=397 at_us=23596303
ZWL COMMIT client=3 surface=6 buffer=17 queued=0
ZWL ACQUIRE_FENCE client=3 surface=6 generation=1
ZWL LAT adopt surface=6 at_us=23596561
ZWL RELEASE client=3 buffer=15 dead=0
ZWL LAT draw frame=398 at_us=23596568
ZWL LAT acquired frame=398 at_us=23596573
ZWL LAT recorded frame=398 at_us=23596604
ZWL COMPOSE frame=398 image=0 windows=1 at_ms=23609
ZWL LAT submit frame=398 at_us=23609593
ZWL LAT shown frame=398 at_us=23611704
ZWL COMMIT client=3 surface=6 buffer=15 queued=0
ZWL ACQUIRE_FENCE client=3 surface=6 generation=1
ZWL LAT adopt surface=6 at_us=23614050
ZWL RELEASE client=3 buffer=17 dead=0
ZWL LAT draw frame=399 at_us=23614056
ZWL LAT acquired frame=399 at_us=23614061
ZWL LAT recorded frame=399 at_us=23614085
ZWL COMPOSE frame=399 image=0 windows=1 at_ms=23629
ZWL LAT submit frame=399 at_us=23629426
ZWL LAT shown frame=399 at_us=23631506
ZWL COMMIT client=3 surface=6 buffer=17 queued=0
ZWL ACQUIRE_FENCE client=3 surface=6 generation=1
ZWL LAT adopt surface=6 at_us=23631860
ZWL RELEASE client=3 buffer=15 dead=0
ZWL LAT draw frame=400 at_us=23631864
ZWL LAT acquired frame=400 at_us=23631868
ZWL LAT recorded frame=400 at_us=23631891
ZWL COMPOSE frame=400 image=0 windows=1 at_ms=23646
ZWL LAT submit frame=400 at_us=23646967
ZWL LAT shown frame=400 at_us=23649084
ZWL COMMIT client=3 surface=6 buffer=15 queued=0
ZWL ACQUIRE_FENCE client=3 surface=6 generation=1
ZWL LAT adopt surface=6 at_us=23649978
ZWL RELEASE client=3 buffer=17 dead=0
ZWL LAT draw frame=401 at_us=23649983
ZWL LAT acquired frame=401 at_us=23649986
ZWL LAT recorded frame=401 at_us=23650010
ZWL COMPOSE frame=401 image=0 windows=1 at_ms=23663
ZWL LAT submit frame=401 at_us=23663302
ZWL LAT shown frame=401 at_us=23665378
ZWL COMMIT client=3 surface=6 buffer=17 queued=0
ZWL ACQUIRE_FENCE client=3 surface=6 generation=1
ZWL LAT adopt surface=6 at_us=23667686
ZWL RELEASE client=3 buffer=15 dead=0
ZWL LAT draw frame=402 at_us=23667693
ZWL LAT acquired frame=402 at_us=23668503
ZWL LAT recorded frame=402 at_us=23668550
ZWL COMPOSE frame=402 image=0 windows=1 at_ms=23684
ZWL LAT submit frame=402 at_us=23684827
ZWL LAT shown frame=402 at_us=23686950
ZWL COMMIT client=3 surface=6 buffer=19 queued=0
ZWL ACQUIRE_FENCE client=3 surface=6 generation=1
ZWL LAT adopt surface=6 at_us=23687244
ZWL RELEASE client=3 buffer=17 dead=0
ZWL LAT draw frame=403 at_us=23687260
ZWL LAT acquired frame=403 at_us=23687271
ZWL LAT recorded frame=403 at_us=23687328
ZWL COMPOSE frame=403 image=0 windows=1 at_ms=23702
ZWL LAT submit frame=403 at_us=23702539
ZWL LAT shown frame=403 at_us=23704736
ZWL COMMIT client=3 surface=6 buffer=15 queued=0
ZWL ACQUIRE_FENCE client=3 surface=6 generation=1
ZWL LAT adopt surface=6 at_us=23705597
ZWL RELEASE client=3 buffer=19 dead=0
ZWL LAT draw frame=404 at_us=23705601
ZWL LAT acquired frame=404 at_us=23705605
ZWL LAT recorded frame=404 at_us=23705631
ZWL COMPOSE frame=404 image=0 windows=1 at_ms=23724
ZWL LAT submit frame=404 at_us=23724492
ZWL LAT shown frame=404 at_us=23726609
ZWL COMMIT client=3 surface=6 buffer=17 queued=0
ZWL ACQUIRE_FENCE client=3 surface=6 generation=1
ZWL LAT adopt surface=6 at_us=23726790
ZWL RELEASE client=3 buffer=15 dead=0
ZWL LAT draw frame=405 at_us=23726795
ZWL LAT acquired frame=405 at_us=23726799
ZWL LAT recorded frame=405 at_us=23726827
ZWL COMPOSE frame=405 image=0 windows=1 at_ms=23748
ZWL LAT submit frame=405 at_us=23748031
ZWL LAT shown frame=405 at_us=23750151
ZWL COMMIT client=3 surface=6 buffer=19 queued=0
ZWL ACQUIRE_FENCE client=3 surface=6 generation=1
ZWL LAT adopt surface=6 at_us=23750441
ZWL RELEASE client=3 buffer=17 dead=0
ZWL LAT draw frame=406 at_us=23750456
ZWL LAT acquired frame=406 at_us=23750465
ZWL LAT recorded frame=406 at_us=23750519
ZWL COMPOSE frame=406 image=0 windows=1 at_ms=23764
ZWL LAT submit frame=406 at_us=23764836
ZWL LAT shown frame=406 at_us=23767988
ZWL COMMIT client=3 surface=6 buffer=15 queued=0
ZWL ACQUIRE_FENCE client=3 surface=6 generation=1
ZWL LAT adopt surface=6 at_us=23769345
ZWL RELEASE client=3 buffer=19 dead=0
ZWL LAT draw frame=407 at_us=23769358
ZWL LAT acquired frame=407 at_us=23769370
ZWL LAT recorded frame=407 at_us=23769421
ZWL COMPOSE frame=407 image=0 windows=1 at_ms=23788
ZWL LAT submit frame=407 at_us=23788739
ZWL LAT shown frame=407 at_us=23790860
ZWL COMMIT client=3 surface=6 buffer=17 queued=0
ZWL ACQUIRE_FENCE client=3 surface=6 generation=1
ZWL LAT adopt surface=6 at_us=23791037
ZWL RELEASE client=3 buffer=15 dead=0
ZWL LAT draw frame=408 at_us=23791054
ZWL LAT acquired frame=408 at_us=23791065
ZWL LAT recorded frame=408 at_us=23791134
ZWL COMPOSE frame=408 image=0 windows=1 at_ms=23805
ZWL LAT submit frame=408 at_us=23805020
ZWL LAT shown frame=408 at_us=23807132
ZWL COMMIT client=3 surface=6 buffer=15 queued=0
ZWL ACQUIRE_FENCE client=3 surface=6 generation=1
ZWL LAT adopt surface=6 at_us=23809782
ZWL RELEASE client=3 buffer=17 dead=0
ZWL LAT draw frame=409 at_us=23809795
ZWL LAT acquired frame=409 at_us=23809806
ZWL LAT recorded frame=409 at_us=23809853
ZWL COMPOSE frame=409 image=0 windows=1 at_ms=23828
ZWL LAT submit frame=409 at_us=23828582
ZWL LAT shown frame=409 at_us=23830679
ZWL COMMIT client=3 surface=6 buffer=19 queued=0
ZWL ACQUIRE_FENCE client=3 surface=6 generation=1
ZWL LAT adopt surface=6 at_us=23830812
ZWL RELEASE client=3 buffer=15 dead=0
ZWL LAT draw frame=410 at_us=23830818
ZWL LAT acquired frame=410 at_us=23830823
ZWL LAT recorded frame=410 at_us=23830877
ZWL COMPOSE frame=410 image=0 windows=1 at_ms=23845
ZWL LAT submit frame=410 at_us=23845324
ZWL LAT shown frame=410 at_us=23847806
ZWL COMMIT client=3 surface=6 buffer=15 queued=0
ZWL ACQUIRE_FENCE client=3 surface=6 generation=1
ZWL LAT adopt surface=6 at_us=23848589
ZWL RELEASE client=3 buffer=19 dead=0
ZWL LAT draw frame=411 at_us=23848594
ZWL LAT acquired frame=411 at_us=23848600
ZWL LAT recorded frame=411 at_us=23848628
ZWL COMPOSE frame=411 image=0 windows=1 at_ms=23863
ZWL LAT submit frame=411 at_us=23863161
ZWL LAT shown frame=411 at_us=23865945
ZWL COMMIT client=3 surface=6 buffer=17 queued=0
ZWL ACQUIRE_FENCE client=3 surface=6 generation=1
ZWL LAT adopt surface=6 at_us=23866700
ZWL RELEASE client=3 buffer=15 dead=0
ZWL LAT draw frame=412 at_us=23866704
ZWL LAT acquired frame=412 at_us=23866707
ZWL LAT recorded frame=412 at_us=23866733
ZWL COMPOSE frame=412 image=0 windows=1 at_ms=23880
ZWL LAT submit frame=412 at_us=23880671
ZWL LAT shown frame=412 at_us=23882789
ZWL COMMIT client=3 surface=6 buffer=15 queued=0
ZWL ACQUIRE_FENCE client=3 surface=6 generation=1
ZWL LAT adopt surface=6 at_us=23884782
ZWL RELEASE client=3 buffer=17 dead=0
ZWL LAT draw frame=413 at_us=23884797
ZWL LAT acquired frame=413 at_us=23884807
ZWL LAT recorded frame=413 at_us=23884874
ZWL COMPOSE frame=413 image=0 windows=1 at_ms=23904
ZWL LAT submit frame=413 at_us=23904694
ZWL LAT shown frame=413 at_us=23906803
ZWL COMMIT client=3 surface=6 buffer=19 queued=0
ZWL ACQUIRE_FENCE client=3 surface=6 generation=1
ZWL LAT adopt surface=6 at_us=23906981
ZWL RELEASE client=3 buffer=15 dead=0
ZWL LAT draw frame=414 at_us=23906990
ZWL LAT acquired frame=414 at_us=23906995
ZWL LAT recorded frame=414 at_us=23907030
ZWL COMPOSE frame=414 image=0 windows=1 at_ms=23923
ZWL LAT submit frame=414 at_us=23923241
ZWL LAT shown frame=414 at_us=23925320
ZWL COMMIT client=3 surface=6 buffer=17 queued=0
ZWL ACQUIRE_FENCE client=3 surface=6 generation=1
ZWL LAT adopt surface=6 at_us=23925388
ZWL RELEASE client=3 buffer=19 dead=0
ZWL LAT draw frame=415 at_us=23925392
ZWL LAT acquired frame=415 at_us=23925397
ZWL LAT recorded frame=415 at_us=23925423
ZWL COMPOSE frame=415 image=0 windows=1 at_ms=23940
ZWL LAT submit frame=415 at_us=23940039
ZWL LAT shown frame=415 at_us=23942399
ZWL COMMIT client=3 surface=6 buffer=15 queued=0
ZWL ACQUIRE_FENCE client=3 surface=6 generation=1
ZWL LAT adopt surface=6 at_us=23943035
ZWL RELEASE client=3 buffer=17 dead=0
ZWL LAT draw frame=416 at_us=23943040
ZWL LAT acquired frame=416 at_us=23943068
ZWL LAT recorded frame=416 at_us=23943100
ZWL COMPOSE frame=416 image=0 windows=1 at_ms=23956
ZWL LAT submit frame=416 at_us=23956597
ZWL LAT shown frame=416 at_us=23958683
ZWL COMMIT client=3 surface=6 buffer=17 queued=0
ZWL ACQUIRE_FENCE client=3 surface=6 generation=1
ZWL LAT adopt surface=6 at_us=23960752
ZWL RELEASE client=3 buffer=15 dead=0
ZWL LAT draw frame=417 at_us=23960757
ZWL LAT acquired frame=417 at_us=23960763
ZWL LAT recorded frame=417 at_us=23960797
ZWL COMPOSE frame=417 image=0 windows=1 at_ms=23975
ZWL LAT submit frame=417 at_us=23975099
ZWL LAT shown frame=417 at_us=23977786
ZWL COMMIT client=3 surface=6 buffer=15 queued=0
ZWL ACQUIRE_FENCE client=3 surface=6 generation=1
ZWL LAT adopt surface=6 at_us=23978626
ZWL RELEASE client=3 buffer=17 dead=0
ZWL LAT draw frame=418 at_us=23978631
ZWL LAT acquired frame=418 at_us=23978636
ZWL LAT recorded frame=418 at_us=23978669
ZWL COMPOSE frame=418 image=0 windows=1 at_ms=23993
ZWL LAT submit frame=418 at_us=23993582
ZWL LAT shown frame=418 at_us=23995671
ZWL COMMIT client=3 surface=6 buffer=17 queued=0
ZWL ACQUIRE_FENCE client=3 surface=6 generation=1
ZWL LAT adopt surface=6 at_us=23996352
ZWL RELEASE client=3 buffer=15 dead=0
ZWL LAT draw frame=419 at_us=23996358
ZWL LAT acquired frame=419 at_us=23996364
ZWL LAT recorded frame=419 at_us=23996401
ZWL COMPOSE frame=419 image=0 windows=1 at_ms=24010
ZWL LAT submit frame=419 at_us=24010536
ZWL LAT shown frame=419 at_us=24012674
ZWL COMMIT client=3 surface=6 buffer=15 queued=0
ZWL ACQUIRE_FENCE client=3 surface=6 generation=1
ZWL LAT adopt surface=6 at_us=24014482
ZWL RELEASE client=3 buffer=17 dead=0
ZWL LAT draw frame=420 at_us=24014487
ZWL LAT acquired frame=420 at_us=24014492
ZWL LAT recorded frame=420 at_us=24014526
ZWL COMPOSE frame=420 image=0 windows=1 at_ms=24031
ZWL LAT submit frame=420 at_us=24031571
ZWL LAT shown frame=420 at_us=24033693
ZWL COMMIT client=3 surface=6 buffer=19 queued=0
ZWL ACQUIRE_FENCE client=3 surface=6 generation=1
ZWL LAT adopt surface=6 at_us=24033877
ZWL RELEASE client=3 buffer=15 dead=0
ZWL LAT draw frame=421 at_us=24033891
ZWL LAT acquired frame=421 at_us=24033901
ZWL LAT recorded frame=421 at_us=24033958
ZWL COMPOSE frame=421 image=0 windows=1 at_ms=24048
ZWL LAT submit frame=421 at_us=24048596
ZWL LAT shown frame=421 at_us=24051337
ZWL COMMIT client=3 surface=6 buffer=15 queued=0
ZWL ACQUIRE_FENCE client=3 surface=6 generation=1
ZWL LAT adopt surface=6 at_us=24052577
ZWL RELEASE client=3 buffer=19 dead=0
ZWL LAT draw frame=422 at_us=24052589
ZWL LAT acquired frame=422 at_us=24052597
ZWL LAT recorded frame=422 at_us=24052642
ZWL COMPOSE frame=422 image=0 windows=1 at_ms=24073
ZWL LAT submit frame=422 at_us=24073596
ZWL LAT shown frame=422 at_us=24075714
ZWL COMMIT client=3 surface=6 buffer=17 queued=0
ZWL ACQUIRE_FENCE client=3 surface=6 generation=1
ZWL LAT adopt surface=6 at_us=24075870
ZWL RELEASE client=3 buffer=15 dead=0
ZWL LAT draw frame=423 at_us=24075876
ZWL LAT acquired frame=423 at_us=24075882
ZWL LAT recorded frame=423 at_us=24075911
ZWL COMPOSE frame=423 image=0 windows=1 at_ms=24089
ZWL LAT submit frame=423 at_us=24089305
ZWL LAT shown frame=423 at_us=24091416
ZWL COMMIT client=3 surface=6 buffer=15 queued=0
ZWL ACQUIRE_FENCE client=3 surface=6 generation=1
ZWL LAT adopt surface=6 at_us=24093679
ZWL RELEASE client=3 buffer=17 dead=0
ZWL LAT draw frame=424 at_us=24093684
ZWL LAT acquired frame=424 at_us=24093688
ZWL LAT recorded frame=424 at_us=24093714
ZWL COMPOSE frame=424 image=0 windows=1 at_ms=24106
ZWL LAT submit frame=424 at_us=24106174
ZWL LAT shown frame=424 at_us=24108290
ZWL COMMIT client=3 surface=6 buffer=17 queued=0
ZWL ACQUIRE_FENCE client=3 surface=6 generation=1
ZWL LAT adopt surface=6 at_us=24112927
ZWL RELEASE client=3 buffer=15 dead=0
ZWL LAT draw frame=425 at_us=24112945
ZWL LAT acquired frame=425 at_us=24112959
ZWL LAT recorded frame=425 at_us=24113020
ZWL COMPOSE frame=425 image=0 windows=1 at_ms=24134
ZWL LAT submit frame=425 at_us=24134026
ZWL LAT shown frame=425 at_us=24136150
ZWL COMMIT client=3 surface=6 buffer=19 queued=0
ZWL ACQUIRE_FENCE client=3 surface=6 generation=1
ZWL LAT adopt surface=6 at_us=24136354
ZWL RELEASE client=3 buffer=17 dead=0
ZWL LAT draw frame=426 at_us=24136369
ZWL LAT acquired frame=426 at_us=24136378
ZWL LAT recorded frame=426 at_us=24136431
ZWL COMPOSE frame=426 image=0 windows=1 at_ms=24154
ZWL LAT submit frame=426 at_us=24154035
ZWL LAT shown frame=426 at_us=24156161
ZWL COMMIT client=3 surface=6 buffer=15 queued=0
ZWL ACQUIRE_FENCE client=3 surface=6 generation=1
ZWL LAT adopt surface=6 at_us=24156368
ZWL RELEASE client=3 buffer=19 dead=0
ZWL LAT draw frame=427 at_us=24156383
ZWL LAT acquired frame=427 at_us=24156394
ZWL LAT recorded frame=427 at_us=24156452
ZWL COMPOSE frame=427 image=0 windows=1 at_ms=24169
ZWL LAT submit frame=427 at_us=24169048
ZWL LAT shown frame=427 at_us=24171159
ZWL COMMIT client=3 surface=6 buffer=17 queued=0
ZWL ACQUIRE_FENCE client=3 surface=6 generation=1
ZWL LAT adopt surface=6 at_us=24175456
ZWL RELEASE client=3 buffer=15 dead=0
ZWL LAT draw frame=428 at_us=24175470
ZWL LAT acquired frame=428 at_us=24175481
ZWL LAT recorded frame=428 at_us=24175530
ZWL COMPOSE frame=428 image=0 windows=1 at_ms=24191
ZWL LAT submit frame=428 at_us=24191736
ZWL LAT shown frame=428 at_us=24193851
ZWL COMMIT client=3 surface=6 buffer=19 queued=0
ZWL ACQUIRE_FENCE client=3 surface=6 generation=1
ZWL LAT adopt surface=6 at_us=24194013
ZWL RELEASE client=3 buffer=17 dead=0
ZWL LAT draw frame=429 at_us=24194024
ZWL LAT acquired frame=429 at_us=24194032
ZWL LAT recorded frame=429 at_us=24194078
ZWL COMPOSE frame=429 image=0 windows=1 at_ms=24208
ZWL LAT submit frame=429 at_us=24208739
ZWL LAT shown frame=429 at_us=24210874
ZWL COMMIT client=3 surface=6 buffer=15 queued=0
ZWL ACQUIRE_FENCE client=3 surface=6 generation=1
ZWL LAT adopt surface=6 at_us=24212924
ZWL RELEASE client=3 buffer=19 dead=0
ZWL LAT draw frame=430 at_us=24212937
ZWL LAT acquired frame=430 at_us=24212947
ZWL LAT recorded frame=430 at_us=24212995
ZWL COMPOSE frame=430 image=0 windows=1 at_ms=24234
ZWL LAT submit frame=430 at_us=24234010
ZWL LAT shown frame=430 at_us=24236135
ZWL COMMIT client=3 surface=6 buffer=17 queued=0
ZWL ACQUIRE_FENCE client=3 surface=6 generation=1
ZWL LAT adopt surface=6 at_us=24236348
ZWL RELEASE client=3 buffer=15 dead=0
ZWL LAT draw frame=431 at_us=24236364
ZWL LAT acquired frame=431 at_us=24236376
ZWL LAT recorded frame=431 at_us=24236432
ZWL COMPOSE frame=431 image=0 windows=1 at_ms=24249
ZWL LAT submit frame=431 at_us=24249819
ZWL LAT shown frame=431 at_us=24251936
ZWL COMMIT client=3 surface=6 buffer=15 queued=0
ZWL ACQUIRE_FENCE client=3 surface=6 generation=1
ZWL LAT adopt surface=6 at_us=24254724
ZWL RELEASE client=3 buffer=17 dead=0
ZWL LAT draw frame=432 at_us=24254738
ZWL LAT acquired frame=432 at_us=24254749
ZWL LAT recorded frame=432 at_us=24254797
ZWL COMPOSE frame=432 image=0 windows=1 at_ms=24273
ZWL LAT submit frame=432 at_us=24273852
ZWL LAT shown frame=432 at_us=24275974
ZWL COMMIT client=3 surface=6 buffer=19 queued=0
ZWL ACQUIRE_FENCE client=3 surface=6 generation=1
ZWL LAT adopt surface=6 at_us=24276173
ZWL RELEASE client=3 buffer=15 dead=0
ZWL LAT draw frame=433 at_us=24276188
ZWL LAT acquired frame=433 at_us=24276197
ZWL LAT recorded frame=433 at_us=24276249
ZWL COMPOSE frame=433 image=0 windows=1 at_ms=24289
ZWL LAT submit frame=433 at_us=24289788
ZWL LAT shown frame=433 at_us=24291902
ZWL COMMIT client=3 surface=6 buffer=15 queued=0
ZWL ACQUIRE_FENCE client=3 surface=6 generation=1
ZWL LAT adopt surface=6 at_us=24294001
ZWL RELEASE client=3 buffer=19 dead=0
ZWL LAT draw frame=434 at_us=24294013
ZWL LAT acquired frame=434 at_us=24294021
ZWL LAT recorded frame=434 at_us=24294063
ZWL COMPOSE frame=434 image=0 windows=1 at_ms=24311
ZWL LAT submit frame=434 at_us=24311623
ZWL LAT shown frame=434 at_us=24313756
ZWL COMMIT client=3 surface=6 buffer=17 queued=0
ZWL ACQUIRE_FENCE client=3 surface=6 generation=1
ZWL LAT adopt surface=6 at_us=24314070
ZWL RELEASE client=3 buffer=15 dead=0
ZWL LAT draw frame=435 at_us=24314086
ZWL LAT acquired frame=435 at_us=24314098
ZWL LAT recorded frame=435 at_us=24314168
ZWL COMPOSE frame=435 image=0 windows=1 at_ms=24327
ZWL LAT submit frame=435 at_us=24327517
ZWL LAT shown frame=435 at_us=24329634
ZWL COMMIT client=3 surface=6 buffer=15 queued=0
ZWL ACQUIRE_FENCE client=3 surface=6 generation=1
ZWL LAT adopt surface=6 at_us=24332629
ZWL RELEASE client=3 buffer=17 dead=0
ZWL LAT draw frame=436 at_us=24332635
ZWL LAT acquired frame=436 at_us=24332640
ZWL LAT recorded frame=436 at_us=24332669
ZWL COMPOSE frame=436 image=0 windows=1 at_ms=24348
ZWL LAT submit frame=436 at_us=24348727
ZWL LAT shown frame=436 at_us=24350807
ZWL COMMIT client=3 surface=6 buffer=19 queued=0
ZWL ACQUIRE_FENCE client=3 surface=6 generation=1
ZWL LAT adopt surface=6 at_us=24350892
ZWL RELEASE client=3 buffer=15 dead=0
ZWL LAT draw frame=437 at_us=24350897
ZWL LAT acquired frame=437 at_us=24350900
ZWL LAT recorded frame=437 at_us=24350925
ZWL COMPOSE frame=437 image=0 windows=1 at_ms=24364
ZWL LAT submit frame=437 at_us=24364258
ZWL LAT shown frame=437 at_us=24366368
ZWL COMMIT client=3 surface=6 buffer=15 queued=0
ZWL ACQUIRE_FENCE client=3 surface=6 generation=1
ZWL LAT adopt surface=6 at_us=24369006
ZWL RELEASE client=3 buffer=19 dead=0
ZWL LAT draw frame=438 at_us=24369010
ZWL LAT acquired frame=438 at_us=24369014
ZWL LAT recorded frame=438 at_us=24369037
ZWL COMPOSE frame=438 image=0 windows=1 at_ms=24382
ZWL LAT submit frame=438 at_us=24382200
ZWL LAT shown frame=438 at_us=24384308
ZWL COMMIT client=3 surface=6 buffer=17 queued=0
ZWL ACQUIRE_FENCE client=3 surface=6 generation=1
ZWL LAT adopt surface=6 at_us=24387349
ZWL RELEASE client=3 buffer=15 dead=0
ZWL LAT draw frame=439 at_us=24387359
ZWL LAT acquired frame=439 at_us=24387368
ZWL LAT recorded frame=439 at_us=24387405
ZWL COMPOSE frame=439 image=0 windows=1 at_ms=24404
ZWL LAT submit frame=439 at_us=24404941
ZWL LAT shown frame=439 at_us=24407061
ZWL COMMIT client=3 surface=6 buffer=19 queued=0
ZWL ACQUIRE_FENCE client=3 surface=6 generation=1
ZWL LAT adopt surface=6 at_us=24407209
ZWL RELEASE client=3 buffer=17 dead=0
ZWL LAT draw frame=440 at_us=24407224
ZWL LAT acquired frame=440 at_us=24407234
ZWL LAT recorded frame=440 at_us=24407292
ZWL COMPOSE frame=440 image=0 windows=1 at_ms=24420
ZWL LAT submit frame=440 at_us=24420978
ZWL LAT shown frame=440 at_us=24423183
ZWL COMMIT client=3 surface=6 buffer=15 queued=0
ZWL ACQUIRE_FENCE client=3 surface=6 generation=1
ZWL LAT adopt surface=6 at_us=24425671
ZWL RELEASE client=3 buffer=19 dead=0
ZWL LAT draw frame=441 at_us=24425685
ZWL LAT acquired frame=441 at_us=24425697
ZWL LAT recorded frame=441 at_us=24425749
ZWL COMPOSE frame=441 image=0 windows=1 at_ms=24443
ZWL LAT submit frame=441 at_us=24443811
ZWL LAT shown frame=441 at_us=24445941
ZWL COMMIT client=3 surface=6 buffer=17 queued=0
ZWL ACQUIRE_FENCE client=3 surface=6 generation=1
ZWL LAT adopt surface=6 at_us=24446133
ZWL RELEASE client=3 buffer=15 dead=0
ZWL LAT draw frame=442 at_us=24446149
ZWL LAT acquired frame=442 at_us=24446159
ZWL LAT recorded frame=442 at_us=24446216
ZWL COMPOSE frame=442 image=0 windows=1 at_ms=24459
ZWL LAT submit frame=442 at_us=24459615
ZWL LAT shown frame=442 at_us=24461726
ZWL COMMIT client=3 surface=6 buffer=15 queued=0
ZWL ACQUIRE_FENCE client=3 surface=6 generation=1
ZWL LAT adopt surface=6 at_us=24464627
ZWL RELEASE client=3 buffer=17 dead=0
ZWL LAT draw frame=443 at_us=24464643
ZWL LAT acquired frame=443 at_us=24464655
ZWL LAT recorded frame=443 at_us=24464703
ZWL COMPOSE frame=443 image=0 windows=1 at_ms=24480
ZWL LAT submit frame=443 at_us=24480192
ZWL LAT shown frame=443 at_us=24482303
ZWL COMMIT client=3 surface=6 buffer=17 queued=0
ZWL ACQUIRE_FENCE client=3 surface=6 generation=1
ZWL LAT adopt surface=6 at_us=24482842
ZWL RELEASE client=3 buffer=15 dead=0
ZWL LAT draw frame=444 at_us=24482847
ZWL LAT acquired frame=444 at_us=24482850
ZWL LAT recorded frame=444 at_us=24482870
ZWL COMPOSE frame=444 image=0 windows=1 at_ms=24497
ZWL LAT submit frame=444 at_us=24497548
ZWL LAT shown frame=444 at_us=24500029
ZWL COMMIT client=3 surface=6 buffer=15 queued=0
ZWL ACQUIRE_FENCE client=3 surface=6 generation=1
ZWL LAT adopt surface=6 at_us=24501234
ZWL RELEASE client=3 buffer=17 dead=0
ZWL LAT draw frame=445 at_us=24501248
ZWL LAT acquired frame=445 at_us=24501258
ZWL LAT recorded frame=445 at_us=24501303
ZWL COMPOSE frame=445 image=0 windows=1 at_ms=24517
ZWL LAT submit frame=445 at_us=24517080
ZWL LAT shown frame=445 at_us=24519193
ZWL COMMIT client=3 surface=6 buffer=17 queued=0
ZWL ACQUIRE_FENCE client=3 surface=6 generation=1
ZWL LAT adopt surface=6 at_us=24519413
ZWL RELEASE client=3 buffer=15 dead=0
ZWL LAT draw frame=446 at_us=24519427
ZWL LAT acquired frame=446 at_us=24519436
ZWL LAT recorded frame=446 at_us=24519483
ZWL COMPOSE frame=446 image=0 windows=1 at_ms=24537
ZWL LAT submit frame=446 at_us=24537786
ZWL LAT shown frame=446 at_us=24539908
ZWL COMMIT client=3 surface=6 buffer=19 queued=0
ZWL ACQUIRE_FENCE client=3 surface=6 generation=1
ZWL LAT adopt surface=6 at_us=24540237
ZWL RELEASE client=3 buffer=17 dead=0
ZWL LAT draw frame=447 at_us=24540251
ZWL LAT acquired frame=447 at_us=24540262
ZWL LAT recorded frame=447 at_us=24540310
ZWL COMPOSE frame=447 image=0 windows=1 at_ms=24561
ZWL LAT submit frame=447 at_us=24561438
ZWL LAT shown frame=447 at_us=24563555
ZWL COMMIT client=3 surface=6 buffer=15 queued=0
ZWL ACQUIRE_FENCE client=3 surface=6 generation=1
ZWL LAT adopt surface=6 at_us=24563835
ZWL RELEASE client=3 buffer=19 dead=0
ZWL LAT draw frame=448 at_us=24563850
ZWL LAT acquired frame=448 at_us=24563858
ZWL LAT recorded frame=448 at_us=24563907
ZWL COMPOSE frame=448 image=0 windows=1 at_ms=24588
ZWL LAT submit frame=448 at_us=24588171
ZWL LAT shown frame=448 at_us=24590294
ZWL COMMIT client=3 surface=6 buffer=17 queued=0
ZWL ACQUIRE_FENCE client=3 surface=6 generation=1
ZWL LAT adopt surface=6 at_us=24590588
ZWL RELEASE client=3 buffer=15 dead=0
ZWL LAT draw frame=449 at_us=24590604
ZWL LAT acquired frame=449 at_us=24590614
ZWL LAT recorded frame=449 at_us=24590670
ZWL COMPOSE frame=449 image=0 windows=1 at_ms=24609
ZWL LAT submit frame=449 at_us=24609109
ZWL LAT shown frame=449 at_us=24611286
ZWL COMMIT client=3 surface=6 buffer=19 queued=0
ZWL ACQUIRE_FENCE client=3 surface=6 generation=1
ZWL LAT adopt surface=6 at_us=24611609
ZWL RELEASE client=3 buffer=17 dead=0
ZWL LAT draw frame=450 at_us=24611624
ZWL LAT acquired frame=450 at_us=24611636
ZWL LAT recorded frame=450 at_us=24611702
ZWL COMPOSE frame=450 image=0 windows=1 at_ms=24627
ZWL LAT submit frame=450 at_us=24627130
ZWL LAT shown frame=450 at_us=24629236
ZWL COMMIT client=3 surface=6 buffer=15 queued=0
ZWL ACQUIRE_FENCE client=3 surface=6 generation=1
ZWL LAT adopt surface=6 at_us=24629339
ZWL RELEASE client=3 buffer=19 dead=0
ZWL LAT draw frame=451 at_us=24629348
ZWL LAT acquired frame=451 at_us=24629356
ZWL LAT recorded frame=451 at_us=24629405
ZWL COMPOSE frame=451 image=0 windows=1 at_ms=24641
ZWL LAT submit frame=451 at_us=24641231
ZWL LAT shown frame=451 at_us=24643328
ZWL COMMIT client=3 surface=6 buffer=17 queued=0
ZWL ACQUIRE_FENCE client=3 surface=6 generation=1
ZWL LAT adopt surface=6 at_us=24647811
ZWL RELEASE client=3 buffer=15 dead=0
ZWL LAT draw frame=452 at_us=24647819
ZWL LAT acquired frame=452 at_us=24647825
ZWL LAT recorded frame=452 at_us=24647875
ZWL COMPOSE frame=452 image=0 windows=1 at_ms=24672
ZWL LAT submit frame=452 at_us=24672231
ZWL LAT shown frame=452 at_us=24674333
ZWL COMMIT client=3 surface=6 buffer=19 queued=0
ZWL ACQUIRE_FENCE client=3 surface=6 generation=1
ZWL LAT adopt surface=6 at_us=24674572
ZWL RELEASE client=3 buffer=17 dead=0
ZWL LAT draw frame=453 at_us=24674578
ZWL LAT acquired frame=453 at_us=24674581
ZWL LAT recorded frame=453 at_us=24674617
ZWL COMPOSE frame=453 image=0 windows=1 at_ms=24695
ZWL LAT submit frame=453 at_us=24695172
ZWL LAT shown frame=453 at_us=24697285
ZWL COMMIT client=3 surface=6 buffer=15 queued=0
ZWL ACQUIRE_FENCE client=3 surface=6 generation=1
ZWL LAT adopt surface=6 at_us=24697596
ZWL RELEASE client=3 buffer=19 dead=0
ZWL LAT draw frame=454 at_us=24697610
ZWL LAT acquired frame=454 at_us=24697626
ZWL LAT recorded frame=454 at_us=24697652
ZWL COMPOSE frame=454 image=0 windows=1 at_ms=24716
ZWL LAT submit frame=454 at_us=24716324
ZWL LAT shown frame=454 at_us=24718457
ZWL COMMIT client=3 surface=6 buffer=17 queued=0
ZWL ACQUIRE_FENCE client=3 surface=6 generation=1
ZWL LAT adopt surface=6 at_us=24718707
ZWL RELEASE client=3 buffer=15 dead=0
ZWL LAT draw frame=455 at_us=24718710
ZWL LAT acquired frame=455 at_us=24718714
ZWL LAT recorded frame=455 at_us=24718737
ZWL COMPOSE frame=455 image=0 windows=1 at_ms=24733
ZWL LAT submit frame=455 at_us=24733094
ZWL LAT shown frame=455 at_us=24735666
ZWL COMMIT client=3 surface=6 buffer=15 queued=0
ZWL ACQUIRE_FENCE client=3 surface=6 generation=1
ZWL LAT adopt surface=6 at_us=24736471
ZWL RELEASE client=3 buffer=17 dead=0
ZWL LAT draw frame=456 at_us=24736485
ZWL LAT acquired frame=456 at_us=24736494
ZWL LAT recorded frame=456 at_us=24736535
ZWL COMPOSE frame=456 image=0 windows=1 at_ms=24749
ZWL LAT submit frame=456 at_us=24749656
ZWL LAT shown frame=456 at_us=24751762
ZWL COMMIT client=3 surface=6 buffer=17 queued=0
ZWL ACQUIRE_FENCE client=3 surface=6 generation=1
ZWL LAT adopt surface=6 at_us=24753929
ZWL RELEASE client=3 buffer=15 dead=0
ZWL LAT draw frame=457 at_us=24753944
ZWL LAT acquired frame=457 at_us=24753953
ZWL LAT recorded frame=457 at_us=24754000
ZWL COMPOSE frame=457 image=0 windows=1 at_ms=24766
ZWL LAT submit frame=457 at_us=24766471
ZWL LAT shown frame=457 at_us=24768592
ZWL COMMIT client=3 surface=6 buffer=15 queued=0
ZWL ACQUIRE_FENCE client=3 surface=6 generation=1
ZWL LAT adopt surface=6 at_us=24771983
ZWL RELEASE client=3 buffer=17 dead=0
ZWL LAT draw frame=458 at_us=24771997
ZWL LAT acquired frame=458 at_us=24772042
ZWL LAT recorded frame=458 at_us=24772091
ZWL COMPOSE frame=458 image=0 windows=1 at_ms=24791
ZWL LAT submit frame=458 at_us=24791633
ZWL LAT shown frame=458 at_us=24793745
ZWL COMMIT client=3 surface=6 buffer=19 queued=0
ZWL ACQUIRE_FENCE client=3 surface=6 generation=1
ZWL LAT adopt surface=6 at_us=24794052
ZWL RELEASE client=3 buffer=15 dead=0
ZWL LAT draw frame=459 at_us=24794066
ZWL LAT acquired frame=459 at_us=24794076
ZWL LAT recorded frame=459 at_us=24794125
ZWL COMPOSE frame=459 image=0 windows=1 at_ms=24810
ZWL LAT submit frame=459 at_us=24810099
ZWL LAT shown frame=459 at_us=24812212
ZWL COMMIT client=3 surface=6 buffer=15 queued=0
ZWL ACQUIRE_FENCE client=3 surface=6 generation=1
ZWL LAT adopt surface=6 at_us=24812410
ZWL RELEASE client=3 buffer=19 dead=0
ZWL LAT draw frame=460 at_us=24812424
ZWL LAT acquired frame=460 at_us=24812432
ZWL LAT recorded frame=460 at_us=24812480
ZWL COMPOSE frame=460 image=0 windows=1 at_ms=24827
ZWL LAT submit frame=460 at_us=24827872
ZWL LAT shown frame=460 at_us=24829949
ZWL COMMIT client=3 surface=6 buffer=17 queued=0
ZWL ACQUIRE_FENCE client=3 surface=6 generation=1
ZWL LAT adopt surface=6 at_us=24830737
ZWL RELEASE client=3 buffer=15 dead=0
ZWL LAT draw frame=461 at_us=24830751
ZWL LAT acquired frame=461 at_us=24830759
ZWL LAT recorded frame=461 at_us=24830805
ZWL COMPOSE frame=461 image=0 windows=1 at_ms=24845
ZWL LAT submit frame=461 at_us=24845345
ZWL LAT shown frame=461 at_us=24848205
ZWL COMMIT client=3 surface=6 buffer=15 queued=0
ZWL ACQUIRE_FENCE client=3 surface=6 generation=1
ZWL LAT adopt surface=6 at_us=24849405
ZWL RELEASE client=3 buffer=17 dead=0
ZWL LAT draw frame=462 at_us=24849420
ZWL LAT acquired frame=462 at_us=24849431
ZWL LAT recorded frame=462 at_us=24849492
ZWL COMPOSE frame=462 image=0 windows=1 at_ms=24870
ZWL LAT submit frame=462 at_us=24871005
ZWL LAT shown frame=462 at_us=24873133
ZWL COMMIT client=3 surface=6 buffer=19 queued=0
ZWL ACQUIRE_FENCE client=3 surface=6 generation=1
ZWL LAT adopt surface=6 at_us=24873443
ZWL RELEASE client=3 buffer=15 dead=0
ZWL LAT draw frame=463 at_us=24873467
ZWL LAT acquired frame=463 at_us=24873474
ZWL LAT recorded frame=463 at_us=24873506
ZWL COMPOSE frame=463 image=0 windows=1 at_ms=24894
ZWL LAT submit frame=463 at_us=24894806
ZWL LAT shown frame=463 at_us=24942238
ZWL COMMIT client=3 surface=6 buffer=17 queued=0
ZWL ACQUIRE_FENCE client=3 surface=6 generation=1
ZWL LAT adopt surface=6 at_us=24942585
ZWL RELEASE client=3 buffer=19 dead=0
ZWL LAT draw frame=464 at_us=24942604
ZWL LAT acquired frame=464 at_us=24942615
ZWL LAT recorded frame=464 at_us=24942686
ZWL COMPOSE frame=464 image=0 windows=1 at_ms=24974
ZWL LAT submit frame=464 at_us=24974886
ZWL PERF 5032ms: passes=486 timeouts=241 | poll 16.2% work 81.0%
ZWL PERF compose frames=241 draw_ms=16.69 (acquire 0.01 submit+present 16.62) frame_ms=19.37
ZWL LAT shown frame=464 at_us=24977063
ZWL COMMIT client=3 surface=6 buffer=15 queued=0
ZWL ACQUIRE_FENCE client=3 surface=6 generation=1
ZWL LAT adopt surface=6 at_us=24977685
ZWL RELEASE client=3 buffer=17 dead=0
ZWL LAT draw frame=465 at_us=24977700
ZWL LAT acquired frame=465 at_us=24977710
ZWL LAT recorded frame=465 at_us=24977767
ZWL COMPOSE frame=465 image=0 windows=1 at_ms=25001
ZWL LAT submit frame=465 at_us=25001156
ZWL LAT shown frame=465 at_us=25003283
ZWL COMMIT client=3 surface=6 buffer=19 queued=0
ZWL ACQUIRE_FENCE client=3 surface=6 generation=1
ZWL LAT adopt surface=6 at_us=25003575
ZWL RELEASE client=3 buffer=15 dead=0
ZWL LAT draw frame=466 at_us=25003591
ZWL LAT acquired frame=466 at_us=25003600
ZWL LAT recorded frame=466 at_us=25003656
ZWL COMPOSE frame=466 image=0 windows=1 at_ms=25019
ZWL LAT submit frame=466 at_us=25019064
ZWL LAT shown frame=466 at_us=25021165
ZWL COMMIT client=3 surface=6 buffer=15 queued=0
ZWL ACQUIRE_FENCE client=3 surface=6 generation=1
ZWL LAT adopt surface=6 at_us=25022525
ZWL RELEASE client=3 buffer=19 dead=0
ZWL LAT draw frame=467 at_us=25022531
ZWL LAT acquired frame=467 at_us=25022537
ZWL LAT recorded frame=467 at_us=25022563
ZWL COMPOSE frame=467 image=0 windows=1 at_ms=25035
ZWL LAT submit frame=467 at_us=25036027
ZWL LAT shown frame=467 at_us=25038166
ZWL COMMIT client=3 surface=6 buffer=17 queued=0
ZWL ACQUIRE_FENCE client=3 surface=6 generation=1
ZWL LAT adopt surface=6 at_us=25041966
ZWL RELEASE client=3 buffer=15 dead=0
ZWL LAT draw frame=468 at_us=25041983
ZWL LAT acquired frame=468 at_us=25041997
ZWL LAT recorded frame=468 at_us=25042052
ZWL COMPOSE frame=468 image=0 windows=1 at_ms=25064
ZWL LAT submit frame=468 at_us=25064439
ZWL LAT shown frame=468 at_us=25066561
ZWL COMMIT client=3 surface=6 buffer=19 queued=0
ZWL ACQUIRE_FENCE client=3 surface=6 generation=1
ZWL LAT adopt surface=6 at_us=25066731
ZWL RELEASE client=3 buffer=17 dead=0
ZWL LAT draw frame=469 at_us=25066745
ZWL LAT acquired frame=469 at_us=25066754
ZWL LAT recorded frame=469 at_us=25066805
ZWL COMPOSE frame=469 image=0 windows=1 at_ms=25081
ZWL LAT submit frame=469 at_us=25081739
ZWL LAT shown frame=469 at_us=25083884
ZWL COMMIT client=3 surface=6 buffer=15 queued=0
ZWL ACQUIRE_FENCE client=3 surface=6 generation=1
ZWL LAT adopt surface=6 at_us=25085418
ZWL RELEASE client=3 buffer=19 dead=0
ZWL LAT draw frame=470 at_us=25085433
ZWL LAT acquired frame=470 at_us=25085443
ZWL LAT recorded frame=470 at_us=25085489
ZWL COMPOSE frame=470 image=0 windows=1 at_ms=25098
ZWL LAT submit frame=470 at_us=25098339
ZWL LAT shown frame=470 at_us=25100446
ZWL COMMIT client=3 surface=6 buffer=17 queued=0
ZWL ACQUIRE_FENCE client=3 surface=6 generation=1
ZWL LAT adopt surface=6 at_us=25104913
ZWL RELEASE client=3 buffer=15 dead=0
ZWL LAT draw frame=471 at_us=25104929
ZWL LAT acquired frame=471 at_us=25104940
ZWL LAT recorded frame=471 at_us=25104987
ZWL COMPOSE frame=471 image=0 windows=1 at_ms=25120
ZWL LAT submit frame=471 at_us=25120654
ZWL LAT shown frame=471 at_us=25122773
ZWL COMMIT client=3 surface=6 buffer=15 queued=0
ZWL ACQUIRE_FENCE client=3 surface=6 generation=1
ZWL LAT adopt surface=6 at_us=25123686
ZWL RELEASE client=3 buffer=17 dead=0
ZWL LAT draw frame=472 at_us=25123702
ZWL LAT acquired frame=472 at_us=25123711
ZWL LAT recorded frame=472 at_us=25123761
ZWL COMPOSE frame=472 image=0 windows=1 at_ms=25140
ZWL LAT submit frame=472 at_us=25140410
ZWL LAT shown frame=472 at_us=25142521
ZWL COMMIT client=3 surface=6 buffer=19 queued=0
ZWL ACQUIRE_FENCE client=3 surface=6 generation=1
ZWL LAT adopt surface=6 at_us=25142956
ZWL RELEASE client=3 buffer=15 dead=0
ZWL LAT draw frame=473 at_us=25142968
ZWL LAT acquired frame=473 at_us=25142971
ZWL LAT recorded frame=473 at_us=25142991
ZWL COMPOSE frame=473 image=0 windows=1 at_ms=25156
ZWL LAT submit frame=473 at_us=25156473
ZWL LAT shown frame=473 at_us=25158581
ZWL COMMIT client=3 surface=6 buffer=15 queued=0
ZWL ACQUIRE_FENCE client=3 surface=6 generation=1
ZWL LAT adopt surface=6 at_us=25162499
ZWL RELEASE client=3 buffer=19 dead=0
ZWL LAT draw frame=474 at_us=25162513
ZWL LAT acquired frame=474 at_us=25162525
ZWL LAT recorded frame=474 at_us=25162572
ZWL COMPOSE frame=474 image=0 windows=1 at_ms=25184
ZWL LAT submit frame=474 at_us=25184832
ZWL LAT shown frame=474 at_us=25186948
ZWL COMMIT client=3 surface=6 buffer=17 queued=0
ZWL ACQUIRE_FENCE client=3 surface=6 generation=1
ZWL LAT adopt surface=6 at_us=25187096
ZWL RELEASE client=3 buffer=15 dead=0
ZWL LAT draw frame=475 at_us=25187103
ZWL LAT acquired frame=475 at_us=25187108
ZWL LAT recorded frame=475 at_us=25187134
ZWL COMPOSE frame=475 image=0 windows=1 at_ms=25201
ZWL LAT submit frame=475 at_us=25201416
ZWL LAT shown frame=475 at_us=25203611
ZWL COMMIT client=3 surface=6 buffer=15 queued=0
ZWL ACQUIRE_FENCE client=3 surface=6 generation=1
ZWL LAT adopt surface=6 at_us=25206526
ZWL RELEASE client=3 buffer=17 dead=0
ZWL LAT draw frame=476 at_us=25206550
ZWL LAT acquired frame=476 at_us=25206556
ZWL LAT recorded frame=476 at_us=25206578
ZWL COMPOSE frame=476 image=0 windows=1 at_ms=25220
ZWL LAT submit frame=476 at_us=25220636
ZWL LAT shown frame=476 at_us=25222712
ZWL COMMIT client=3 surface=6 buffer=17 queued=0
ZWL ACQUIRE_FENCE client=3 surface=6 generation=1
ZWL LAT adopt surface=6 at_us=25224955
ZWL RELEASE client=3 buffer=15 dead=0
ZWL LAT draw frame=477 at_us=25224960
ZWL LAT acquired frame=477 at_us=25224964
ZWL LAT recorded frame=477 at_us=25224984
ZWL COMPOSE frame=477 image=0 windows=1 at_ms=25243
ZWL LAT submit frame=477 at_us=25243616
ZWL LAT shown frame=477 at_us=25245743
ZWL COMMIT client=3 surface=6 buffer=19 queued=0
ZWL ACQUIRE_FENCE client=3 surface=6 generation=1
ZWL LAT adopt surface=6 at_us=25246043
ZWL RELEASE client=3 buffer=17 dead=0
ZWL LAT draw frame=478 at_us=25246059
ZWL LAT acquired frame=478 at_us=25246069
ZWL LAT recorded frame=478 at_us=25246127
ZWL COMPOSE frame=478 image=0 windows=1 at_ms=25263
ZWL LAT submit frame=478 at_us=25263664
ZWL LAT shown frame=478 at_us=25265836
ZWL COMMIT client=3 surface=6 buffer=15 queued=0
ZWL ACQUIRE_FENCE client=3 surface=6 generation=1
ZWL LAT adopt surface=6 at_us=25266039
ZWL RELEASE client=3 buffer=19 dead=0
ZWL LAT draw frame=479 at_us=25266056
ZWL LAT acquired frame=479 at_us=25266069
ZWL LAT recorded frame=479 at_us=25266136
ZWL COMPOSE frame=479 image=0 windows=1 at_ms=25287
ZWL LAT submit frame=479 at_us=25287354
ZWL LAT shown frame=479 at_us=25289481
ZWL COMMIT client=3 surface=6 buffer=17 queued=0
ZWL ACQUIRE_FENCE client=3 surface=6 generation=1
ZWL LAT adopt surface=6 at_us=25289798
ZWL RELEASE client=3 buffer=15 dead=0
ZWL LAT draw frame=480 at_us=25289813
ZWL LAT acquired frame=480 at_us=25289824
ZWL LAT recorded frame=480 at_us=25289882
ZWL COMPOSE frame=480 image=0 windows=1 at_ms=25313
ZWL LAT submit frame=480 at_us=25313769
ZWL LAT shown frame=480 at_us=25315987
ZWL COMMIT client=3 surface=6 buffer=19 queued=0
ZWL ACQUIRE_FENCE client=3 surface=6 generation=1
ZWL LAT adopt surface=6 at_us=25316304
ZWL RELEASE client=3 buffer=17 dead=0
ZWL LAT draw frame=481 at_us=25316321
ZWL LAT acquired frame=481 at_us=25316332
ZWL LAT recorded frame=481 at_us=25316393
ZWL COMPOSE frame=481 image=0 windows=1 at_ms=25337
ZWL LAT submit frame=481 at_us=25337235
ZWL LAT shown frame=481 at_us=25339358
ZWL COMMIT client=3 surface=6 buffer=15 queued=0
ZWL ACQUIRE_FENCE client=3 surface=6 generation=1
ZWL LAT adopt surface=6 at_us=25339574
ZWL RELEASE client=3 buffer=19 dead=0
ZWL LAT draw frame=482 at_us=25339590
ZWL LAT acquired frame=482 at_us=25339599
ZWL LAT recorded frame=482 at_us=25339657
ZWL COMPOSE frame=482 image=0 windows=1 at_ms=25353
ZWL LAT submit frame=482 at_us=25353829
ZWL LAT shown frame=482 at_us=25355946
ZWL COMMIT client=3 surface=6 buffer=17 queued=0
ZWL ACQUIRE_FENCE client=3 surface=6 generation=1
ZWL LAT adopt surface=6 at_us=25358325
ZWL RELEASE client=3 buffer=15 dead=0
ZWL LAT draw frame=483 at_us=25358342
ZWL LAT acquired frame=483 at_us=25358358
ZWL LAT recorded frame=483 at_us=25358415
ZWL COMPOSE frame=483 image=0 windows=1 at_ms=25373
ZWL LAT submit frame=483 at_us=25373175
ZWL LAT shown frame=483 at_us=25375370
ZWL COMMIT client=3 surface=6 buffer=15 queued=0
ZWL ACQUIRE_FENCE client=3 surface=6 generation=1
ZWL LAT adopt surface=6 at_us=25376652
ZWL RELEASE client=3 buffer=17 dead=0
ZWL LAT draw frame=484 at_us=25376663
ZWL LAT acquired frame=484 at_us=25376670
ZWL LAT recorded frame=484 at_us=25376709
ZWL COMPOSE frame=484 image=0 windows=1 at_ms=25395
ZWL LAT submit frame=484 at_us=25395599
ZWL LAT shown frame=484 at_us=25397712
ZWL COMMIT client=3 surface=6 buffer=19 queued=0
ZWL ACQUIRE_FENCE client=3 surface=6 generation=1
ZWL LAT adopt surface=6 at_us=25398008
ZWL RELEASE client=3 buffer=15 dead=0
ZWL LAT draw frame=485 at_us=25398023
ZWL LAT acquired frame=485 at_us=25398032
ZWL LAT recorded frame=485 at_us=25398082
ZWL COMPOSE frame=485 image=0 windows=1 at_ms=25415
ZWL LAT submit frame=485 at_us=25415028
ZWL LAT shown frame=485 at_us=25417151
ZWL COMMIT client=3 surface=6 buffer=17 queued=0
ZWL ACQUIRE_FENCE client=3 surface=6 generation=1
ZWL LAT adopt surface=6 at_us=25417330
ZWL RELEASE client=3 buffer=19 dead=0
ZWL LAT draw frame=486 at_us=25417346
ZWL LAT acquired frame=486 at_us=25417355
ZWL LAT recorded frame=486 at_us=25417410
ZWL COMPOSE frame=486 image=0 windows=1 at_ms=25430
ZWL LAT submit frame=486 at_us=25430593
ZWL LAT shown frame=486 at_us=25432706
ZWL COMMIT client=3 surface=6 buffer=15 queued=0
ZWL ACQUIRE_FENCE client=3 surface=6 generation=1
ZWL LAT adopt surface=6 at_us=25436662
ZWL RELEASE client=3 buffer=17 dead=0
ZWL LAT draw frame=487 at_us=25436676
ZWL LAT acquired frame=487 at_us=25436688
ZWL LAT recorded frame=487 at_us=25436733
ZWL COMPOSE frame=487 image=0 windows=1 at_ms=25458
ZWL LAT submit frame=487 at_us=25458375
ZWL LAT shown frame=487 at_us=25460496
ZWL COMMIT client=3 surface=6 buffer=19 queued=0
ZWL ACQUIRE_FENCE client=3 surface=6 generation=1
ZWL LAT adopt surface=6 at_us=25460692
ZWL RELEASE client=3 buffer=15 dead=0
ZWL LAT draw frame=488 at_us=25460707
ZWL LAT acquired frame=488 at_us=25460716
ZWL LAT recorded frame=488 at_us=25460764
ZWL COMPOSE frame=488 image=0 windows=1 at_ms=25478
ZWL LAT submit frame=488 at_us=25478528
ZWL LAT shown frame=488 at_us=25480641
ZWL COMMIT client=3 surface=6 buffer=17 queued=0
ZWL ACQUIRE_FENCE client=3 surface=6 generation=1
ZWL LAT adopt surface=6 at_us=25480816
ZWL RELEASE client=3 buffer=19 dead=0
ZWL LAT draw frame=489 at_us=25480831
ZWL LAT acquired frame=489 at_us=25480839
ZWL LAT recorded frame=489 at_us=25480906
ZWL COMPOSE frame=489 image=0 windows=1 at_ms=25495
ZWL LAT submit frame=489 at_us=25495283
ZWL LAT shown frame=489 at_us=25497645
ZWL COMMIT client=3 surface=6 buffer=15 queued=0
ZWL ACQUIRE_FENCE client=3 surface=6 generation=1
ZWL LAT adopt surface=6 at_us=25498798
ZWL RELEASE client=3 buffer=17 dead=0
ZWL LAT draw frame=490 at_us=25498813
ZWL LAT acquired frame=490 at_us=25498822
ZWL LAT recorded frame=490 at_us=25498865
ZWL COMPOSE frame=490 image=0 windows=1 at_ms=25512
ZWL LAT submit frame=490 at_us=25512460
ZWL LAT shown frame=490 at_us=25514573
ZWL COMMIT client=3 surface=6 buffer=17 queued=0
ZWL ACQUIRE_FENCE client=3 surface=6 generation=1
ZWL LAT adopt surface=6 at_us=25517809
ZWL RELEASE client=3 buffer=15 dead=0
ZWL LAT draw frame=491 at_us=25517823
ZWL LAT acquired frame=491 at_us=25517835
ZWL LAT recorded frame=491 at_us=25517883
ZWL COMPOSE frame=491 image=0 windows=1 at_ms=25532
ZWL LAT submit frame=491 at_us=25532608
ZWL LAT shown frame=491 at_us=25535070
ZWL COMMIT client=3 surface=6 buffer=15 queued=0
ZWL ACQUIRE_FENCE client=3 surface=6 generation=1
ZWL LAT adopt surface=6 at_us=25536915
ZWL RELEASE client=3 buffer=17 dead=0
ZWL LAT draw frame=492 at_us=25536932
ZWL LAT acquired frame=492 at_us=25536962
ZWL LAT recorded frame=492 at_us=25537016
ZWL COMPOSE frame=492 image=0 windows=1 at_ms=25560
ZWL LAT submit frame=492 at_us=25560487
ZWL LAT shown frame=492 at_us=25562627
ZWL COMMIT client=3 surface=6 buffer=19 queued=0
ZWL ACQUIRE_FENCE client=3 surface=6 generation=1
ZWL LAT adopt surface=6 at_us=25562813
ZWL RELEASE client=3 buffer=15 dead=0
ZWL LAT draw frame=493 at_us=25562828
ZWL LAT acquired frame=493 at_us=25562837
ZWL LAT recorded frame=493 at_us=25562884
ZWL COMPOSE frame=493 image=0 windows=1 at_ms=25584
ZWL LAT submit frame=493 at_us=25584946
ZWL LAT shown frame=493 at_us=25587060
ZWL COMMIT client=3 surface=6 buffer=17 queued=0
ZWL ACQUIRE_FENCE client=3 surface=6 generation=1
ZWL LAT adopt surface=6 at_us=25587162
ZWL RELEASE client=3 buffer=19 dead=0
ZWL LAT draw frame=494 at_us=25587167
ZWL LAT acquired frame=494 at_us=25587170
ZWL LAT recorded frame=494 at_us=25587192
ZWL COMPOSE frame=494 image=0 windows=1 at_ms=25602
ZWL LAT submit frame=494 at_us=25602285
ZWL LAT shown frame=494 at_us=25604460
ZWL COMMIT client=3 surface=6 buffer=15 queued=0
ZWL ACQUIRE_FENCE client=3 surface=6 generation=1
ZWL LAT adopt surface=6 at_us=25606138
ZWL RELEASE client=3 buffer=17 dead=0
ZWL LAT draw frame=495 at_us=25606156
ZWL LAT acquired frame=495 at_us=25606172
ZWL LAT recorded frame=495 at_us=25606242
ZWL COMPOSE frame=495 image=0 windows=1 at_ms=25623
ZWL LAT submit frame=495 at_us=25623045
ZWL LAT shown frame=495 at_us=25625182
ZWL COMMIT client=3 surface=6 buffer=19 queued=0
ZWL ACQUIRE_FENCE client=3 surface=6 generation=1
ZWL LAT adopt surface=6 at_us=25625428
ZWL RELEASE client=3 buffer=15 dead=0
ZWL LAT draw frame=496 at_us=25625444
ZWL LAT acquired frame=496 at_us=25625455
ZWL LAT recorded frame=496 at_us=25625515
ZWL COMPOSE frame=496 image=0 windows=1 at_ms=25639
ZWL LAT submit frame=496 at_us=25639032
ZWL LAT shown frame=496 at_us=25641143
ZWL COMMIT client=3 surface=6 buffer=15 queued=0
ZWL ACQUIRE_FENCE client=3 surface=6 generation=1
ZWL LAT adopt surface=6 at_us=25643820
ZWL RELEASE client=3 buffer=19 dead=0
ZWL LAT draw frame=497 at_us=25643835
ZWL LAT acquired frame=497 at_us=25643845
ZWL LAT recorded frame=497 at_us=25643894
ZWL COMPOSE frame=497 image=0 windows=1 at_ms=25663
ZWL LAT submit frame=497 at_us=25663772
ZWL LAT shown frame=497 at_us=25665898
ZWL COMMIT client=3 surface=6 buffer=17 queued=0
ZWL ACQUIRE_FENCE client=3 surface=6 generation=1
ZWL LAT adopt surface=6 at_us=25666190
ZWL RELEASE client=3 buffer=15 dead=0
ZWL LAT draw frame=498 at_us=25666204
ZWL LAT acquired frame=498 at_us=25666212
ZWL LAT recorded frame=498 at_us=25666258
ZWL COMPOSE frame=498 image=0 windows=1 at_ms=25680
ZWL LAT submit frame=498 at_us=25680945
ZWL LAT shown frame=498 at_us=25683285
ZWL COMMIT client=3 surface=6 buffer=15 queued=0
ZWL ACQUIRE_FENCE client=3 surface=6 generation=1
ZWL LAT adopt surface=6 at_us=25684721
ZWL RELEASE client=3 buffer=17 dead=0
ZWL LAT draw frame=499 at_us=25684735
ZWL LAT acquired frame=499 at_us=25684747
ZWL LAT recorded frame=499 at_us=25684791
ZWL COMPOSE frame=499 image=0 windows=1 at_ms=25706
ZWL LAT submit frame=499 at_us=25706100
ZWL LAT shown frame=499 at_us=25708230
ZWL COMMIT client=3 surface=6 buffer=19 queued=0
ZWL ACQUIRE_FENCE client=3 surface=6 generation=1
ZWL LAT adopt surface=6 at_us=25708396
ZWL RELEASE client=3 buffer=15 dead=0
ZWL LAT draw frame=500 at_us=25708410
ZWL LAT acquired frame=500 at_us=25708429
ZWL LAT recorded frame=500 at_us=25708463
ZWL COMPOSE frame=500 image=0 windows=1 at_ms=25734
ZWL LAT submit frame=500 at_us=25734122
ZWL LAT shown frame=500 at_us=25736241
ZWL COMMIT client=3 surface=6 buffer=17 queued=0
ZWL ACQUIRE_FENCE client=3 surface=6 generation=1
ZWL LAT adopt surface=6 at_us=25736432
ZWL RELEASE client=3 buffer=19 dead=0
ZWL LAT draw frame=501 at_us=25736454
ZWL LAT acquired frame=501 at_us=25736457
ZWL LAT recorded frame=501 at_us=25736481
ZWL COMPOSE frame=501 image=0 windows=1 at_ms=25750
ZWL LAT submit frame=501 at_us=25750398
ZWL LAT shown frame=501 at_us=25752473
ZWL COMMIT client=3 surface=6 buffer=15 queued=0
ZWL ACQUIRE_FENCE client=3 surface=6 generation=1
ZWL LAT adopt surface=6 at_us=25754409
ZWL RELEASE client=3 buffer=17 dead=0
ZWL LAT draw frame=502 at_us=25754415
ZWL LAT acquired frame=502 at_us=25754420
ZWL LAT recorded frame=502 at_us=25754451
ZWL COMPOSE frame=502 image=0 windows=1 at_ms=25768
ZWL LAT submit frame=502 at_us=25768538
ZWL LAT shown frame=502 at_us=25770652
ZWL COMMIT client=3 surface=6 buffer=17 queued=0
ZWL ACQUIRE_FENCE client=3 surface=6 generation=1
ZWL LAT adopt surface=6 at_us=25772629
ZWL RELEASE client=3 buffer=15 dead=0
ZWL LAT draw frame=503 at_us=25772633
ZWL LAT acquired frame=503 at_us=25772638
ZWL LAT recorded frame=503 at_us=25772666
ZWL COMPOSE frame=503 image=0 windows=1 at_ms=25784
ZWL LAT submit frame=503 at_us=25785007
ZWL LAT shown frame=503 at_us=25787108
ZWL COMMIT client=3 surface=6 buffer=15 queued=0
ZWL ACQUIRE_FENCE client=3 surface=6 generation=1
ZWL LAT adopt surface=6 at_us=25790769
ZWL RELEASE client=3 buffer=17 dead=0
ZWL LAT draw frame=504 at_us=25790782
ZWL LAT acquired frame=504 at_us=25790792
ZWL LAT recorded frame=504 at_us=25790838
ZWL COMPOSE frame=504 image=0 windows=1 at_ms=25812
ZWL LAT submit frame=504 at_us=25812099
ZWL LAT shown frame=504 at_us=25814227
ZWL COMMIT client=3 surface=6 buffer=19 queued=0
ZWL ACQUIRE_FENCE client=3 surface=6 generation=1
ZWL LAT adopt surface=6 at_us=25814416
ZWL RELEASE client=3 buffer=15 dead=0
ZWL LAT draw frame=505 at_us=25814432
ZWL LAT acquired frame=505 at_us=25814444
ZWL LAT recorded frame=505 at_us=25814506
ZWL COMPOSE frame=505 image=0 windows=1 at_ms=25832
ZWL LAT submit frame=505 at_us=25832099
ZWL LAT shown frame=505 at_us=25834212
ZWL COMMIT client=3 surface=6 buffer=17 queued=0
ZWL ACQUIRE_FENCE client=3 surface=6 generation=1
ZWL LAT adopt surface=6 at_us=25834378
ZWL RELEASE client=3 buffer=19 dead=0
ZWL LAT draw frame=506 at_us=25834393
ZWL LAT acquired frame=506 at_us=25834403
ZWL LAT recorded frame=506 at_us=25834455
ZWL COMPOSE frame=506 image=0 windows=1 at_ms=25848
ZWL LAT submit frame=506 at_us=25848300
ZWL LAT shown frame=506 at_us=25850380
ZWL COMMIT client=3 surface=6 buffer=15 queued=0
ZWL ACQUIRE_FENCE client=3 surface=6 generation=1
ZWL LAT adopt surface=6 at_us=25852350
ZWL RELEASE client=3 buffer=17 dead=0
ZWL LAT draw frame=507 at_us=25852357
ZWL LAT acquired frame=507 at_us=25852363
ZWL LAT recorded frame=507 at_us=25852392
ZWL COMPOSE frame=507 image=0 windows=1 at_ms=25865
ZWL LAT submit frame=507 at_us=25865230
ZWL LAT shown frame=507 at_us=25867349
ZWL COMMIT client=3 surface=6 buffer=17 queued=0
ZWL ACQUIRE_FENCE client=3 surface=6 generation=1
ZWL LAT adopt surface=6 at_us=25870787
ZWL RELEASE client=3 buffer=15 dead=0
ZWL LAT draw frame=508 at_us=25870805
ZWL LAT acquired frame=508 at_us=25870818
ZWL LAT recorded frame=508 at_us=25870876
ZWL COMPOSE frame=508 image=0 windows=1 at_ms=25890
ZWL LAT submit frame=508 at_us=25890768
ZWL LAT shown frame=508 at_us=25892919
ZWL COMMIT client=3 surface=6 buffer=19 queued=0
ZWL ACQUIRE_FENCE client=3 surface=6 generation=1
ZWL LAT adopt surface=6 at_us=25893066
ZWL RELEASE client=3 buffer=17 dead=0
ZWL LAT draw frame=509 at_us=25893071
ZWL LAT acquired frame=509 at_us=25893075
ZWL LAT recorded frame=509 at_us=25893102
ZWL COMPOSE frame=509 image=0 windows=1 at_ms=25908
ZWL LAT submit frame=509 at_us=25908956
ZWL LAT shown frame=509 at_us=25911047
ZWL COMMIT client=3 surface=6 buffer=15 queued=0
ZWL ACQUIRE_FENCE client=3 surface=6 generation=1
ZWL LAT adopt surface=6 at_us=25911137
ZWL RELEASE client=3 buffer=19 dead=0
ZWL LAT draw frame=510 at_us=25911143
ZWL LAT acquired frame=510 at_us=25911148
ZWL LAT recorded frame=510 at_us=25911179
ZWL COMPOSE frame=510 image=0 windows=1 at_ms=25930
ZWL LAT submit frame=510 at_us=25930469
ZWL LAT shown frame=510 at_us=25932592
ZWL COMMIT client=3 surface=6 buffer=17 queued=0
ZWL ACQUIRE_FENCE client=3 surface=6 generation=1
ZWL LAT adopt surface=6 at_us=25932786
ZWL RELEASE client=3 buffer=15 dead=0
ZWL LAT draw frame=511 at_us=25932802
ZWL LAT acquired frame=511 at_us=25932813
ZWL LAT recorded frame=511 at_us=25932961
ZWL COMPOSE frame=511 image=0 windows=1 at_ms=25950
ZWL LAT submit frame=511 at_us=25950105
ZWL LAT shown frame=511 at_us=25952218
ZWL COMMIT client=3 surface=6 buffer=19 queued=0
ZWL ACQUIRE_FENCE client=3 surface=6 generation=1
ZWL LAT adopt surface=6 at_us=25952375
ZWL RELEASE client=3 buffer=17 dead=0
ZWL LAT draw frame=512 at_us=25952385
ZWL LAT acquired frame=512 at_us=25952392
ZWL LAT recorded frame=512 at_us=25952435
ZWL COMPOSE frame=512 image=0 windows=1 at_ms=25972
ZWL LAT submit frame=512 at_us=25972076
ZWL LAT shown frame=512 at_us=25974207
ZWL COMMIT client=3 surface=6 buffer=15 queued=0
ZWL ACQUIRE_FENCE client=3 surface=6 generation=1
ZWL LAT adopt surface=6 at_us=25974355
ZWL RELEASE client=3 buffer=19 dead=0
ZWL LAT draw frame=513 at_us=25974370
ZWL LAT acquired frame=513 at_us=25974380
ZWL LAT recorded frame=513 at_us=25974440
ZWL COMPOSE frame=513 image=0 windows=1 at_ms=25987
ZWL LAT submit frame=513 at_us=25987856
ZWL LAT shown frame=513 at_us=25989987
ZWL COMMIT client=3 surface=6 buffer=17 queued=0
ZWL ACQUIRE_FENCE client=3 surface=6 generation=1
ZWL LAT adopt surface=6 at_us=25992744
ZWL RELEASE client=3 buffer=15 dead=0
ZWL LAT draw frame=514 at_us=25992749
ZWL LAT acquired frame=514 at_us=25992754
ZWL LAT recorded frame=514 at_us=25992780
ZWL COMPOSE frame=514 image=0 windows=1 at_ms=26005
ZWL LAT submit frame=514 at_us=26005987
ZWL LAT shown frame=514 at_us=26008098
ZWL COMMIT client=3 surface=6 buffer=15 queued=0
ZWL ACQUIRE_FENCE client=3 surface=6 generation=1
ZWL LAT adopt surface=6 at_us=26011214
ZWL RELEASE client=3 buffer=17 dead=0
ZWL LAT draw frame=515 at_us=26011229
ZWL LAT acquired frame=515 at_us=26011243
ZWL LAT recorded frame=515 at_us=26011292
ZWL COMPOSE frame=515 image=0 windows=1 at_ms=26028
ZWL LAT submit frame=515 at_us=26028138
ZWL LAT shown frame=515 at_us=26030244
ZWL COMMIT client=3 surface=6 buffer=19 queued=0
ZWL ACQUIRE_FENCE client=3 surface=6 generation=1
ZWL LAT adopt surface=6 at_us=26030479
ZWL RELEASE client=3 buffer=15 dead=0
ZWL LAT draw frame=516 at_us=26030495
ZWL LAT acquired frame=516 at_us=26030505
ZWL LAT recorded frame=516 at_us=26030569
ZWL COMPOSE frame=516 image=0 windows=1 at_ms=26047
ZWL LAT submit frame=516 at_us=26047680
ZWL LAT shown frame=516 at_us=26049757
ZWL COMMIT client=3 surface=6 buffer=17 queued=0
ZWL ACQUIRE_FENCE client=3 surface=6 generation=1
ZWL LAT adopt surface=6 at_us=26049834
ZWL RELEASE client=3 buffer=19 dead=0
ZWL LAT draw frame=517 at_us=26049838
ZWL LAT acquired frame=517 at_us=26049842
ZWL LAT recorded frame=517 at_us=26049875
ZWL COMPOSE frame=517 image=0 windows=1 at_ms=26062
ZWL LAT submit frame=517 at_us=26062816
ZWL LAT shown frame=517 at_us=26064922
ZWL COMMIT client=3 surface=6 buffer=15 queued=0
ZWL ACQUIRE_FENCE client=3 surface=6 generation=1
ZWL LAT adopt surface=6 at_us=26068132
ZWL RELEASE client=3 buffer=17 dead=0
ZWL LAT draw frame=518 at_us=26068147
ZWL LAT acquired frame=518 at_us=26068157
ZWL LAT recorded frame=518 at_us=26068207
ZWL COMPOSE frame=518 image=0 windows=1 at_ms=26083
ZWL LAT submit frame=518 at_us=26083509
ZWL LAT shown frame=518 at_us=26085617
ZWL COMMIT client=3 surface=6 buffer=17 queued=0
ZWL ACQUIRE_FENCE client=3 surface=6 generation=1
ZWL LAT adopt surface=6 at_us=26085796
ZWL RELEASE client=3 buffer=15 dead=0
ZWL LAT draw frame=519 at_us=26085810
ZWL LAT acquired frame=519 at_us=26085820
ZWL LAT recorded frame=519 at_us=26085868
ZWL COMPOSE frame=519 image=0 windows=1 at_ms=26098
ZWL LAT submit frame=519 at_us=26098064
ZWL LAT shown frame=519 at_us=26100177
ZWL COMMIT client=3 surface=6 buffer=15 queued=0
ZWL ACQUIRE_FENCE client=3 surface=6 generation=1
ZWL LAT adopt surface=6 at_us=26104091
ZWL RELEASE client=3 buffer=17 dead=0
ZWL LAT draw frame=520 at_us=26104109
ZWL LAT acquired frame=520 at_us=26104122
ZWL LAT recorded frame=520 at_us=26104179
ZWL COMPOSE frame=520 image=0 windows=1 at_ms=26124
ZWL LAT submit frame=520 at_us=26124600
ZWL LAT shown frame=520 at_us=26126739
ZWL COMMIT client=3 surface=6 buffer=19 queued=0
ZWL ACQUIRE_FENCE client=3 surface=6 generation=1
ZWL LAT adopt surface=6 at_us=26127044
ZWL RELEASE client=3 buffer=15 dead=0
ZWL LAT draw frame=521 at_us=26127061
ZWL LAT acquired frame=521 at_us=26127071
ZWL LAT recorded frame=521 at_us=26127134
ZWL COMPOSE frame=521 image=0 windows=1 at_ms=26141
ZWL LAT submit frame=521 at_us=26141602
ZWL LAT shown frame=521 at_us=26144225
ZWL COMMIT client=3 surface=6 buffer=15 queued=0
ZWL ACQUIRE_FENCE client=3 surface=6 generation=1
ZWL LAT adopt surface=6 at_us=26144838
ZWL RELEASE client=3 buffer=19 dead=0
ZWL LAT draw frame=522 at_us=26144842
ZWL LAT acquired frame=522 at_us=26144846
ZWL LAT recorded frame=522 at_us=26144874
ZWL COMPOSE frame=522 image=0 windows=1 at_ms=26156
ZWL LAT submit frame=522 at_us=26156359
ZWL LAT shown frame=522 at_us=26158479
ZWL COMMIT client=3 surface=6 buffer=17 queued=0
ZWL ACQUIRE_FENCE client=3 surface=6 generation=1
ZWL LAT adopt surface=6 at_us=26163682
ZWL RELEASE client=3 buffer=15 dead=0
ZWL LAT draw frame=523 at_us=26163693
ZWL LAT acquired frame=523 at_us=26163703
ZWL LAT recorded frame=523 at_us=26163745
ZWL COMPOSE frame=523 image=0 windows=1 at_ms=26188
ZWL LAT submit frame=523 at_us=26188554
ZWL LAT shown frame=523 at_us=26190682
ZWL COMMIT client=3 surface=6 buffer=19 queued=0
ZWL ACQUIRE_FENCE client=3 surface=6 generation=1
ZWL LAT adopt surface=6 at_us=26190862
ZWL RELEASE client=3 buffer=17 dead=0
ZWL LAT draw frame=524 at_us=26190868
ZWL LAT acquired frame=524 at_us=26190872
ZWL LAT recorded frame=524 at_us=26190904
ZWL COMPOSE frame=524 image=0 windows=1 at_ms=26205
ZWL LAT submit frame=524 at_us=26205380
ZWL LAT shown frame=524 at_us=26207530
ZWL COMMIT client=3 surface=6 buffer=15 queued=0
ZWL ACQUIRE_FENCE client=3 surface=6 generation=1
ZWL LAT adopt surface=6 at_us=26209735
ZWL RELEASE client=3 buffer=19 dead=0
ZWL LAT draw frame=525 at_us=26209752
ZWL LAT acquired frame=525 at_us=26209765
ZWL LAT recorded frame=525 at_us=26209823
ZWL COMPOSE frame=525 image=0 windows=1 at_ms=26230
ZWL LAT submit frame=525 at_us=26230432
ZWL LAT shown frame=525 at_us=26232554
ZWL COMMIT client=3 surface=6 buffer=17 queued=0
ZWL ACQUIRE_FENCE client=3 surface=6 generation=1
ZWL LAT adopt surface=6 at_us=26232693
ZWL RELEASE client=3 buffer=15 dead=0
ZWL LAT draw frame=526 at_us=26232708
ZWL LAT acquired frame=526 at_us=26232717
ZWL LAT recorded frame=526 at_us=26232764
ZWL COMPOSE frame=526 image=0 windows=1 at_ms=26252
ZWL LAT submit frame=526 at_us=26252772
ZWL LAT shown frame=526 at_us=26254894
ZWL COMMIT client=3 surface=6 buffer=19 queued=0
ZWL ACQUIRE_FENCE client=3 surface=6 generation=1
ZWL LAT adopt surface=6 at_us=26255031
ZWL RELEASE client=3 buffer=17 dead=0
ZWL LAT draw frame=527 at_us=26255045
ZWL LAT acquired frame=527 at_us=26255055
ZWL LAT recorded frame=527 at_us=26255102
ZWL COMPOSE frame=527 image=0 windows=1 at_ms=26270
ZWL LAT submit frame=527 at_us=26270154
ZWL LAT shown frame=527 at_us=26272271
ZWL COMMIT client=3 surface=6 buffer=15 queued=0
ZWL ACQUIRE_FENCE client=3 surface=6 generation=1
ZWL LAT adopt surface=6 at_us=26273684
ZWL RELEASE client=3 buffer=19 dead=0
ZWL LAT draw frame=528 at_us=26273689
ZWL LAT acquired frame=528 at_us=26273693
ZWL LAT recorded frame=528 at_us=26273716
ZWL COMPOSE frame=528 image=0 windows=1 at_ms=26288
ZWL LAT submit frame=528 at_us=26288664
ZWL LAT shown frame=528 at_us=26290778
ZWL COMMIT client=3 surface=6 buffer=17 queued=0
ZWL ACQUIRE_FENCE client=3 surface=6 generation=1
ZWL LAT adopt surface=6 at_us=26292542
ZWL RELEASE client=3 buffer=15 dead=0
ZWL LAT draw frame=529 at_us=26292554
ZWL LAT acquired frame=529 at_us=26292563
ZWL LAT recorded frame=529 at_us=26292603
ZWL COMPOSE frame=529 image=0 windows=1 at_ms=26312
ZWL LAT submit frame=529 at_us=26312621
ZWL LAT shown frame=529 at_us=26314741
ZWL COMMIT client=3 surface=6 buffer=19 queued=0
ZWL ACQUIRE_FENCE client=3 surface=6 generation=1
ZWL LAT adopt surface=6 at_us=26314959
ZWL RELEASE client=3 buffer=17 dead=0
ZWL LAT draw frame=530 at_us=26314974
ZWL LAT acquired frame=530 at_us=26314984
ZWL LAT recorded frame=530 at_us=26315040
ZWL COMPOSE frame=530 image=0 windows=1 at_ms=26332
ZWL LAT submit frame=530 at_us=26332649
ZWL LAT shown frame=530 at_us=26334777
ZWL COMMIT client=3 surface=6 buffer=15 queued=0
ZWL ACQUIRE_FENCE client=3 surface=6 generation=1
ZWL LAT adopt surface=6 at_us=26334970
ZWL RELEASE client=3 buffer=19 dead=0
ZWL LAT draw frame=531 at_us=26334985
ZWL LAT acquired frame=531 at_us=26334997
ZWL LAT recorded frame=531 at_us=26335055
ZWL COMPOSE frame=531 image=0 windows=1 at_ms=26356
ZWL LAT submit frame=531 at_us=26356255
ZWL LAT shown frame=531 at_us=26358381
ZWL COMMIT client=3 surface=6 buffer=17 queued=0
ZWL ACQUIRE_FENCE client=3 surface=6 generation=1
ZWL LAT adopt surface=6 at_us=26358672
ZWL RELEASE client=3 buffer=15 dead=0
ZWL LAT draw frame=532 at_us=26358687
ZWL LAT acquired frame=532 at_us=26358697
ZWL LAT recorded frame=532 at_us=26358755
ZWL COMPOSE frame=532 image=0 windows=1 at_ms=26373
ZWL LAT submit frame=532 at_us=26373950
ZWL LAT shown frame=532 at_us=26376065
ZWL COMMIT client=3 surface=6 buffer=15 queued=0
ZWL ACQUIRE_FENCE client=3 surface=6 generation=1
ZWL LAT adopt surface=6 at_us=26377071
ZWL RELEASE client=3 buffer=17 dead=0
ZWL LAT draw frame=533 at_us=26377076
ZWL LAT acquired frame=533 at_us=26377079
ZWL LAT recorded frame=533 at_us=26377100
ZWL COMPOSE frame=533 image=0 windows=1 at_ms=26389
ZWL LAT submit frame=533 at_us=26389138
ZWL LAT shown frame=533 at_us=26391244
ZWL COMMIT client=3 surface=6 buffer=17 queued=0
ZWL ACQUIRE_FENCE client=3 surface=6 generation=1
ZWL LAT adopt surface=6 at_us=26396123
ZWL RELEASE client=3 buffer=15 dead=0
ZWL LAT draw frame=534 at_us=26396128
ZWL LAT acquired frame=534 at_us=26396131
ZWL LAT recorded frame=534 at_us=26396152
ZWL COMPOSE frame=534 image=0 windows=1 at_ms=26416
ZWL LAT submit frame=534 at_us=26416828
ZWL LAT shown frame=534 at_us=26418944
ZWL COMMIT client=3 surface=6 buffer=19 queued=0
ZWL ACQUIRE_FENCE client=3 surface=6 generation=1
ZWL LAT adopt surface=6 at_us=26419230
ZWL RELEASE client=3 buffer=17 dead=0
ZWL LAT draw frame=535 at_us=26419245
ZWL LAT acquired frame=535 at_us=26419257
ZWL LAT recorded frame=535 at_us=26419312
ZWL COMPOSE frame=535 image=0 windows=1 at_ms=26435
ZWL LAT submit frame=535 at_us=26435132
ZWL LAT shown frame=535 at_us=26437246
ZWL COMMIT client=3 surface=6 buffer=15 queued=0
ZWL ACQUIRE_FENCE client=3 surface=6 generation=1
ZWL LAT adopt surface=6 at_us=26437743
ZWL RELEASE client=3 buffer=19 dead=0
ZWL LAT draw frame=536 at_us=26437758
ZWL LAT acquired frame=536 at_us=26437767
ZWL LAT recorded frame=536 at_us=26437816
ZWL COMPOSE frame=536 image=0 windows=1 at_ms=26452
ZWL LAT submit frame=536 at_us=26452231
ZWL LAT shown frame=536 at_us=26455147
ZWL COMMIT client=3 surface=6 buffer=17 queued=0
ZWL ACQUIRE_FENCE client=3 surface=6 generation=1
ZWL LAT adopt surface=6 at_us=26456942
ZWL RELEASE client=3 buffer=15 dead=0
ZWL LAT draw frame=537 at_us=26456959
ZWL LAT acquired frame=537 at_us=26456972
ZWL LAT recorded frame=537 at_us=26457024
ZWL COMPOSE frame=537 image=0 windows=1 at_ms=26479
ZWL LAT submit frame=537 at_us=26479247
ZWL LAT shown frame=537 at_us=26481370
ZWL COMMIT client=3 surface=6 buffer=19 queued=0
ZWL ACQUIRE_FENCE client=3 surface=6 generation=1
ZWL LAT adopt surface=6 at_us=26481551
ZWL RELEASE client=3 buffer=17 dead=0
ZWL LAT draw frame=538 at_us=26481565
ZWL LAT acquired frame=538 at_us=26481574
ZWL LAT recorded frame=538 at_us=26481624
ZWL COMPOSE frame=538 image=0 windows=1 at_ms=26502
ZWL LAT submit frame=538 at_us=26502806
ZWL LAT shown frame=538 at_us=26504932
ZWL COMMIT client=3 surface=6 buffer=15 queued=0
ZWL ACQUIRE_FENCE client=3 surface=6 generation=1
ZWL LAT adopt surface=6 at_us=26505115
ZWL RELEASE client=3 buffer=19 dead=0
ZWL LAT draw frame=539 at_us=26505130
ZWL LAT acquired frame=539 at_us=26505140
ZWL LAT recorded frame=539 at_us=26505196
ZWL COMPOSE frame=539 image=0 windows=1 at_ms=26521
ZWL LAT submit frame=539 at_us=26521994
ZWL LAT shown frame=539 at_us=26524062
ZWL COMMIT client=3 surface=6 buffer=17 queued=0
ZWL ACQUIRE_FENCE client=3 surface=6 generation=1
ZWL LAT adopt surface=6 at_us=26524252
ZWL RELEASE client=3 buffer=15 dead=0
ZWL LAT draw frame=540 at_us=26524267
ZWL LAT acquired frame=540 at_us=26524275
ZWL LAT recorded frame=540 at_us=26524321
ZWL COMPOSE frame=540 image=0 windows=1 at_ms=26538
ZWL LAT submit frame=540 at_us=26538294
ZWL LAT shown frame=540 at_us=26540399
ZWL COMMIT client=3 surface=6 buffer=15 queued=0
ZWL ACQUIRE_FENCE client=3 surface=6 generation=1
ZWL LAT adopt surface=6 at_us=26542157
ZWL RELEASE client=3 buffer=17 dead=0
ZWL LAT draw frame=541 at_us=26542163
ZWL LAT acquired frame=541 at_us=26542168
ZWL LAT recorded frame=541 at_us=26542195
ZWL COMPOSE frame=541 image=0 windows=1 at_ms=26555
ZWL LAT submit frame=541 at_us=26555345
ZWL LAT shown frame=541 at_us=26557458
ZWL COMMIT client=3 surface=6 buffer=17 queued=0
ZWL ACQUIRE_FENCE client=3 surface=6 generation=1
ZWL LAT adopt surface=6 at_us=26559943
ZWL RELEASE client=3 buffer=15 dead=0
ZWL LAT draw frame=542 at_us=26559948
ZWL LAT acquired frame=542 at_us=26559953
ZWL LAT recorded frame=542 at_us=26559980
ZWL COMPOSE frame=542 image=0 windows=1 at_ms=26573
ZWL LAT submit frame=542 at_us=26573101
ZWL LAT shown frame=542 at_us=26575224
ZWL COMMIT client=3 surface=6 buffer=15 queued=0
ZWL ACQUIRE_FENCE client=3 surface=6 generation=1
ZWL LAT adopt surface=6 at_us=26577741
ZWL RELEASE client=3 buffer=17 dead=0
ZWL LAT draw frame=543 at_us=26577746
ZWL LAT acquired frame=543 at_us=26577751
ZWL LAT recorded frame=543 at_us=26577775
ZWL COMPOSE frame=543 image=0 windows=1 at_ms=26590
ZWL LAT submit frame=543 at_us=26590266
ZWL LAT shown frame=543 at_us=26592435
ZWL COMMIT client=3 surface=6 buffer=17 queued=0
ZWL ACQUIRE_FENCE client=3 surface=6 generation=1
ZWL LAT adopt surface=6 at_us=26596913
ZWL RELEASE client=3 buffer=15 dead=0
ZWL LAT draw frame=544 at_us=26596931
ZWL LAT acquired frame=544 at_us=26596946
ZWL LAT recorded frame=544 at_us=26597027
ZWL COMPOSE frame=544 image=0 windows=1 at_ms=26623
ZWL LAT submit frame=544 at_us=26623029
ZWL LAT shown frame=544 at_us=26625159
ZWL COMMIT client=3 surface=6 buffer=19 queued=0
ZWL ACQUIRE_FENCE client=3 surface=6 generation=1
ZWL LAT adopt surface=6 at_us=26625459
ZWL RELEASE client=3 buffer=17 dead=0
ZWL LAT draw frame=545 at_us=26625474
ZWL LAT acquired frame=545 at_us=26625484
ZWL LAT recorded frame=545 at_us=26625541
ZWL COMPOSE frame=545 image=0 windows=1 at_ms=26643
ZWL LAT submit frame=545 at_us=26643572
ZWL LAT shown frame=545 at_us=26645694
ZWL COMMIT client=3 surface=6 buffer=15 queued=0
ZWL ACQUIRE_FENCE client=3 surface=6 generation=1
ZWL LAT adopt surface=6 at_us=26645929
ZWL RELEASE client=3 buffer=19 dead=0
ZWL LAT draw frame=546 at_us=26645934
ZWL LAT acquired frame=546 at_us=26645938
ZWL LAT recorded frame=546 at_us=26645968
ZWL COMPOSE frame=546 image=0 windows=1 at_ms=26660
ZWL LAT submit frame=546 at_us=26660564
ZWL LAT shown frame=546 at_us=26662641
ZWL COMMIT client=3 surface=6 buffer=17 queued=0
ZWL ACQUIRE_FENCE client=3 surface=6 generation=1
ZWL LAT adopt surface=6 at_us=26663676
ZWL RELEASE client=3 buffer=15 dead=0
ZWL LAT draw frame=547 at_us=26663681
ZWL LAT acquired frame=547 at_us=26663686
ZWL LAT recorded frame=547 at_us=26663712
ZWL COMPOSE frame=547 image=0 windows=1 at_ms=26678
ZWL LAT submit frame=547 at_us=26678275
ZWL LAT shown frame=547 at_us=26680368
ZWL COMMIT client=3 surface=6 buffer=15 queued=0
ZWL ACQUIRE_FENCE client=3 surface=6 generation=1
ZWL LAT adopt surface=6 at_us=26681327
ZWL RELEASE client=3 buffer=17 dead=0
ZWL LAT draw frame=548 at_us=26681331
ZWL LAT acquired frame=548 at_us=26681335
ZWL LAT recorded frame=548 at_us=26681360
ZWL COMPOSE frame=548 image=0 windows=1 at_ms=26695
ZWL LAT submit frame=548 at_us=26695499
ZWL LAT shown frame=548 at_us=26697699
ZWL COMMIT client=3 surface=6 buffer=17 queued=0
ZWL ACQUIRE_FENCE client=3 surface=6 generation=1
ZWL LAT adopt surface=6 at_us=26699534
ZWL RELEASE client=3 buffer=15 dead=0
ZWL LAT draw frame=549 at_us=26699545
ZWL LAT acquired frame=549 at_us=26699552
ZWL LAT recorded frame=549 at_us=26699591
ZWL COMPOSE frame=549 image=0 windows=1 at_ms=26719
ZWL LAT submit frame=549 at_us=26719048
ZWL LAT shown frame=549 at_us=26721197
ZWL COMMIT client=3 surface=6 buffer=19 queued=0
ZWL ACQUIRE_FENCE client=3 surface=6 generation=1
ZWL LAT adopt surface=6 at_us=26721501
ZWL RELEASE client=3 buffer=17 dead=0
ZWL LAT draw frame=550 at_us=26721517
ZWL LAT acquired frame=550 at_us=26721526
ZWL LAT recorded frame=550 at_us=26721582
ZWL COMPOSE frame=550 image=0 windows=1 at_ms=26737
ZWL LAT submit frame=550 at_us=26737083
ZWL LAT shown frame=550 at_us=26739165
ZWL COMMIT client=3 surface=6 buffer=15 queued=0
ZWL ACQUIRE_FENCE client=3 surface=6 generation=1
ZWL LAT adopt surface=6 at_us=26739563
ZWL RELEASE client=3 buffer=19 dead=0
ZWL LAT draw frame=551 at_us=26739568
ZWL LAT acquired frame=551 at_us=26739573
ZWL LAT recorded frame=551 at_us=26739597
ZWL COMPOSE frame=551 image=0 windows=1 at_ms=26751
ZWL LAT submit frame=551 at_us=26751212
ZWL LAT shown frame=551 at_us=26753321
ZWL COMMIT client=3 surface=6 buffer=17 queued=0
ZWL ACQUIRE_FENCE client=3 surface=6 generation=1
ZWL LAT adopt surface=6 at_us=26758772
ZWL RELEASE client=3 buffer=15 dead=0
ZWL LAT draw frame=552 at_us=26758787
ZWL LAT acquired frame=552 at_us=26758799
ZWL LAT recorded frame=552 at_us=26758848
ZWL COMPOSE frame=552 image=0 windows=1 at_ms=26783
ZWL LAT submit frame=552 at_us=26783222
ZWL LAT shown frame=552 at_us=26785348
ZWL COMMIT client=3 surface=6 buffer=19 queued=0
ZWL ACQUIRE_FENCE client=3 surface=6 generation=1
ZWL LAT adopt surface=6 at_us=26785646
ZWL RELEASE client=3 buffer=17 dead=0
ZWL LAT draw frame=553 at_us=26785661
ZWL LAT acquired frame=553 at_us=26785670
ZWL LAT recorded frame=553 at_us=26785722
ZWL COMPOSE frame=553 image=0 windows=1 at_ms=26806
ZWL LAT submit frame=553 at_us=26806546
ZWL LAT shown frame=553 at_us=26808665
ZWL COMMIT client=3 surface=6 buffer=15 queued=0
ZWL ACQUIRE_FENCE client=3 surface=6 generation=1
ZWL LAT adopt surface=6 at_us=26808956
ZWL RELEASE client=3 buffer=19 dead=0
ZWL LAT draw frame=554 at_us=26808966
ZWL LAT acquired frame=554 at_us=26808973
ZWL LAT recorded frame=554 at_us=26809013
ZWL COMPOSE frame=554 image=0 windows=1 at_ms=26827
ZWL LAT submit frame=554 at_us=26827897
ZWL LAT shown frame=554 at_us=26829985
ZWL COMMIT client=3 surface=6 buffer=17 queued=0
ZWL ACQUIRE_FENCE client=3 surface=6 generation=1
ZWL LAT adopt surface=6 at_us=26830153
ZWL RELEASE client=3 buffer=15 dead=0
ZWL LAT draw frame=555 at_us=26830159
ZWL LAT acquired frame=555 at_us=26830163
ZWL LAT recorded frame=555 at_us=26830189
ZWL COMPOSE frame=555 image=0 windows=1 at_ms=26845
ZWL LAT submit frame=555 at_us=26845195
ZWL LAT shown frame=555 at_us=26847332
ZWL COMMIT client=3 surface=6 buffer=15 queued=0
ZWL ACQUIRE_FENCE client=3 surface=6 generation=1
ZWL LAT adopt surface=6 at_us=26848016
ZWL RELEASE client=3 buffer=17 dead=0
ZWL LAT draw frame=556 at_us=26848021
ZWL LAT acquired frame=556 at_us=26848024
ZWL LAT recorded frame=556 at_us=26848046
ZWL COMPOSE frame=556 image=0 windows=1 at_ms=26862
ZWL LAT submit frame=556 at_us=26862794
ZWL LAT shown frame=556 at_us=26865021
ZWL COMMIT client=3 surface=6 buffer=17 queued=0
ZWL ACQUIRE_FENCE client=3 surface=6 generation=1
ZWL LAT adopt surface=6 at_us=26865621
ZWL RELEASE client=3 buffer=15 dead=0
ZWL LAT draw frame=557 at_us=26865626
ZWL LAT acquired frame=557 at_us=26865629
ZWL LAT recorded frame=557 at_us=26865652
ZWL COMPOSE frame=557 image=0 windows=1 at_ms=26880
ZWL LAT submit frame=557 at_us=26880668
ZWL LAT shown frame=557 at_us=26882744
ZWL COMMIT client=3 surface=6 buffer=15 queued=0
ZWL ACQUIRE_FENCE client=3 surface=6 generation=1
ZWL LAT adopt surface=6 at_us=26883094
ZWL RELEASE client=3 buffer=17 dead=0
ZWL LAT draw frame=558 at_us=26883098
ZWL LAT acquired frame=558 at_us=26883101
ZWL LAT recorded frame=558 at_us=26883124
ZWL COMPOSE frame=558 image=0 windows=1 at_ms=26895
ZWL LAT submit frame=558 at_us=26895550
ZWL LAT shown frame=558 at_us=26950424
ZWL COMMIT client=3 surface=6 buffer=17 queued=0
ZWL ACQUIRE_FENCE client=3 surface=6 generation=1
ZWL LAT adopt surface=6 at_us=26950800
ZWL RELEASE client=3 buffer=15 dead=0
ZWL LAT draw frame=559 at_us=26950837
ZWL LAT acquired frame=559 at_us=26950852
ZWL LAT recorded frame=559 at_us=26950923
ZWL COMPOSE frame=559 image=0 windows=1 at_ms=26977
ZWL LAT submit frame=559 at_us=26977218
ZWL LAT shown frame=559 at_us=26979374
ZWL COMMIT client=3 surface=6 buffer=19 queued=0
ZWL ACQUIRE_FENCE client=3 surface=6 generation=1
ZWL LAT adopt surface=6 at_us=26979713
ZWL RELEASE client=3 buffer=17 dead=0
ZWL LAT draw frame=560 at_us=26979729
ZWL LAT acquired frame=560 at_us=26979740
ZWL LAT recorded frame=560 at_us=26979803
ZWL COMPOSE frame=560 image=0 windows=1 at_ms=26996
ZWL LAT submit frame=560 at_us=26996783
ZWL LAT shown frame=560 at_us=26998923
ZWL COMMIT client=3 surface=6 buffer=15 queued=0
ZWL ACQUIRE_FENCE client=3 surface=6 generation=1
ZWL LAT adopt surface=6 at_us=26999758
ZWL RELEASE client=3 buffer=19 dead=0
ZWL LAT draw frame=561 at_us=26999773
ZWL LAT acquired frame=561 at_us=26999785
ZWL LAT recorded frame=561 at_us=26999840
ZWL COMPOSE frame=561 image=0 windows=1 at_ms=27013
ZWL LAT submit frame=561 at_us=27013024
ZWL LAT shown frame=561 at_us=27015135
ZWL COMMIT client=3 surface=6 buffer=17 queued=0
ZWL ACQUIRE_FENCE client=3 surface=6 generation=1
ZWL LAT adopt surface=6 at_us=27017143
ZWL RELEASE client=3 buffer=15 dead=0
ZWL LAT draw frame=562 at_us=27017158
ZWL LAT acquired frame=562 at_us=27017169
ZWL LAT recorded frame=562 at_us=27017219
ZWL COMPOSE frame=562 image=0 windows=1 at_ms=27030
ZWL LAT submit frame=562 at_us=27030247
ZWL LAT shown frame=562 at_us=27032357
ZWL COMMIT client=3 surface=6 buffer=15 queued=0
ZWL ACQUIRE_FENCE client=3 surface=6 generation=1
ZWL LAT adopt surface=6 at_us=27034632
ZWL RELEASE client=3 buffer=17 dead=0
ZWL LAT draw frame=563 at_us=27034647
ZWL LAT acquired frame=563 at_us=27034658
ZWL LAT recorded frame=563 at_us=27034698
ZWL COMPOSE frame=563 image=0 windows=1 at_ms=27047
ZWL LAT submit frame=563 at_us=27047906
ZWL LAT shown frame=563 at_us=27050021
ZWL COMMIT client=3 surface=6 buffer=17 queued=0
ZWL ACQUIRE_FENCE client=3 surface=6 generation=1
ZWL LAT adopt surface=6 at_us=27052199
ZWL RELEASE client=3 buffer=15 dead=0
ZWL LAT draw frame=564 at_us=27052214
ZWL LAT acquired frame=564 at_us=27052224
ZWL LAT recorded frame=564 at_us=27052271
ZWL COMPOSE frame=564 image=0 windows=1 at_ms=27070
ZWL LAT submit frame=564 at_us=27070390
ZWL LAT shown frame=564 at_us=27072509
ZWL COMMIT client=3 surface=6 buffer=19 queued=0
ZWL ACQUIRE_FENCE client=3 surface=6 generation=1
ZWL LAT adopt surface=6 at_us=27072718
ZWL RELEASE client=3 buffer=17 dead=0
ZWL LAT draw frame=565 at_us=27072733
ZWL LAT acquired frame=565 at_us=27072741
ZWL LAT recorded frame=565 at_us=27072789
ZWL COMPOSE frame=565 image=0 windows=1 at_ms=27086
ZWL LAT submit frame=565 at_us=27086340
ZWL LAT shown frame=565 at_us=27088451
ZWL COMMIT client=3 surface=6 buffer=15 queued=0
ZWL ACQUIRE_FENCE client=3 surface=6 generation=1
ZWL LAT adopt surface=6 at_us=27091374
ZWL RELEASE client=3 buffer=19 dead=0
ZWL LAT draw frame=566 at_us=27091388
ZWL LAT acquired frame=566 at_us=27091398
ZWL LAT recorded frame=566 at_us=27091445
ZWL COMPOSE frame=566 image=0 windows=1 at_ms=27112
ZWL LAT submit frame=566 at_us=27112190
ZWL LAT shown frame=566 at_us=27114340
ZWL COMMIT client=3 surface=6 buffer=17 queued=0
ZWL ACQUIRE_FENCE client=3 surface=6 generation=1
ZWL LAT adopt surface=6 at_us=27114559
ZWL RELEASE client=3 buffer=15 dead=0
ZWL LAT draw frame=567 at_us=27114564
ZWL LAT acquired frame=567 at_us=27114568
ZWL LAT recorded frame=567 at_us=27114599
ZWL COMPOSE frame=567 image=0 windows=1 at_ms=27131
ZWL LAT submit frame=567 at_us=27131992
ZWL LAT shown frame=567 at_us=27134118
ZWL COMMIT client=3 surface=6 buffer=19 queued=0
ZWL ACQUIRE_FENCE client=3 surface=6 generation=1
ZWL LAT adopt surface=6 at_us=27134416
ZWL RELEASE client=3 buffer=17 dead=0
ZWL LAT draw frame=568 at_us=27134431
ZWL LAT acquired frame=568 at_us=27134440
ZWL LAT recorded frame=568 at_us=27134490
ZWL COMPOSE frame=568 image=0 windows=1 at_ms=27148
ZWL LAT submit frame=568 at_us=27148633
ZWL LAT shown frame=568 at_us=27150764
ZWL COMMIT client=3 surface=6 buffer=15 queued=0
ZWL ACQUIRE_FENCE client=3 surface=6 generation=1
ZWL LAT adopt surface=6 at_us=27153135
ZWL RELEASE client=3 buffer=19 dead=0
ZWL LAT draw frame=569 at_us=27153145
ZWL LAT acquired frame=569 at_us=27153152
ZWL LAT recorded frame=569 at_us=27153190
ZWL COMPOSE frame=569 image=0 windows=1 at_ms=27169
ZWL LAT submit frame=569 at_us=27169027
ZWL LAT shown frame=569 at_us=27171120
ZWL COMMIT client=3 surface=6 buffer=17 queued=0
ZWL ACQUIRE_FENCE client=3 surface=6 generation=1
ZWL LAT adopt surface=6 at_us=27171223
ZWL RELEASE client=3 buffer=15 dead=0
ZWL LAT draw frame=570 at_us=27171229
ZWL LAT acquired frame=570 at_us=27171233
ZWL LAT recorded frame=570 at_us=27171267
ZWL COMPOSE frame=570 image=0 windows=1 at_ms=27184
ZWL LAT submit frame=570 at_us=27184935
ZWL LAT shown frame=570 at_us=27187049
ZWL COMMIT client=3 surface=6 buffer=15 queued=0
ZWL ACQUIRE_FENCE client=3 surface=6 generation=1
ZWL LAT adopt surface=6 at_us=27189987
ZWL RELEASE client=3 buffer=17 dead=0
ZWL LAT draw frame=571 at_us=27190001
ZWL LAT acquired frame=571 at_us=27190015
ZWL LAT recorded frame=571 at_us=27190068
ZWL COMPOSE frame=571 image=0 windows=1 at_ms=27211
ZWL LAT submit frame=571 at_us=27211559
ZWL LAT shown frame=571 at_us=27213682
ZWL COMMIT client=3 surface=6 buffer=19 queued=0
ZWL ACQUIRE_FENCE client=3 surface=6 generation=1
ZWL LAT adopt surface=6 at_us=27213917
ZWL RELEASE client=3 buffer=15 dead=0
ZWL LAT draw frame=572 at_us=27213924
ZWL LAT acquired frame=572 at_us=27213928
ZWL LAT recorded frame=572 at_us=27213958
ZWL COMPOSE frame=572 image=0 windows=1 at_ms=27227
ZWL LAT submit frame=572 at_us=27227993
ZWL LAT shown frame=572 at_us=27230112
ZWL COMMIT client=3 surface=6 buffer=15 queued=0
ZWL ACQUIRE_FENCE client=3 surface=6 generation=1
ZWL LAT adopt surface=6 at_us=27231675
ZWL RELEASE client=3 buffer=19 dead=0
ZWL LAT draw frame=573 at_us=27231680
ZWL LAT acquired frame=573 at_us=27231684
ZWL LAT recorded frame=573 at_us=27231707
ZWL COMPOSE frame=573 image=0 windows=1 at_ms=27243
ZWL LAT submit frame=573 at_us=27243010
ZWL LAT shown frame=573 at_us=27245120
ZWL COMMIT client=3 surface=6 buffer=17 queued=0
ZWL ACQUIRE_FENCE client=3 surface=6 generation=1
ZWL LAT adopt surface=6 at_us=27250681
ZWL RELEASE client=3 buffer=15 dead=0
ZWL LAT draw frame=574 at_us=27250698
ZWL LAT acquired frame=574 at_us=27250712
ZWL LAT recorded frame=574 at_us=27250769
ZWL COMPOSE frame=574 image=0 windows=1 at_ms=27271
ZWL LAT submit frame=574 at_us=27271516
ZWL LAT shown frame=574 at_us=27273639
ZWL COMMIT client=3 surface=6 buffer=19 queued=0
ZWL ACQUIRE_FENCE client=3 surface=6 generation=1
ZWL LAT adopt surface=6 at_us=27273955
ZWL RELEASE client=3 buffer=17 dead=0
ZWL LAT draw frame=575 at_us=27273971
ZWL LAT acquired frame=575 at_us=27273983
ZWL LAT recorded frame=575 at_us=27274044
ZWL COMPOSE frame=575 image=0 windows=1 at_ms=27292
ZWL LAT submit frame=575 at_us=27292458
ZWL LAT shown frame=575 at_us=27294570
ZWL COMMIT client=3 surface=6 buffer=15 queued=0
ZWL ACQUIRE_FENCE client=3 surface=6 generation=1
ZWL LAT adopt surface=6 at_us=27294751
ZWL RELEASE client=3 buffer=19 dead=0
ZWL LAT draw frame=576 at_us=27294766
ZWL LAT acquired frame=576 at_us=27294774
ZWL LAT recorded frame=576 at_us=27294829
ZWL COMPOSE frame=576 image=0 windows=1 at_ms=27310
ZWL LAT submit frame=576 at_us=27310619
ZWL LAT shown frame=576 at_us=27312736
ZWL COMMIT client=3 surface=6 buffer=17 queued=0
ZWL ACQUIRE_FENCE client=3 surface=6 generation=1
ZWL LAT adopt surface=6 at_us=27312899
ZWL RELEASE client=3 buffer=15 dead=0
ZWL LAT draw frame=577 at_us=27312914
ZWL LAT acquired frame=577 at_us=27312922
ZWL LAT recorded frame=577 at_us=27312971
ZWL COMPOSE frame=577 image=0 windows=1 at_ms=27326
ZWL LAT submit frame=577 at_us=27326683
ZWL LAT shown frame=577 at_us=27328793
ZWL COMMIT client=3 surface=6 buffer=15 queued=0
ZWL ACQUIRE_FENCE client=3 surface=6 generation=1
ZWL LAT adopt surface=6 at_us=27330822
ZWL RELEASE client=3 buffer=17 dead=0
ZWL LAT draw frame=578 at_us=27330856
ZWL LAT acquired frame=578 at_us=27330866
ZWL LAT recorded frame=578 at_us=27330915
ZWL COMPOSE frame=578 image=0 windows=1 at_ms=27348
ZWL LAT submit frame=578 at_us=27348100
ZWL LAT shown frame=578 at_us=27350228
ZWL COMMIT client=3 surface=6 buffer=19 queued=0
ZWL ACQUIRE_FENCE client=3 surface=6 generation=1
ZWL LAT adopt surface=6 at_us=27350509
ZWL RELEASE client=3 buffer=15 dead=0
ZWL LAT draw frame=579 at_us=27350523
ZWL LAT acquired frame=579 at_us=27350533
ZWL LAT recorded frame=579 at_us=27350584
ZWL COMPOSE frame=579 image=0 windows=1 at_ms=27371
ZWL LAT submit frame=579 at_us=27371950
ZWL LAT shown frame=579 at_us=27374071
ZWL COMMIT client=3 surface=6 buffer=17 queued=0
ZWL ACQUIRE_FENCE client=3 surface=6 generation=1
ZWL LAT adopt surface=6 at_us=27374357
ZWL RELEASE client=3 buffer=19 dead=0
ZWL LAT draw frame=580 at_us=27374372
ZWL LAT acquired frame=580 at_us=27374381
ZWL LAT recorded frame=580 at_us=27374432
ZWL COMPOSE frame=580 image=0 windows=1 at_ms=27388
ZWL LAT submit frame=580 at_us=27388444
ZWL LAT shown frame=580 at_us=27390519
ZWL COMMIT client=3 surface=6 buffer=15 queued=0
ZWL ACQUIRE_FENCE client=3 surface=6 generation=1
ZWL LAT adopt surface=6 at_us=27393184
ZWL RELEASE client=3 buffer=17 dead=0
ZWL LAT draw frame=581 at_us=27393189
ZWL LAT acquired frame=581 at_us=27393192
ZWL LAT recorded frame=581 at_us=27393214
ZWL COMPOSE frame=581 image=0 windows=1 at_ms=27410
ZWL LAT submit frame=581 at_us=27410497
ZWL LAT shown frame=581 at_us=27412597
ZWL COMMIT client=3 surface=6 buffer=19 queued=0
ZWL ACQUIRE_FENCE client=3 surface=6 generation=1
ZWL LAT adopt surface=6 at_us=27412661
ZWL RELEASE client=3 buffer=15 dead=0
ZWL LAT draw frame=582 at_us=27412665
ZWL LAT acquired frame=582 at_us=27412668
ZWL LAT recorded frame=582 at_us=27412688
ZWL COMPOSE frame=582 image=0 windows=1 at_ms=27426
ZWL LAT submit frame=582 at_us=27426716
ZWL LAT shown frame=582 at_us=27428844
ZWL COMMIT client=3 surface=6 buffer=15 queued=0
ZWL ACQUIRE_FENCE client=3 surface=6 generation=1
ZWL LAT adopt surface=6 at_us=27431359
ZWL RELEASE client=3 buffer=19 dead=0
ZWL LAT draw frame=583 at_us=27431376
ZWL LAT acquired frame=583 at_us=27431389
ZWL LAT recorded frame=583 at_us=27431459
ZWL COMPOSE frame=583 image=0 windows=1 at_ms=27454
ZWL LAT submit frame=583 at_us=27454555
ZWL LAT shown frame=583 at_us=27456699
ZWL COMMIT client=3 surface=6 buffer=17 queued=0
ZWL ACQUIRE_FENCE client=3 surface=6 generation=1
ZWL LAT adopt surface=6 at_us=27456910
ZWL RELEASE client=3 buffer=15 dead=0
ZWL LAT draw frame=584 at_us=27456926
ZWL LAT acquired frame=584 at_us=27456936
ZWL LAT recorded frame=584 at_us=27456989
ZWL COMPOSE frame=584 image=0 windows=1 at_ms=27478
ZWL LAT submit frame=584 at_us=27478721
ZWL LAT shown frame=584 at_us=27480887
ZWL COMMIT client=3 surface=6 buffer=19 queued=0
ZWL ACQUIRE_FENCE client=3 surface=6 generation=1
ZWL LAT adopt surface=6 at_us=27481203
ZWL RELEASE client=3 buffer=17 dead=0
ZWL LAT draw frame=585 at_us=27481219
ZWL LAT acquired frame=585 at_us=27481230
ZWL LAT recorded frame=585 at_us=27481296
ZWL COMPOSE frame=585 image=0 windows=1 at_ms=27503
ZWL LAT submit frame=585 at_us=27503085
ZWL LAT shown frame=585 at_us=27505218
ZWL COMMIT client=3 surface=6 buffer=15 queued=0
ZWL ACQUIRE_FENCE client=3 surface=6 generation=1
ZWL LAT adopt surface=6 at_us=27505413
ZWL RELEASE client=3 buffer=19 dead=0
ZWL LAT draw frame=586 at_us=27505428
ZWL LAT acquired frame=586 at_us=27505438
ZWL LAT recorded frame=586 at_us=27505496
ZWL COMPOSE frame=586 image=0 windows=1 at_ms=27519
ZWL LAT submit frame=586 at_us=27519500
ZWL LAT shown frame=586 at_us=27521616
ZWL COMMIT client=3 surface=6 buffer=17 queued=0
ZWL ACQUIRE_FENCE client=3 surface=6 generation=1
ZWL LAT adopt surface=6 at_us=27523742
ZWL RELEASE client=3 buffer=15 dead=0
ZWL LAT draw frame=587 at_us=27523758
ZWL LAT acquired frame=587 at_us=27523771
ZWL LAT recorded frame=587 at_us=27523840
ZWL COMPOSE frame=587 image=0 windows=1 at_ms=27544
ZWL LAT submit frame=587 at_us=27544603
ZWL LAT shown frame=587 at_us=27546735
ZWL COMMIT client=3 surface=6 buffer=19 queued=0
ZWL ACQUIRE_FENCE client=3 surface=6 generation=1
ZWL LAT adopt surface=6 at_us=27546922
ZWL RELEASE client=3 buffer=17 dead=0
ZWL LAT draw frame=588 at_us=27546937
ZWL LAT acquired frame=588 at_us=27546947
ZWL LAT recorded frame=588 at_us=27547006
ZWL COMPOSE frame=588 image=0 windows=1 at_ms=27564
ZWL LAT submit frame=588 at_us=27564984
ZWL LAT shown frame=588 at_us=27567100
ZWL COMMIT client=3 surface=6 buffer=15 queued=0
ZWL ACQUIRE_FENCE client=3 surface=6 generation=1
ZWL LAT adopt surface=6 at_us=27567292
ZWL RELEASE client=3 buffer=19 dead=0
ZWL LAT draw frame=589 at_us=27567307
ZWL LAT acquired frame=589 at_us=27567315
ZWL LAT recorded frame=589 at_us=27567364
ZWL COMPOSE frame=589 image=0 windows=1 at_ms=27582
ZWL LAT submit frame=589 at_us=27582137
ZWL LAT shown frame=589 at_us=27584239
ZWL COMMIT client=3 surface=6 buffer=17 queued=0
ZWL ACQUIRE_FENCE client=3 surface=6 generation=1
ZWL LAT adopt surface=6 at_us=27586920
ZWL RELEASE client=3 buffer=15 dead=0
ZWL LAT draw frame=590 at_us=27586931
ZWL LAT acquired frame=590 at_us=27586940
ZWL LAT recorded frame=590 at_us=27586975
ZWL COMPOSE frame=590 image=0 windows=1 at_ms=27607
ZWL LAT submit frame=590 at_us=27607362
ZWL LAT shown frame=590 at_us=27609490
ZWL COMMIT client=3 surface=6 buffer=19 queued=0
ZWL ACQUIRE_FENCE client=3 surface=6 generation=1
ZWL LAT adopt surface=6 at_us=27609841
ZWL RELEASE client=3 buffer=17 dead=0
ZWL LAT draw frame=591 at_us=27609858
ZWL LAT acquired frame=591 at_us=27609873
ZWL LAT recorded frame=591 at_us=27609931
ZWL COMPOSE frame=591 image=0 windows=1 at_ms=27628
ZWL LAT submit frame=591 at_us=27628130
ZWL LAT shown frame=591 at_us=27630257
ZWL COMMIT client=3 surface=6 buffer=15 queued=0
ZWL ACQUIRE_FENCE client=3 surface=6 generation=1
ZWL LAT adopt surface=6 at_us=27630602
ZWL RELEASE client=3 buffer=19 dead=0
ZWL LAT draw frame=592 at_us=27630619
ZWL LAT acquired frame=592 at_us=27630632
ZWL LAT recorded frame=592 at_us=27630689
ZWL COMPOSE frame=592 image=0 windows=1 at_ms=27647
ZWL LAT submit frame=592 at_us=27647779
ZWL LAT shown frame=592 at_us=27649872
ZWL COMMIT client=3 surface=6 buffer=17 queued=0
ZWL ACQUIRE_FENCE client=3 surface=6 generation=1
ZWL LAT adopt surface=6 at_us=27649992
ZWL RELEASE client=3 buffer=15 dead=0
ZWL LAT draw frame=593 at_us=27650001
ZWL LAT acquired frame=593 at_us=27650006
ZWL LAT recorded frame=593 at_us=27650037
ZWL COMPOSE frame=593 image=0 windows=1 at_ms=27663
ZWL LAT submit frame=593 at_us=27663231
ZWL LAT shown frame=593 at_us=27665344
ZWL COMMIT client=3 surface=6 buffer=15 queued=0
ZWL ACQUIRE_FENCE client=3 surface=6 generation=1
ZWL LAT adopt surface=6 at_us=27667807
ZWL RELEASE client=3 buffer=17 dead=0
ZWL LAT draw frame=594 at_us=27667812
ZWL LAT acquired frame=594 at_us=27667816
ZWL LAT recorded frame=594 at_us=27667839
ZWL COMPOSE frame=594 image=0 windows=1 at_ms=27679
ZWL LAT submit frame=594 at_us=27679274
ZWL LAT shown frame=594 at_us=27681386
ZWL COMMIT client=3 surface=6 buffer=17 queued=0
ZWL ACQUIRE_FENCE client=3 surface=6 generation=1
ZWL LAT adopt surface=6 at_us=27686678
ZWL RELEASE client=3 buffer=15 dead=0
ZWL LAT draw frame=595 at_us=27686693
ZWL LAT acquired frame=595 at_us=27686706
ZWL LAT recorded frame=595 at_us=27686755
ZWL COMPOSE frame=595 image=0 windows=1 at_ms=27708
ZWL LAT submit frame=595 at_us=27708374
ZWL LAT shown frame=595 at_us=27710514
ZWL COMMIT client=3 surface=6 buffer=19 queued=0
ZWL ACQUIRE_FENCE client=3 surface=6 generation=1
ZWL LAT adopt surface=6 at_us=27710806
ZWL RELEASE client=3 buffer=17 dead=0
ZWL LAT draw frame=596 at_us=27710822
ZWL LAT acquired frame=596 at_us=27710831
ZWL LAT recorded frame=596 at_us=27710887
ZWL COMPOSE frame=596 image=0 windows=1 at_ms=27725
ZWL LAT submit frame=596 at_us=27725432
ZWL LAT shown frame=596 at_us=27727516
ZWL COMMIT client=3 surface=6 buffer=15 queued=0
ZWL ACQUIRE_FENCE client=3 surface=6 generation=1
ZWL LAT adopt surface=6 at_us=27729154
ZWL RELEASE client=3 buffer=19 dead=0
ZWL LAT draw frame=597 at_us=27729159
ZWL LAT acquired frame=597 at_us=27729174
ZWL LAT recorded frame=597 at_us=27729201
ZWL COMPOSE frame=597 image=0 windows=1 at_ms=27740
ZWL LAT submit frame=597 at_us=27740913
ZWL LAT shown frame=597 at_us=27743039
ZWL COMMIT client=3 surface=6 buffer=17 queued=0
ZWL ACQUIRE_FENCE client=3 surface=6 generation=1
ZWL LAT adopt surface=6 at_us=27747972
ZWL RELEASE client=3 buffer=15 dead=0
ZWL LAT draw frame=598 at_us=27747985
ZWL LAT acquired frame=598 at_us=27747995
ZWL LAT recorded frame=598 at_us=27748064
ZWL COMPOSE frame=598 image=0 windows=1 at_ms=27766
ZWL LAT submit frame=598 at_us=27766550
ZWL LAT shown frame=598 at_us=27768663
ZWL COMMIT client=3 surface=6 buffer=19 queued=0
ZWL ACQUIRE_FENCE client=3 surface=6 generation=1
ZWL LAT adopt surface=6 at_us=27768841
ZWL RELEASE client=3 buffer=17 dead=0
ZWL LAT draw frame=599 at_us=27768857
ZWL LAT acquired frame=599 at_us=27768900
ZWL LAT recorded frame=599 at_us=27768955
ZWL COMPOSE frame=599 image=0 windows=1 at_ms=27783
ZWL LAT submit frame=599 at_us=27783474
ZWL LAT shown frame=599 at_us=27786176
ZWL COMMIT client=3 surface=6 buffer=15 queued=0
ZWL ACQUIRE_FENCE client=3 surface=6 generation=1
ZWL LAT adopt surface=6 at_us=27787623
ZWL RELEASE client=3 buffer=19 dead=0
ZWL LAT draw frame=600 at_us=27787638
ZWL LAT acquired frame=600 at_us=27787648
ZWL LAT recorded frame=600 at_us=27787697
ZWL COMPOSE frame=600 image=0 windows=1 at_ms=27801
ZWL LAT submit frame=600 at_us=27801357
ZWL LAT shown frame=600 at_us=27803469
ZWL COMMIT client=3 surface=6 buffer=17 queued=0
ZWL ACQUIRE_FENCE client=3 surface=6 generation=1
ZWL LAT adopt surface=6 at_us=27806516
ZWL RELEASE client=3 buffer=15 dead=0
ZWL LAT draw frame=601 at_us=27806530
ZWL LAT acquired frame=601 at_us=27806540
ZWL LAT recorded frame=601 at_us=27806583
ZWL COMPOSE frame=601 image=0 windows=1 at_ms=27827
ZWL LAT submit frame=601 at_us=27827820
ZWL LAT shown frame=601 at_us=27829948
ZWL COMMIT client=3 surface=6 buffer=19 queued=0
ZWL ACQUIRE_FENCE client=3 surface=6 generation=1
ZWL LAT adopt surface=6 at_us=27830129
ZWL RELEASE client=3 buffer=17 dead=0
ZWL LAT draw frame=602 at_us=27830145
ZWL LAT acquired frame=602 at_us=27830154
ZWL LAT recorded frame=602 at_us=27830204
ZWL COMPOSE frame=602 image=0 windows=1 at_ms=27844
ZWL LAT submit frame=602 at_us=27844757
ZWL LAT shown frame=602 at_us=27847205
ZWL COMMIT client=3 surface=6 buffer=15 queued=0
ZWL ACQUIRE_FENCE client=3 surface=6 generation=1
ZWL LAT adopt surface=6 at_us=27848537
ZWL RELEASE client=3 buffer=19 dead=0
ZWL LAT draw frame=603 at_us=27848552
ZWL LAT acquired frame=603 at_us=27848564
ZWL LAT recorded frame=603 at_us=27848610
ZWL COMPOSE frame=603 image=0 windows=1 at_ms=27861
ZWL LAT submit frame=603 at_us=27861296
ZWL LAT shown frame=603 at_us=27863404
ZWL COMMIT client=3 surface=6 buffer=17 queued=0
ZWL ACQUIRE_FENCE client=3 surface=6 generation=1
ZWL LAT adopt surface=6 at_us=27867140
ZWL RELEASE client=3 buffer=15 dead=0
ZWL LAT draw frame=604 at_us=27867158
ZWL LAT acquired frame=604 at_us=27867171
ZWL LAT recorded frame=604 at_us=27867226
ZWL COMPOSE frame=604 image=0 windows=1 at_ms=27885
ZWL LAT submit frame=604 at_us=27885769
ZWL LAT shown frame=604 at_us=27888037
ZWL CLIENT gone client=3 reason=read
ZWL CLEANUP client=3 objects=12 unread_fds=0
ZWL RELEASE client=3 buffer=17 dead=0
ZWL LAT draw frame=605 at_us=27908612
ZWL LAT acquired frame=605 at_us=27908634
ZWL GLASS bar shown
ZWL LAT recorded frame=605 at_us=27908993
ZWL COMPOSE frame=605 image=0 windows=0 at_ms=27930
ZWL LAT submit frame=605 at_us=27930842
ZWL LAT shown frame=605 at_us=27932948
ZWL LAT draw frame=606 at_us=29489617
ZWL LAT acquired frame=606 at_us=29489655
ZWL LAT recorded frame=606 at_us=29489843
ZWL COMPOSE frame=606 image=0 windows=0 at_ms=29513
ZWL LAT submit frame=606 at_us=29513238
ZWL LAT shown frame=606 at_us=29515460
ZWL PERF 5003ms: passes=475 timeouts=334 | poll 48.5% work 49.3%
ZWL PERF compose frames=143 draw_ms=16.98 (acquire 0.01 submit+present 16.92) frame_ms=19.75
ZWL CLIENT client=4 fd=23
ZWL CONFIGURE client=4 surface=6 serial=8 width=1280 height=800 fullscreen=1
ZWL LAT draw frame=607 at_us=30117237
ZWL LAT acquired frame=607 at_us=30117263
ZWL LAT recorded frame=607 at_us=30117451
ZWL COMPOSE frame=607 image=0 windows=0 at_ms=30146
ZWL LAT submit frame=607 at_us=30146706
ZWL LAT shown frame=607 at_us=30148793
ZWL IMPORT client=4 buffer=15 width=1280 height=800 bytes=4096000
ZWL IMPORT client=4 buffer=17 width=1280 height=800 bytes=4096000
ZWL IMPORT client=4 buffer=19 width=1280 height=800 bytes=4096000
ZWL COMMIT client=4 surface=6 buffer=15 queued=0
ZWL ACQUIRE_FENCE client=4 surface=6 generation=1
ZWL LAT adopt surface=6 at_us=30216374
ZWL MAP client=4 surface=6 x=0 y=0
ZWL LAT draw frame=608 at_us=30216408
ZWL LAT acquired frame=608 at_us=30216424
ZWL GLASS bar hidden fullscreen=6
ZWL LAT recorded frame=608 at_us=30216547
ZWL COMPOSE frame=608 image=0 windows=1 at_ms=30241
ZWL LAT submit frame=608 at_us=30241646
ZWL LAT shown frame=608 at_us=30243844
ZWL COMMIT client=4 surface=6 buffer=17 queued=0
ZWL ACQUIRE_FENCE client=4 surface=6 generation=1
ZWL LAT adopt surface=6 at_us=30246891
ZWL RELEASE client=4 buffer=15 dead=0
ZWL LAT draw frame=609 at_us=30246904
ZWL LAT acquired frame=609 at_us=30246919
ZWL LAT recorded frame=609 at_us=30246969
ZWL COMPOSE frame=609 image=0 windows=1 at_ms=30267
ZWL LAT submit frame=609 at_us=30267698
ZWL LAT shown frame=609 at_us=30269815
ZWL COMMIT client=4 surface=6 buffer=19 queued=0
ZWL ACQUIRE_FENCE client=4 surface=6 generation=1
ZWL LAT adopt surface=6 at_us=30269997
ZWL RELEASE client=4 buffer=17 dead=0
ZWL LAT draw frame=610 at_us=30270002
ZWL LAT acquired frame=610 at_us=30270005
ZWL LAT recorded frame=610 at_us=30270032
ZWL COMPOSE frame=610 image=0 windows=1 at_ms=30285
ZWL LAT submit frame=610 at_us=30285207
ZWL LAT shown frame=610 at_us=30287584
ZWL COMMIT client=4 surface=6 buffer=15 queued=0
ZWL ACQUIRE_FENCE client=4 surface=6 generation=1
ZWL LAT adopt surface=6 at_us=30288518
ZWL RELEASE client=4 buffer=19 dead=0
ZWL LAT draw frame=611 at_us=30288523
ZWL LAT acquired frame=611 at_us=30288527
ZWL LAT recorded frame=611 at_us=30288553
ZWL COMPOSE frame=611 image=0 windows=1 at_ms=30306
ZWL LAT submit frame=611 at_us=30306199
ZWL LAT shown frame=611 at_us=30308320
ZWL COMMIT client=4 surface=6 buffer=17 queued=0
ZWL ACQUIRE_FENCE client=4 surface=6 generation=1
ZWL LAT adopt surface=6 at_us=30308512
ZWL RELEASE client=4 buffer=15 dead=0
ZWL LAT draw frame=612 at_us=30308527
ZWL LAT acquired frame=612 at_us=30308537
ZWL LAT recorded frame=612 at_us=30308588
ZWL COMPOSE frame=612 image=0 windows=1 at_ms=30322
ZWL LAT submit frame=612 at_us=30322038
ZWL LAT shown frame=612 at_us=30324148
ZWL COMMIT client=4 surface=6 buffer=15 queued=0
ZWL ACQUIRE_FENCE client=4 surface=6 generation=1
ZWL LAT adopt surface=6 at_us=30326929
ZWL RELEASE client=4 buffer=17 dead=0
ZWL LAT draw frame=613 at_us=30326942
ZWL LAT acquired frame=613 at_us=30326952
ZWL LAT recorded frame=613 at_us=30326995
ZWL COMPOSE frame=613 image=0 windows=1 at_ms=30352
ZWL LAT submit frame=613 at_us=30352580
ZWL LAT shown frame=613 at_us=30354716
ZWL COMMIT client=4 surface=6 buffer=19 queued=0
ZWL ACQUIRE_FENCE client=4 surface=6 generation=1
ZWL LAT adopt surface=6 at_us=30355003
ZWL RELEASE client=4 buffer=15 dead=0
ZWL LAT draw frame=614 at_us=30355015
ZWL LAT acquired frame=614 at_us=30355022
ZWL LAT recorded frame=614 at_us=30355064
ZWL COMPOSE frame=614 image=0 windows=1 at_ms=30379
ZWL LAT submit frame=614 at_us=30379945
ZWL LAT shown frame=614 at_us=30382065
ZWL COMMIT client=4 surface=6 buffer=17 queued=0
ZWL ACQUIRE_FENCE client=4 surface=6 generation=1
ZWL LAT adopt surface=6 at_us=30382309
ZWL RELEASE client=4 buffer=19 dead=0
ZWL LAT draw frame=615 at_us=30382315
ZWL LAT acquired frame=615 at_us=30382318
ZWL LAT recorded frame=615 at_us=30382343
ZWL COMPOSE frame=615 image=0 windows=1 at_ms=30399
ZWL LAT submit frame=615 at_us=30399540
ZWL LAT shown frame=615 at_us=30401651
ZWL COMMIT client=4 surface=6 buffer=15 queued=0
ZWL ACQUIRE_FENCE client=4 surface=6 generation=1
ZWL LAT adopt surface=6 at_us=30401828
ZWL RELEASE client=4 buffer=17 dead=0
ZWL LAT draw frame=616 at_us=30401885
ZWL LAT acquired frame=616 at_us=30401894
ZWL LAT recorded frame=616 at_us=30401940
ZWL COMPOSE frame=616 image=0 windows=1 at_ms=30415
ZWL LAT submit frame=616 at_us=30415759
ZWL LAT shown frame=616 at_us=30417870
ZWL COMMIT client=4 surface=6 buffer=17 queued=0
ZWL ACQUIRE_FENCE client=4 surface=6 generation=1
ZWL LAT adopt surface=6 at_us=30419948
ZWL RELEASE client=4 buffer=15 dead=0
ZWL LAT draw frame=617 at_us=30419953
ZWL LAT acquired frame=617 at_us=30419958
ZWL LAT recorded frame=617 at_us=30419981
ZWL COMPOSE frame=617 image=0 windows=1 at_ms=30433
ZWL LAT submit frame=617 at_us=30433148
ZWL LAT shown frame=617 at_us=30435254
ZWL COMMIT client=4 surface=6 buffer=15 queued=0
ZWL ACQUIRE_FENCE client=4 surface=6 generation=1
ZWL LAT adopt surface=6 at_us=30438932
ZWL RELEASE client=4 buffer=17 dead=0
ZWL LAT draw frame=618 at_us=30438940
ZWL LAT acquired frame=618 at_us=30438949
ZWL LAT recorded frame=618 at_us=30438988
ZWL COMPOSE frame=618 image=0 windows=1 at_ms=30456
ZWL LAT submit frame=618 at_us=30456598
ZWL LAT shown frame=618 at_us=30458718
ZWL COMMIT client=4 surface=6 buffer=19 queued=0
ZWL ACQUIRE_FENCE client=4 surface=6 generation=1
ZWL LAT adopt surface=6 at_us=30458887
ZWL RELEASE client=4 buffer=15 dead=0
ZWL LAT draw frame=619 at_us=30458902
ZWL LAT acquired frame=619 at_us=30458912
ZWL LAT recorded frame=619 at_us=30458964
ZWL COMPOSE frame=619 image=0 windows=1 at_ms=30474
ZWL LAT submit frame=619 at_us=30474491
ZWL LAT shown frame=619 at_us=30476636
ZWL COMMIT client=4 surface=6 buffer=15 queued=0
ZWL ACQUIRE_FENCE client=4 surface=6 generation=1
ZWL LAT adopt surface=6 at_us=30477786
ZWL RELEASE client=4 buffer=19 dead=0
ZWL LAT draw frame=620 at_us=30477799
ZWL LAT acquired frame=620 at_us=30477810
ZWL LAT recorded frame=620 at_us=30477857
ZWL COMPOSE frame=620 image=0 windows=1 at_ms=30500
ZWL LAT submit frame=620 at_us=30500293
ZWL LAT shown frame=620 at_us=30502452
ZWL COMMIT client=4 surface=6 buffer=17 queued=0
ZWL ACQUIRE_FENCE client=4 surface=6 generation=1
ZWL LAT adopt surface=6 at_us=30502669
ZWL RELEASE client=4 buffer=15 dead=0
ZWL LAT draw frame=621 at_us=30502685
ZWL LAT acquired frame=621 at_us=30502698
ZWL LAT recorded frame=621 at_us=30502762
ZWL COMPOSE frame=621 image=0 windows=1 at_ms=30517
ZWL LAT submit frame=621 at_us=30517530
ZWL LAT shown frame=621 at_us=30519647
ZWL COMMIT client=4 surface=6 buffer=15 queued=0
ZWL ACQUIRE_FENCE client=4 surface=6 generation=1
ZWL LAT adopt surface=6 at_us=30520220
ZWL RELEASE client=4 buffer=17 dead=0
ZWL LAT draw frame=622 at_us=30520225
ZWL LAT acquired frame=622 at_us=30520229
ZWL LAT recorded frame=622 at_us=30520256
ZWL COMPOSE frame=622 image=0 windows=1 at_ms=30531
ZWL LAT submit frame=622 at_us=30531478
ZWL LAT shown frame=622 at_us=30533589
ZWL COMMIT client=4 surface=6 buffer=17 queued=0
ZWL ACQUIRE_FENCE client=4 surface=6 generation=1
ZWL LAT adopt surface=6 at_us=30538930
ZWL RELEASE client=4 buffer=15 dead=0
ZWL LAT draw frame=623 at_us=30538947
ZWL LAT acquired frame=623 at_us=30538961
ZWL LAT recorded frame=623 at_us=30539019
ZWL COMPOSE frame=623 image=0 windows=1 at_ms=30562
ZWL LAT submit frame=623 at_us=30562238
ZWL LAT shown frame=623 at_us=30564370
ZWL COMMIT client=4 surface=6 buffer=19 queued=0
ZWL ACQUIRE_FENCE client=4 surface=6 generation=1
ZWL LAT adopt surface=6 at_us=30564588
ZWL RELEASE client=4 buffer=17 dead=0
ZWL LAT draw frame=624 at_us=30564604
ZWL LAT acquired frame=624 at_us=30564615
ZWL LAT recorded frame=624 at_us=30564669
ZWL COMPOSE frame=624 image=0 windows=1 at_ms=30579
ZWL LAT submit frame=624 at_us=30579616
ZWL LAT shown frame=624 at_us=30582090
ZWL COMMIT client=4 surface=6 buffer=15 queued=0
ZWL ACQUIRE_FENCE client=4 surface=6 generation=1
ZWL LAT adopt surface=6 at_us=30583340
ZWL RELEASE client=4 buffer=19 dead=0
ZWL LAT draw frame=625 at_us=30583346
ZWL LAT acquired frame=625 at_us=30583353
ZWL LAT recorded frame=625 at_us=30583378
ZWL COMPOSE frame=625 image=0 windows=1 at_ms=30594
ZWL LAT submit frame=625 at_us=30594825
ZWL LAT shown frame=625 at_us=30596981
ZWL COMMIT client=4 surface=6 buffer=17 queued=0
ZWL ACQUIRE_FENCE client=4 surface=6 generation=1
ZWL LAT adopt surface=6 at_us=30602351
ZWL RELEASE client=4 buffer=15 dead=0
ZWL LAT draw frame=626 at_us=30602365
ZWL LAT acquired frame=626 at_us=30602377
ZWL LAT recorded frame=626 at_us=30602427
ZWL COMPOSE frame=626 image=0 windows=1 at_ms=30627
ZWL LAT submit frame=626 at_us=30627200
ZWL LAT shown frame=626 at_us=30629341
ZWL COMMIT client=4 surface=6 buffer=19 queued=0
ZWL ACQUIRE_FENCE client=4 surface=6 generation=1
ZWL LAT adopt surface=6 at_us=30629562
ZWL RELEASE client=4 buffer=17 dead=0
ZWL LAT draw frame=627 at_us=30629578
ZWL LAT acquired frame=627 at_us=30629589
ZWL LAT recorded frame=627 at_us=30629644
ZWL COMPOSE frame=627 image=0 windows=1 at_ms=30645
ZWL LAT submit frame=627 at_us=30645462
ZWL LAT shown frame=627 at_us=30647581
ZWL CLIENT gone client=4 reason=read
ZWL CLEANUP client=4 objects=12 unread_fds=0
ZWL RELEASE client=4 buffer=19 dead=0
ZWL LAT draw frame=628 at_us=30654223
ZWL LAT acquired frame=628 at_us=30654239
ZWL GLASS bar shown
ZWL LAT recorded frame=628 at_us=30654366
ZWL COMPOSE frame=628 image=0 windows=0 at_ms=30673
ZWL LAT submit frame=628 at_us=30673927
ZWL CLIENT client=5 fd=23
ZWL LAT shown frame=628 at_us=30673991
ZWL LAT draw frame=629 at_us=30674319
ZWL LAT acquired frame=629 at_us=30674326
ZWL LAT recorded frame=629 at_us=30674405
ZWL COMPOSE frame=629 image=0 windows=0 at_ms=30687
ZWL LAT submit frame=629 at_us=30687912
ZWL LAT shown frame=629 at_us=30687930
ZWL CONFIGURE client=5 surface=6 serial=13 width=1280 height=800 fullscreen=1
ZWL IMPORT client=5 buffer=15 width=1280 height=800 bytes=4096000
ZWL IMPORT client=5 buffer=17 width=1280 height=800 bytes=4096000
ZWL IMPORT client=5 buffer=19 width=1280 height=800 bytes=4096000
ZWL COMMIT client=5 surface=6 buffer=15 queued=0
ZWL ACQUIRE_FENCE client=5 surface=6 generation=1
ZWL LAT adopt surface=6 at_us=30761843
ZWL MAP client=5 surface=6 x=0 y=0
ZWL LAT draw frame=630 at_us=30761862
ZWL LAT acquired frame=630 at_us=30761876
ZWL GLASS bar hidden fullscreen=6
ZWL LAT recorded frame=630 at_us=30762000
ZWL COMPOSE frame=630 image=0 windows=1 at_ms=30783
ZWL LAT submit frame=630 at_us=30783891
ZWL LAT shown frame=630 at_us=30785984
ZWL COMMIT client=5 surface=6 buffer=17 queued=0
ZWL ACQUIRE_FENCE client=5 surface=6 generation=1
ZWL LAT adopt surface=6 at_us=30786844
ZWL RELEASE client=5 buffer=15 dead=0
ZWL LAT draw frame=631 at_us=30786852
ZWL LAT acquired frame=631 at_us=30786858
ZWL LAT recorded frame=631 at_us=30786892
ZWL COMPOSE frame=631 image=0 windows=1 at_ms=30804
ZWL LAT submit frame=631 at_us=30804165
ZWL LAT shown frame=631 at_us=30806248
ZWL COMMIT client=5 surface=6 buffer=19 queued=0
ZWL ACQUIRE_FENCE client=5 surface=6 generation=1
ZWL LAT adopt surface=6 at_us=30807767
ZWL RELEASE client=5 buffer=17 dead=0
ZWL LAT draw frame=632 at_us=30807773
ZWL LAT acquired frame=632 at_us=30807779
ZWL LAT recorded frame=632 at_us=30807809
ZWL COMPOSE frame=632 image=0 windows=1 at_ms=30824
ZWL LAT submit frame=632 at_us=30824898
ZWL LAT shown frame=632 at_us=30827107
ZWL COMMIT client=5 surface=6 buffer=15 queued=0
ZWL ACQUIRE_FENCE client=5 surface=6 generation=1
ZWL LAT adopt surface=6 at_us=30827426
ZWL RELEASE client=5 buffer=19 dead=0
ZWL LAT draw frame=633 at_us=30827450
ZWL LAT acquired frame=633 at_us=30827454
ZWL LAT recorded frame=633 at_us=30827482
ZWL COMPOSE frame=633 image=0 windows=1 at_ms=30841
ZWL LAT submit frame=633 at_us=30841054
ZWL LAT shown frame=633 at_us=30843261
ZWL COMMIT client=5 surface=6 buffer=17 queued=0
ZWL ACQUIRE_FENCE client=5 surface=6 generation=1
ZWL LAT adopt surface=6 at_us=30845450
ZWL RELEASE client=5 buffer=15 dead=0
ZWL LAT draw frame=634 at_us=30845455
ZWL LAT acquired frame=634 at_us=30845461
ZWL LAT recorded frame=634 at_us=30845491
ZWL COMPOSE frame=634 image=0 windows=1 at_ms=30859
ZWL LAT submit frame=634 at_us=30859578
ZWL LAT shown frame=634 at_us=30861690
ZWL COMMIT client=5 surface=6 buffer=15 queued=0
ZWL ACQUIRE_FENCE client=5 surface=6 generation=1
ZWL LAT adopt surface=6 at_us=30864261
ZWL RELEASE client=5 buffer=17 dead=0
ZWL LAT draw frame=635 at_us=30864266
ZWL LAT acquired frame=635 at_us=30864270
ZWL LAT recorded frame=635 at_us=30864291
ZWL COMPOSE frame=635 image=0 windows=1 at_ms=30885
ZWL LAT submit frame=635 at_us=30885054
ZWL LAT shown frame=635 at_us=30887170
ZWL COMMIT client=5 surface=6 buffer=19 queued=0
ZWL ACQUIRE_FENCE client=5 surface=6 generation=1
ZWL LAT adopt surface=6 at_us=30887417
ZWL RELEASE client=5 buffer=15 dead=0
ZWL LAT draw frame=636 at_us=30887438
ZWL LAT acquired frame=636 at_us=30887441
ZWL LAT recorded frame=636 at_us=30887468
ZWL COMPOSE frame=636 image=0 windows=1 at_ms=30906
ZWL LAT submit frame=636 at_us=30906035
ZWL LAT shown frame=636 at_us=30962411
ZWL COMMIT client=5 surface=6 buffer=17 queued=0
ZWL ACQUIRE_FENCE client=5 surface=6 generation=1
ZWL LAT adopt surface=6 at_us=30962760
ZWL RELEASE client=5 buffer=19 dead=0
ZWL LAT draw frame=637 at_us=30962776
ZWL LAT acquired frame=637 at_us=30962786
ZWL LAT recorded frame=637 at_us=30962847
ZWL COMPOSE frame=637 image=0 windows=1 at_ms=30990
ZWL LAT submit frame=637 at_us=30990611
ZWL LAT shown frame=637 at_us=30992736
ZWL COMMIT client=5 surface=6 buffer=15 queued=0
ZWL ACQUIRE_FENCE client=5 surface=6 generation=1
ZWL LAT adopt surface=6 at_us=30992955
ZWL RELEASE client=5 buffer=17 dead=0
ZWL LAT draw frame=638 at_us=30992970
ZWL LAT acquired frame=638 at_us=30992981
ZWL LAT recorded frame=638 at_us=30993046
ZWL COMPOSE frame=638 image=0 windows=1 at_ms=31011
ZWL LAT submit frame=638 at_us=31011611
ZWL LAT shown frame=638 at_us=31013765
ZWL COMMIT client=5 surface=6 buffer=19 queued=0
ZWL ACQUIRE_FENCE client=5 surface=6 generation=1
ZWL LAT adopt surface=6 at_us=31013933
ZWL RELEASE client=5 buffer=15 dead=0
ZWL LAT draw frame=639 at_us=31013939
ZWL LAT acquired frame=639 at_us=31013943
ZWL LAT recorded frame=639 at_us=31013974
ZWL COMPOSE frame=639 image=0 windows=1 at_ms=31027
ZWL LAT submit frame=639 at_us=31027726
ZWL LAT shown frame=639 at_us=31029873
ZWL COMMIT client=5 surface=6 buffer=15 queued=0
ZWL ACQUIRE_FENCE client=5 surface=6 generation=1
ZWL LAT adopt surface=6 at_us=31031859
ZWL RELEASE client=5 buffer=19 dead=0
ZWL LAT draw frame=640 at_us=31031864
ZWL LAT acquired frame=640 at_us=31031869
ZWL LAT recorded frame=640 at_us=31031895
ZWL COMPOSE frame=640 image=0 windows=1 at_ms=31044
ZWL LAT submit frame=640 at_us=31044739
ZWL LAT shown frame=640 at_us=31046849
ZWL COMMIT client=5 surface=6 buffer=17 queued=0
ZWL ACQUIRE_FENCE client=5 surface=6 generation=1
ZWL LAT adopt surface=6 at_us=31049854
ZWL RELEASE client=5 buffer=15 dead=0
ZWL LAT draw frame=641 at_us=31049859
ZWL LAT acquired frame=641 at_us=31049863
ZWL LAT recorded frame=641 at_us=31049888
ZWL COMPOSE frame=641 image=0 windows=1 at_ms=31062
ZWL LAT submit frame=641 at_us=31062647
ZWL LAT shown frame=641 at_us=31064762
ZWL COMMIT client=5 surface=6 buffer=15 queued=0
ZWL ACQUIRE_FENCE client=5 surface=6 generation=1
ZWL LAT adopt surface=6 at_us=31067630
ZWL RELEASE client=5 buffer=17 dead=0
ZWL LAT draw frame=642 at_us=31067636
ZWL LAT acquired frame=642 at_us=31067642
ZWL LAT recorded frame=642 at_us=31067668
ZWL COMPOSE frame=642 image=0 windows=1 at_ms=31080
ZWL LAT submit frame=642 at_us=31080433
ZWL LAT shown frame=642 at_us=31082548
ZWL COMMIT client=5 surface=6 buffer=17 queued=0
ZWL ACQUIRE_FENCE client=5 surface=6 generation=1
ZWL LAT adopt surface=6 at_us=31086217
ZWL RELEASE client=5 buffer=15 dead=0
ZWL LAT draw frame=643 at_us=31086229
ZWL LAT acquired frame=643 at_us=31086239
ZWL LAT recorded frame=643 at_us=31086285
ZWL COMPOSE frame=643 image=0 windows=1 at_ms=31107
ZWL LAT submit frame=643 at_us=31107465
ZWL LAT shown frame=643 at_us=31109567
ZWL COMMIT client=5 surface=6 buffer=19 queued=0
ZWL ACQUIRE_FENCE client=5 surface=6 generation=1
ZWL LAT adopt surface=6 at_us=31109679
ZWL RELEASE client=5 buffer=17 dead=0
ZWL LAT draw frame=644 at_us=31109687
ZWL LAT acquired frame=644 at_us=31109692
ZWL LAT recorded frame=644 at_us=31109725
ZWL COMPOSE frame=644 image=0 windows=1 at_ms=31124
ZWL LAT submit frame=644 at_us=31124685
ZWL LAT shown frame=644 at_us=31126767
ZWL COMMIT client=5 surface=6 buffer=15 queued=0
ZWL ACQUIRE_FENCE client=5 surface=6 generation=1
ZWL LAT adopt surface=6 at_us=31127877
ZWL RELEASE client=5 buffer=19 dead=0
ZWL LAT draw frame=645 at_us=31127882
ZWL LAT acquired frame=645 at_us=31127886
ZWL LAT recorded frame=645 at_us=31127911
ZWL COMPOSE frame=645 image=0 windows=1 at_ms=31141
ZWL LAT submit frame=645 at_us=31141076
ZWL LAT shown frame=645 at_us=31143185
ZWL COMMIT client=5 surface=6 buffer=17 queued=0
ZWL ACQUIRE_FENCE client=5 surface=6 generation=1
ZWL LAT adopt surface=6 at_us=31146165
ZWL RELEASE client=5 buffer=15 dead=0
ZWL LAT draw frame=646 at_us=31146176
ZWL LAT acquired frame=646 at_us=31146187
ZWL LAT recorded frame=646 at_us=31146228
ZWL COMPOSE frame=646 image=0 windows=1 at_ms=31167
ZWL LAT submit frame=646 at_us=31167119
ZWL LAT shown frame=646 at_us=31169238
ZWL COMMIT client=5 surface=6 buffer=19 queued=0
ZWL ACQUIRE_FENCE client=5 surface=6 generation=1
ZWL LAT adopt surface=6 at_us=31169446
ZWL RELEASE client=5 buffer=17 dead=0
ZWL LAT draw frame=647 at_us=31169452
ZWL LAT acquired frame=647 at_us=31169457
ZWL LAT recorded frame=647 at_us=31169483
ZWL COMPOSE frame=647 image=0 windows=1 at_ms=31183
ZWL LAT submit frame=647 at_us=31183685
ZWL LAT shown frame=647 at_us=31185798
ZWL COMMIT client=5 surface=6 buffer=15 queued=0
ZWL ACQUIRE_FENCE client=5 surface=6 generation=1
ZWL LAT adopt surface=6 at_us=31188474
ZWL RELEASE client=5 buffer=19 dead=0
ZWL LAT draw frame=648 at_us=31188489
ZWL LAT acquired frame=648 at_us=31188498
ZWL LAT recorded frame=648 at_us=31188543
ZWL COMPOSE frame=648 image=0 windows=1 at_ms=31201
ZWL LAT submit frame=648 at_us=31201697
ZWL LAT shown frame=648 at_us=31203804
ZWL COMMIT client=5 surface=6 buffer=17 queued=0
ZWL ACQUIRE_FENCE client=5 surface=6 generation=1
ZWL LAT adopt surface=6 at_us=31207260
ZWL RELEASE client=5 buffer=15 dead=0
ZWL LAT draw frame=649 at_us=31207277
ZWL LAT acquired frame=649 at_us=31207291
ZWL LAT recorded frame=649 at_us=31207353
ZWL COMPOSE frame=649 image=0 windows=1 at_ms=31224
ZWL LAT submit frame=649 at_us=31224019
ZWL LAT shown frame=649 at_us=31226105
ZWL CLIENT gone client=5 reason=read
ZWL CLEANUP client=5 objects=12 unread_fds=0
ZWL RELEASE client=5 buffer=17 dead=0
ZWL LAT draw frame=650 at_us=31228302
ZWL LAT acquired frame=650 at_us=31228310
ZWL GLASS bar shown
ZWL LAT recorded frame=650 at_us=31228397
ZWL COMPOSE frame=650 image=0 windows=0 at_ms=31247
ZWL LAT submit frame=650 at_us=31247510
ZWL CLIENT client=6 fd=23
ZWL LAT shown frame=650 at_us=31247552
ZWL CONFIGURE client=6 surface=6 serial=18 width=1280 height=800 fullscreen=1
ZWL LAT draw frame=651 at_us=31247800
ZWL LAT acquired frame=651 at_us=31247804
ZWL LAT recorded frame=651 at_us=31247865
ZWL COMPOSE frame=651 image=0 windows=0 at_ms=31259
ZWL LAT submit frame=651 at_us=31259295
ZWL LAT shown frame=651 at_us=31259307
ZWL IMPORT client=6 buffer=15 width=1280 height=800 bytes=4096000
ZWL IMPORT client=6 buffer=17 width=1280 height=800 bytes=4096000
ZWL IMPORT client=6 buffer=19 width=1280 height=800 bytes=4096000
ZWL COMMIT client=6 surface=6 buffer=15 queued=0
ZWL ACQUIRE_FENCE client=6 surface=6 generation=1
ZWL LAT adopt surface=6 at_us=31328595
ZWL MAP client=6 surface=6 x=0 y=0
ZWL LAT draw frame=652 at_us=31328615
ZWL LAT acquired frame=652 at_us=31328629
ZWL GLASS bar hidden fullscreen=6
ZWL LAT recorded frame=652 at_us=31328743
ZWL COMPOSE frame=652 image=0 windows=1 at_ms=31350
ZWL LAT submit frame=652 at_us=31350672
ZWL LAT shown frame=652 at_us=31352778
ZWL COMMIT client=6 surface=6 buffer=17 queued=0
ZWL ACQUIRE_FENCE client=6 surface=6 generation=1
ZWL LAT adopt surface=6 at_us=31355035
ZWL RELEASE client=6 buffer=15 dead=0
ZWL LAT draw frame=653 at_us=31355045
ZWL LAT acquired frame=653 at_us=31355053
ZWL LAT recorded frame=653 at_us=31355088
ZWL COMPOSE frame=653 image=0 windows=1 at_ms=31370
ZWL LAT submit frame=653 at_us=31370142
ZWL LAT shown frame=653 at_us=31372230
ZWL COMMIT client=6 surface=6 buffer=15 queued=0
ZWL ACQUIRE_FENCE client=6 surface=6 generation=1
ZWL LAT adopt surface=6 at_us=31372791
ZWL RELEASE client=6 buffer=17 dead=0
ZWL LAT draw frame=654 at_us=31372797
ZWL LAT acquired frame=654 at_us=31372801
ZWL LAT recorded frame=654 at_us=31372828
ZWL COMPOSE frame=654 image=0 windows=1 at_ms=31385
ZWL LAT submit frame=654 at_us=31385820
ZWL LAT shown frame=654 at_us=31388079
ZWL COMMIT client=6 surface=6 buffer=17 queued=0
ZWL ACQUIRE_FENCE client=6 surface=6 generation=1
ZWL LAT adopt surface=6 at_us=31391721
ZWL RELEASE client=6 buffer=15 dead=0
ZWL LAT draw frame=655 at_us=31391738
ZWL LAT acquired frame=655 at_us=31391752
ZWL LAT recorded frame=655 at_us=31391807
ZWL COMPOSE frame=655 image=0 windows=1 at_ms=31417
ZWL LAT submit frame=655 at_us=31417943
ZWL LAT shown frame=655 at_us=31420054
ZWL COMMIT client=6 surface=6 buffer=19 queued=0
ZWL ACQUIRE_FENCE client=6 surface=6 generation=1
ZWL LAT adopt surface=6 at_us=31420276
ZWL RELEASE client=6 buffer=17 dead=0
ZWL LAT draw frame=656 at_us=31420287
ZWL LAT acquired frame=656 at_us=31420293
ZWL LAT recorded frame=656 at_us=31420333
ZWL COMPOSE frame=656 image=0 windows=1 at_ms=31435
ZWL LAT submit frame=656 at_us=31435440
ZWL LAT shown frame=656 at_us=31437532
ZWL COMMIT client=6 surface=6 buffer=15 queued=0
ZWL ACQUIRE_FENCE client=6 surface=6 generation=1
ZWL LAT adopt surface=6 at_us=31438324
ZWL RELEASE client=6 buffer=19 dead=0
ZWL LAT draw frame=657 at_us=31438340
ZWL LAT acquired frame=657 at_us=31438351
ZWL LAT recorded frame=657 at_us=31438406
ZWL COMPOSE frame=657 image=0 windows=1 at_ms=31455
ZWL LAT submit frame=657 at_us=31455924
ZWL LAT shown frame=657 at_us=31458065
ZWL COMMIT client=6 surface=6 buffer=17 queued=0
ZWL ACQUIRE_FENCE client=6 surface=6 generation=1
ZWL LAT adopt surface=6 at_us=31458222
ZWL RELEASE client=6 buffer=15 dead=0
ZWL LAT draw frame=658 at_us=31458230
ZWL LAT acquired frame=658 at_us=31458235
ZWL LAT recorded frame=658 at_us=31458274
ZWL COMPOSE frame=658 image=0 windows=1 at_ms=31470
ZWL LAT submit frame=658 at_us=31470973
ZWL LAT shown frame=658 at_us=31473092
ZWL COMMIT client=6 surface=6 buffer=15 queued=0
ZWL ACQUIRE_FENCE client=6 surface=6 generation=1
ZWL LAT adopt surface=6 at_us=31477293
ZWL RELEASE client=6 buffer=17 dead=0
ZWL LAT draw frame=659 at_us=31477311
ZWL LAT acquired frame=659 at_us=31477325
ZWL LAT recorded frame=659 at_us=31477384
ZWL COMPOSE frame=659 image=0 windows=1 at_ms=31501
ZWL LAT submit frame=659 at_us=31501103
ZWL LAT shown frame=659 at_us=31503231
ZWL COMMIT client=6 surface=6 buffer=19 queued=0
ZWL ACQUIRE_FENCE client=6 surface=6 generation=1
ZWL LAT adopt surface=6 at_us=31503532
ZWL RELEASE client=6 buffer=15 dead=0
ZWL LAT draw frame=660 at_us=31503548
ZWL LAT acquired frame=660 at_us=31503558
ZWL LAT recorded frame=660 at_us=31503614
ZWL COMPOSE frame=660 image=0 windows=1 at_ms=31519
ZWL LAT submit frame=660 at_us=31519520
ZWL LAT shown frame=660 at_us=31521638
ZWL COMMIT client=6 surface=6 buffer=15 queued=0
ZWL ACQUIRE_FENCE client=6 surface=6 generation=1
ZWL LAT adopt surface=6 at_us=31521787
ZWL RELEASE client=6 buffer=19 dead=0
ZWL LAT draw frame=661 at_us=31521801
ZWL LAT acquired frame=661 at_us=31521811
ZWL LAT recorded frame=661 at_us=31521859
ZWL COMPOSE frame=661 image=0 windows=1 at_ms=31533
ZWL LAT submit frame=661 at_us=31533489
ZWL LAT shown frame=661 at_us=31535597
ZWL COMMIT client=6 surface=6 buffer=17 queued=0
ZWL ACQUIRE_FENCE client=6 surface=6 generation=1
ZWL LAT adopt surface=6 at_us=31540979
ZWL RELEASE client=6 buffer=15 dead=0
ZWL LAT draw frame=662 at_us=31540996
ZWL LAT acquired frame=662 at_us=31541009
ZWL LAT recorded frame=662 at_us=31541066
ZWL COMPOSE frame=662 image=0 windows=1 at_ms=31565
ZWL LAT submit frame=662 at_us=31565071
ZWL LAT shown frame=662 at_us=31567315
ZWL COMMIT client=6 surface=6 buffer=19 queued=0
ZWL ACQUIRE_FENCE client=6 surface=6 generation=1
ZWL LAT adopt surface=6 at_us=31567635
ZWL RELEASE client=6 buffer=17 dead=0
ZWL LAT draw frame=663 at_us=31567651
ZWL LAT acquired frame=663 at_us=31567680
ZWL LAT recorded frame=663 at_us=31567741
ZWL COMPOSE frame=663 image=0 windows=1 at_ms=31591
ZWL LAT submit frame=663 at_us=31591511
ZWL LAT shown frame=663 at_us=31593639
ZWL COMMIT client=6 surface=6 buffer=15 queued=0
ZWL ACQUIRE_FENCE client=6 surface=6 generation=1
ZWL LAT adopt surface=6 at_us=31593941
ZWL RELEASE client=6 buffer=19 dead=0
ZWL LAT draw frame=664 at_us=31593956
ZWL LAT acquired frame=664 at_us=31593965
ZWL LAT recorded frame=664 at_us=31594019
ZWL COMPOSE frame=664 image=0 windows=1 at_ms=31611
ZWL LAT submit frame=664 at_us=31611810
ZWL LAT shown frame=664 at_us=31613936
ZWL COMMIT client=6 surface=6 buffer=17 queued=0
ZWL ACQUIRE_FENCE client=6 surface=6 generation=1
ZWL LAT adopt surface=6 at_us=31614223
ZWL RELEASE client=6 buffer=15 dead=0
ZWL LAT draw frame=665 at_us=31614228
ZWL LAT acquired frame=665 at_us=31614234
ZWL LAT recorded frame=665 at_us=31614265
ZWL COMPOSE frame=665 image=0 windows=1 at_ms=31628
ZWL LAT submit frame=665 at_us=31628531
ZWL LAT shown frame=665 at_us=31630609
ZWL COMMIT client=6 surface=6 buffer=15 queued=0
ZWL ACQUIRE_FENCE client=6 surface=6 generation=1
ZWL LAT adopt surface=6 at_us=31632030
ZWL RELEASE client=6 buffer=17 dead=0
ZWL LAT draw frame=666 at_us=31632035
ZWL LAT acquired frame=666 at_us=31632039
ZWL LAT recorded frame=666 at_us=31632064
ZWL COMPOSE frame=666 image=0 windows=1 at_ms=31645
ZWL LAT submit frame=666 at_us=31645511
ZWL LAT shown frame=666 at_us=31647624
ZWL COMMIT client=6 surface=6 buffer=17 queued=0
ZWL ACQUIRE_FENCE client=6 surface=6 generation=1
ZWL LAT adopt surface=6 at_us=31649909
ZWL RELEASE client=6 buffer=15 dead=0
ZWL LAT draw frame=667 at_us=31649914
ZWL LAT acquired frame=667 at_us=31649918
ZWL LAT recorded frame=667 at_us=31649946
ZWL COMPOSE frame=667 image=0 windows=1 at_ms=31664
ZWL LAT submit frame=667 at_us=31664208
ZWL LAT shown frame=667 at_us=31666443
ZWL COMMIT client=6 surface=6 buffer=15 queued=0
ZWL ACQUIRE_FENCE client=6 surface=6 generation=1
ZWL LAT adopt surface=6 at_us=31668349
ZWL RELEASE client=6 buffer=17 dead=0
ZWL LAT draw frame=668 at_us=31668365
ZWL LAT acquired frame=668 at_us=31668376
ZWL LAT recorded frame=668 at_us=31668432
ZWL COMPOSE frame=668 image=0 windows=1 at_ms=31689
ZWL LAT submit frame=668 at_us=31689807
ZWL LAT shown frame=668 at_us=31691926
ZWL COMMIT client=6 surface=6 buffer=19 queued=0
ZWL ACQUIRE_FENCE client=6 surface=6 generation=1
ZWL LAT adopt surface=6 at_us=31692139
ZWL RELEASE client=6 buffer=15 dead=0
ZWL LAT draw frame=669 at_us=31692154
ZWL LAT acquired frame=669 at_us=31692164
ZWL LAT recorded frame=669 at_us=31692215
ZWL COMPOSE frame=669 image=0 windows=1 at_ms=31706
ZWL LAT submit frame=669 at_us=31706358
ZWL LAT shown frame=669 at_us=31708443
ZWL COMMIT client=6 surface=6 buffer=15 queued=0
ZWL ACQUIRE_FENCE client=6 surface=6 generation=1
ZWL LAT adopt surface=6 at_us=31710787
ZWL RELEASE client=6 buffer=19 dead=0
ZWL LAT draw frame=670 at_us=31710793
ZWL LAT acquired frame=670 at_us=31710798
ZWL LAT recorded frame=670 at_us=31710822
ZWL COMPOSE frame=670 image=0 windows=1 at_ms=31723
ZWL LAT submit frame=670 at_us=31723842
ZWL LAT shown frame=670 at_us=31725961
ZWL COMMIT client=6 surface=6 buffer=17 queued=0
ZWL ACQUIRE_FENCE client=6 surface=6 generation=1
ZWL LAT adopt surface=6 at_us=31730219
ZWL RELEASE client=6 buffer=15 dead=0
ZWL LAT draw frame=671 at_us=31730233
ZWL LAT acquired frame=671 at_us=31730245
ZWL LAT recorded frame=671 at_us=31730291
ZWL COMPOSE frame=671 image=0 windows=1 at_ms=31753
ZWL LAT submit frame=671 at_us=31753305
ZWL LAT shown frame=671 at_us=31753526
ZWL CLIENT gone client=6 reason=read
ZWL CLEANUP client=6 objects=12 unread_fds=0
ZWL RELEASE client=6 buffer=17 dead=0
ZWL LAT draw frame=672 at_us=31756329
ZWL LAT acquired frame=672 at_us=31756340
ZWL GLASS bar shown
ZWL LAT recorded frame=672 at_us=31756446
ZWL COMPOSE frame=672 image=0 windows=0 at_ms=31768
ZWL LAT submit frame=672 at_us=31768381
ZWL CLIENT client=7 fd=23
ZWL LAT shown frame=672 at_us=31768430
ZWL LAT draw frame=673 at_us=31768682
ZWL LAT acquired frame=673 at_us=31768697
ZWL LAT recorded frame=673 at_us=31768785
ZWL COMPOSE frame=673 image=0 windows=0 at_ms=31783
ZWL LAT submit frame=673 at_us=31783299
ZWL LAT shown frame=673 at_us=31783326
ZWL CONFIGURE client=7 surface=6 serial=23 width=1280 height=800 fullscreen=1
ZWL IMPORT client=7 buffer=15 width=1280 height=800 bytes=4096000
ZWL IMPORT client=7 buffer=17 width=1280 height=800 bytes=4096000
ZWL IMPORT client=7 buffer=19 width=1280 height=800 bytes=4096000
ZWL COMMIT client=7 surface=6 buffer=15 queued=0
ZWL ACQUIRE_FENCE client=7 surface=6 generation=1
ZWL LAT adopt surface=6 at_us=31849245
ZWL MAP client=7 surface=6 x=0 y=0
ZWL LAT draw frame=674 at_us=31849264
ZWL LAT acquired frame=674 at_us=31849278
ZWL GLASS bar hidden fullscreen=6
ZWL LAT recorded frame=674 at_us=31849395
ZWL COMPOSE frame=674 image=0 windows=1 at_ms=31869
ZWL LAT submit frame=674 at_us=31869188
ZWL LAT shown frame=674 at_us=31871266
ZWL COMMIT client=7 surface=6 buffer=17 queued=0
ZWL ACQUIRE_FENCE client=7 surface=6 generation=1
ZWL LAT adopt surface=6 at_us=31872856
ZWL RELEASE client=7 buffer=15 dead=0
ZWL LAT draw frame=675 at_us=31872862
ZWL LAT acquired frame=675 at_us=31872869
ZWL LAT recorded frame=675 at_us=31872905
ZWL COMPOSE frame=675 image=0 windows=1 at_ms=31889
ZWL LAT submit frame=675 at_us=31889306
ZWL LAT shown frame=675 at_us=31891467
ZWL COMMIT client=7 surface=6 buffer=19 queued=0
ZWL ACQUIRE_FENCE client=7 surface=6 generation=1
ZWL LAT adopt surface=6 at_us=31893552
ZWL RELEASE client=7 buffer=17 dead=0
ZWL LAT draw frame=676 at_us=31893557
ZWL LAT acquired frame=676 at_us=31893562
ZWL LAT recorded frame=676 at_us=31893589
ZWL COMPOSE frame=676 image=0 windows=1 at_ms=31909
ZWL LAT submit frame=676 at_us=31909465
ZWL LAT shown frame=676 at_us=31911545
ZWL COMMIT client=7 surface=6 buffer=15 queued=0
ZWL ACQUIRE_FENCE client=7 surface=6 generation=1
ZWL LAT adopt surface=6 at_us=31911895
ZWL RELEASE client=7 buffer=19 dead=0
ZWL LAT draw frame=677 at_us=31911900
ZWL LAT acquired frame=677 at_us=31911902
ZWL LAT recorded frame=677 at_us=31911926
ZWL COMPOSE frame=677 image=0 windows=1 at_ms=31926
ZWL LAT submit frame=677 at_us=31926093
ZWL LAT shown frame=677 at_us=31928202
ZWL COMMIT client=7 surface=6 buffer=17 queued=0
ZWL ACQUIRE_FENCE client=7 surface=6 generation=1
ZWL LAT adopt surface=6 at_us=31930296
ZWL RELEASE client=7 buffer=15 dead=0
ZWL LAT draw frame=678 at_us=31930301
ZWL LAT acquired frame=678 at_us=31930305
ZWL LAT recorded frame=678 at_us=31930330
ZWL COMPOSE frame=678 image=0 windows=1 at_ms=31944
ZWL LAT submit frame=678 at_us=31944630
ZWL LAT shown frame=678 at_us=31946735
ZWL COMMIT client=7 surface=6 buffer=15 queued=0
ZWL ACQUIRE_FENCE client=7 surface=6 generation=1
ZWL LAT adopt surface=6 at_us=31948697
ZWL RELEASE client=7 buffer=17 dead=0
ZWL LAT draw frame=679 at_us=31948703
ZWL LAT acquired frame=679 at_us=31948710
ZWL LAT recorded frame=679 at_us=31948737
ZWL COMPOSE frame=679 image=0 windows=1 at_ms=31963
ZWL LAT submit frame=679 at_us=31963432
ZWL LAT shown frame=679 at_us=31965536
ZWL COMMIT client=7 surface=6 buffer=17 queued=0
ZWL ACQUIRE_FENCE client=7 surface=6 generation=1
ZWL LAT adopt surface=6 at_us=31966739
ZWL RELEASE client=7 buffer=15 dead=0
ZWL LAT draw frame=680 at_us=31966744
ZWL LAT acquired frame=680 at_us=31966748
ZWL LAT recorded frame=680 at_us=31966777
ZWL COMPOSE frame=680 image=0 windows=1 at_ms=31979
ZWL LAT submit frame=680 at_us=31979421
ZWL LAT shown frame=680 at_us=31981529
ZWL COMMIT client=7 surface=6 buffer=15 queued=0
ZWL ACQUIRE_FENCE client=7 surface=6 generation=1
ZWL LAT adopt surface=6 at_us=31984969
ZWL RELEASE client=7 buffer=17 dead=0
ZWL LAT draw frame=681 at_us=31984975
ZWL LAT acquired frame=681 at_us=31984979
ZWL LAT recorded frame=681 at_us=31985005
ZWL COMPOSE frame=681 image=0 windows=1 at_ms=32000
ZWL LAT submit frame=681 at_us=32000380
ZWL LAT shown frame=681 at_us=32002464
ZWL COMMIT client=7 surface=6 buffer=17 queued=0
ZWL ACQUIRE_FENCE client=7 surface=6 generation=1
ZWL LAT adopt surface=6 at_us=32002746
ZWL RELEASE client=7 buffer=15 dead=0
ZWL LAT draw frame=682 at_us=32002762
ZWL LAT acquired frame=682 at_us=32002766
ZWL LAT recorded frame=682 at_us=32002790
ZWL COMPOSE frame=682 image=0 windows=1 at_ms=32015
ZWL LAT submit frame=682 at_us=32015904
ZWL LAT shown frame=682 at_us=32018018
ZWL COMMIT client=7 surface=6 buffer=15 queued=0
ZWL ACQUIRE_FENCE client=7 surface=6 generation=1
ZWL LAT adopt surface=6 at_us=32020515
ZWL RELEASE client=7 buffer=17 dead=0
ZWL LAT draw frame=683 at_us=32020521
ZWL LAT acquired frame=683 at_us=32020528
ZWL LAT recorded frame=683 at_us=32020553
ZWL COMPOSE frame=683 image=0 windows=1 at_ms=32061
ZWL LAT submit frame=683 at_us=32061207
ZWL LAT shown frame=683 at_us=32063540
ZWL COMMIT client=7 surface=6 buffer=19 queued=0
ZWL ACQUIRE_FENCE client=7 surface=6 generation=1
ZWL LAT adopt surface=6 at_us=32064722
ZWL RELEASE client=7 buffer=15 dead=0
ZWL LAT draw frame=684 at_us=32064728
ZWL LAT acquired frame=684 at_us=32064732
ZWL LAT recorded frame=684 at_us=32064805
ZWL COMPOSE frame=684 image=0 windows=1 at_ms=32084
ZWL LAT submit frame=684 at_us=32084525
ZWL LAT shown frame=684 at_us=32086620
ZWL COMMIT client=7 surface=6 buffer=17 queued=0
ZWL ACQUIRE_FENCE client=7 surface=6 generation=1
ZWL LAT adopt surface=6 at_us=32086686
ZWL RELEASE client=7 buffer=19 dead=0
ZWL LAT draw frame=685 at_us=32086691
ZWL LAT acquired frame=685 at_us=32086695
ZWL LAT recorded frame=685 at_us=32086719
ZWL COMPOSE frame=685 image=0 windows=1 at_ms=32098
ZWL LAT submit frame=685 at_us=32098329
ZWL LAT shown frame=685 at_us=32100407
ZWL COMMIT client=7 surface=6 buffer=15 queued=0
ZWL ACQUIRE_FENCE client=7 surface=6 generation=1
ZWL LAT adopt surface=6 at_us=32105280
ZWL RELEASE client=7 buffer=17 dead=0
ZWL LAT draw frame=686 at_us=32105285
ZWL LAT acquired frame=686 at_us=32105290
ZWL LAT recorded frame=686 at_us=32105317
ZWL COMPOSE frame=686 image=0 windows=1 at_ms=32118
ZWL LAT submit frame=686 at_us=32118011
ZWL LAT shown frame=686 at_us=32120117
ZWL COMMIT client=7 surface=6 buffer=17 queued=0
ZWL ACQUIRE_FENCE client=7 surface=6 generation=1
ZWL LAT adopt surface=6 at_us=32123901
ZWL RELEASE client=7 buffer=15 dead=0
ZWL LAT draw frame=687 at_us=32123915
ZWL LAT acquired frame=687 at_us=32123927
ZWL LAT recorded frame=687 at_us=32123974
ZWL COMPOSE frame=687 image=0 windows=1 at_ms=32144
ZWL LAT submit frame=687 at_us=32144699
ZWL LAT shown frame=687 at_us=32146823
ZWL COMMIT client=7 surface=6 buffer=19 queued=0
ZWL ACQUIRE_FENCE client=7 surface=6 generation=1
ZWL LAT adopt surface=6 at_us=32147004
ZWL RELEASE client=7 buffer=17 dead=0
ZWL LAT draw frame=688 at_us=32147012
ZWL LAT acquired frame=688 at_us=32147017
ZWL LAT recorded frame=688 at_us=32147046
ZWL COMPOSE frame=688 image=0 windows=1 at_ms=32162
ZWL LAT submit frame=688 at_us=32162910
ZWL LAT shown frame=688 at_us=32164990
ZWL COMMIT client=7 surface=6 buffer=15 queued=0
ZWL ACQUIRE_FENCE client=7 surface=6 generation=1
ZWL LAT adopt surface=6 at_us=32165110
ZWL RELEASE client=7 buffer=19 dead=0
ZWL LAT draw frame=689 at_us=32165115
ZWL LAT acquired frame=689 at_us=32165118
ZWL LAT recorded frame=689 at_us=32165148
ZWL COMPOSE frame=689 image=0 windows=1 at_ms=32180
ZWL LAT submit frame=689 at_us=32180089
ZWL LAT shown frame=689 at_us=32182594
ZWL COMMIT client=7 surface=6 buffer=17 queued=0
ZWL ACQUIRE_FENCE client=7 surface=6 generation=1
ZWL LAT adopt surface=6 at_us=32184052
ZWL RELEASE client=7 buffer=15 dead=0
ZWL LAT draw frame=690 at_us=32184064
ZWL LAT acquired frame=690 at_us=32184072
ZWL LAT recorded frame=690 at_us=32184113
ZWL COMPOSE frame=690 image=0 windows=1 at_ms=32204
ZWL LAT submit frame=690 at_us=32204149
ZWL LAT shown frame=690 at_us=32206269
ZWL COMMIT client=7 surface=6 buffer=19 queued=0
ZWL ACQUIRE_FENCE client=7 surface=6 generation=1
ZWL LAT adopt surface=6 at_us=32206521
ZWL RELEASE client=7 buffer=17 dead=0
ZWL LAT draw frame=691 at_us=32206536
ZWL LAT acquired frame=691 at_us=32206546
ZWL LAT recorded frame=691 at_us=32206595
ZWL COMPOSE frame=691 image=0 windows=1 at_ms=32222
ZWL LAT submit frame=691 at_us=32222480
ZWL LAT shown frame=691 at_us=32224582
ZWL COMMIT client=7 surface=6 buffer=15 queued=0
ZWL ACQUIRE_FENCE client=7 surface=6 generation=1
ZWL LAT adopt surface=6 at_us=32225199
ZWL RELEASE client=7 buffer=19 dead=0
ZWL LAT draw frame=692 at_us=32225204
ZWL LAT acquired frame=692 at_us=32225207
ZWL LAT recorded frame=692 at_us=32225227
ZWL COMPOSE frame=692 image=0 windows=1 at_ms=32241
ZWL LAT submit frame=692 at_us=32241782
ZWL LAT shown frame=692 at_us=32243862
ZWL COMMIT client=7 surface=6 buffer=17 queued=0
ZWL ACQUIRE_FENCE client=7 surface=6 generation=1
ZWL LAT adopt surface=6 at_us=32243949
ZWL RELEASE client=7 buffer=15 dead=0
ZWL LAT draw frame=693 at_us=32243953
ZWL LAT acquired frame=693 at_us=32243956
ZWL LAT recorded frame=693 at_us=32243980
ZWL COMPOSE frame=693 image=0 windows=1 at_ms=32264
ZWL LAT submit frame=693 at_us=32264244
ZWL LAT shown frame=693 at_us=32266394
ZWL CLIENT gone client=7 reason=read
ZWL CLEANUP client=7 objects=12 unread_fds=0
ZWL RELEASE client=7 buffer=17 dead=0
ZWL LAT draw frame=694 at_us=32278802
ZWL LAT acquired frame=694 at_us=32278821
ZWL GLASS bar shown
ZWL LAT recorded frame=694 at_us=32278969
ZWL COMPOSE frame=694 image=0 windows=0 at_ms=32303
ZWL LAT submit frame=694 at_us=32303201
ZWL CLIENT client=8 fd=23
ZWL LAT shown frame=694 at_us=32303672
ZWL CONFIGURE client=8 surface=6 serial=28 width=1280 height=800 fullscreen=1
ZWL LAT draw frame=695 at_us=32303889
ZWL LAT acquired frame=695 at_us=32303896
ZWL LAT recorded frame=695 at_us=32303985
ZWL COMPOSE frame=695 image=0 windows=0 at_ms=32323
ZWL LAT submit frame=695 at_us=32323282
ZWL LAT shown frame=695 at_us=32325356
ZWL IMPORT client=8 buffer=15 width=1280 height=800 bytes=4096000
ZWL IMPORT client=8 buffer=17 width=1280 height=800 bytes=4096000
ZWL IMPORT client=8 buffer=19 width=1280 height=800 bytes=4096000
ZWL COMMIT client=8 surface=6 buffer=15 queued=0
ZWL ACQUIRE_FENCE client=8 surface=6 generation=1
ZWL LAT adopt surface=6 at_us=32380233
ZWL MAP client=8 surface=6 x=0 y=0
ZWL LAT draw frame=696 at_us=32380252
ZWL LAT acquired frame=696 at_us=32380267
ZWL GLASS bar hidden fullscreen=6
ZWL LAT recorded frame=696 at_us=32380405
ZWL COMPOSE frame=696 image=0 windows=1 at_ms=32405
ZWL LAT submit frame=696 at_us=32405248
ZWL LAT shown frame=696 at_us=32407360
ZWL COMMIT client=8 surface=6 buffer=17 queued=0
ZWL ACQUIRE_FENCE client=8 surface=6 generation=1
ZWL LAT adopt surface=6 at_us=32407543
ZWL RELEASE client=8 buffer=15 dead=0
ZWL LAT draw frame=697 at_us=32407548
ZWL LAT acquired frame=697 at_us=32407553
ZWL LAT recorded frame=697 at_us=32407580
ZWL COMPOSE frame=697 image=0 windows=1 at_ms=32423
ZWL LAT submit frame=697 at_us=32423502
ZWL LAT shown frame=697 at_us=32425619
ZWL COMMIT client=8 surface=6 buffer=15 queued=0
ZWL ACQUIRE_FENCE client=8 surface=6 generation=1
ZWL LAT adopt surface=6 at_us=32426235
ZWL RELEASE client=8 buffer=17 dead=0
ZWL LAT draw frame=698 at_us=32426240
ZWL LAT acquired frame=698 at_us=32426243
ZWL LAT recorded frame=698 at_us=32426270
ZWL COMPOSE frame=698 image=0 windows=1 at_ms=32439
ZWL LAT submit frame=698 at_us=32439844
ZWL LAT shown frame=698 at_us=32441955
ZWL COMMIT client=8 surface=6 buffer=17 queued=0
ZWL ACQUIRE_FENCE client=8 surface=6 generation=1
ZWL LAT adopt surface=6 at_us=32444711
ZWL RELEASE client=8 buffer=15 dead=0
ZWL LAT draw frame=699 at_us=32444726
ZWL LAT acquired frame=699 at_us=32444736
ZWL LAT recorded frame=699 at_us=32444788
ZWL COMPOSE frame=699 image=0 windows=1 at_ms=32467
ZWL LAT submit frame=699 at_us=32467647
ZWL LAT shown frame=699 at_us=32469736
ZWL COMMIT client=8 surface=6 buffer=19 queued=0
ZWL ACQUIRE_FENCE client=8 surface=6 generation=1
ZWL LAT adopt surface=6 at_us=32471571
ZWL RELEASE client=8 buffer=17 dead=0
ZWL LAT draw frame=700 at_us=32471578
ZWL LAT acquired frame=700 at_us=32471582
ZWL LAT recorded frame=700 at_us=32471608
ZWL COMPOSE frame=700 image=0 windows=1 at_ms=32486
ZWL LAT submit frame=700 at_us=32486393
ZWL LAT shown frame=700 at_us=32488972
ZWL COMMIT client=8 surface=6 buffer=15 queued=0
ZWL ACQUIRE_FENCE client=8 surface=6 generation=1
ZWL LAT adopt surface=6 at_us=32490212
ZWL RELEASE client=8 buffer=19 dead=0
ZWL LAT draw frame=701 at_us=32490216
ZWL LAT acquired frame=701 at_us=32490220
ZWL LAT recorded frame=701 at_us=32490241
ZWL COMPOSE frame=701 image=0 windows=1 at_ms=32503
ZWL LAT submit frame=701 at_us=32503339
ZWL LAT shown frame=701 at_us=32505445
ZWL COMMIT client=8 surface=6 buffer=17 queued=0
ZWL ACQUIRE_FENCE client=8 surface=6 generation=1
ZWL LAT adopt surface=6 at_us=32510100
ZWL RELEASE client=8 buffer=15 dead=0
ZWL LAT draw frame=702 at_us=32510118
ZWL LAT acquired frame=702 at_us=32510130
ZWL LAT recorded frame=702 at_us=32510183
ZWL COMPOSE frame=702 image=0 windows=1 at_ms=32533
ZWL LAT submit frame=702 at_us=32533137
ZWL LAT shown frame=702 at_us=32535260
ZWL COMMIT client=8 surface=6 buffer=19 queued=0
ZWL ACQUIRE_FENCE client=8 surface=6 generation=1
ZWL LAT adopt surface=6 at_us=32535495
ZWL RELEASE client=8 buffer=17 dead=0
ZWL LAT draw frame=703 at_us=32535510
ZWL LAT acquired frame=703 at_us=32535520
ZWL LAT recorded frame=703 at_us=32535581
ZWL COMPOSE frame=703 image=0 windows=1 at_ms=32551
ZWL LAT submit frame=703 at_us=32551363
ZWL LAT shown frame=703 at_us=32553482
ZWL COMMIT client=8 surface=6 buffer=15 queued=0
ZWL ACQUIRE_FENCE client=8 surface=6 generation=1
ZWL LAT adopt surface=6 at_us=32553870
ZWL RELEASE client=8 buffer=19 dead=0
ZWL LAT draw frame=704 at_us=32553878
ZWL LAT acquired frame=704 at_us=32553883
ZWL LAT recorded frame=704 at_us=32553908
ZWL COMPOSE frame=704 image=0 windows=1 at_ms=32566
ZWL LAT submit frame=704 at_us=32566207
ZWL LAT shown frame=704 at_us=32568313
ZWL COMMIT client=8 surface=6 buffer=17 queued=0
ZWL ACQUIRE_FENCE client=8 surface=6 generation=1
ZWL LAT adopt surface=6 at_us=32573076
ZWL RELEASE client=8 buffer=15 dead=0
ZWL LAT draw frame=705 at_us=32573094
ZWL LAT acquired frame=705 at_us=32573109
ZWL LAT recorded frame=705 at_us=32573162
ZWL COMPOSE frame=705 image=0 windows=1 at_ms=32587
ZWL LAT submit frame=705 at_us=32587782
ZWL LAT shown frame=705 at_us=32590119
ZWL COMMIT client=8 surface=6 buffer=15 queued=0
ZWL ACQUIRE_FENCE client=8 surface=6 generation=1
ZWL LAT adopt surface=6 at_us=32591795
ZWL RELEASE client=8 buffer=17 dead=0
ZWL LAT draw frame=706 at_us=32591800
ZWL LAT acquired frame=706 at_us=32591803
ZWL LAT recorded frame=706 at_us=32591824
ZWL COMPOSE frame=706 image=0 windows=1 at_ms=32606
ZWL LAT submit frame=706 at_us=32606206
ZWL LAT shown frame=706 at_us=32608329
ZWL COMMIT client=8 surface=6 buffer=17 queued=0
ZWL ACQUIRE_FENCE client=8 surface=6 generation=1
ZWL LAT adopt surface=6 at_us=32611053
ZWL RELEASE client=8 buffer=15 dead=0
ZWL LAT draw frame=707 at_us=32611065
ZWL LAT acquired frame=707 at_us=32611075
ZWL LAT recorded frame=707 at_us=32611115
ZWL COMPOSE frame=707 image=0 windows=1 at_ms=32633
ZWL LAT submit frame=707 at_us=32633998
ZWL LAT shown frame=707 at_us=32636160
ZWL COMMIT client=8 surface=6 buffer=19 queued=0
ZWL ACQUIRE_FENCE client=8 surface=6 generation=1
ZWL LAT adopt surface=6 at_us=32636337
ZWL RELEASE client=8 buffer=17 dead=0
ZWL LAT draw frame=708 at_us=32636350
ZWL LAT acquired frame=708 at_us=32636358
ZWL LAT recorded frame=708 at_us=32636405
ZWL COMPOSE frame=708 image=0 windows=1 at_ms=32659
ZWL LAT submit frame=708 at_us=32659914
ZWL LAT shown frame=708 at_us=32662041
ZWL COMMIT client=8 surface=6 buffer=15 queued=0
ZWL ACQUIRE_FENCE client=8 surface=6 generation=1
ZWL LAT adopt surface=6 at_us=32662338
ZWL RELEASE client=8 buffer=19 dead=0
ZWL LAT draw frame=709 at_us=32662355
ZWL LAT acquired frame=709 at_us=32662367
ZWL LAT recorded frame=709 at_us=32662419
ZWL COMPOSE frame=709 image=0 windows=1 at_ms=32680
ZWL LAT submit frame=709 at_us=32680172
ZWL LAT shown frame=709 at_us=32682339
ZWL COMMIT client=8 surface=6 buffer=17 queued=0
ZWL ACQUIRE_FENCE client=8 surface=6 generation=1
ZWL LAT adopt surface=6 at_us=32682654
ZWL RELEASE client=8 buffer=15 dead=0
ZWL LAT draw frame=710 at_us=32682670
ZWL LAT acquired frame=710 at_us=32682680
ZWL LAT recorded frame=710 at_us=32682746
ZWL COMPOSE frame=710 image=0 windows=1 at_ms=32701
ZWL LAT submit frame=710 at_us=32702115
ZWL LAT shown frame=710 at_us=32704334
ZWL COMMIT client=8 surface=6 buffer=19 queued=0
ZWL ACQUIRE_FENCE client=8 surface=6 generation=1
ZWL LAT adopt surface=6 at_us=32704546
ZWL RELEASE client=8 buffer=17 dead=0
ZWL LAT draw frame=711 at_us=32704561
ZWL LAT acquired frame=711 at_us=32704580
ZWL LAT recorded frame=711 at_us=32704819
ZWL COMPOSE frame=711 image=0 windows=1 at_ms=32718
ZWL LAT submit frame=711 at_us=32718920
ZWL LAT shown frame=711 at_us=32721057
ZWL COMMIT client=8 surface=6 buffer=15 queued=0
ZWL ACQUIRE_FENCE client=8 surface=6 generation=1
ZWL LAT adopt surface=6 at_us=32722434
ZWL RELEASE client=8 buffer=19 dead=0
ZWL LAT draw frame=712 at_us=32722450
ZWL LAT acquired frame=712 at_us=32722462
ZWL LAT recorded frame=712 at_us=32722517
ZWL COMPOSE frame=712 image=0 windows=1 at_ms=32734
ZWL LAT submit frame=712 at_us=32734366
ZWL LAT shown frame=712 at_us=32736478
ZWL COMMIT client=8 surface=6 buffer=17 queued=0
ZWL ACQUIRE_FENCE client=8 surface=6 generation=1
ZWL LAT adopt surface=6 at_us=32742225
ZWL RELEASE client=8 buffer=15 dead=0
ZWL LAT draw frame=713 at_us=32742242
ZWL LAT acquired frame=713 at_us=32742258
ZWL LAT recorded frame=713 at_us=32742314
ZWL COMPOSE frame=713 image=0 windows=1 at_ms=32763
ZWL LAT submit frame=713 at_us=32763834
ZWL LAT shown frame=713 at_us=32765967
ZWL COMMIT client=8 surface=6 buffer=19 queued=0
ZWL ACQUIRE_FENCE client=8 surface=6 generation=1
ZWL LAT adopt surface=6 at_us=32766260
ZWL RELEASE client=8 buffer=17 dead=0
ZWL LAT draw frame=714 at_us=32766276
ZWL LAT acquired frame=714 at_us=32766286
ZWL LAT recorded frame=714 at_us=32766347
ZWL COMPOSE frame=714 image=0 windows=1 at_ms=32782
ZWL LAT submit frame=714 at_us=32782140
ZWL LAT shown frame=714 at_us=32784259
ZWL COMMIT client=8 surface=6 buffer=15 queued=0
ZWL ACQUIRE_FENCE client=8 surface=6 generation=1
ZWL LAT adopt surface=6 at_us=32784619
ZWL RELEASE client=8 buffer=19 dead=0
ZWL LAT draw frame=715 at_us=32784634
ZWL LAT acquired frame=715 at_us=32784643
ZWL LAT recorded frame=715 at_us=32784692
ZWL COMPOSE frame=715 image=0 windows=1 at_ms=32797
ZWL LAT submit frame=715 at_us=32797374
ZWL LAT shown frame=715 at_us=32799481
ZWL CLIENT gone client=8 reason=read
ZWL CLEANUP client=8 objects=12 unread_fds=0
ZWL RELEASE client=8 buffer=15 dead=0
ZWL LAT draw frame=716 at_us=32805746
ZWL LAT acquired frame=716 at_us=32805752
ZWL GLASS bar shown
ZWL LAT recorded frame=716 at_us=32805880
ZWL COMPOSE frame=716 image=0 windows=0 at_ms=32820
ZWL LAT submit frame=716 at_us=32820445
ZWL LAT shown frame=716 at_us=32822561
ZWL CLIENT client=9 fd=23
ZWL IMPORT_ERROR client=9 errno=22
ZWL ERROR client=9 object=6 code=6 reason=buffer layout exceeds allocation emit=0
ZWL CLIENT gone client=9 reason=error
ZWL CLEANUP client=9 objects=4 unread_fds=0
ZWL CLEANUP client=2 objects=19 unread_fds=0
ZWL DESKTOP gone client=2
ZWL RELEASE client=2 buffer=22 dead=0
ZWL IME lost pid=975
ZWL CLEANUP client=1 objects=10 unread_fds=0
ZFILES DONE reason=disconnected
KEI-IME DONE
ZWL OUTPUT closed
ZWL EXIT frames=716 error=0 cleanup_failed=0 pid=950 input_events=0 seat_events=2 at_ms=35161
