[1804275.329] {Default Queue}  -> wl_display#1.get_registry(new id wl_registry#2)
[1804275.379] {Default Queue}  -> wl_display#1.sync(new id wl_callback#3)
[1804275.732] {Display Queue} wl_display#1.delete_id(3)
[1804275.749] {Default Queue} wl_registry#2.global(1, "wl_compositor", 4)
[1804275.769] {Default Queue}  -> wl_registry#2.bind(1, "wl_compositor", 4, new id [unknown]#4)
[1804275.781] {Default Queue} wl_registry#2.global(2, "xdg_wm_base", 4)
[1804275.799] {Default Queue} wl_registry#2.global(3, "zwp_linux_dmabuf_v1", 3)
[1804275.819] {Default Queue} wl_registry#2.global(4, "wl_output", 4)
[1804275.827] {Default Queue}  -> wl_registry#2.bind(4, "wl_output", 3, new id [unknown]#5)
[1804276.026] {Default Queue}  -> wl_display#1.sync(new id wl_callback#6)
[1804276.038] {Default Queue} wl_registry#2.global(5, "wl_seat", 5)
[1804276.047] {Default Queue} wl_registry#2.global(6, "wl_shm", 1)
[1804276.055] {Default Queue}  -> wl_registry#2.bind(6, "wl_shm", 1, new id [unknown]#7)
[1804276.063] {Default Queue} wl_registry#2.global(7, "xdg_menu_manager_v1", 2)
[1804276.071] {Default Queue} wl_registry#2.global(8, "wl_subcompositor", 1)
[1804276.078] {Default Queue}  -> wl_registry#2.bind(8, "wl_subcompositor", 1, new id [unknown]#8)
[1804276.088] {Default Queue} wl_registry#2.global(9, "wl_data_device_manager", 3)
[1804276.095] {Default Queue}  -> wl_registry#2.bind(9, "wl_data_device_manager", 3, new id [unknown]#9)
[1804276.103] {Default Queue} wl_registry#2.global(10, "zxdg_decoration_manager_v1", 1)
[1804276.110] {Default Queue} wl_registry#2.global(11, "wp_cursor_shape_manager_v1", 1)
[1804276.117] {Default Queue}  -> wl_registry#2.bind(11, "wp_cursor_shape_manager_v1", 1, new id [unknown]#10)
[1804276.124] {Default Queue} wl_registry#2.global(12, "wp_viewporter", 1)
[1804276.132] {Default Queue}  -> wl_registry#2.bind(12, "wp_viewporter", 1, new id [unknown]#11)
[1804276.140] {Default Queue} wl_registry#2.global(13, "zwp_text_input_manager_v3", 1)
[1804276.147] {Default Queue} wl_registry#2.global(16, "keiland_titlebar_manager_v1", 3)
[1804276.154] {Default Queue} wl_registry#2.global(17, "keiland_glass_manager_v1", 2)
[1804276.162] {Default Queue} wl_registry#2.global(18, "zwp_primary_selection_device_manager_v1", 1)
[1804276.169] {Default Queue}  -> wl_registry#2.bind(18, "zwp_primary_selection_device_manager_v1", 1, new id [unknown]#12)
[1804276.179] {Default Queue} wl_registry#2.global(19, "zwp_tablet_manager_v2", 1)
[1804276.187] {Default Queue}  -> wl_registry#2.bind(19, "zwp_tablet_manager_v2", 1, new id [unknown]#13)
[1804276.194] {Default Queue} wl_registry#2.global(21, "keiland_desktop_manager_v1", 1)
[1804276.201] {Default Queue} wl_registry#2.global(22, "keiland_keyboard_inset_manager_v1", 1)
[1804276.209] {Default Queue} wl_registry#2.global(23, "keiland_edit_manager_v1", 1)
[1804276.216] {Default Queue} wl_callback#3.done(2135793)
[1804276.371] {Default Queue}  -> wl_shm#7.create_pool(new id wl_shm_pool#3, fd 12, 2304)
[1804276.388] {Default Queue}  -> wl_registry#2.bind(5, "wl_seat", 5, new id [unknown]#14)
[1804285.132] {Default Queue}  -> zwp_primary_selection_device_manager_v1#12.get_device(new id zwp_primary_selection_device_v1#15, wl_seat#14)
[1804285.150] {Default Queue}  -> wl_data_device_manager#9.get_data_device(new id wl_data_device#16, wl_seat#14)
[1804285.250] {Default Queue}  -> wl_compositor#4.create_surface(new id wl_surface#17)
[1804285.257] {Default Queue}  -> wp_viewporter#11.get_viewport(new id wp_viewport#18, wl_surface#17)
[1804285.262] {Default Queue}  -> zwp_tablet_manager_v2#13.get_tablet_seat(new id zwp_tablet_seat_v2#19, wl_seat#14)
[1804285.272] {Default Queue}  -> wl_display#1.sync(new id wl_callback#20)
[1804285.756] {Display Queue} wl_display#1.delete_id(6)
[1804285.774] {Display Queue} wl_display#1.delete_id(20)
[1804285.782] {Default Queue} wl_output#5.geometry(0, 0, 0, 0, 0, "Unknown", "Unknown", 0)
[1804285.806] {Default Queue} wl_output#5.mode(3, 1280, 800, 74994)
[1804285.820] {Default Queue} wl_output#5.scale(1)
[1804285.829] {Default Queue} wl_output#5.done()
[1804285.839] {Default Queue} wl_callback#6.done(2135803)
[1804285.883] {Default Queue} wl_shm#7.format(0)
[1804285.893] {Default Queue} wl_shm#7.format(1)
[1804285.901] {Default Queue} wl_seat#14.capabilities(3)
[1804285.911] {Default Queue}  -> wl_seat#14.get_pointer(new id wl_pointer#6)
[1804285.938] {Default Queue}  -> wp_cursor_shape_manager_v1#10.get_pointer(new id wp_cursor_shape_device_v1#21, wl_pointer#6)
[1804285.950] {Default Queue}  -> wl_seat#14.get_keyboard(new id wl_keyboard#22)
[1804285.967] {Default Queue} wl_seat#14.name("seat0")
[1804286.027] {Default Queue} wl_callback#20.done(2135803)
[1804286.042] {Default Queue}  -> wl_registry#2.bind(2, "xdg_wm_base", 4, new id [unknown]#20)

(python3:1445): Gtk-WARNING **: 08:35:52.305: Unable to acquire the address of the accessibility bus: GDBus.Error:org.freedesktop.DBus.Error.ServiceUnknown: The name org.a11y.Bus was not provided by any .service files. If you are attempting to run GTK without a11y support, GTK_A11Y should be set to 'none'.
[1804324.875] {Default Queue}  -> wl_compositor#4.create_surface(new id wl_surface#23)
[1804324.886] {Default Queue}  -> wp_viewporter#11.get_viewport(new id wp_viewport#24, wl_surface#23)
[1804381.322] {mesa egl display queue}  -> wl_display#1.get_registry(new id wl_registry#25)
[1804381.361] {mesa egl display queue}  -> wl_display#1.sync(new id wl_callback#26)
[1804381.727] {mesa egl display queue} wl_registry#25.global(1, "wl_compositor", 4)
[1804381.752] {mesa egl display queue} wl_registry#25.global(2, "xdg_wm_base", 4)
[1804381.759] {mesa egl display queue} wl_registry#25.global(3, "zwp_linux_dmabuf_v1", 3)
[1804381.766] {mesa egl display queue}  -> wl_registry#25.bind(3, "zwp_linux_dmabuf_v1", 3, new id [unknown]#27)
[1804381.774] {mesa egl display queue} wl_registry#25.global(4, "wl_output", 4)
[1804381.780] {mesa egl display queue} wl_registry#25.global(5, "wl_seat", 5)
[1804381.786] {mesa egl display queue} wl_registry#25.global(6, "wl_shm", 1)
[1804381.792] {mesa egl display queue} wl_registry#25.global(7, "xdg_menu_manager_v1", 2)
[1804381.798] {mesa egl display queue} wl_registry#25.global(8, "wl_subcompositor", 1)
[1804381.804] {mesa egl display queue} wl_registry#25.global(9, "wl_data_device_manager", 3)
[1804381.810] {mesa egl display queue} wl_registry#25.global(10, "zxdg_decoration_manager_v1", 1)
[1804381.816] {mesa egl display queue} wl_registry#25.global(11, "wp_cursor_shape_manager_v1", 1)
[1804381.822] {mesa egl display queue} wl_registry#25.global(12, "wp_viewporter", 1)
[1804381.893] {Display Queue} wl_display#1.delete_id(26)
[1804381.902] {mesa egl display queue} wl_registry#25.global(13, "zwp_text_input_manager_v3", 1)
[1804381.908] {mesa egl display queue} wl_registry#25.global(16, "keiland_titlebar_manager_v1", 3)
[1804381.913] {mesa egl display queue} wl_registry#25.global(17, "keiland_glass_manager_v1", 2)
[1804381.919] {mesa egl display queue} wl_registry#25.global(18, "zwp_primary_selection_device_manager_v1", 1)
[1804381.925] {mesa egl display queue} wl_registry#25.global(19, "zwp_tablet_manager_v2", 1)
[1804381.931] {mesa egl display queue} wl_registry#25.global(21, "keiland_desktop_manager_v1", 1)
[1804381.938] {mesa egl display queue} wl_registry#25.global(22, "keiland_keyboard_inset_manager_v1", 1)
[1804381.943] {mesa egl display queue} wl_registry#25.global(23, "keiland_edit_manager_v1", 1)
[1804381.950] {mesa egl display queue} wl_callback#26.done(2135900)
[1804381.965] {mesa egl display queue}  -> wl_display#1.sync(new id wl_callback#26)
[1804382.022] {mesa egl display queue} zwp_linux_dmabuf_v1#27.format(875713089)
[1804382.041] {mesa egl display queue} zwp_linux_dmabuf_v1#27.modifier(875713089, 0, 0)
[1804382.049] {mesa egl display queue} zwp_linux_dmabuf_v1#27.format(875713112)
[1804382.055] {mesa egl display queue} zwp_linux_dmabuf_v1#27.modifier(875713112, 0, 0)
[1804382.075] {Display Queue} wl_display#1.delete_id(26)
[1804382.081] {mesa egl display queue} wl_callback#26.done(2135900)
[1804382.090] {mesa egl display queue}  -> zwp_linux_dmabuf_v1#27.destroy()
[1804382.110] {mesa egl swrast display queue}  -> wl_display#1.get_registry(new id wl_registry#26)
[1804382.135] {mesa egl swrast display queue}  -> wl_display#1.sync(new id wl_callback#28)
[1804382.276] {Display Queue} wl_display#1.delete_id(27)
[1804382.285] {mesa egl swrast display queue} wl_registry#26.global(1, "wl_compositor", 4)
[1804382.292] {mesa egl swrast display queue} wl_registry#26.global(2, "xdg_wm_base", 4)
[1804382.298] {mesa egl swrast display queue} wl_registry#26.global(3, "zwp_linux_dmabuf_v1", 3)
[1804382.305] {mesa egl swrast display queue}  -> wl_registry#26.bind(3, "zwp_linux_dmabuf_v1", 3, new id [unknown]#27)
[1804382.312] {mesa egl swrast display queue} wl_registry#26.global(4, "wl_output", 4)
[1804382.318] {mesa egl swrast display queue} wl_registry#26.global(5, "wl_seat", 5)
[1804382.323] {mesa egl swrast display queue} wl_registry#26.global(6, "wl_shm", 1)
[1804382.330] {mesa egl swrast display queue}  -> wl_registry#26.bind(6, "wl_shm", 1, new id [unknown]#29)
[1804382.337] {mesa egl swrast display queue} wl_registry#26.global(7, "xdg_menu_manager_v1", 2)
[1804382.342] {mesa egl swrast display queue} wl_registry#26.global(8, "wl_subcompositor", 1)
[1804382.348] {mesa egl swrast display queue} wl_registry#26.global(9, "wl_data_device_manager", 3)
[1804382.354] {mesa egl swrast display queue} wl_registry#26.global(10, "zxdg_decoration_manager_v1", 1)
[1804382.406] {Display Queue} wl_display#1.delete_id(28)
[1804382.414] {mesa egl swrast display queue} wl_registry#26.global(11, "wp_cursor_shape_manager_v1", 1)
[1804382.419] {mesa egl swrast display queue} wl_registry#26.global(12, "wp_viewporter", 1)
[1804382.425] {mesa egl swrast display queue} wl_registry#26.global(13, "zwp_text_input_manager_v3", 1)
[1804382.431] {mesa egl swrast display queue} wl_registry#26.global(16, "keiland_titlebar_manager_v1", 3)
[1804382.437] {mesa egl swrast display queue} wl_registry#26.global(17, "keiland_glass_manager_v1", 2)
[1804382.443] {mesa egl swrast display queue} wl_registry#26.global(18, "zwp_primary_selection_device_manager_v1", 1)
[1804382.449] {mesa egl swrast display queue} wl_registry#26.global(19, "zwp_tablet_manager_v2", 1)
[1804382.455] {mesa egl swrast display queue} wl_registry#26.global(21, "keiland_desktop_manager_v1", 1)
[1804382.461] {mesa egl swrast display queue} wl_registry#26.global(22, "keiland_keyboard_inset_manager_v1", 1)
[1804382.467] {mesa egl swrast display queue} wl_registry#26.global(23, "keiland_edit_manager_v1", 1)
[1804382.473] {mesa egl swrast display queue} wl_callback#28.done(2135900)
[1804382.479] {mesa egl swrast display queue}  -> wl_display#1.sync(new id wl_callback#28)
[1804382.518] {mesa egl swrast display queue} zwp_linux_dmabuf_v1#27.format(875713089)
[1804382.526] {mesa egl swrast display queue} zwp_linux_dmabuf_v1#27.modifier(875713089, 0, 0)
[1804382.532] {mesa egl swrast display queue} zwp_linux_dmabuf_v1#27.format(875713112)
[1804382.537] {mesa egl swrast display queue} zwp_linux_dmabuf_v1#27.modifier(875713112, 0, 0)
[1804382.543] {mesa egl swrast display queue} wl_shm#29.format(0)
[1804382.548] {mesa egl swrast display queue} wl_shm#29.format(1)
[1804382.567] {Display Queue} wl_display#1.delete_id(28)
[1804382.573] {mesa egl swrast display queue} wl_callback#28.done(2135900)
[1804382.580] {mesa egl swrast display queue}  -> wl_display#1.sync(new id wl_callback#28)
[1804382.658] {Display Queue} wl_display#1.delete_id(28)
[1804382.665] {mesa egl swrast display queue} wl_callback#28.done(2135901)
[1804382.673] {mesa egl swrast display queue}  -> zwp_linux_dmabuf_v1#27.destroy()
[1804382.682] {mesa egl swrast display queue}  -> wl_display#1.get_registry(new id wl_registry#28)
[1804382.688] {mesa egl swrast display queue}  -> wl_display#1.sync(new id wl_callback#30)
[1804382.781] {Display Queue} wl_display#1.delete_id(27)
[1804382.789] {mesa egl swrast display queue} wl_registry#28.global(1, "wl_compositor", 4)
[1804382.795] {mesa egl swrast display queue} wl_registry#28.global(2, "xdg_wm_base", 4)
[1804382.801] {mesa egl swrast display queue} wl_registry#28.global(3, "zwp_linux_dmabuf_v1", 3)
[1804382.824] {mesa egl swrast display queue} wl_registry#28.global(4, "wl_output", 4)
[1804382.831] {mesa egl swrast display queue} wl_registry#28.global(5, "wl_seat", 5)
[1804382.870] {mesa egl swrast display queue} wl_registry#28.global(6, "wl_shm", 1)
[1804382.878] {mesa egl swrast display queue}  -> wl_registry#28.bind(6, "wl_shm", 1, new id [unknown]#27)
[1804382.885] {mesa egl swrast display queue} wl_registry#28.global(7, "xdg_menu_manager_v1", 2)
[1804382.891] {mesa egl swrast display queue} wl_registry#28.global(8, "wl_subcompositor", 1)
[1804382.897] {mesa egl swrast display queue} wl_registry#28.global(9, "wl_data_device_manager", 3)
[1804382.903] {mesa egl swrast display queue} wl_registry#28.global(10, "zxdg_decoration_manager_v1", 1)
[1804382.908] {mesa egl swrast display queue} wl_registry#28.global(11, "wp_cursor_shape_manager_v1", 1)
[1804382.914] {mesa egl swrast display queue} wl_registry#28.global(12, "wp_viewporter", 1)
[1804382.920] {mesa egl swrast display queue} wl_registry#28.global(13, "zwp_text_input_manager_v3", 1)
[1804382.926] {mesa egl swrast display queue} wl_registry#28.global(16, "keiland_titlebar_manager_v1", 3)
[1804382.932] {mesa egl swrast display queue} wl_registry#28.global(17, "keiland_glass_manager_v1", 2)
[1804382.937] {mesa egl swrast display queue} wl_registry#28.global(18, "zwp_primary_selection_device_manager_v1", 1)
[1804382.943] {mesa egl swrast display queue} wl_registry#28.global(19, "zwp_tablet_manager_v2", 1)
[1804382.949] {mesa egl swrast display queue} wl_registry#28.global(21, "keiland_desktop_manager_v1", 1)
[1804382.988] {Display Queue} wl_display#1.delete_id(30)
[1804382.995] {mesa egl swrast display queue} wl_registry#28.global(22, "keiland_keyboard_inset_manager_v1", 1)
[1804383.001] {mesa egl swrast display queue} wl_registry#28.global(23, "keiland_edit_manager_v1", 1)
[1804383.008] {mesa egl swrast display queue} wl_callback#30.done(2135901)
[1804383.014] {mesa egl swrast display queue}  -> wl_display#1.sync(new id wl_callback#30)
[1804383.039] {mesa egl swrast display queue} wl_shm#27.format(0)
[1804383.045] {mesa egl swrast display queue} wl_shm#27.format(1)
[1804383.090] {Display Queue} wl_display#1.delete_id(30)
[1804383.098] {mesa egl swrast display queue} wl_callback#30.done(2135901)
Not using GL: renderer is llvmpipe
Using renderer 'GskGLRenderer' for surface 'GdkWaylandToplevel'
[1804448.592] {Default Queue}  -> xdg_wm_base#20.get_xdg_surface(new id xdg_surface#30, wl_surface#23)
[1804448.602]  -> xdg_surface#30.get_toplevel(new id xdg_toplevel#31)
[1804448.606]  -> xdg_toplevel#31.set_parent(nil)
[1804448.608]  -> xdg_toplevel#31.set_title("WS114 GTK4 baseline")
[1804448.611]  -> xdg_toplevel#31.set_app_id("org.zedbsd.WS114Baseline")
[1804448.614]  -> wl_surface#23.commit()
[1804453.725] {Default Queue}  -> wl_display#1.get_registry(new id wl_registry#32)
[1804454.283] {Default Queue} wl_keyboard#22.keymap(1, fd 12, 6896)
[1804454.960] {Default Queue} wl_keyboard#22.repeat_info(25, 400)
[1804455.529] {Default Queue} wl_registry#32.global(1, "wl_compositor", 4)
[1804455.537] {Default Queue} wl_registry#32.global(2, "xdg_wm_base", 4)
[1804455.540] {Default Queue} wl_registry#32.global(3, "zwp_linux_dmabuf_v1", 3)
[1804455.543] {Default Queue} wl_registry#32.global(4, "wl_output", 4)
[1804455.545] {Default Queue} wl_registry#32.global(5, "wl_seat", 5)
[1804455.548] {Default Queue} wl_registry#32.global(6, "wl_shm", 1)
[1804455.550] {Default Queue} wl_registry#32.global(7, "xdg_menu_manager_v1", 2)
[1804455.553] {Default Queue} wl_registry#32.global(8, "wl_subcompositor", 1)
[1804455.556] {Default Queue} wl_registry#32.global(9, "wl_data_device_manager", 3)
[1804455.558] {Default Queue} wl_registry#32.global(10, "zxdg_decoration_manager_v1", 1)
[1804455.561] {Default Queue} wl_registry#32.global(11, "wp_cursor_shape_manager_v1", 1)
[1804455.563] {Default Queue} wl_registry#32.global(12, "wp_viewporter", 1)
[1804455.566] {Default Queue} wl_registry#32.global(13, "zwp_text_input_manager_v3", 1)
[1804455.570] {Default Queue}  -> wl_registry#32.bind(13, "zwp_text_input_manager_v3", 1, new id [unknown]#33)
[1804455.589] {Default Queue}  -> zwp_text_input_manager_v3#33.get_text_input(new id zwp_text_input_v3#34, wl_seat#14)
[1804455.594] {Default Queue} wl_registry#32.global(16, "keiland_titlebar_manager_v1", 3)
[1804455.596] {Default Queue} wl_registry#32.global(17, "keiland_glass_manager_v1", 2)
[1804455.599] {Default Queue} wl_registry#32.global(18, "zwp_primary_selection_device_manager_v1", 1)
[1804455.601] {Default Queue} wl_registry#32.global(19, "zwp_tablet_manager_v2", 1)
[1804455.604] {Default Queue} wl_registry#32.global(21, "keiland_desktop_manager_v1", 1)
[1804455.606] {Default Queue} wl_registry#32.global(22, "keiland_keyboard_inset_manager_v1", 1)
[1804455.609] {Default Queue} wl_registry#32.global(23, "keiland_edit_manager_v1", 1)
[1804455.612] xdg_toplevel#31.configure_bounds(1256, 690)
[1804455.615] xdg_toplevel#31.configure(0, 0, array[4])
[1804455.619] xdg_surface#30.configure(36)
[1804455.638]  -> xdg_surface#30.ack_configure(36)
[1804459.151]  -> xdg_toplevel#31.set_min_size(485, 338)
[1804459.162]  -> xdg_toplevel#31.set_max_size(0, 0)
[1804467.391] {mesa egl swrast display queue}  -> wl_shm#27.create_pool(new id wl_shm_pool#35, fd 18, 1423968)
[1804467.402] {mesa egl surface queue}  -> wl_shm_pool#35.create_buffer(new id wl_buffer#36, 0, 728, 489, 2912, 0)
[1804467.406] {mesa egl surface queue}  -> wl_shm_pool#35.destroy()
[1804639.460]  -> xdg_toplevel#31.set_min_size(457, 309)
[1804639.484]  -> xdg_toplevel#31.set_max_size(0, 0)
[1804639.492]  -> xdg_surface#30.set_window_geometry(14, 12, 700, 460)
[1804639.501] {Default Queue}  -> wl_compositor#4.create_region(new id wl_region#37)
[1804639.511] {Default Queue}  -> wl_region#37.add(14, 20, 700, 452)
[1804639.518]  -> wl_surface#23.set_opaque_region(wl_region#37)
[1804639.524] {Default Queue}  -> wl_region#37.destroy()
[1804639.530] {Default Queue}  -> wl_compositor#4.create_region(new id wl_region#38)
[1804639.536] {Default Queue}  -> wl_region#38.add(2, 0, 724, 484)
[1804639.542]  -> wl_surface#23.set_input_region(wl_region#38)
[1804639.547] {Default Queue}  -> wl_region#38.destroy()
[1804639.552] {Default Queue}  -> wp_viewport#24.set_destination(728, 489)
[1804639.559]  -> wl_surface#23.frame(new id wl_callback#39)
[1804639.618] {mesa egl surface queue}  -> wl_surface#23.attach(wl_buffer#36, 0, 0)
[1804639.628] {mesa egl surface queue}  -> wl_surface#23.damage_buffer(0, 0, 728, 489)
[1804646.036] {mesa egl surface queue}  -> wl_surface#23.commit()
[1804646.055] {mesa egl surface queue}  -> wl_display#1.sync(new id wl_callback#40)
[1804646.421] {Display Queue} wl_display#1.delete_id(35)
[1804646.436] {Display Queue} wl_display#1.delete_id(37)
[1804646.442] {Display Queue} wl_display#1.delete_id(38)
[1804646.447] {Display Queue} wl_display#1.delete_id(40)
[1804676.368] {Default Queue} wl_data_device#16.selection(nil)
[1804676.430] {Default Queue} zwp_primary_selection_device_v1#15.selection(nil)
[1804676.451] {Default Queue} wl_keyboard#22.enter(37, wl_surface#23, array[0])
[1804676.488] {Default Queue} wl_keyboard#22.modifiers(38, 0, 0, 0, 0)
[1804676.560] {Default Queue} zwp_text_input_v3#34.enter(wl_surface#23)
[1804676.577] {Default Queue}  -> zwp_text_input_v3#34.enable()
[1804676.642] {Default Queue}  -> zwp_text_input_v3#34.set_surrounding_text("q587 clipboard Ω 日本語", 27, 0)
[1804676.660] {Default Queue}  -> zwp_text_input_v3#34.set_text_change_cause(1)
[1804676.691] {Default Queue}  -> zwp_text_input_v3#34.set_content_type(0, 0)
[1804676.727] {Default Queue}  -> zwp_text_input_v3#34.set_cursor_rectangle(190, 112, 0, 32)
[1804676.744] {Default Queue}  -> zwp_text_input_v3#34.commit()
[1804676.756] {Default Queue} wl_pointer#6.enter(39, wl_surface#23, 423.00000000, 271.00000000)
[1804676.782] {Default Queue} wl_pointer#6.frame()
[1804676.818] {Default Queue}  -> wp_cursor_shape_device_v1#21.set_shape(39, 1)
[1804677.675] {Default Queue}  -> wp_cursor_shape_device_v1#21.set_shape(39, 9)
[1804678.385] {Display Queue} wl_display#1.delete_id(39)
[1804678.399] {Default Queue} wl_callback#39.done(2136196)
[1804679.531] {mesa egl surface queue} wl_callback#40.done(2136164)
[1804679.546] {mesa egl surface queue} wl_buffer#36.release()
[1804679.951]  -> wl_surface#23.frame(new id wl_callback#40)
[1804679.988] {mesa egl surface queue}  -> wl_surface#23.attach(wl_buffer#36, 0, 0)
[1804680.002] {mesa egl surface queue}  -> wl_surface#23.damage_buffer(32, 107, 664, 42)
[1804680.913] {mesa egl surface queue}  -> wl_surface#23.commit()
[1804680.930] {mesa egl surface queue}  -> wl_display#1.sync(new id wl_callback#39)
[1804681.090] {Display Queue} wl_display#1.delete_id(39)
[1804700.043] {Display Queue} wl_display#1.delete_id(40)
[1804700.069] {Default Queue} wl_callback#40.done(2136218)
[1804700.463] {mesa egl surface queue} wl_callback#39.done(2136199)
[1804700.482] {mesa egl surface queue} wl_buffer#36.release()
[1804700.885]  -> wl_surface#23.frame(new id wl_callback#39)
[1804700.906] {mesa egl surface queue}  -> wl_surface#23.attach(wl_buffer#36, 0, 0)
[1804700.914] {mesa egl surface queue}  -> wl_surface#23.damage_buffer(35, 110, 658, 36)
[1804701.634] {mesa egl surface queue}  -> wl_surface#23.commit()
[1804701.645] {mesa egl surface queue}  -> wl_display#1.sync(new id wl_callback#40)
[1804701.734] {Display Queue} wl_display#1.delete_id(40)
[1804714.493] {Display Queue} wl_display#1.delete_id(39)
[1804714.518] {Default Queue} wl_callback#39.done(2136232)
[1804714.889] {mesa egl surface queue} wl_callback#40.done(2136220)
[1804714.916] {mesa egl surface queue} wl_buffer#36.release()
[1804715.294]  -> wl_surface#23.frame(new id wl_callback#40)
[1804715.339] {mesa egl surface queue}  -> wl_surface#23.attach(wl_buffer#36, 0, 0)
[1804715.358] {mesa egl surface queue}  -> wl_surface#23.damage_buffer(35, 110, 658, 36)
[1804716.463] {mesa egl surface queue}  -> wl_surface#23.commit()
[1804716.485] {mesa egl surface queue}  -> wl_display#1.sync(new id wl_callback#39)
[1804716.648] {Display Queue} wl_display#1.delete_id(39)
[1804733.069] {Display Queue} wl_display#1.delete_id(40)
[1804733.095] {Default Queue} wl_callback#40.done(2136251)
[1804733.454] {mesa egl surface queue} wl_callback#39.done(2136235)
[1804733.473] {mesa egl surface queue} wl_buffer#36.release()
[1804734.008]  -> wl_surface#23.frame(new id wl_callback#39)
[1804734.062] {mesa egl surface queue}  -> wl_surface#23.attach(wl_buffer#36, 0, 0)
[1804734.085] {mesa egl surface queue}  -> wl_surface#23.damage_buffer(35, 110, 658, 36)
[1804735.060] {mesa egl surface queue}  -> wl_surface#23.commit()
[1804735.079] {mesa egl surface queue}  -> wl_display#1.sync(new id wl_callback#40)
[1804735.229] {Display Queue} wl_display#1.delete_id(40)
[1804749.876] {Display Queue} wl_display#1.delete_id(39)
[1804749.918] {Default Queue} wl_callback#39.done(2136268)
[1804750.267] {mesa egl surface queue} wl_callback#40.done(2136253)
[1804750.283] {mesa egl surface queue} wl_buffer#36.release()
[1804750.666]  -> wl_surface#23.frame(new id wl_callback#40)
[1804750.712] {mesa egl surface queue}  -> wl_surface#23.attach(wl_buffer#36, 0, 0)
[1804750.731] {mesa egl surface queue}  -> wl_surface#23.damage_buffer(35, 110, 658, 36)
[1804751.772] {mesa egl surface queue}  -> wl_surface#23.commit()
[1804751.791] {mesa egl surface queue}  -> wl_display#1.sync(new id wl_callback#39)
[1804751.999] {Display Queue} wl_display#1.delete_id(39)
[1804767.354] {Display Queue} wl_display#1.delete_id(40)
[1804767.381] {Default Queue} wl_callback#40.done(2136285)
[1804767.730] {mesa egl surface queue} wl_callback#39.done(2136270)
[1804767.751] {mesa egl surface queue} wl_buffer#36.release()
[1804768.183]  -> wl_surface#23.frame(new id wl_callback#39)
[1804768.215] {mesa egl surface queue}  -> wl_surface#23.attach(wl_buffer#36, 0, 0)
[1804768.226] {mesa egl surface queue}  -> wl_surface#23.damage_buffer(35, 110, 658, 36)
[1804769.319] {mesa egl surface queue}  -> wl_surface#23.commit()
[1804769.345] {mesa egl surface queue}  -> wl_display#1.sync(new id wl_callback#40)
[1804769.472] {Display Queue} wl_display#1.delete_id(40)
[1804784.806] {Display Queue} wl_display#1.delete_id(39)
[1804784.829] {Default Queue} wl_callback#39.done(2136303)
[1805672.273] {Default Queue} wl_pointer#6.motion(2137190, 173.00000000, 175.00000000)
[1805672.332] {Default Queue} wl_pointer#6.frame()
[1805719.583] {Default Queue} wl_pointer#6.button(40, 2137237, 272, 1)
[1805719.626] {Default Queue} xdg_wm_base#20.ping(41)
[1805719.639] {Default Queue}  -> xdg_wm_base#20.pong(41)
[1805719.649] {Default Queue} wl_pointer#6.frame()
[1805719.968] {Default Queue}  -> zwp_text_input_v3#34.disable()
[1805719.985] {Default Queue}  -> zwp_text_input_v3#34.commit()
[1805720.068] {Default Queue}  -> zwp_text_input_v3#34.enable()
[1805720.093] {Default Queue}  -> zwp_text_input_v3#34.set_surrounding_text("", 0, 0)
[1805720.105] {Default Queue}  -> zwp_text_input_v3#34.set_text_change_cause(1)
[1805720.118] {Default Queue}  -> zwp_text_input_v3#34.set_content_type(0, 0)
[1805720.177] {Default Queue}  -> zwp_text_input_v3#34.set_cursor_rectangle(45, 160, 0, 32)
[1805720.188] {Default Queue}  -> zwp_text_input_v3#34.commit()
[1805720.289] {Default Queue}  -> zwp_text_input_v3#34.set_surrounding_text("", 0, 0)
[1805720.301] {Default Queue}  -> zwp_text_input_v3#34.set_text_change_cause(1)
[1805720.311] {Default Queue}  -> zwp_text_input_v3#34.set_content_type(0, 0)
[1805720.324] {Default Queue}  -> zwp_text_input_v3#34.set_cursor_rectangle(45, 160, 0, 32)
[1805720.334] {Default Queue}  -> zwp_text_input_v3#34.commit()
[1805721.332] {mesa egl surface queue} wl_callback#40.done(2136287)
[1805721.355] {mesa egl surface queue} wl_buffer#36.release()
[1805722.034]  -> wl_surface#23.frame(new id wl_callback#40)
[1805722.077] {mesa egl surface queue}  -> wl_surface#23.attach(wl_buffer#36, 0, 0)
[1805722.088] {mesa egl surface queue}  -> wl_surface#23.damage_buffer(45, 119, 146, 18)
[1805722.098] {mesa egl surface queue}  -> wl_surface#23.damage_buffer(45, 167, 1, 18)
[1805722.814] {mesa egl surface queue}  -> wl_surface#23.commit()
[1805722.832] {mesa egl surface queue}  -> wl_display#1.sync(new id wl_callback#39)
[1805723.010] {Display Queue} wl_display#1.delete_id(39)
[1805738.730] {Display Queue} wl_display#1.delete_id(40)
[1805738.752] {Default Queue} wl_callback#40.done(2137256)
[1805739.173] {mesa egl surface queue} wl_callback#39.done(2137241)
[1805739.188] {mesa egl surface queue} wl_buffer#36.release()
[1805739.833]  -> wl_surface#23.frame(new id wl_callback#39)
[1805739.866] {mesa egl surface queue}  -> wl_surface#23.attach(wl_buffer#36, 0, 0)
[1805739.876] {mesa egl surface queue}  -> wl_surface#23.damage_buffer(35, 110, 658, 36)
[1805739.884] {mesa egl surface queue}  -> wl_surface#23.damage_buffer(32, 155, 664, 42)
[1805741.739] {mesa egl surface queue}  -> wl_surface#23.commit()
[1805741.767] {mesa egl surface queue}  -> wl_display#1.sync(new id wl_callback#40)
[1805742.008] {Display Queue} wl_display#1.delete_id(40)
[1805757.112] {Display Queue} wl_display#1.delete_id(39)
[1805757.136] {Default Queue} wl_callback#39.done(2137275)
[1805757.548] {mesa egl surface queue} wl_callback#40.done(2137260)
[1805757.602] {mesa egl surface queue} wl_buffer#36.release()
[1805758.194]  -> wl_surface#23.frame(new id wl_callback#40)
[1805758.227] {mesa egl surface queue}  -> wl_surface#23.attach(wl_buffer#36, 0, 0)
[1805758.239] {mesa egl surface queue}  -> wl_surface#23.damage_buffer(35, 110, 658, 36)
[1805758.248] {mesa egl surface queue}  -> wl_surface#23.damage_buffer(32, 155, 664, 42)
[1805759.747] {mesa egl surface queue}  -> wl_surface#23.commit()
[1805759.761] {mesa egl surface queue}  -> wl_display#1.sync(new id wl_callback#39)
[1805759.956] {Display Queue} wl_display#1.delete_id(39)
[1805774.591] {Display Queue} wl_display#1.delete_id(40)
[1805774.613] {Default Queue} wl_callback#40.done(2137292)
[1805774.632] {Default Queue} wl_pointer#6.button(42, 2137286, 272, 0)
[1805774.646] {Default Queue} wl_pointer#6.frame()
[1805774.909] {Default Queue}  -> zwp_text_input_v3#34.enable()
[1805774.931] {Default Queue}  -> zwp_text_input_v3#34.set_surrounding_text("", 0, 0)
[1805774.940] {Default Queue}  -> zwp_text_input_v3#34.set_text_change_cause(1)
[1805774.951] {Default Queue}  -> zwp_text_input_v3#34.set_content_type(0, 0)
[1805774.996] {Default Queue}  -> zwp_text_input_v3#34.set_cursor_rectangle(45, 160, 0, 32)
[1805775.004] {Default Queue}  -> zwp_text_input_v3#34.commit()
[1805775.531] {mesa egl surface queue} wl_callback#39.done(2137278)
[1805775.547] {mesa egl surface queue} wl_buffer#36.release()
[1805776.081]  -> wl_surface#23.frame(new id wl_callback#39)
[1805776.113] {mesa egl surface queue}  -> wl_surface#23.attach(wl_buffer#36, 0, 0)
[1805776.121] {mesa egl surface queue}  -> wl_surface#23.damage_buffer(34, 109, 660, 38)
[1805776.128] {mesa egl surface queue}  -> wl_surface#23.damage_buffer(32, 155, 664, 42)
[1805777.623] {mesa egl surface queue}  -> wl_surface#23.commit()
[1805777.638] {mesa egl surface queue}  -> wl_display#1.sync(new id wl_callback#40)
[1805777.763] {Display Queue} wl_display#1.delete_id(40)
[1805793.704] {Display Queue} wl_display#1.delete_id(39)
[1805793.726] {Default Queue} wl_callback#39.done(2137312)
[1805794.111] {mesa egl surface queue} wl_callback#40.done(2137296)
[1805794.123] {mesa egl surface queue} wl_buffer#36.release()
[1805794.612]  -> wl_surface#23.frame(new id wl_callback#40)
[1805794.639] {mesa egl surface queue}  -> wl_surface#23.attach(wl_buffer#36, 0, 0)
[1805794.647] {mesa egl surface queue}  -> wl_surface#23.damage_buffer(34, 109, 660, 38)
[1805794.654] {mesa egl surface queue}  -> wl_surface#23.damage_buffer(33, 156, 662, 40)
[1805796.339] {mesa egl surface queue}  -> wl_surface#23.commit()
[1805796.359] {mesa egl surface queue}  -> wl_display#1.sync(new id wl_callback#39)
[1805796.531] {Display Queue} wl_display#1.delete_id(39)
[1805813.617] {Display Queue} wl_display#1.delete_id(40)
[1805813.640] {Default Queue} wl_callback#40.done(2137331)
[1805814.048] {mesa egl surface queue} wl_callback#39.done(2137314)
[1805814.064] {mesa egl surface queue} wl_buffer#36.release()
[1805814.593]  -> wl_surface#23.frame(new id wl_callback#39)
[1805814.624] {mesa egl surface queue}  -> wl_surface#23.attach(wl_buffer#36, 0, 0)
[1805814.635] {mesa egl surface queue}  -> wl_surface#23.damage_buffer(33, 108, 662, 40)
[1805814.643] {mesa egl surface queue}  -> wl_surface#23.damage_buffer(33, 156, 662, 40)
[1805816.370] {mesa egl surface queue}  -> wl_surface#23.commit()
[1805816.398] {mesa egl surface queue}  -> wl_display#1.sync(new id wl_callback#40)
[1805816.556] {Display Queue} wl_display#1.delete_id(40)
[1805830.709] {Display Queue} wl_display#1.delete_id(39)
[1805830.735] {Default Queue} wl_callback#39.done(2137348)
[1805830.759] {Default Queue} wl_keyboard#22.key(43, 2137339, 33, 1)
[1805831.788] {Default Queue}  -> wl_surface#17.attach(nil, 0, 0)
[1805831.804] {Default Queue}  -> wl_surface#17.commit()
[1805831.813] {Default Queue}  -> wl_pointer#6.set_cursor(39, wl_surface#17, 0, 0)
[1805831.844] {Default Queue}  -> zwp_text_input_v3#34.set_surrounding_text("f", 1, 1)
[1805831.855] {Default Queue}  -> zwp_text_input_v3#34.set_text_change_cause(0)
[1805831.868] {Default Queue}  -> zwp_text_input_v3#34.set_content_type(0, 0)
[1805831.883] {Default Queue}  -> zwp_text_input_v3#34.set_cursor_rectangle(49, 160, 0, 32)
[1805831.893] {Default Queue}  -> zwp_text_input_v3#34.commit()
[1805832.608] {mesa egl surface queue} wl_callback#40.done(2137334)
[1805832.630] {mesa egl surface queue} wl_buffer#36.release()
[1805833.307]  -> wl_surface#23.frame(new id wl_callback#40)
[1805833.347] {mesa egl surface queue}  -> wl_surface#23.attach(wl_buffer#36, 0, 0)
[1805833.358] {mesa egl surface queue}  -> wl_surface#23.damage_buffer(33, 108, 662, 40)
[1805833.367] {mesa egl surface queue}  -> wl_surface#23.damage_buffer(34, 157, 660, 38)
[1805834.756] {mesa egl surface queue}  -> wl_surface#23.commit()
[1805834.785] {mesa egl surface queue}  -> wl_display#1.sync(new id wl_callback#39)
[1805834.972] {Display Queue} wl_display#1.delete_id(39)
[1805857.777] {Display Queue} wl_display#1.delete_id(40)
[1805857.793] {Default Queue} wl_callback#40.done(2137376)
[1805858.196] {mesa egl surface queue} wl_callback#39.done(2137353)
[1805858.206] {mesa egl surface queue} wl_buffer#36.release()
[1805858.717]  -> wl_surface#23.frame(new id wl_callback#39)
[1805858.739] {mesa egl surface queue}  -> wl_surface#23.attach(wl_buffer#36, 0, 0)
[1805858.745] {mesa egl surface queue}  -> wl_surface#23.damage_buffer(33, 108, 662, 40)
[1805858.749] {mesa egl surface queue}  -> wl_surface#23.damage_buffer(34, 157, 660, 38)
[1805859.959] {mesa egl surface queue}  -> wl_surface#23.commit()
[1805859.978] {mesa egl surface queue}  -> wl_display#1.sync(new id wl_callback#40)
[1805860.075] {Display Queue} wl_display#1.delete_id(40)
[1805874.811] {Display Queue} wl_display#1.delete_id(39)
[1805874.830] {Default Queue} wl_callback#39.done(2137393)
[1805874.849] {Default Queue} wl_keyboard#22.key(44, 2137387, 33, 0)
[1805875.369] {mesa egl surface queue} wl_callback#40.done(2137378)
[1805875.384] {mesa egl surface queue} wl_buffer#36.release()
[1805875.962]  -> wl_surface#23.frame(new id wl_callback#40)
[1805875.992] {mesa egl surface queue}  -> wl_surface#23.attach(wl_buffer#36, 0, 0)
[1805876.001] {mesa egl surface queue}  -> wl_surface#23.damage_buffer(32, 107, 664, 42)
[1805876.008] {mesa egl surface queue}  -> wl_surface#23.damage_buffer(34, 157, 660, 38)
[1805877.107] {mesa egl surface queue}  -> wl_surface#23.commit()
[1805877.128] {mesa egl surface queue}  -> wl_display#1.sync(new id wl_callback#39)
[1805877.257] {Display Queue} wl_display#1.delete_id(39)
[1805889.514] {Display Queue} wl_display#1.delete_id(40)
[1805889.543] {Default Queue} wl_callback#40.done(2137407)
[1805890.042] {mesa egl surface queue} wl_callback#39.done(2137395)
[1805890.059] {mesa egl surface queue} wl_buffer#36.release()
[1805890.573]  -> wl_surface#23.frame(new id wl_callback#39)
[1805890.605] {mesa egl surface queue}  -> wl_surface#23.attach(wl_buffer#36, 0, 0)
[1805890.615] {mesa egl surface queue}  -> wl_surface#23.damage_buffer(32, 107, 664, 42)
[1805890.623] {mesa egl surface queue}  -> wl_surface#23.damage_buffer(35, 158, 658, 36)
[1805891.813] {mesa egl surface queue}  -> wl_surface#23.commit()
[1805891.828] {mesa egl surface queue}  -> wl_display#1.sync(new id wl_callback#40)
[1805891.956] {Display Queue} wl_display#1.delete_id(40)
[1805904.374] {Display Queue} wl_display#1.delete_id(39)
[1805904.400] {Default Queue} wl_callback#39.done(2137422)
[1805904.758] {mesa egl surface queue} wl_callback#40.done(2137410)
[1805904.769] {mesa egl surface queue} wl_buffer#36.release()
[1805905.154]  -> wl_surface#23.frame(new id wl_callback#40)
[1805905.177] {mesa egl surface queue}  -> wl_surface#23.attach(wl_buffer#36, 0, 0)
[1805905.184] {mesa egl surface queue}  -> wl_surface#23.damage_buffer(32, 107, 664, 42)
[1805905.190] {mesa egl surface queue}  -> wl_surface#23.damage_buffer(35, 158, 658, 36)
[1805906.345] {mesa egl surface queue}  -> wl_surface#23.commit()
[1805906.360] {mesa egl surface queue}  -> wl_display#1.sync(new id wl_callback#39)
[1805906.461] {Display Queue} wl_display#1.delete_id(39)
[1805917.288] {Display Queue} wl_display#1.delete_id(40)
[1805917.316] {Default Queue} wl_callback#40.done(2137435)
[1805917.774] {mesa egl surface queue} wl_callback#39.done(2137424)
[1805917.795] {mesa egl surface queue} wl_buffer#36.release()
[1805918.197]  -> wl_surface#23.frame(new id wl_callback#39)
[1805918.217] {mesa egl surface queue}  -> wl_surface#23.attach(wl_buffer#36, 0, 0)
[1805918.223] {mesa egl surface queue}  -> wl_surface#23.damage_buffer(32, 107, 664, 42)
[1805918.228] {mesa egl surface queue}  -> wl_surface#23.damage_buffer(35, 158, 658, 36)
[1805919.218] {mesa egl surface queue}  -> wl_surface#23.commit()
[1805919.229] {mesa egl surface queue}  -> wl_display#1.sync(new id wl_callback#40)
[1805919.303] {Display Queue} wl_display#1.delete_id(40)
[1805928.936] {Display Queue} wl_display#1.delete_id(39)
[1805928.950] {Default Queue} wl_callback#39.done(2137447)
[1805928.963] {Default Queue} wl_pointer#6.motion(2137444, 58.00000000, 33.00000000)
[1805928.975] {Default Queue} wl_pointer#6.frame()
[1805929.157] {Default Queue}  -> wp_cursor_shape_device_v1#21.set_shape(39, 1)
[1805929.759] {mesa egl surface queue} wl_callback#40.done(2137437)
[1805929.801] {mesa egl surface queue} wl_buffer#36.release()
[1805930.425]  -> wl_surface#23.frame(new id wl_callback#40)
[1805930.450] {mesa egl surface queue}  -> wl_surface#23.attach(wl_buffer#36, 0, 0)
[1805930.457] {mesa egl surface queue}  -> wl_surface#23.damage_buffer(21, 19, 77, 32)
[1805930.462] {mesa egl surface queue}  -> wl_surface#23.damage_buffer(32, 107, 664, 42)
[1805930.466] {mesa egl surface queue}  -> wl_surface#23.damage_buffer(35, 158, 658, 36)
[1805932.927] {mesa egl surface queue}  -> wl_surface#23.commit()
[1805932.937] {mesa egl surface queue}  -> wl_display#1.sync(new id wl_callback#39)
[1805945.958] {Display Queue} wl_display#1.delete_id(39)
[1805961.166] {Display Queue} wl_display#1.delete_id(40)
[1805961.193] {Default Queue} wl_callback#40.done(2137479)
[1805961.526] {mesa egl surface queue} wl_callback#39.done(2137464)
[1805961.535] {mesa egl surface queue} wl_buffer#36.release()
[1805961.870]  -> wl_surface#23.frame(new id wl_callback#39)
[1805961.886] {mesa egl surface queue}  -> wl_surface#23.attach(wl_buffer#36, 0, 0)
[1805961.890] {mesa egl surface queue}  -> wl_surface#23.damage_buffer(32, 107, 664, 42)
[1805961.893] {mesa egl surface queue}  -> wl_surface#23.damage_buffer(35, 158, 658, 36)
[1805962.893] {mesa egl surface queue}  -> wl_surface#23.commit()
[1805962.901] {mesa egl surface queue}  -> wl_display#1.sync(new id wl_callback#40)
[1805962.956] {Display Queue} wl_display#1.delete_id(40)
[1805973.687] {Display Queue} wl_display#1.delete_id(39)
[1805973.714] {Default Queue} wl_callback#39.done(2137492)
[1805974.173] {mesa egl surface queue} wl_callback#40.done(2137481)
[1805974.193] {mesa egl surface queue} wl_buffer#36.release()
[1805974.813]  -> wl_surface#23.frame(new id wl_callback#40)
[1805974.852] {mesa egl surface queue}  -> wl_surface#23.attach(wl_buffer#36, 0, 0)
[1805974.864] {mesa egl surface queue}  -> wl_surface#23.damage_buffer(32, 107, 664, 42)
[1805975.801] {mesa egl surface queue}  -> wl_surface#23.damage_buffer(35, 158, 658, 36)
[1805976.203] {mesa egl surface queue}  -> wl_surface#23.commit()
[1805976.217] {mesa egl surface queue}  -> wl_display#1.sync(new id wl_callback#39)
[1805976.437] {Display Queue} wl_display#1.delete_id(39)
[1805990.539] {Display Queue} wl_display#1.delete_id(40)
[1805990.566] {Default Queue} wl_callback#40.done(2137508)
[1805990.595] {Default Queue} wl_pointer#6.button(45, 2137503, 272, 1)
[1805990.618] {Default Queue} xdg_wm_base#20.ping(46)
[1805990.630] {Default Queue}  -> xdg_wm_base#20.pong(46)
[1805990.640] {Default Queue} wl_pointer#6.frame()
[1805990.999] {Default Queue}  -> zwp_text_input_v3#34.disable()
[1805991.015] {Default Queue}  -> zwp_text_input_v3#34.commit()
[1805992.212] {mesa egl surface queue} wl_callback#39.done(2137494)
[1805992.237] {mesa egl surface queue} wl_buffer#36.release()
[1805993.243]  -> wl_surface#23.frame(new id wl_callback#39)
[1805993.284] {mesa egl surface queue}  -> wl_surface#23.attach(wl_buffer#36, 0, 0)
[1805993.297] {mesa egl surface queue}  -> wl_surface#23.damage_buffer(17, 16, 85, 40)
[1805993.307] {mesa egl surface queue}  -> wl_surface#23.damage_buffer(32, 107, 664, 42)
[1805993.317] {mesa egl surface queue}  -> wl_surface#23.damage_buffer(50, 167, 1, 18)
[1805994.718] {mesa egl surface queue}  -> wl_surface#23.commit()
[1805994.744] {mesa egl surface queue}  -> wl_display#1.sync(new id wl_callback#40)
[1805994.930] {Display Queue} wl_display#1.delete_id(40)
[1806009.606] {Display Queue} wl_display#1.delete_id(39)
[1806009.630] {Default Queue} wl_callback#39.done(2137527)
[1806010.035] {mesa egl surface queue} wl_callback#40.done(2137513)
[1806010.054] {mesa egl surface queue} wl_buffer#36.release()
[1806010.546]  -> wl_surface#23.frame(new id wl_callback#40)
[1806010.581] {mesa egl surface queue}  -> wl_surface#23.attach(wl_buffer#36, 0, 0)
[1806010.593] {mesa egl surface queue}  -> wl_surface#23.damage_buffer(32, 107, 664, 42)
[1806010.602] {mesa egl surface queue}  -> wl_surface#23.damage_buffer(35, 158, 658, 36)
[1806012.144] {mesa egl surface queue}  -> wl_surface#23.commit()
[1806012.216] {mesa egl surface queue}  -> wl_display#1.sync(new id wl_callback#39)
[1806012.390] {Display Queue} wl_display#1.delete_id(39)
[1806026.431] {Display Queue} wl_display#1.delete_id(40)
[1806026.456] {Default Queue} wl_callback#40.done(2137544)
[1806026.782] {mesa egl surface queue} wl_callback#39.done(2137530)
[1806026.799] {mesa egl surface queue} wl_buffer#36.release()
[1806027.102]  -> wl_surface#23.frame(new id wl_callback#39)
[1806027.135] {mesa egl surface queue}  -> wl_surface#23.attach(wl_buffer#36, 0, 0)
[1806027.146] {mesa egl surface queue}  -> wl_surface#23.damage_buffer(35, 158, 658, 36)
[1806028.197] {mesa egl surface queue}  -> wl_surface#23.commit()
[1806028.217] {mesa egl surface queue}  -> wl_display#1.sync(new id wl_callback#40)
[1806028.368] {Display Queue} wl_display#1.delete_id(40)
[1806041.152] {Display Queue} wl_display#1.delete_id(39)
[1806041.180] {Default Queue} wl_callback#39.done(2137559)
[1806041.204] {Default Queue} wl_pointer#6.button(47, 2137558, 272, 0)
[1806041.226] {Default Queue} wl_pointer#6.frame()
[1806041.823] {Default Queue}  -> wl_compositor#4.create_surface(new id wl_surface#39)
[1806041.841] {Default Queue}  -> wp_viewporter#11.get_viewport(new id wp_viewport#38, wl_surface#39)
Not using GL: renderer is llvmpipe
Using renderer 'GskGLRenderer' for surface 'GdkWaylandPopup'
[1806070.953] {Default Queue}  -> xdg_wm_base#20.create_positioner(new id xdg_positioner#37)
[1806070.963] {Default Queue}  -> xdg_positioner#37.set_size(127, 84)
[1806070.967] {Default Queue}  -> xdg_positioner#37.set_anchor_rect(6, 6, 79, 34)
[1806070.970] {Default Queue}  -> xdg_positioner#37.set_offset(0, 0)
[1806070.973] {Default Queue}  -> xdg_positioner#37.set_anchor(2)
[1806070.975] {Default Queue}  -> xdg_positioner#37.set_gravity(2)
[1806070.977] {Default Queue}  -> xdg_positioner#37.set_constraint_adjustment(57)
[1806070.980] {Default Queue}  -> xdg_positioner#37.set_reactive()
[1806070.983] {Default Queue}  -> xdg_wm_base#20.get_xdg_surface(new id xdg_surface#35, wl_surface#39)
[1806070.987]  -> xdg_surface#35.get_popup(new id xdg_popup#41, xdg_surface#30, xdg_positioner#37)
[1806070.991] {Default Queue}  -> xdg_positioner#37.destroy()
[1806070.995]  -> xdg_popup#41.grab(wl_seat#14, 45)
[1806070.999]  -> wl_surface#39.commit()
[1806071.307] {Display Queue} wl_display#1.delete_id(37)
[1806071.312] xdg_popup#41.configure(-18, 40, 127, 84)
[1806071.316] xdg_surface#35.configure(48)
[1806071.329]  -> xdg_surface#35.ack_configure(48)
[1806073.253] {mesa egl surface queue} wl_callback#40.done(2137546)
[1806073.263] {mesa egl surface queue} wl_buffer#36.release()
[1806074.265]  -> wl_surface#23.frame(new id wl_callback#40)
[1806074.284] {mesa egl surface queue}  -> wl_surface#23.attach(wl_buffer#36, 0, 0)
[1806074.288] {mesa egl surface queue}  -> wl_surface#23.damage_buffer(20, 18, 79, 34)
[1806074.291] {mesa egl surface queue}  -> wl_surface#23.damage_buffer(33, 156, 662, 40)
[1806075.093] {mesa egl surface queue}  -> wl_surface#23.commit()
[1806075.104] {mesa egl surface queue}  -> wl_display#1.sync(new id wl_callback#37)
[1806075.457] {mesa egl swrast display queue}  -> wl_shm#27.create_pool(new id wl_shm_pool#42, fd 18, 47880)
[1806075.466] {mesa egl surface queue}  -> wl_shm_pool#42.create_buffer(new id wl_buffer#43, 0, 133, 90, 532, 0)
[1806075.470] {mesa egl surface queue}  -> wl_shm_pool#42.destroy()
[1806123.755]  -> xdg_surface#35.set_window_geometry(3, 2, 127, 84)
[1806123.768] {Default Queue}  -> wl_compositor#4.create_region(new id wl_region#44)
[1806123.773] {Default Queue}  -> wl_region#44.add(12, 15, 109, 70)
[1806123.777]  -> wl_surface#39.set_opaque_region(wl_region#44)
[1806123.779] {Default Queue}  -> wl_region#44.destroy()
[1806123.782] {Default Queue}  -> wl_compositor#4.create_region(new id wl_region#45)
[1806123.785] {Default Queue}  -> wl_region#45.add(65, 3, 2, 1)
[1806123.788] {Default Queue}  -> wl_region#45.add(64, 4, 4, 1)
[1806123.791] {Default Queue}  -> wl_region#45.add(63, 5, 6, 1)
[1806123.793] {Default Queue}  -> wl_region#45.add(62, 6, 8, 1)
[1806123.808] {Default Queue}  -> wl_region#45.add(61, 7, 10, 1)
[1806123.811] {Default Queue}  -> wl_region#45.add(60, 8, 12, 1)
[1806123.814] {Default Queue}  -> wl_region#45.add(59, 9, 14, 1)
[1806123.816] {Default Queue}  -> wl_region#45.add(58, 10, 16, 1)
[1806123.819] {Default Queue}  -> wl_region#45.add(57, 11, 18, 1)
[1806123.821] {Default Queue}  -> wl_region#45.add(56, 12, 20, 1)
[1806123.824] {Default Queue}  -> wl_region#45.add(55, 13, 22, 1)
[1806123.826] {Default Queue}  -> wl_region#45.add(9, 14, 115, 1)
[1806123.829] {Default Queue}  -> wl_region#45.add(7, 15, 119, 1)
[1806123.832] {Default Queue}  -> wl_region#45.add(6, 16, 121, 1)
[1806123.834] {Default Queue}  -> wl_region#45.add(5, 17, 123, 1)
[1806123.837] {Default Queue}  -> wl_region#45.add(4, 18, 125, 2)
[1806123.839] {Default Queue}  -> wl_region#45.add(3, 20, 127, 60)
[1806123.842] {Default Queue}  -> wl_region#45.add(4, 80, 125, 2)
[1806123.844] {Default Queue}  -> wl_region#45.add(5, 82, 123, 1)
[1806123.847] {Default Queue}  -> wl_region#45.add(6, 83, 121, 1)
[1806123.849] {Default Queue}  -> wl_region#45.add(7, 84, 119, 1)
[1806123.852] {Default Queue}  -> wl_region#45.add(9, 85, 115, 1)
[1806123.855]  -> wl_surface#39.set_input_region(wl_region#45)
[1806123.857] {Default Queue}  -> wl_region#45.destroy()
[1806123.860] {Default Queue}  -> wp_viewport#38.set_destination(133, 90)
[1806123.863]  -> wl_surface#39.frame(new id wl_callback#46)
[1806123.885] {mesa egl surface queue}  -> wl_surface#39.attach(wl_buffer#43, 0, 0)
[1806123.889] {mesa egl surface queue}  -> wl_surface#39.damage_buffer(0, 0, 133, 90)
[1806124.846] {mesa egl surface queue}  -> wl_surface#39.commit()
[1806124.851] {mesa egl surface queue}  -> wl_display#1.sync(new id wl_callback#47)
[1806124.918] {Display Queue} wl_display#1.delete_id(37)
[1806124.923] {Display Queue} wl_display#1.delete_id(40)
[1806124.925] {Default Queue} wl_callback#40.done(2137610)
[1806125.362] {mesa egl surface queue} wl_callback#37.done(2137593)
[1806125.371] {mesa egl surface queue} wl_buffer#36.release()
[1806125.622]  -> wl_surface#23.frame(new id wl_callback#37)
[1806125.636] {mesa egl surface queue}  -> wl_surface#23.attach(wl_buffer#36, 0, 0)
[1806125.640] {mesa egl surface queue}  -> wl_surface#23.damage_buffer(33, 156, 662, 40)
[1806127.663] {mesa egl surface queue}  -> wl_surface#23.commit()
[1806127.698] {mesa egl surface queue}  -> wl_display#1.sync(new id wl_callback#40)
[1806127.888] {Display Queue} wl_display#1.delete_id(42)
[1806127.904] {Display Queue} wl_display#1.delete_id(44)
[1806127.912] {Display Queue} wl_display#1.delete_id(45)
[1806127.919] {Display Queue} wl_display#1.delete_id(47)
[1806144.857] {Default Queue} wl_keyboard#22.leave(49, wl_surface#23)
[1806144.889] {Default Queue} wl_keyboard#22.enter(50, wl_surface#39, array[0])
[1806144.898] {Default Queue} wl_keyboard#22.modifiers(51, 0, 0, 0, 0)
[1806144.930] {Default Queue} zwp_text_input_v3#34.leave(wl_surface#23)
[1806144.937] {Default Queue} zwp_text_input_v3#34.enter(wl_surface#39)
[1806145.451] {Display Queue} wl_display#1.delete_id(46)
[1806145.459] {Display Queue} wl_display#1.delete_id(40)
[1806145.464] {Default Queue} wl_callback#46.done(2137663)
[1806146.699] {mesa egl surface queue} wl_callback#47.done(2137643)
[1806146.715] {mesa egl surface queue} wl_buffer#43.release()
[1806147.279]  -> wl_surface#39.frame(new id wl_callback#47)
[1806147.306] {mesa egl surface queue}  -> wl_surface#39.attach(wl_buffer#43, 0, 0)
[1806147.314] {mesa egl surface queue}  -> wl_surface#39.damage_buffer(0, 0, 133, 90)
[1806147.979] {mesa egl surface queue}  -> wl_surface#39.commit()
[1806147.987] {mesa egl surface queue}  -> wl_display#1.sync(new id wl_callback#46)
[1806148.079] {Display Queue} wl_display#1.delete_id(46)
[1806166.057] {Display Queue} wl_display#1.delete_id(37)
[1806166.085] {Display Queue} wl_display#1.delete_id(47)
[1806166.094] {Default Queue} wl_callback#37.done(2137684)
[1806166.120] {Default Queue} wl_callback#47.done(2137684)
[1806167.044] {mesa egl surface queue} wl_callback#40.done(2137663)
[1806167.110] {mesa egl surface queue} wl_buffer#36.release()
[1806167.418]  -> wl_surface#23.frame(new id wl_callback#40)
[1806167.433] {mesa egl surface queue}  -> wl_surface#23.attach(wl_buffer#36, 0, 0)
[1806167.437] {mesa egl surface queue}  -> wl_surface#23.damage_buffer(32, 155, 664, 42)
[1806168.238] {mesa egl surface queue}  -> wl_surface#23.commit()
[1806168.246] {mesa egl surface queue}  -> wl_display#1.sync(new id wl_callback#47)
[1806168.374] {mesa egl surface queue} wl_callback#46.done(2137666)
[1806168.382] {mesa egl surface queue} wl_buffer#43.release()
[1806168.695]  -> wl_surface#39.frame(new id wl_callback#46)
[1806168.710] {mesa egl surface queue}  -> wl_surface#39.attach(wl_buffer#43, 0, 0)
[1806168.714] {mesa egl surface queue}  -> wl_surface#39.damage_buffer(0, 0, 133, 90)
[1806169.261] {mesa egl surface queue}  -> wl_surface#39.commit()
[1806169.266] {mesa egl surface queue}  -> wl_display#1.sync(new id wl_callback#37)
[1806169.318] {Display Queue} wl_display#1.delete_id(47)
[1806169.323] {Display Queue} wl_display#1.delete_id(37)
[1806184.082] {Display Queue} wl_display#1.delete_id(40)
[1806184.094] {Display Queue} wl_display#1.delete_id(46)
[1806184.098] {Default Queue} wl_callback#40.done(2137702)
[1806184.109] {Default Queue} wl_callback#46.done(2137702)
[1806184.482] {mesa egl surface queue} wl_callback#47.done(2137686)
[1806184.490] {mesa egl surface queue} wl_buffer#36.release()
[1806184.694]  -> wl_surface#23.frame(new id wl_callback#47)
[1806184.707] {mesa egl surface queue}  -> wl_surface#23.attach(wl_buffer#36, 0, 0)
[1806184.711] {mesa egl surface queue}  -> wl_surface#23.damage_buffer(32, 155, 664, 42)
[1806185.503] {mesa egl surface queue}  -> wl_surface#23.commit()
[1806185.510] {mesa egl surface queue}  -> wl_display#1.sync(new id wl_callback#46)
[1806185.629] {mesa egl surface queue} wl_callback#37.done(2137687)
[1806185.636] {mesa egl surface queue} wl_buffer#43.release()
[1806185.951]  -> wl_surface#39.frame(new id wl_callback#37)
[1806185.965] {mesa egl surface queue}  -> wl_surface#39.attach(wl_buffer#43, 0, 0)
[1806185.969] {mesa egl surface queue}  -> wl_surface#39.damage_buffer(0, 0, 133, 90)
[1806186.449] {mesa egl surface queue}  -> wl_surface#39.commit()
[1806186.453] {mesa egl surface queue}  -> wl_display#1.sync(new id wl_callback#40)
[1806186.501] {Display Queue} wl_display#1.delete_id(46)
[1806186.505] {Display Queue} wl_display#1.delete_id(40)
[1806200.563] {Display Queue} wl_display#1.delete_id(47)
[1806200.573] {Display Queue} wl_display#1.delete_id(37)
[1806200.576] {Default Queue} wl_callback#47.done(2137718)
[1806200.588] {Default Queue} wl_callback#37.done(2137718)
[1806200.917] {mesa egl surface queue} wl_callback#46.done(2137703)
[1806200.925] {mesa egl surface queue} wl_buffer#36.release()
[1806201.109]  -> wl_surface#23.frame(new id wl_callback#46)
[1806201.121] {mesa egl surface queue}  -> wl_surface#23.attach(wl_buffer#36, 0, 0)
[1806201.125] {mesa egl surface queue}  -> wl_surface#23.damage_buffer(32, 155, 664, 42)
[1806201.827] {mesa egl surface queue}  -> wl_surface#23.commit()
[1806201.835] {mesa egl surface queue}  -> wl_display#1.sync(new id wl_callback#37)
[1806201.930] {mesa egl surface queue} wl_callback#40.done(2137704)
[1806201.936] {mesa egl surface queue} wl_buffer#43.release()
[1806202.252]  -> wl_surface#39.frame(new id wl_callback#40)
[1806202.267] {mesa egl surface queue}  -> wl_surface#39.attach(wl_buffer#43, 0, 0)
[1806202.271] {mesa egl surface queue}  -> wl_surface#39.damage_buffer(0, 0, 133, 90)
[1806202.848] {mesa egl surface queue}  -> wl_surface#39.commit()
[1806202.852] {mesa egl surface queue}  -> wl_display#1.sync(new id wl_callback#47)
[1806202.907] {Display Queue} wl_display#1.delete_id(37)
[1806202.912] {Display Queue} wl_display#1.delete_id(47)
[1806216.175] {Display Queue} wl_display#1.delete_id(46)
[1806216.200] {Display Queue} wl_display#1.delete_id(40)
[1806216.208] {Default Queue} wl_callback#46.done(2137734)
[1806216.232] {Default Queue} wl_callback#40.done(2137734)
[1806217.099] {mesa egl surface queue} wl_callback#37.done(2137720)
[1806217.168] {mesa egl surface queue} wl_buffer#36.release()
[1806217.436]  -> wl_surface#23.frame(new id wl_callback#37)
[1806217.464] {mesa egl surface queue}  -> wl_surface#23.attach(wl_buffer#36, 0, 0)
[1806217.467] {mesa egl surface queue}  -> wl_surface#23.damage_buffer(32, 155, 664, 42)
[1806218.056] {mesa egl surface queue}  -> wl_surface#23.commit()
[1806218.065] {mesa egl surface queue}  -> wl_display#1.sync(new id wl_callback#40)
[1806218.166] {mesa egl surface queue} wl_callback#47.done(2137721)
[1806218.172] {mesa egl surface queue} wl_buffer#43.release()
[1806218.463]  -> wl_surface#39.frame(new id wl_callback#47)
[1806218.477] {mesa egl surface queue}  -> wl_surface#39.attach(wl_buffer#43, 0, 0)
[1806218.481] {mesa egl surface queue}  -> wl_surface#39.damage_buffer(0, 0, 133, 90)
[1806218.738] {mesa egl surface queue}  -> wl_surface#39.commit()
[1806218.742] {mesa egl surface queue}  -> wl_display#1.sync(new id wl_callback#46)
[1806218.787] {Display Queue} wl_display#1.delete_id(40)
[1806218.792] {Display Queue} wl_display#1.delete_id(46)
[1806232.016] {Display Queue} wl_display#1.delete_id(37)
[1806232.042] {Display Queue} wl_display#1.delete_id(47)
[1806232.051] {Default Queue} wl_callback#37.done(2137750)
[1806232.076] {Default Queue} wl_callback#47.done(2137750)
[1806232.449] {mesa egl surface queue} wl_callback#40.done(2137736)
[1806232.457] {mesa egl surface queue} wl_buffer#36.release()
[1806232.639]  -> wl_surface#23.frame(new id wl_callback#40)
[1806232.668] {mesa egl surface queue}  -> wl_surface#23.attach(wl_buffer#36, 0, 0)
[1806232.672] {mesa egl surface queue}  -> wl_surface#23.damage_buffer(32, 155, 664, 42)
[1806233.695] {mesa egl surface queue}  -> wl_surface#23.commit()
[1806233.703] {mesa egl surface queue}  -> wl_display#1.sync(new id wl_callback#47)
[1806233.796] {mesa egl surface queue} wl_callback#46.done(2137737)
[1806233.801] {mesa egl surface queue} wl_buffer#43.release()
[1806234.106]  -> wl_surface#39.frame(new id wl_callback#46)
[1806234.121] {mesa egl surface queue}  -> wl_surface#39.attach(wl_buffer#43, 0, 0)
[1806234.125] {mesa egl surface queue}  -> wl_surface#39.damage_buffer(0, 0, 133, 90)
[1806234.419] {mesa egl surface queue}  -> wl_surface#39.commit()
[1806234.423] {mesa egl surface queue}  -> wl_display#1.sync(new id wl_callback#37)
[1806234.470] {Display Queue} wl_display#1.delete_id(47)
[1806234.474] {Display Queue} wl_display#1.delete_id(37)
[1806247.676] {Display Queue} wl_display#1.delete_id(40)
[1806247.704] {Display Queue} wl_display#1.delete_id(46)
[1806247.713] {Default Queue} wl_callback#40.done(2137765)
[1806247.737] {Default Queue} wl_callback#46.done(2137765)
[1806248.540] {mesa egl surface queue} wl_callback#47.done(2137752)
[1806248.547] {mesa egl surface queue} wl_buffer#36.release()
[1806248.745]  -> wl_surface#23.frame(new id wl_callback#47)
[1806248.757] {mesa egl surface queue}  -> wl_surface#23.attach(wl_buffer#36, 0, 0)
[1806248.761] {mesa egl surface queue}  -> wl_surface#23.damage_buffer(32, 155, 664, 42)
[1806249.445] {mesa egl surface queue}  -> wl_surface#23.commit()
[1806249.457] {mesa egl surface queue}  -> wl_display#1.sync(new id wl_callback#46)
[1806249.580] {mesa egl surface queue} wl_callback#37.done(2137752)
[1806249.587] {mesa egl surface queue} wl_buffer#43.release()
[1806249.890]  -> wl_surface#39.frame(new id wl_callback#37)
[1806249.905] {mesa egl surface queue}  -> wl_surface#39.attach(wl_buffer#43, 0, 0)
[1806249.909] {mesa egl surface queue}  -> wl_surface#39.damage_buffer(0, 0, 133, 90)
[1806250.381] {mesa egl surface queue}  -> wl_surface#39.commit()
[1806250.386] {mesa egl surface queue}  -> wl_display#1.sync(new id wl_callback#40)
[1806250.429] {Display Queue} wl_display#1.delete_id(46)
[1806250.433] {Display Queue} wl_display#1.delete_id(40)
[1806264.523] {Display Queue} wl_display#1.delete_id(47)
[1806264.533] {Display Queue} wl_display#1.delete_id(37)
[1806264.536] {Default Queue} wl_callback#47.done(2137782)
[1806264.547] {Default Queue} wl_callback#37.done(2137782)
[1806264.888] {mesa egl surface queue} wl_callback#46.done(2137767)
[1806264.920] {mesa egl surface queue} wl_buffer#36.release()
[1806265.118]  -> wl_surface#23.frame(new id wl_callback#46)
[1806265.131] {mesa egl surface queue}  -> wl_surface#23.attach(wl_buffer#36, 0, 0)
[1806265.135] {mesa egl surface queue}  -> wl_surface#23.damage_buffer(32, 155, 664, 42)
[1806265.818] {mesa egl surface queue}  -> wl_surface#23.commit()
[1806265.827] {mesa egl surface queue}  -> wl_display#1.sync(new id wl_callback#37)
[1806265.922] {mesa egl surface queue} wl_callback#40.done(2137768)
[1806265.927] {mesa egl surface queue} wl_buffer#43.release()
[1806266.230]  -> wl_surface#39.frame(new id wl_callback#40)
[1806266.245] {mesa egl surface queue}  -> wl_surface#39.attach(wl_buffer#43, 0, 0)
[1806266.249] {mesa egl surface queue}  -> wl_surface#39.damage_buffer(0, 0, 133, 90)
[1806266.808] {mesa egl surface queue}  -> wl_surface#39.commit()
[1806266.812] {mesa egl surface queue}  -> wl_display#1.sync(new id wl_callback#47)
[1806266.858] {Display Queue} wl_display#1.delete_id(37)
[1806266.939] {Display Queue} wl_display#1.delete_id(47)
[1806281.597] {Display Queue} wl_display#1.delete_id(46)
[1806281.608] {Display Queue} wl_display#1.delete_id(40)
[1806281.611] {Default Queue} wl_callback#46.done(2137800)
[1806281.621] {Default Queue} wl_callback#40.done(2137800)
[1806281.946] {mesa egl surface queue} wl_callback#37.done(2137784)
[1806281.953] {mesa egl surface queue} wl_buffer#36.release()
[1806282.134]  -> wl_surface#23.frame(new id wl_callback#37)
[1806282.147] {mesa egl surface queue}  -> wl_surface#23.attach(wl_buffer#36, 0, 0)
[1806282.151] {mesa egl surface queue}  -> wl_surface#23.damage_buffer(32, 155, 664, 42)
[1806282.687] {mesa egl surface queue}  -> wl_surface#23.commit()
[1806282.695] {mesa egl surface queue}  -> wl_display#1.sync(new id wl_callback#40)
[1806282.794] {mesa egl surface queue} wl_callback#47.done(2137785)
[1806282.801] {mesa egl surface queue} wl_buffer#43.release()
[1806283.092]  -> wl_surface#39.frame(new id wl_callback#47)
[1806283.107] {mesa egl surface queue}  -> wl_surface#39.attach(wl_buffer#43, 0, 0)
[1806283.111] {mesa egl surface queue}  -> wl_surface#39.damage_buffer(0, 0, 133, 90)
[1806283.778] {mesa egl surface queue}  -> wl_surface#39.commit()
[1806283.791] {mesa egl surface queue}  -> wl_display#1.sync(new id wl_callback#46)
[1806283.910] {Display Queue} wl_display#1.delete_id(40)
[1806283.923] {Display Queue} wl_display#1.delete_id(46)
[1806301.968] {Display Queue} wl_display#1.delete_id(37)
[1806302.016] {Display Queue} wl_display#1.delete_id(47)
[1806302.025] {Default Queue} wl_callback#37.done(2137820)
[1806302.051] {Default Queue} wl_callback#47.done(2137820)
[1806302.750] {mesa egl surface queue} wl_callback#46.done(2137802)
[1806302.759] {mesa egl surface queue} wl_buffer#43.release()
[1806302.934]  -> wl_surface#39.frame(new id wl_callback#46)
[1806302.947] {mesa egl surface queue}  -> wl_surface#39.attach(wl_buffer#43, 0, 0)
[1806302.951] {mesa egl surface queue}  -> wl_surface#39.damage_buffer(0, 0, 133, 90)
[1806303.669] {mesa egl surface queue}  -> wl_surface#39.commit()
[1806303.673] {mesa egl surface queue}  -> wl_display#1.sync(new id wl_callback#47)
[1806303.716] {Display Queue} wl_display#1.delete_id(47)
[1806338.642] {Display Queue} wl_display#1.delete_id(46)
[1806338.670] {Default Queue} wl_callback#46.done(2137856)
[1806353.362] {mesa egl surface queue} wl_callback#47.done(2137822)
[1806353.392] {mesa egl surface queue} wl_buffer#43.release()
[1806353.831]  -> wl_surface#39.frame(new id wl_callback#47)
[1806353.871] {mesa egl surface queue}  -> wl_surface#39.attach(wl_buffer#43, 0, 0)
[1806353.883] {mesa egl surface queue}  -> wl_surface#39.damage_buffer(0, 0, 133, 90)
[1806354.614] {mesa egl surface queue}  -> wl_surface#39.commit()
[1806354.629] {mesa egl surface queue}  -> wl_display#1.sync(new id wl_callback#46)
[1806354.820] {Display Queue} wl_display#1.delete_id(46)
[1806378.934] {Display Queue} wl_display#1.delete_id(47)
[1806378.952] {Default Queue} wl_callback#47.done(2137897)
[1806386.038] {mesa egl surface queue} wl_callback#46.done(2137873)
[1806386.084] {mesa egl surface queue} wl_buffer#43.release()
[1806386.347]  -> wl_surface#39.frame(new id wl_callback#46)
[1806386.367] {mesa egl surface queue}  -> wl_surface#39.attach(wl_buffer#43, 0, 0)
[1806386.373] {mesa egl surface queue}  -> wl_surface#39.damage_buffer(0, 0, 133, 90)
[1806387.027] {mesa egl surface queue}  -> wl_surface#39.commit()
[1806387.034] {mesa egl surface queue}  -> wl_display#1.sync(new id wl_callback#47)
[1806387.124] {Display Queue} wl_display#1.delete_id(47)
[1806603.704] {Display Queue} wl_display#1.delete_id(46)
[1806603.736] {Default Queue} wl_callback#46.done(2138121)
[1806658.304] {Default Queue} wl_pointer#6.leave(52, wl_surface#23)
[1806658.349] {Default Queue} wl_pointer#6.frame()
[1806658.375] {Default Queue} wl_pointer#6.enter(53, wl_surface#39, 78.00000000, 30.00000000)
[1806658.391] {Default Queue}  -> wp_cursor_shape_device_v1#21.set_shape(53, 1)
[1806658.403] {Default Queue} wl_pointer#6.frame()
[1806658.415] {Default Queue} wl_pointer#6.motion(2138176, 78.00000000, 30.00000000)
[1806658.427] {Default Queue} wl_pointer#6.frame()
[1806725.791] {Default Queue} wl_pointer#6.button(54, 2138223, 272, 1)
[1806725.828] {Default Queue} xdg_wm_base#20.ping(55)
[1806725.839] {Default Queue}  -> xdg_wm_base#20.pong(55)
[1806725.846] {Default Queue} wl_pointer#6.frame()
[1806726.821] {mesa egl surface queue} wl_callback#47.done(2137905)
[1806726.838] {mesa egl surface queue} wl_buffer#43.release()
[1806734.052]  -> wl_surface#39.frame(new id wl_callback#47)
[1806734.091] {mesa egl surface queue}  -> wl_surface#39.attach(wl_buffer#43, 0, 0)
[1806734.098] {mesa egl surface queue}  -> wl_surface#39.damage_buffer(9, 20, 115, 30)
[1806734.385] {mesa egl surface queue}  -> wl_surface#39.commit()
[1806734.402] {mesa egl surface queue}  -> wl_display#1.sync(new id wl_callback#46)
[1806734.504] {Display Queue} wl_display#1.delete_id(46)
[1806764.875] {Display Queue} wl_display#1.delete_id(47)
[1806764.900] {Default Queue} wl_callback#47.done(2138283)
[1806764.913] {Default Queue} wl_pointer#6.button(56, 2138275, 272, 0)
[1806764.927] {Default Queue} wl_pointer#6.frame()
[1806765.642]  -> xdg_popup#41.destroy()
[1806765.656]  -> xdg_surface#35.destroy()
[1806765.663]  -> wl_surface#39.attach(nil, 0, 0)
[1806765.670]  -> wl_surface#39.commit()
[1806766.519] {mesa egl surface queue} wl_callback#40.done(2137801)
[1806766.533] {mesa egl surface queue} wl_buffer#36.release()
[1806767.034]  -> wl_surface#23.frame(new id wl_callback#40)
[1806767.060] {mesa egl surface queue}  -> wl_surface#23.attach(wl_buffer#36, 0, 0)
[1806767.067] {mesa egl surface queue}  -> wl_surface#23.damage_buffer(17, 16, 85, 40)
[1806767.835] {mesa egl surface queue}  -> wl_surface#23.commit()
[1806767.847] {mesa egl surface queue}  -> wl_display#1.sync(new id wl_callback#47)
[1806767.956] {Display Queue} wl_display#1.delete_id(41)
[1806767.964] {Display Queue} wl_display#1.delete_id(35)
[1806767.969] {Display Queue} wl_display#1.delete_id(47)
[1806767.973] {Default Queue} wl_keyboard#22.leave(57, wl_surface#39)
[1806767.988] {Default Queue} wl_keyboard#22.enter(58, wl_surface#23, array[0])
[1806767.996] {Default Queue} wl_keyboard#22.modifiers(59, 0, 0, 0, 0)
[1806768.020] {Default Queue} zwp_text_input_v3#34.leave(wl_surface#39)
[1806768.026] {Default Queue} zwp_text_input_v3#34.enter(wl_surface#23)
[1806768.031] {Default Queue} wl_pointer#6.leave(60, wl_surface#39)
[1806768.039] {Default Queue} wl_pointer#6.frame()
[1806768.048] {Default Queue} wl_pointer#6.enter(61, wl_surface#23, 71.00000000, 80.00000000)
[1806768.056] {Default Queue}  -> wp_cursor_shape_device_v1#21.set_shape(61, 1)
[1806768.063] {Default Queue} wl_pointer#6.frame()
[1806783.671] {Display Queue} wl_display#1.delete_id(40)
[1806783.681] {Default Queue} wl_callback#40.done(2138302)
[1806815.233] {Default Queue} wl_pointer#6.motion(2138333, 58.00000000, 33.00000000)
[1806815.289] {Default Queue} wl_pointer#6.frame()
[1806818.471] {mesa egl surface queue} wl_callback#47.done(2138286)
[1806818.502] {mesa egl surface queue} wl_buffer#36.release()
[1806819.248]  -> wl_surface#23.frame(new id wl_callback#47)
[1806819.291] {mesa egl surface queue}  -> wl_surface#23.attach(wl_buffer#36, 0, 0)
[1806819.304] {mesa egl surface queue}  -> wl_surface#23.damage_buffer(21, 19, 77, 32)
[1806819.841] {mesa egl surface queue}  -> wl_surface#23.commit()
[1806819.863] {mesa egl surface queue}  -> wl_display#1.sync(new id wl_callback#40)
[1806819.982] {Display Queue} wl_display#1.delete_id(40)
[1806830.586] {Display Queue} wl_display#1.delete_id(47)
[1806830.604] {Default Queue} wl_callback#47.done(2138348)
[1807318.372] {Default Queue}  -> wl_compositor#4.create_surface(new id wl_surface#47)
[1807318.410] {Default Queue}  -> wp_viewporter#11.get_viewport(new id wp_viewport#35, wl_surface#47)
Not using GL: renderer is llvmpipe
Using renderer 'GskGLRenderer' for surface 'GdkWaylandPopup'
[1807357.253] {Default Queue}  -> xdg_wm_base#20.create_positioner(new id xdg_positioner#41)
[1807357.265] {Default Queue}  -> xdg_positioner#41.set_size(153, 32)
[1807357.274] {Default Queue}  -> xdg_positioner#41.set_anchor_rect(2, 2, 87, 42)
[1807357.278] {Default Queue}  -> xdg_positioner#41.set_offset(0, 0)
[1807357.281] {Default Queue}  -> xdg_positioner#41.set_anchor(2)
[1807357.283] {Default Queue}  -> xdg_positioner#41.set_gravity(2)
[1807357.286] {Default Queue}  -> xdg_positioner#41.set_constraint_adjustment(9)
[1807357.288] {Default Queue}  -> xdg_positioner#41.set_reactive()
[1807357.291] {Default Queue}  -> xdg_wm_base#20.get_xdg_surface(new id xdg_surface#37, wl_surface#47)
[1807357.295]  -> xdg_surface#37.get_popup(new id xdg_popup#45, xdg_surface#30, xdg_positioner#41)
[1807357.299] {Default Queue}  -> xdg_positioner#41.destroy()
[1807357.302]  -> wl_surface#47.commit()
[1807357.596] {Display Queue} wl_display#1.delete_id(41)
[1807357.604] xdg_popup#45.configure(-31, 44, 153, 32)
[1807357.615] xdg_surface#37.configure(62)
[1807357.632]  -> xdg_surface#37.ack_configure(62)
[1807357.642] {Default Queue}  -> xdg_wm_base#20.create_positioner(new id xdg_positioner#41)
[1807357.646] {Default Queue}  -> xdg_positioner#41.set_size(1, 1)
[1807357.651] {Default Queue}  -> xdg_positioner#41.set_anchor_rect(2, 2, 87, 42)
[1807357.655] {Default Queue}  -> xdg_positioner#41.set_offset(0, 0)
[1807357.659] {Default Queue}  -> xdg_positioner#41.set_anchor(2)
[1807357.663] {Default Queue}  -> xdg_positioner#41.set_gravity(2)
[1807357.666] {Default Queue}  -> xdg_positioner#41.set_constraint_adjustment(9)
[1807357.670] {Default Queue}  -> xdg_positioner#41.set_reactive()
[1807357.674] {Default Queue}  -> xdg_positioner#41.set_parent_size(700, 460)
[1807357.678] {Default Queue}  -> xdg_positioner#41.set_parent_configure(36)
[1807357.682]  -> xdg_popup#45.reposition(xdg_positioner#41, 1)
[1807357.685] {Default Queue}  -> xdg_positioner#41.destroy()
[1807357.797] {Display Queue} wl_display#1.delete_id(41)
[1807357.802] xdg_popup#45.repositioned(1)
[1807357.806] xdg_popup#45.configure(45, 44, 1, 1)
[1807357.810] xdg_surface#37.configure(63)
[1807357.814]  -> xdg_surface#37.ack_configure(63)
[1807357.993] {Default Queue}  -> xdg_wm_base#20.create_positioner(new id xdg_positioner#41)
[1807358.017] {Default Queue}  -> xdg_positioner#41.set_size(153, 32)
[1807358.022] {Default Queue}  -> xdg_positioner#41.set_anchor_rect(2, 2, 87, 42)
[1807358.030] {Default Queue}  -> xdg_positioner#41.set_offset(0, 0)
[1807358.035] {Default Queue}  -> xdg_positioner#41.set_anchor(2)
[1807358.040] {Default Queue}  -> xdg_positioner#41.set_gravity(2)
[1807358.044] {Default Queue}  -> xdg_positioner#41.set_constraint_adjustment(9)
[1807358.048] {Default Queue}  -> xdg_positioner#41.set_reactive()
[1807358.051] {Default Queue}  -> xdg_positioner#41.set_parent_size(700, 460)
[1807358.056] {Default Queue}  -> xdg_positioner#41.set_parent_configure(36)
[1807358.060]  -> xdg_popup#45.reposition(xdg_positioner#41, 2)
[1807358.064] {Default Queue}  -> xdg_positioner#41.destroy()
[1807376.232] {Display Queue} wl_display#1.delete_id(41)
[1807376.247] xdg_popup#45.repositioned(2)
[1807376.272] xdg_popup#45.configure(-31, 44, 153, 32)
[1807376.278] xdg_surface#37.configure(64)
[1807376.282]  -> xdg_surface#37.ack_configure(64)
[1807376.567] {mesa egl swrast display queue}  -> wl_shm#27.create_pool(new id wl_shm_pool#41, fd 18, 19584)
[1807376.576] {mesa egl surface queue}  -> wl_shm_pool#41.create_buffer(new id wl_buffer#44, 0, 153, 32, 612, 0)
[1807376.582] {mesa egl surface queue}  -> wl_shm_pool#41.destroy()
[1807411.627]  -> xdg_surface#37.set_window_geometry(0, 0, 153, 32)
[1807411.643] {Default Queue}  -> wp_viewport#35.set_destination(153, 32)
[1807411.651]  -> wl_surface#47.frame(new id wl_callback#42)
[1807411.683] {mesa egl surface queue}  -> wl_surface#47.attach(wl_buffer#44, 0, 0)
[1807411.689] {mesa egl surface queue}  -> wl_surface#47.damage_buffer(0, 0, 153, 32)
[1807412.092] {mesa egl surface queue}  -> wl_surface#47.commit()
[1807412.099] {mesa egl surface queue}  -> wl_display#1.sync(new id wl_callback#48)
[1807412.335] {Display Queue} wl_display#1.delete_id(41)
[1807412.342] {Display Queue} wl_display#1.delete_id(48)
[1807463.605] {Display Queue} wl_display#1.delete_id(42)
[1807463.637] {Default Queue} wl_callback#42.done(2138981)
[1808735.300] {Default Queue} wl_pointer#6.motion(2140253, 73.00000000, 223.00000000)
[1808735.344] {Default Queue} wl_pointer#6.frame()
[1808735.882]  -> xdg_popup#45.destroy()
[1808735.906]  -> xdg_surface#37.destroy()
[1808735.916]  -> wl_surface#47.attach(nil, 0, 0)
[1808735.926]  -> wl_surface#47.commit()
[1808736.460] {mesa egl surface queue} wl_callback#40.done(2138338)
[1808736.482] {mesa egl surface queue} wl_buffer#36.release()
[1808737.349]  -> wl_surface#23.frame(new id wl_callback#40)
[1808737.406] {mesa egl surface queue}  -> wl_surface#23.attach(wl_buffer#36, 0, 0)
[1808737.431] {mesa egl surface queue}  -> wl_surface#23.damage_buffer(21, 19, 77, 32)
[1808737.453] {mesa egl surface queue}  -> wl_surface#23.damage_buffer(37, 208, 75, 32)
[1808739.256] {mesa egl surface queue}  -> wl_surface#23.commit()
[1808739.289] {mesa egl surface queue}  -> wl_display#1.sync(new id wl_callback#42)
[1808762.559] {Display Queue} wl_display#1.delete_id(45)
[1808762.571] {Display Queue} wl_display#1.delete_id(37)
[1808762.575] {Display Queue} wl_display#1.delete_id(42)
[1808779.334] {Display Queue} wl_display#1.delete_id(40)
[1808779.345] {Default Queue} wl_callback#40.done(2140297)
[1808781.735] {Default Queue} wl_pointer#6.button(65, 2140300, 272, 1)
[1808781.751] {Default Queue} xdg_wm_base#20.ping(66)
[1808781.755] {Default Queue}  -> xdg_wm_base#20.pong(66)
[1808781.759] {Default Queue} wl_pointer#6.frame()
[1808792.924] {mesa egl surface queue} wl_callback#42.done(2140280)
[1808792.937] {mesa egl surface queue} wl_buffer#36.release()
[1808793.134]  -> wl_surface#23.frame(new id wl_callback#42)
[1808793.160] {mesa egl surface queue}  -> wl_surface#23.attach(wl_buffer#36, 0, 0)
[1808793.169] {mesa egl surface queue}  -> wl_surface#23.damage_buffer(33, 205, 83, 40)
[1808793.751] {mesa egl surface queue}  -> wl_surface#23.commit()
[1808793.766] {mesa egl surface queue}  -> wl_display#1.sync(new id wl_callback#40)
[1808793.936] {Display Queue} wl_display#1.delete_id(40)
[1808806.637] {Display Queue} wl_display#1.delete_id(42)
[1808806.655] {Default Queue} wl_callback#42.done(2140324)
[1808836.895] {Default Queue} wl_pointer#6.button(67, 2140354, 272, 0)
[1808836.928] {Default Queue} wl_pointer#6.frame()
[1808838.841] {Default Queue}  -> wl_compositor#4.create_surface(new id wl_surface#42)
[1808838.867] {Default Queue}  -> wp_viewporter#11.get_viewport(new id wp_viewport#37, wl_surface#42)
Not using GL: renderer is llvmpipe
Using renderer 'GskGLRenderer' for surface 'GdkWaylandToplevel'
[1808870.054] {Default Queue}  -> xdg_wm_base#20.get_xdg_surface(new id xdg_surface#45, wl_surface#42)
[1808870.063]  -> xdg_surface#45.get_toplevel(new id xdg_toplevel#41)
[1808870.066]  -> xdg_toplevel#41.set_parent(xdg_toplevel#31)
[1808870.070]  -> xdg_toplevel#41.set_title("WS114 modal child")
[1808870.073]  -> xdg_toplevel#41.set_app_id("python3")
[1808870.076]  -> wl_surface#42.commit()
[1808870.582] {mesa egl surface queue} wl_callback#40.done(2140312)
[1808870.590] {mesa egl surface queue} wl_buffer#36.release()
[1808870.964]  -> wl_surface#23.frame(new id wl_callback#40)
[1808870.984] {mesa egl surface queue}  -> wl_surface#23.attach(wl_buffer#36, 0, 0)
[1808870.989] {mesa egl surface queue}  -> wl_surface#23.damage_buffer(33, 205, 83, 40)
[1808878.102] {mesa egl surface queue}  -> wl_surface#23.commit()
[1808878.136] {mesa egl surface queue}  -> wl_display#1.sync(new id wl_callback#49)
[1808878.301] xdg_toplevel#41.configure_bounds(1256, 690)
[1808878.320] xdg_toplevel#41.configure(0, 0, array[4])
[1808878.335] xdg_surface#45.configure(68)
[1808878.378]  -> xdg_surface#45.ack_configure(68)
[1808880.023]  -> xdg_toplevel#41.set_min_size(300, 188)
[1808880.050]  -> xdg_toplevel#41.set_max_size(0, 0)
[1808881.437] {mesa egl swrast display queue}  -> wl_shm#27.create_pool(new id wl_shm_pool#50, fd 18, 293328)
[1808881.468] {mesa egl surface queue}  -> wl_shm_pool#50.create_buffer(new id wl_buffer#51, 0, 388, 189, 1552, 0)
[1808881.486] {mesa egl surface queue}  -> wl_shm_pool#50.destroy()
[1808968.646]  -> xdg_toplevel#41.set_min_size(272, 159)
[1808968.659]  -> xdg_toplevel#41.set_max_size(0, 0)
[1808968.663]  -> xdg_surface#45.set_window_geometry(14, 12, 360, 160)
[1808968.668] {Default Queue}  -> wl_compositor#4.create_region(new id wl_region#52)
[1808968.673] {Default Queue}  -> wl_region#52.add(22, 12, 344, 160)
[1808968.676]  -> wl_surface#42.set_opaque_region(wl_region#52)
[1808968.678] {Default Queue}  -> wl_region#52.destroy()
[1808968.681] {Default Queue}  -> wl_compositor#4.create_region(new id wl_region#53)
[1808968.683] {Default Queue}  -> wl_region#53.add(2, 0, 384, 184)
[1808968.686]  -> wl_surface#42.set_input_region(wl_region#53)
[1808968.688] {Default Queue}  -> wl_region#53.destroy()
[1808968.691] {Default Queue}  -> wp_viewport#37.set_destination(388, 189)
[1808968.694]  -> wl_surface#42.frame(new id wl_callback#54)
[1808968.717] {mesa egl surface queue}  -> wl_surface#42.attach(wl_buffer#51, 0, 0)
[1808968.720] {mesa egl surface queue}  -> wl_surface#42.damage_buffer(0, 0, 388, 189)
[1808970.644] {mesa egl surface queue}  -> wl_surface#42.commit()
[1808970.652] {mesa egl surface queue}  -> wl_display#1.sync(new id wl_callback#55)
[1808970.725] {Display Queue} wl_display#1.delete_id(49)
[1808970.730] {Display Queue} wl_display#1.delete_id(40)
[1808970.732] {Default Queue} wl_callback#40.done(2140423)
[1808970.856] {Display Queue} wl_display#1.delete_id(50)
[1808970.860] {Display Queue} wl_display#1.delete_id(52)
[1808970.863] {Display Queue} wl_display#1.delete_id(53)
[1808970.872] {Display Queue} wl_display#1.delete_id(55)
[1808990.696] {Default Queue} wl_keyboard#22.leave(69, wl_surface#23)
[1808990.721] {Default Queue} wl_keyboard#22.enter(70, wl_surface#42, array[0])
[1808990.726] {Default Queue} wl_keyboard#22.modifiers(71, 0, 0, 0, 0)
[1808990.746] {Default Queue} zwp_text_input_v3#34.leave(wl_surface#23)
[1808990.750] {Default Queue} zwp_text_input_v3#34.enter(wl_surface#42)
[1808990.752] {Default Queue} wl_pointer#6.leave(72, wl_surface#23)
[1808990.758] {Default Queue} wl_pointer#6.frame()
[1808990.763] {Default Queue} wl_pointer#6.enter(73, wl_surface#42, -97.00000000, 73.00000000)
[1808990.767] {Default Queue}  -> wp_cursor_shape_device_v1#21.set_shape(73, 1)
[1808990.771] {Default Queue} wl_pointer#6.frame()
[1808991.133] {mesa egl surface queue} wl_callback#48.done(2138930)
[1808991.140] {mesa egl surface queue} wl_buffer#44.release()
[1808991.351] {mesa egl surface queue}  -> wl_buffer#44.destroy()
[1808991.384] {Default Queue}  -> wp_viewport#35.destroy()
[1808991.388]  -> wl_surface#47.destroy()
[1808991.626] {mesa egl surface queue} wl_callback#49.done(2140411)
[1808991.632] {mesa egl surface queue} wl_buffer#36.release()
[1808993.532]  -> wl_surface#23.frame(new id wl_callback#49)
[1808993.572] {mesa egl surface queue}  -> wl_surface#23.attach(wl_buffer#36, 0, 0)
[1808993.581] {mesa egl surface queue}  -> wl_surface#23.damage_buffer(37, 208, 75, 32)
[1808994.229] {mesa egl surface queue}  -> wl_surface#23.commit()
[1808994.239] {mesa egl surface queue}  -> wl_display#1.sync(new id wl_callback#48)
[1808994.303] {Display Queue} wl_display#1.delete_id(54)
[1808994.307] {Display Queue} wl_display#1.delete_id(44)
[1808994.309] {Display Queue} wl_display#1.delete_id(35)
[1808994.312] {Display Queue} wl_display#1.delete_id(47)
[1808994.314] {Default Queue} wl_callback#54.done(2140509)
[1808994.330] {Display Queue} wl_display#1.delete_id(48)
[1809033.318] {Display Queue} wl_display#1.delete_id(49)
[1809033.340] {Default Queue} wl_callback#49.done(2140551)
[1809654.341] {Default Queue} wl_pointer#6.motion(2141172, 193.00000000, 129.00000000)
[1809654.384] {Default Queue} wl_pointer#6.frame()
[1809655.356] {mesa egl surface queue} wl_callback#55.done(2140489)
[1809655.381] {mesa egl surface queue} wl_buffer#51.release()
[1809656.013]  -> wl_surface#42.frame(new id wl_callback#55)
[1809656.066] {mesa egl surface queue}  -> wl_surface#42.attach(wl_buffer#51, 0, 0)
[1809656.082] {mesa egl surface queue}  -> wl_surface#42.damage_buffer(39, 114, 310, 32)
[1809659.751] {mesa egl surface queue}  -> wl_surface#42.commit()
[1809659.787] {mesa egl surface queue}  -> wl_display#1.sync(new id wl_callback#49)
[1809663.717] {Display Queue} wl_display#1.delete_id(49)
[1809685.478] {Display Queue} wl_display#1.delete_id(55)
[1809685.509] {Default Queue} wl_callback#55.done(2141203)
[1809702.957] {Default Queue} wl_pointer#6.button(74, 2141221, 272, 1)
[1809702.996] {Default Queue} xdg_wm_base#20.ping(75)
[1809703.010] {Default Queue}  -> xdg_wm_base#20.pong(75)
[1809703.020] {Default Queue} wl_pointer#6.frame()
[1809703.914] {mesa egl surface queue} wl_callback#49.done(2141181)
[1809703.936] {mesa egl surface queue} wl_buffer#51.release()
[1809704.343]  -> wl_surface#42.frame(new id wl_callback#49)
[1809704.382] {mesa egl surface queue}  -> wl_surface#42.attach(wl_buffer#51, 0, 0)
[1809704.394] {mesa egl surface queue}  -> wl_surface#42.damage_buffer(35, 111, 318, 40)
[1809705.043] {mesa egl surface queue}  -> wl_surface#42.commit()
[1809705.057] {mesa egl surface queue}  -> wl_display#1.sync(new id wl_callback#55)
[1809705.245] {Display Queue} wl_display#1.delete_id(55)
[1809716.560] {Display Queue} wl_display#1.delete_id(49)
[1809716.586] {Default Queue} wl_callback#49.done(2141234)
[1809757.252] {Default Queue} wl_pointer#6.button(76, 2141275, 272, 0)
[1809757.286] {Default Queue} wl_pointer#6.frame()
[1809758.144]  -> xdg_toplevel#41.destroy()
[1809758.170]  -> xdg_surface#45.destroy()
[1809758.180]  -> wl_surface#42.attach(nil, 0, 0)
[1809758.190]  -> wl_surface#42.commit()
[1809758.300] {mesa egl surface queue} wl_callback#55.done(2141223)
[1809758.314] {mesa egl surface queue} wl_buffer#51.release()
[1809758.465] {mesa egl surface queue}  -> wl_buffer#51.destroy()
[1809758.568] {Default Queue}  -> wp_viewport#37.destroy()
[1809758.581]  -> wl_surface#42.destroy()
[1809759.228] {Display Queue} wl_display#1.delete_id(41)
[1809759.243] {Display Queue} wl_display#1.delete_id(45)
[1809759.251] {Display Queue} wl_display#1.delete_id(51)
[1809759.258] {Display Queue} wl_display#1.delete_id(37)
[1809759.265] {Display Queue} wl_display#1.delete_id(42)
[1809759.273] {Default Queue} wl_pointer#6.leave(77, nil)
[1809759.288] {Default Queue} wl_pointer#6.frame()
[1809759.300] {Default Queue} wl_keyboard#22.leave(78, nil)
[1809785.380] {Default Queue} wl_keyboard#22.enter(79, wl_surface#23, array[0])
[1809785.404] {Default Queue} wl_keyboard#22.modifiers(80, 0, 0, 0, 0)
[1809785.434] {Default Queue} zwp_text_input_v3#34.enter(wl_surface#23)
[1809785.440] {Default Queue} wl_pointer#6.enter(81, wl_surface#23, 363.00000000, 279.00000000)
[1809785.449] {Default Queue}  -> wp_cursor_shape_device_v1#21.set_shape(81, 1)
[1809785.457] {Default Queue} wl_pointer#6.frame()
[1809785.866] {Default Queue}  -> wp_cursor_shape_device_v1#21.set_shape(81, 9)
[1810209.618] {Default Queue} wl_pointer#6.motion(2141727, 288.00000000, 223.00000000)
[1810209.657] {Default Queue} wl_pointer#6.frame()
[1810209.941] {Default Queue}  -> wp_cursor_shape_device_v1#21.set_shape(81, 1)
[1810210.521] {mesa egl surface queue} wl_callback#48.done(2140512)
[1810210.541] {mesa egl surface queue} wl_buffer#36.release()
[1810218.677]  -> wl_surface#23.frame(new id wl_callback#48)
[1810218.728] {mesa egl surface queue}  -> wl_surface#23.attach(wl_buffer#36, 0, 0)
[1810218.743] {mesa egl surface queue}  -> wl_surface#23.damage_buffer(240, 208, 94, 32)
[1810219.530] {mesa egl surface queue}  -> wl_surface#23.commit()
[1810219.549] {mesa egl surface queue}  -> wl_display#1.sync(new id wl_callback#42)
[1810219.786] {Display Queue} wl_display#1.delete_id(42)
[1810240.877] {Display Queue} wl_display#1.delete_id(48)
[1810240.901] {Default Queue} wl_callback#48.done(2141759)
[1810241.359] {Default Queue} wl_pointer#6.button(82, 2141759, 272, 1)
[1810241.378] {Default Queue} xdg_wm_base#20.ping(83)
[1810241.389] {Default Queue}  -> xdg_wm_base#20.pong(83)
[1810241.398] {Default Queue} wl_pointer#6.frame()
[1810260.154] {mesa egl surface queue} wl_callback#42.done(2141738)
[1810260.183] {mesa egl surface queue} wl_buffer#36.release()
[1810260.477]  -> wl_surface#23.frame(new id wl_callback#42)
[1810260.523] {mesa egl surface queue}  -> wl_surface#23.attach(wl_buffer#36, 0, 0)
[1810260.541] {mesa egl surface queue}  -> wl_surface#23.damage_buffer(236, 205, 102, 40)
[1810261.281] {mesa egl surface queue}  -> wl_surface#23.commit()
[1810261.301] {mesa egl surface queue}  -> wl_display#1.sync(new id wl_callback#48)
[1810261.492] {Display Queue} wl_display#1.delete_id(48)
[1810273.015] {Display Queue} wl_display#1.delete_id(42)
[1810273.041] {Default Queue} wl_callback#42.done(2141791)
[1810273.063] {Default Queue} wl_pointer#6.button(84, 2141789, 272, 0)
[1810273.079] {Default Queue} wl_pointer#6.frame()
[1810273.529]  -> xdg_toplevel#31.set_maximized()
[1810274.065] {mesa egl surface queue} wl_callback#48.done(2141779)
[1810274.087] {mesa egl surface queue} wl_buffer#36.release()
[1810274.368]  -> wl_surface#23.frame(new id wl_callback#48)
[1810274.398] {mesa egl surface queue}  -> wl_surface#23.attach(wl_buffer#36, 0, 0)
[1810274.408] {mesa egl surface queue}  -> wl_surface#23.damage_buffer(236, 205, 102, 40)
[1810274.956] {mesa egl surface queue}  -> wl_surface#23.commit()
[1810274.972] {mesa egl surface queue}  -> wl_display#1.sync(new id wl_callback#42)
[1810275.104] {Display Queue} wl_display#1.delete_id(42)
[1810275.119] xdg_toplevel#31.configure(1280, 762, array[8])
[1810275.129] xdg_surface#30.configure(85)
[1810275.138]  -> xdg_surface#30.ack_configure(85)
[1810293.595] {Display Queue} wl_display#1.delete_id(48)
[1810293.616] {Default Queue} wl_callback#48.done(2141811)
[1810295.643]  -> xdg_toplevel#31.set_min_size(429, 280)
[1810295.660]  -> xdg_toplevel#31.set_max_size(0, 0)
[1810296.604]  -> xdg_toplevel#31.set_min_size(457, 309)
[1810296.615]  -> xdg_toplevel#31.set_max_size(0, 0)
[1810298.782] {mesa egl surface queue} wl_callback#42.done(2141793)
[1810298.801] {mesa egl surface queue} wl_buffer#36.release()
[1810298.808] {mesa egl surface queue}  -> wl_buffer#36.destroy()
[1810298.876] {mesa egl swrast display queue}  -> wl_shm#27.create_pool(new id wl_shm_pool#42, fd 18, 3901440)
[1810298.889] {mesa egl surface queue}  -> wl_shm_pool#42.create_buffer(new id wl_buffer#48, 0, 1280, 762, 5120, 0)
[1810298.897] {mesa egl surface queue}  -> wl_shm_pool#42.destroy()
[1810300.934]  -> xdg_surface#30.set_window_geometry(0, 0, 1280, 762)
[1810300.952] {Default Queue}  -> wl_compositor#4.create_region(new id wl_region#37)
[1810300.960] {Default Queue}  -> wl_region#37.add(0, 0, 1280, 762)
[1810300.967]  -> wl_surface#23.set_opaque_region(wl_region#37)
[1810300.973] {Default Queue}  -> wl_region#37.destroy()
[1810300.979] {Default Queue}  -> wl_compositor#4.create_region(new id wl_region#51)
[1810300.985] {Default Queue}  -> wl_region#51.add(-12, -12, 1304, 786)
[1810300.991]  -> wl_surface#23.set_input_region(wl_region#51)
[1810300.996] {Default Queue}  -> wl_region#51.destroy()
[1810301.002] {Default Queue}  -> wp_viewport#24.set_destination(1280, 762)
[1810301.022]  -> wl_surface#23.frame(new id wl_callback#45)
[1810301.046] {mesa egl surface queue}  -> wl_surface#23.attach(wl_buffer#48, 0, 0)
[1810301.053] {mesa egl surface queue}  -> wl_surface#23.damage_buffer(0, 0, 1280, 762)
[1810322.693] {mesa egl surface queue}  -> wl_surface#23.commit()
[1810322.717] {mesa egl surface queue}  -> wl_display#1.sync(new id wl_callback#41)
[1810330.115] {Display Queue} wl_display#1.delete_id(36)
[1810330.131] {Display Queue} wl_display#1.delete_id(42)
[1810330.136] {Display Queue} wl_display#1.delete_id(37)
[1810330.140] {Display Queue} wl_display#1.delete_id(51)
[1810330.144] {Display Queue} wl_display#1.delete_id(41)
[1810351.384] {Display Queue} wl_display#1.delete_id(45)
[1810351.419] {Default Queue} wl_callback#45.done(2141869)
[1814276.943]  -> xdg_toplevel#31.unset_maximized()
[1814277.429] xdg_toplevel#31.configure_bounds(1256, 690)
[1814277.454] xdg_toplevel#31.configure(700, 460, array[4])
[1814277.467] xdg_surface#30.configure(86)
[1814277.494]  -> xdg_surface#30.ack_configure(86)
[1814281.155]  -> xdg_toplevel#31.set_min_size(485, 338)
[1814281.184]  -> xdg_toplevel#31.set_max_size(0, 0)
[1814282.190]  -> xdg_toplevel#31.set_min_size(457, 309)
[1814282.210]  -> xdg_toplevel#31.set_max_size(0, 0)
[1814284.573] {mesa egl surface queue} wl_callback#41.done(2141848)
[1814284.602] {mesa egl surface queue} wl_buffer#48.release()
[1814284.613] {mesa egl surface queue}  -> wl_buffer#48.destroy()
[1814284.701] {mesa egl swrast display queue}  -> wl_shm#27.create_pool(new id wl_shm_pool#41, fd 18, 1423968)
[1814284.723] {mesa egl surface queue}  -> wl_shm_pool#41.create_buffer(new id wl_buffer#45, 0, 728, 489, 2912, 0)
[1814284.735] {mesa egl surface queue}  -> wl_shm_pool#41.destroy()
[1814299.117]  -> xdg_surface#30.set_window_geometry(14, 12, 700, 460)
[1814299.843] {Default Queue}  -> wl_compositor#4.create_region(new id wl_region#51)
[1814299.854] {Default Queue}  -> wl_region#51.add(14, 20, 700, 452)
[1814299.862]  -> wl_surface#23.set_opaque_region(wl_region#51)
[1814299.868] {Default Queue}  -> wl_region#51.destroy()
[1814299.874] {Default Queue}  -> wl_compositor#4.create_region(new id wl_region#37)
[1814299.916] {Default Queue}  -> wl_region#37.add(2, 0, 724, 484)
[1814299.924]  -> wl_surface#23.set_input_region(wl_region#37)
[1814299.929] {Default Queue}  -> wl_region#37.destroy()
[1814299.935] {Default Queue}  -> wp_viewport#24.set_destination(728, 489)
[1814299.943]  -> wl_surface#23.frame(new id wl_callback#42)
[1814299.976] {mesa egl surface queue}  -> wl_surface#23.attach(wl_buffer#45, 0, 0)
[1814299.985] {mesa egl surface queue}  -> wl_surface#23.damage_buffer(0, 0, 728, 489)
[1814302.870] {mesa egl surface queue}  -> wl_surface#23.commit()
[1814302.885] {mesa egl surface queue}  -> wl_display#1.sync(new id wl_callback#36)
[1814315.421] {Display Queue} wl_display#1.delete_id(48)
[1814315.449] {Display Queue} wl_display#1.delete_id(41)
[1814315.459] {Display Queue} wl_display#1.delete_id(51)
[1814315.467] {Display Queue} wl_display#1.delete_id(37)
[1814315.474] {Display Queue} wl_display#1.delete_id(36)
[1814340.172] {Display Queue} wl_display#1.delete_id(42)
[1814340.201] {Default Queue} wl_callback#42.done(2145858)
[1815292.712] {Default Queue} wl_pointer#6.motion(2146810, 390.00000000, 223.00000000)
[1815292.749] {Default Queue} wl_pointer#6.frame()
[1815293.945] {mesa egl surface queue} wl_callback#36.done(2145833)
[1815293.973] {mesa egl surface queue} wl_buffer#45.release()
[1815294.690]  -> wl_surface#23.frame(new id wl_callback#36)
[1815295.113] {mesa egl surface queue}  -> wl_surface#23.attach(wl_buffer#45, 0, 0)
[1815295.130] {mesa egl surface queue}  -> wl_surface#23.damage_buffer(240, 208, 94, 32)
[1815295.140] {mesa egl surface queue}  -> wl_surface#23.damage_buffer(348, 208, 100, 32)
[1815295.646] {mesa egl surface queue}  -> wl_surface#23.commit()
[1815295.657] {mesa egl surface queue}  -> wl_display#1.sync(new id wl_callback#42)
[1815298.133] {Display Queue} wl_display#1.delete_id(42)
[1815316.447] {Display Queue} wl_display#1.delete_id(36)
[1815316.470] {Default Queue} wl_callback#36.done(2146834)
[1815340.450] {Default Queue} wl_pointer#6.button(87, 2146858, 272, 1)
[1815340.489] {Default Queue} xdg_wm_base#20.ping(88)
[1815340.504] {Default Queue}  -> xdg_wm_base#20.pong(88)
[1815340.525] {Default Queue} wl_pointer#6.frame()
[1815341.534] {mesa egl surface queue} wl_callback#42.done(2146816)
[1815341.558] {mesa egl surface queue} wl_buffer#45.release()
[1815342.032]  -> wl_surface#23.frame(new id wl_callback#42)
[1815342.079] {mesa egl surface queue}  -> wl_surface#23.attach(wl_buffer#45, 0, 0)
[1815342.092] {mesa egl surface queue}  -> wl_surface#23.damage_buffer(344, 205, 108, 40)
[1815342.818] {mesa egl surface queue}  -> wl_surface#23.commit()
[1815342.844] {mesa egl surface queue}  -> wl_display#1.sync(new id wl_callback#36)
[1815343.000] {Display Queue} wl_display#1.delete_id(36)
[1815358.305] {Display Queue} wl_display#1.delete_id(42)
[1815358.325] {Default Queue} wl_callback#42.done(2146876)
[1815397.245] {Default Queue} wl_pointer#6.button(89, 2146915, 272, 0)
[1815397.285] {Default Queue} wl_pointer#6.frame()
[1815397.944]  -> xdg_toplevel#31.set_fullscreen(nil)
[1815398.569] {mesa egl surface queue} wl_callback#36.done(2146861)
[1815398.592] {mesa egl surface queue} wl_buffer#45.release()
[1815400.203]  -> wl_surface#23.frame(new id wl_callback#36)
[1815400.253] {mesa egl surface queue}  -> wl_surface#23.attach(wl_buffer#45, 0, 0)
[1815400.267] {mesa egl surface queue}  -> wl_surface#23.damage_buffer(344, 205, 108, 40)
[1815410.079] {mesa egl surface queue}  -> wl_surface#23.commit()
[1815410.106] {mesa egl surface queue}  -> wl_display#1.sync(new id wl_callback#42)
[1815410.242] xdg_toplevel#31.configure(1280, 800, array[8])
[1815410.262] xdg_surface#30.configure(90)
[1815410.275]  -> xdg_surface#30.ack_configure(90)
[1815421.085] {Display Queue} wl_display#1.delete_id(42)
[1815437.627] {Display Queue} wl_display#1.delete_id(36)
[1815437.642] {Default Queue} wl_callback#36.done(2146955)
[1815438.986]  -> xdg_toplevel#31.set_min_size(429, 233)
[1815439.000]  -> xdg_toplevel#31.set_max_size(0, 0)
[1815439.968]  -> xdg_toplevel#31.set_min_size(457, 262)
[1815439.978]  -> xdg_toplevel#31.set_max_size(0, 0)
[1815441.552] {mesa egl surface queue} wl_callback#42.done(2146939)
[1815441.608] {mesa egl surface queue} wl_buffer#45.release()
[1815441.615] {mesa egl surface queue}  -> wl_buffer#45.destroy()
[1815441.688] {mesa egl swrast display queue}  -> wl_shm#27.create_pool(new id wl_shm_pool#42, fd 18, 4096000)
[1815441.697] {mesa egl surface queue}  -> wl_shm_pool#42.create_buffer(new id wl_buffer#36, 0, 1280, 800, 5120, 0)
[1815441.703] {mesa egl surface queue}  -> wl_shm_pool#42.destroy()
[1815443.108]  -> xdg_surface#30.set_window_geometry(0, 0, 1280, 800)
[1815443.122] {Default Queue}  -> wl_compositor#4.create_region(new id wl_region#37)
[1815443.132] {Default Queue}  -> wl_region#37.add(0, 0, 1280, 800)
[1815443.138]  -> wl_surface#23.set_opaque_region(wl_region#37)
[1815443.142] {Default Queue}  -> wl_region#37.destroy()
[1815443.147] {Default Queue}  -> wl_compositor#4.create_region(new id wl_region#51)
[1815443.152] {Default Queue}  -> wl_region#51.add(-12, -12, 1304, 824)
[1815443.157]  -> wl_surface#23.set_input_region(wl_region#51)
[1815443.161] {Default Queue}  -> wl_region#51.destroy()
[1815443.165] {Default Queue}  -> wp_viewport#24.set_destination(1280, 800)
[1815443.171]  -> wl_surface#23.frame(new id wl_callback#41)
[1815443.189] {mesa egl surface queue}  -> wl_surface#23.attach(wl_buffer#36, 0, 0)
[1815443.195] {mesa egl surface queue}  -> wl_surface#23.damage_buffer(0, 0, 1280, 800)
[1815458.854] {mesa egl surface queue}  -> wl_surface#23.commit()
[1815458.880] {mesa egl surface queue}  -> wl_display#1.sync(new id wl_callback#48)
[1815459.160] {Display Queue} wl_display#1.delete_id(45)
[1815459.177] {Display Queue} wl_display#1.delete_id(42)
[1815459.183] {Display Queue} wl_display#1.delete_id(37)
[1815459.188] {Display Queue} wl_display#1.delete_id(51)
[1815459.192] {Display Queue} wl_display#1.delete_id(48)
[1815490.096] {Display Queue} wl_display#1.delete_id(41)
[1815490.131] {Default Queue} wl_callback#41.done(2147008)
[1815503.653] {Default Queue}  -> wp_cursor_shape_device_v1#21.set_shape(81, 9)
[1815504.670] {mesa egl surface queue} wl_callback#48.done(2146977)
[1815504.696] {mesa egl surface queue} wl_buffer#36.release()
[1815505.126]  -> wl_surface#23.frame(new id wl_callback#48)
[1815505.167] {mesa egl surface queue}  -> wl_surface#23.attach(wl_buffer#36, 0, 0)
[1815505.180] {mesa egl surface queue}  -> wl_surface#23.damage_buffer(334, 149, 100, 32)
[1815506.594] {mesa egl surface queue}  -> wl_surface#23.commit()
[1815506.621] {mesa egl surface queue}  -> wl_display#1.sync(new id wl_callback#41)
[1815506.792] {Display Queue} wl_display#1.delete_id(41)
[1815576.143] {Display Queue} wl_display#1.delete_id(48)
[1815576.172] {Default Queue} wl_callback#48.done(2147094)
[1819401.236]  -> xdg_toplevel#31.unset_fullscreen()
[1819401.660] xdg_toplevel#31.configure_bounds(1256, 690)
[1819401.681] xdg_toplevel#31.configure(700, 460, array[4])
[1819401.694] xdg_surface#30.configure(91)
[1819401.717]  -> xdg_surface#30.ack_configure(91)
[1819404.210]  -> xdg_toplevel#31.set_min_size(485, 338)
[1819404.239]  -> xdg_toplevel#31.set_max_size(0, 0)
[1819407.456] {mesa egl surface queue} wl_callback#41.done(2147025)
[1819407.486] {mesa egl surface queue} wl_buffer#36.release()
[1819407.497] {mesa egl surface queue}  -> wl_buffer#36.destroy()
[1819407.580] {mesa egl swrast display queue}  -> wl_shm#27.create_pool(new id wl_shm_pool#41, fd 18, 1423968)
[1819407.596] {mesa egl surface queue}  -> wl_shm_pool#41.create_buffer(new id wl_buffer#48, 0, 728, 489, 2912, 0)
[1819407.607] {mesa egl surface queue}  -> wl_shm_pool#41.destroy()
[1819418.429]  -> xdg_toplevel#31.set_min_size(457, 309)
[1819418.451]  -> xdg_toplevel#31.set_max_size(0, 0)
[1819418.459]  -> xdg_surface#30.set_window_geometry(14, 12, 700, 460)
[1819418.468] {Default Queue}  -> wl_compositor#4.create_region(new id wl_region#51)
[1819418.477] {Default Queue}  -> wl_region#51.add(14, 20, 700, 452)
[1819418.484]  -> wl_surface#23.set_opaque_region(wl_region#51)
[1819418.490] {Default Queue}  -> wl_region#51.destroy()
[1819418.496] {Default Queue}  -> wl_compositor#4.create_region(new id wl_region#37)
[1819418.502] {Default Queue}  -> wl_region#37.add(2, 0, 724, 484)
[1819418.508]  -> wl_surface#23.set_input_region(wl_region#37)
[1819418.513] {Default Queue}  -> wl_region#37.destroy()
[1819418.520] {Default Queue}  -> wp_viewport#24.set_destination(728, 489)
[1819418.526]  -> wl_surface#23.frame(new id wl_callback#42)
[1819418.556] {mesa egl surface queue}  -> wl_surface#23.attach(wl_buffer#48, 0, 0)
[1819418.564] {mesa egl surface queue}  -> wl_surface#23.damage_buffer(0, 0, 728, 489)
[1819422.618] {mesa egl surface queue}  -> wl_surface#23.commit()
[1819422.636] {mesa egl surface queue}  -> wl_display#1.sync(new id wl_callback#45)
[1819435.620] {Display Queue} wl_display#1.delete_id(36)
[1819435.643] {Display Queue} wl_display#1.delete_id(41)
[1819435.650] {Display Queue} wl_display#1.delete_id(51)
[1819435.656] {Display Queue} wl_display#1.delete_id(37)
[1819435.661] {Display Queue} wl_display#1.delete_id(45)
[1819454.385] {Display Queue} wl_display#1.delete_id(42)
[1819454.414] {Default Queue} wl_callback#42.done(2150972)
[1819473.209] {Default Queue}  -> wp_cursor_shape_device_v1#21.set_shape(81, 1)
[1819474.190] {mesa egl surface queue} wl_callback#45.done(2150953)
[1819474.215] {mesa egl surface queue} wl_buffer#48.release()
[1819474.674]  -> wl_surface#23.frame(new id wl_callback#45)
[1819474.717] {mesa egl surface queue}  -> wl_surface#23.attach(wl_buffer#48, 0, 0)
[1819474.729] {mesa egl surface queue}  -> wl_surface#23.damage_buffer(348, 208, 100, 32)
[1819475.510] {mesa egl surface queue}  -> wl_surface#23.commit()
[1819475.531] {mesa egl surface queue}  -> wl_display#1.sync(new id wl_callback#42)
[1819475.747] {Display Queue} wl_display#1.delete_id(42)
[1819501.317] {Display Queue} wl_display#1.delete_id(45)
[1819501.338] {Default Queue} wl_callback#45.done(2151019)
[1857493.803] {Default Queue} wl_pointer#6.motion(2189011, 323.00000000, 301.00000000)
[1857493.884] {Default Queue} wl_pointer#6.frame()
[1857494.258] {Default Queue}  -> wp_cursor_shape_device_v1#21.set_shape(81, 9)
[1857495.712] {mesa egl surface queue} wl_callback#42.done(2150994)
[1857495.742] {mesa egl surface queue} wl_buffer#48.release()
[1857496.319]  -> wl_surface#23.frame(new id wl_callback#42)
[1857496.362] {mesa egl surface queue}  -> wl_surface#23.attach(wl_buffer#48, 0, 0)
[1857496.376] {mesa egl surface queue}  -> wl_surface#23.damage_buffer(348, 208, 100, 32)
[1857498.119] {mesa egl surface queue}  -> wl_surface#23.commit()
[1857498.163] {mesa egl surface queue}  -> wl_display#1.sync(new id wl_callback#45)
[1857502.372] {Display Queue} wl_display#1.delete_id(45)
[1857531.523] {Display Queue} wl_display#1.delete_id(42)
[1857531.539] {Default Queue} wl_callback#42.done(2189049)
[1857533.367] {mesa egl surface queue} wl_callback#45.done(2189020)
[1857533.389] {mesa egl surface queue} wl_buffer#48.release()
[1857543.992]  -> wl_surface#23.frame(new id wl_callback#45)
[1857544.025] {mesa egl surface queue}  -> wl_surface#23.attach(wl_buffer#48, 0, 0)
[1857544.032] {mesa egl surface queue}  -> wl_surface#23.damage_buffer(36, 257, 139, 67)
[1857544.037] {mesa egl surface queue}  -> wl_surface#23.damage_buffer(687, 257, 5, 67)
[1857544.041] {mesa egl surface queue}  -> wl_surface#23.damage_buffer(36, 324, 139, 127)
[1857544.843] {mesa egl surface queue}  -> wl_surface#23.commit()
[1857544.854] {mesa egl surface queue}  -> wl_display#1.sync(new id wl_callback#42)
[1857544.984] {Display Queue} wl_display#1.delete_id(42)
[1857563.763] {Display Queue} wl_display#1.delete_id(45)
[1857563.790] {Default Queue} wl_callback#45.done(2189082)
[1857564.287] {mesa egl surface queue} wl_callback#42.done(2189063)
[1857564.309] {mesa egl surface queue} wl_buffer#48.release()
[1857564.845]  -> wl_surface#23.frame(new id wl_callback#42)
[1857564.868] {mesa egl surface queue}  -> wl_surface#23.attach(wl_buffer#48, 0, 0)
[1857564.874] {mesa egl surface queue}  -> wl_surface#23.damage_buffer(687, 257, 5, 67)
[1857565.274] {mesa egl surface queue}  -> wl_surface#23.commit()
[1857565.285] {mesa egl surface queue}  -> wl_display#1.sync(new id wl_callback#45)
[1857565.426] {Display Queue} wl_display#1.delete_id(45)
[1857580.656] {Display Queue} wl_display#1.delete_id(42)
[1857580.682] {Default Queue} wl_callback#42.done(2189098)
[1857580.986] {mesa egl surface queue} wl_callback#45.done(2189083)
[1857580.997] {mesa egl surface queue} wl_buffer#48.release()
[1857581.397]  -> wl_surface#23.frame(new id wl_callback#45)
[1857581.415] {mesa egl surface queue}  -> wl_surface#23.attach(wl_buffer#48, 0, 0)
[1857581.422] {mesa egl surface queue}  -> wl_surface#23.damage_buffer(687, 257, 5, 67)
[1857581.910] {mesa egl surface queue}  -> wl_surface#23.commit()
[1857581.920] {mesa egl surface queue}  -> wl_display#1.sync(new id wl_callback#42)
[1857582.050] {Display Queue} wl_display#1.delete_id(42)
[1857599.148] {Display Queue} wl_display#1.delete_id(45)
[1857599.188] {Default Queue} wl_callback#45.done(2189117)
[1857599.776] {mesa egl surface queue} wl_callback#42.done(2189100)
[1857599.794] {mesa egl surface queue} wl_buffer#48.release()
[1857600.466]  -> wl_surface#23.frame(new id wl_callback#42)
[1857600.510] {mesa egl surface queue}  -> wl_surface#23.attach(wl_buffer#48, 0, 0)
[1857600.526] {mesa egl surface queue}  -> wl_surface#23.damage_buffer(687, 257, 5, 67)
[1857601.188] {mesa egl surface queue}  -> wl_surface#23.commit()
[1857601.200] {mesa egl surface queue}  -> wl_display#1.sync(new id wl_callback#45)
[1857601.334] {Display Queue} wl_display#1.delete_id(45)
[1857615.678] {Display Queue} wl_display#1.delete_id(42)
[1857615.705] {Default Queue} wl_callback#42.done(2189133)
[1857616.181] {mesa egl surface queue} wl_callback#45.done(2189119)
[1857616.202] {mesa egl surface queue} wl_buffer#48.release()
[1857616.847]  -> wl_surface#23.frame(new id wl_callback#45)
[1857616.885] {mesa egl surface queue}  -> wl_surface#23.attach(wl_buffer#48, 0, 0)
[1857616.897] {mesa egl surface queue}  -> wl_surface#23.damage_buffer(687, 257, 5, 67)
[1857617.374] {mesa egl surface queue}  -> wl_surface#23.commit()
[1857617.387] {mesa egl surface queue}  -> wl_display#1.sync(new id wl_callback#42)
[1857617.603] {Display Queue} wl_display#1.delete_id(42)
[1857688.208] {Display Queue} wl_display#1.delete_id(45)
[1857688.239] {Default Queue} wl_callback#45.done(2189206)
[1857688.841] {mesa egl surface queue} wl_callback#42.done(2189135)
[1857688.870] {mesa egl surface queue} wl_buffer#48.release()
[1857689.606]  -> wl_surface#23.frame(new id wl_callback#42)
[1857689.667] {mesa egl surface queue}  -> wl_surface#23.attach(wl_buffer#48, 0, 0)
[1857689.685] {mesa egl surface queue}  -> wl_surface#23.damage_buffer(687, 257, 5, 67)
[1857690.555] {mesa egl surface queue}  -> wl_surface#23.commit()
[1857690.576] {mesa egl surface queue}  -> wl_display#1.sync(new id wl_callback#45)
[1857690.893] {Display Queue} wl_display#1.delete_id(45)
[1857709.718] {Display Queue} wl_display#1.delete_id(42)
[1857709.748] {Default Queue} wl_callback#42.done(2189227)
[1857710.232] {mesa egl surface queue} wl_callback#45.done(2189209)
[1857710.249] {mesa egl surface queue} wl_buffer#48.release()
[1857710.780]  -> wl_surface#23.frame(new id wl_callback#45)
[1857710.817] {mesa egl surface queue}  -> wl_surface#23.attach(wl_buffer#48, 0, 0)
[1857710.828] {mesa egl surface queue}  -> wl_surface#23.damage_buffer(687, 257, 5, 67)
[1857711.329] {mesa egl surface queue}  -> wl_surface#23.commit()
[1857711.343] {mesa egl surface queue}  -> wl_display#1.sync(new id wl_callback#42)
[1857711.525] {Display Queue} wl_display#1.delete_id(42)
[1857732.009] {Display Queue} wl_display#1.delete_id(45)
[1857732.036] {Default Queue} wl_callback#45.done(2189250)
[1857732.519] {mesa egl surface queue} wl_callback#42.done(2189229)
[1857732.545] {mesa egl surface queue} wl_buffer#48.release()
[1857733.081]  -> wl_surface#23.frame(new id wl_callback#42)
[1857733.121] {mesa egl surface queue}  -> wl_surface#23.attach(wl_buffer#48, 0, 0)
[1857733.135] {mesa egl surface queue}  -> wl_surface#23.damage_buffer(687, 257, 5, 67)
[1857733.726] {mesa egl surface queue}  -> wl_surface#23.commit()
[1857733.744] {mesa egl surface queue}  -> wl_display#1.sync(new id wl_callback#45)
[1857733.920] {Display Queue} wl_display#1.delete_id(45)
[1857751.010] {Display Queue} wl_display#1.delete_id(42)
[1857751.037] {Default Queue} wl_callback#42.done(2189269)
[1857751.486] {mesa egl surface queue} wl_callback#45.done(2189252)
[1857751.505] {mesa egl surface queue} wl_buffer#48.release()
[1857751.997]  -> wl_surface#23.frame(new id wl_callback#45)
[1857752.026] {mesa egl surface queue}  -> wl_surface#23.attach(wl_buffer#48, 0, 0)
[1857752.035] {mesa egl surface queue}  -> wl_surface#23.damage_buffer(687, 257, 5, 67)
[1857752.455] {mesa egl surface queue}  -> wl_surface#23.commit()
[1857752.468] {mesa egl surface queue}  -> wl_display#1.sync(new id wl_callback#42)
[1857752.655] {Display Queue} wl_display#1.delete_id(42)
[1857768.184] {Display Queue} wl_display#1.delete_id(45)
[1857768.207] {Default Queue} wl_callback#45.done(2189286)
[1857768.615] {mesa egl surface queue} wl_callback#42.done(2189271)
[1857768.637] {mesa egl surface queue} wl_buffer#48.release()
[1857769.217]  -> wl_surface#23.frame(new id wl_callback#42)
[1857769.250] {mesa egl surface queue}  -> wl_surface#23.attach(wl_buffer#48, 0, 0)
[1857769.261] {mesa egl surface queue}  -> wl_surface#23.damage_buffer(687, 257, 5, 67)
[1857769.787] {mesa egl surface queue}  -> wl_surface#23.commit()
[1857769.805] {mesa egl surface queue}  -> wl_display#1.sync(new id wl_callback#45)
[1857769.959] {Display Queue} wl_display#1.delete_id(45)
[1857785.931] {Display Queue} wl_display#1.delete_id(42)
[1857785.960] {Default Queue} wl_callback#42.done(2189304)
[1857786.447] {mesa egl surface queue} wl_callback#45.done(2189288)
[1857786.471] {mesa egl surface queue} wl_buffer#48.release()
[1857787.109]  -> wl_surface#23.frame(new id wl_callback#45)
[1857787.166] {mesa egl surface queue}  -> wl_surface#23.attach(wl_buffer#48, 0, 0)
[1857787.221] {mesa egl surface queue}  -> wl_surface#23.damage_buffer(687, 257, 5, 67)
[1857787.565] {mesa egl surface queue}  -> wl_surface#23.commit()
[1857787.577] {mesa egl surface queue}  -> wl_display#1.sync(new id wl_callback#42)
[1857787.742] {Display Queue} wl_display#1.delete_id(42)
[1857804.253] {Display Queue} wl_display#1.delete_id(45)
[1857804.281] {Default Queue} wl_callback#45.done(2189322)
[1857804.759] {mesa egl surface queue} wl_callback#42.done(2189306)
[1857804.782] {mesa egl surface queue} wl_buffer#48.release()
[1857805.308]  -> wl_surface#23.frame(new id wl_callback#42)
[1857805.346] {mesa egl surface queue}  -> wl_surface#23.attach(wl_buffer#48, 0, 0)
[1857805.358] {mesa egl surface queue}  -> wl_surface#23.damage_buffer(687, 257, 5, 67)
[1857805.825] {mesa egl surface queue}  -> wl_surface#23.commit()
[1857805.843] {mesa egl surface queue}  -> wl_display#1.sync(new id wl_callback#45)
[1857805.984] {Display Queue} wl_display#1.delete_id(45)
[1857821.221] {Display Queue} wl_display#1.delete_id(42)
[1857821.249] {Default Queue} wl_callback#42.done(2189339)
[1857821.722] {mesa egl surface queue} wl_callback#45.done(2189324)
[1857821.740] {mesa egl surface queue} wl_buffer#48.release()
[1857822.184]  -> wl_surface#23.frame(new id wl_callback#45)
[1857822.214] {mesa egl surface queue}  -> wl_surface#23.attach(wl_buffer#48, 0, 0)
[1857822.225] {mesa egl surface queue}  -> wl_surface#23.damage_buffer(687, 257, 5, 67)
[1857822.607] {mesa egl surface queue}  -> wl_surface#23.commit()
[1857822.621] {mesa egl surface queue}  -> wl_display#1.sync(new id wl_callback#42)
[1857822.766] {Display Queue} wl_display#1.delete_id(42)
[1857836.196] {Display Queue} wl_display#1.delete_id(45)
[1857836.212] {Default Queue} wl_callback#45.done(2189354)
[1857836.545] {mesa egl surface queue} wl_callback#42.done(2189341)
[1857836.560] {mesa egl surface queue} wl_buffer#48.release()
[1857837.036]  -> wl_surface#23.frame(new id wl_callback#42)
[1857837.060] {mesa egl surface queue}  -> wl_surface#23.attach(wl_buffer#48, 0, 0)
[1857837.066] {mesa egl surface queue}  -> wl_surface#23.damage_buffer(687, 257, 5, 67)
[1857837.442] {mesa egl surface queue}  -> wl_surface#23.commit()
[1857837.454] {mesa egl surface queue}  -> wl_display#1.sync(new id wl_callback#45)
[1857837.599] {Display Queue} wl_display#1.delete_id(45)
[1857850.048] {Display Queue} wl_display#1.delete_id(42)
[1857850.077] {Default Queue} wl_callback#42.done(2189368)
[1857850.509] {mesa egl surface queue} wl_callback#45.done(2189355)
[1857850.521] {mesa egl surface queue} wl_buffer#48.release()
[1857851.003]  -> wl_surface#23.frame(new id wl_callback#45)
[1857851.021] {mesa egl surface queue}  -> wl_surface#23.attach(wl_buffer#48, 0, 0)
[1857851.026] {mesa egl surface queue}  -> wl_surface#23.damage_buffer(687, 257, 5, 67)
[1857851.397] {mesa egl surface queue}  -> wl_surface#23.commit()
[1857851.407] {mesa egl surface queue}  -> wl_display#1.sync(new id wl_callback#42)
[1857851.521] {Display Queue} wl_display#1.delete_id(42)
[1857863.241] {Display Queue} wl_display#1.delete_id(45)
[1857863.255] {Default Queue} wl_callback#45.done(2189381)
[1857863.538] {mesa egl surface queue} wl_callback#42.done(2189369)
[1857863.551] {mesa egl surface queue} wl_buffer#48.release()
[1857864.111]  -> wl_surface#23.frame(new id wl_callback#42)
[1857864.132] {mesa egl surface queue}  -> wl_surface#23.attach(wl_buffer#48, 0, 0)
[1857864.137] {mesa egl surface queue}  -> wl_surface#23.damage_buffer(687, 257, 5, 67)
[1857864.480] {mesa egl surface queue}  -> wl_surface#23.commit()
[1857864.491] {mesa egl surface queue}  -> wl_display#1.sync(new id wl_callback#45)
[1857864.605] {Display Queue} wl_display#1.delete_id(45)
[1857878.897] {Display Queue} wl_display#1.delete_id(42)
[1857878.924] {Default Queue} wl_callback#42.done(2189397)
[1857879.374] {mesa egl surface queue} wl_callback#45.done(2189383)
[1857879.398] {mesa egl surface queue} wl_buffer#48.release()
[1857879.943]  -> wl_surface#23.frame(new id wl_callback#45)
[1857879.981] {mesa egl surface queue}  -> wl_surface#23.attach(wl_buffer#48, 0, 0)
[1857880.010] {mesa egl surface queue}  -> wl_surface#23.damage_buffer(687, 257, 5, 67)
[1857880.323] {mesa egl surface queue}  -> wl_surface#23.commit()
[1857880.335] {mesa egl surface queue}  -> wl_display#1.sync(new id wl_callback#42)
[1857880.459] {Display Queue} wl_display#1.delete_id(42)
[1857897.824] {Display Queue} wl_display#1.delete_id(45)
[1857897.850] {Default Queue} wl_callback#45.done(2189416)
[1857898.283] {mesa egl surface queue} wl_callback#42.done(2189398)
[1857898.305] {mesa egl surface queue} wl_buffer#48.release()
[1857898.799]  -> wl_surface#23.frame(new id wl_callback#42)
[1857898.835] {mesa egl surface queue}  -> wl_surface#23.attach(wl_buffer#48, 0, 0)
[1857898.847] {mesa egl surface queue}  -> wl_surface#23.damage_buffer(687, 257, 5, 67)
[1857899.164] {mesa egl surface queue}  -> wl_surface#23.commit()
[1857899.177] {mesa egl surface queue}  -> wl_display#1.sync(new id wl_callback#45)
[1857899.298] {Display Queue} wl_display#1.delete_id(45)
[1857916.224] {Display Queue} wl_display#1.delete_id(42)
[1857916.251] {Default Queue} wl_callback#42.done(2189434)
[1857916.704] {mesa egl surface queue} wl_callback#45.done(2189417)
[1857916.727] {mesa egl surface queue} wl_buffer#48.release()
[1857917.315]  -> wl_surface#23.frame(new id wl_callback#45)
[1857917.355] {mesa egl surface queue}  -> wl_surface#23.attach(wl_buffer#48, 0, 0)
[1857917.369] {mesa egl surface queue}  -> wl_surface#23.damage_buffer(687, 257, 5, 67)
[1857917.830] {mesa egl surface queue}  -> wl_surface#23.commit()
[1857917.849] {mesa egl surface queue}  -> wl_display#1.sync(new id wl_callback#42)
[1857917.981] {Display Queue} wl_display#1.delete_id(42)
[1857935.197] {Display Queue} wl_display#1.delete_id(45)
[1857935.225] {Default Queue} wl_callback#45.done(2189453)
[1857935.633] {mesa egl surface queue} wl_callback#42.done(2189436)
[1857935.652] {mesa egl surface queue} wl_buffer#48.release()
[1857936.247]  -> wl_surface#23.frame(new id wl_callback#42)
[1857936.287] {mesa egl surface queue}  -> wl_surface#23.attach(wl_buffer#48, 0, 0)
[1857936.301] {mesa egl surface queue}  -> wl_surface#23.damage_buffer(687, 257, 5, 67)
[1857936.628] {mesa egl surface queue}  -> wl_surface#23.commit()
[1857936.642] {mesa egl surface queue}  -> wl_display#1.sync(new id wl_callback#45)
[1857936.776] {Display Queue} wl_display#1.delete_id(45)
[1857951.978] {Display Queue} wl_display#1.delete_id(42)
[1857952.005] {Default Queue} wl_callback#42.done(2189470)
[1857952.444] {mesa egl surface queue} wl_callback#45.done(2189455)
[1857952.463] {mesa egl surface queue} wl_buffer#48.release()
[1857952.935]  -> wl_surface#23.frame(new id wl_callback#45)
[1857952.967] {mesa egl surface queue}  -> wl_surface#23.attach(wl_buffer#48, 0, 0)
[1857952.977] {mesa egl surface queue}  -> wl_surface#23.damage_buffer(687, 257, 5, 67)
[1857953.332] {mesa egl surface queue}  -> wl_surface#23.commit()
[1857953.349] {mesa egl surface queue}  -> wl_display#1.sync(new id wl_callback#42)
[1857953.475] {Display Queue} wl_display#1.delete_id(42)
[1857970.176] {Display Queue} wl_display#1.delete_id(45)
[1857970.204] {Default Queue} wl_callback#45.done(2189488)
[1857970.641] {mesa egl surface queue} wl_callback#42.done(2189471)
[1857970.669] {mesa egl surface queue} wl_buffer#48.release()
[1857971.176]  -> wl_surface#23.frame(new id wl_callback#42)
[1857971.196] {mesa egl surface queue}  -> wl_surface#23.attach(wl_buffer#48, 0, 0)
[1857971.203] {mesa egl surface queue}  -> wl_surface#23.damage_buffer(687, 257, 5, 67)
[1857971.477] {mesa egl surface queue}  -> wl_surface#23.commit()
[1857971.487] {mesa egl surface queue}  -> wl_display#1.sync(new id wl_callback#45)
[1857971.602] {Display Queue} wl_display#1.delete_id(45)
[1857986.121] {Display Queue} wl_display#1.delete_id(42)
[1857986.149] {Default Queue} wl_callback#42.done(2189504)
[1857986.582] {mesa egl surface queue} wl_callback#45.done(2189490)
[1857986.606] {mesa egl surface queue} wl_buffer#48.release()
[1857987.249]  -> wl_surface#23.frame(new id wl_callback#45)
[1857987.288] {mesa egl surface queue}  -> wl_surface#23.attach(wl_buffer#48, 0, 0)
[1857987.320] {mesa egl surface queue}  -> wl_surface#23.damage_buffer(687, 257, 5, 67)
[1857987.783] {mesa egl surface queue}  -> wl_surface#23.commit()
[1857987.803] {mesa egl surface queue}  -> wl_display#1.sync(new id wl_callback#42)
[1857987.966] {Display Queue} wl_display#1.delete_id(42)
[1858004.644] {Display Queue} wl_display#1.delete_id(45)
[1858004.672] {Default Queue} wl_callback#45.done(2189522)
[1858005.086] {mesa egl surface queue} wl_callback#42.done(2189506)
[1858005.107] {mesa egl surface queue} wl_buffer#48.release()
[1858005.673]  -> wl_surface#23.frame(new id wl_callback#42)
[1858005.706] {mesa egl surface queue}  -> wl_surface#23.attach(wl_buffer#48, 0, 0)
[1858005.715] {mesa egl surface queue}  -> wl_surface#23.damage_buffer(687, 257, 5, 67)
[1858006.033] {mesa egl surface queue}  -> wl_surface#23.commit()
[1858006.048] {mesa egl surface queue}  -> wl_display#1.sync(new id wl_callback#45)
[1858006.179] {Display Queue} wl_display#1.delete_id(45)
[1858020.797] {Display Queue} wl_display#1.delete_id(42)
[1858020.831] {Default Queue} wl_callback#42.done(2189539)
[1858021.415] {mesa egl surface queue} wl_callback#45.done(2189524)
[1858021.450] {mesa egl surface queue} wl_buffer#48.release()
[1858022.149]  -> wl_surface#23.frame(new id wl_callback#45)
[1858022.211] {mesa egl surface queue}  -> wl_surface#23.attach(wl_buffer#48, 0, 0)
[1858022.230] {mesa egl surface queue}  -> wl_surface#23.damage_buffer(687, 257, 5, 67)
[1858022.831] {mesa egl surface queue}  -> wl_surface#23.commit()
[1858022.860] {mesa egl surface queue}  -> wl_display#1.sync(new id wl_callback#42)
[1858023.041] {Display Queue} wl_display#1.delete_id(42)
[1858040.302] {Display Queue} wl_display#1.delete_id(45)
[1858040.329] {Default Queue} wl_callback#45.done(2189558)
[1858040.803] {mesa egl surface queue} wl_callback#42.done(2189541)
[1858040.827] {mesa egl surface queue} wl_buffer#48.release()
[1858041.393]  -> wl_surface#23.frame(new id wl_callback#42)
[1858041.430] {mesa egl surface queue}  -> wl_surface#23.attach(wl_buffer#48, 0, 0)
[1858041.441] {mesa egl surface queue}  -> wl_surface#23.damage_buffer(687, 257, 5, 67)
[1858041.860] {mesa egl surface queue}  -> wl_surface#23.commit()
[1858041.876] {mesa egl surface queue}  -> wl_display#1.sync(new id wl_callback#45)
[1858042.036] {Display Queue} wl_display#1.delete_id(45)
[1858061.637] {Display Queue} wl_display#1.delete_id(42)
[1858061.666] {Default Queue} wl_callback#42.done(2189579)
[1858062.207] {mesa egl surface queue} wl_callback#45.done(2189560)
[1858062.232] {mesa egl surface queue} wl_buffer#48.release()
[1858062.726]  -> wl_surface#23.frame(new id wl_callback#45)
[1858062.763] {mesa egl surface queue}  -> wl_surface#23.attach(wl_buffer#48, 0, 0)
[1858062.773] {mesa egl surface queue}  -> wl_surface#23.damage_buffer(687, 257, 5, 67)
[1858063.262] {mesa egl surface queue}  -> wl_surface#23.commit()
[1858063.279] {mesa egl surface queue}  -> wl_display#1.sync(new id wl_callback#42)
[1858063.400] {Display Queue} wl_display#1.delete_id(42)
[1858079.696] {Display Queue} wl_display#1.delete_id(45)
[1858079.728] {Default Queue} wl_callback#45.done(2189597)
[1858080.272] {mesa egl surface queue} wl_callback#42.done(2189581)
[1858080.299] {mesa egl surface queue} wl_buffer#48.release()
[1858080.844]  -> wl_surface#23.frame(new id wl_callback#42)
[1858080.886] {mesa egl surface queue}  -> wl_surface#23.attach(wl_buffer#48, 0, 0)
[1858080.899] {mesa egl surface queue}  -> wl_surface#23.damage_buffer(687, 257, 5, 67)
[1858081.341] {mesa egl surface queue}  -> wl_surface#23.commit()
[1858081.355] {mesa egl surface queue}  -> wl_display#1.sync(new id wl_callback#45)
[1858081.493] {Display Queue} wl_display#1.delete_id(45)
[1858095.575] {Display Queue} wl_display#1.delete_id(42)
[1858095.603] {Default Queue} wl_callback#42.done(2189613)
[1858096.131] {mesa egl surface queue} wl_callback#45.done(2189599)
[1858096.154] {mesa egl surface queue} wl_buffer#48.release()
[1858096.684]  -> wl_surface#23.frame(new id wl_callback#45)
[1858096.723] {mesa egl surface queue}  -> wl_surface#23.attach(wl_buffer#48, 0, 0)
[1858096.754] {mesa egl surface queue}  -> wl_surface#23.damage_buffer(687, 257, 5, 67)
[1858097.142] {mesa egl surface queue}  -> wl_surface#23.commit()
[1858097.154] {mesa egl surface queue}  -> wl_display#1.sync(new id wl_callback#42)
[1858097.281] {Display Queue} wl_display#1.delete_id(42)
[1858113.755] {Display Queue} wl_display#1.delete_id(45)
[1858113.797] {Default Queue} wl_callback#45.done(2189632)
[1858114.258] {mesa egl surface queue} wl_callback#42.done(2189615)
[1858114.278] {mesa egl surface queue} wl_buffer#48.release()
[1858114.746]  -> wl_surface#23.frame(new id wl_callback#42)
[1858114.780] {mesa egl surface queue}  -> wl_surface#23.attach(wl_buffer#48, 0, 0)
[1858114.790] {mesa egl surface queue}  -> wl_surface#23.damage_buffer(687, 257, 5, 67)
[1858115.196] {mesa egl surface queue}  -> wl_surface#23.commit()
[1858115.208] {mesa egl surface queue}  -> wl_display#1.sync(new id wl_callback#45)
[1858115.321] {Display Queue} wl_display#1.delete_id(45)
[1858130.890] {Display Queue} wl_display#1.delete_id(42)
[1858130.913] {Default Queue} wl_callback#42.done(2189649)
[1858131.325] {mesa egl surface queue} wl_callback#45.done(2189633)
[1858131.345] {mesa egl surface queue} wl_buffer#48.release()
[1858131.861]  -> wl_surface#23.frame(new id wl_callback#45)
[1858131.895] {mesa egl surface queue}  -> wl_surface#23.attach(wl_buffer#48, 0, 0)
[1858131.905] {mesa egl surface queue}  -> wl_surface#23.damage_buffer(687, 257, 5, 67)
[1858132.260] {mesa egl surface queue}  -> wl_surface#23.commit()
[1858132.271] {mesa egl surface queue}  -> wl_display#1.sync(new id wl_callback#42)
[1858132.381] {Display Queue} wl_display#1.delete_id(42)
[1858144.477] {Display Queue} wl_display#1.delete_id(45)
[1858144.505] {Default Queue} wl_callback#45.done(2189662)
[1858144.967] {mesa egl surface queue} wl_callback#42.done(2189650)
[1858144.986] {mesa egl surface queue} wl_buffer#48.release()
[1858145.488]  -> wl_surface#23.frame(new id wl_callback#42)
[1858145.524] {mesa egl surface queue}  -> wl_surface#23.attach(wl_buffer#48, 0, 0)
[1858145.534] {mesa egl surface queue}  -> wl_surface#23.damage_buffer(687, 257, 5, 67)
[1858145.933] {mesa egl surface queue}  -> wl_surface#23.commit()
[1858145.945] {mesa egl surface queue}  -> wl_display#1.sync(new id wl_callback#45)
[1858146.096] {Display Queue} wl_display#1.delete_id(45)
[1858158.131] {Display Queue} wl_display#1.delete_id(42)
[1858158.167] {Default Queue} wl_callback#42.done(2189676)
[1858158.662] {mesa egl surface queue} wl_callback#45.done(2189664)
[1858158.683] {mesa egl surface queue} wl_buffer#48.release()
[1858159.280]  -> wl_surface#23.frame(new id wl_callback#45)
[1858159.317] {mesa egl surface queue}  -> wl_surface#23.attach(wl_buffer#48, 0, 0)
[1858159.327] {mesa egl surface queue}  -> wl_surface#23.damage_buffer(687, 257, 5, 67)
[1858159.693] {mesa egl surface queue}  -> wl_surface#23.commit()
[1858159.707] {mesa egl surface queue}  -> wl_display#1.sync(new id wl_callback#42)
[1858159.861] {Display Queue} wl_display#1.delete_id(42)
[1858175.832] {Display Queue} wl_display#1.delete_id(45)
[1858175.860] {Default Queue} wl_callback#45.done(2189694)
[1858176.349] {mesa egl surface queue} wl_callback#42.done(2189678)
[1858176.372] {mesa egl surface queue} wl_buffer#48.release()
[1858176.937]  -> wl_surface#23.frame(new id wl_callback#42)
[1858176.978] {mesa egl surface queue}  -> wl_surface#23.attach(wl_buffer#48, 0, 0)
[1858176.991] {mesa egl surface queue}  -> wl_surface#23.damage_buffer(687, 257, 5, 67)
[1858177.412] {mesa egl surface queue}  -> wl_surface#23.commit()
[1858177.428] {mesa egl surface queue}  -> wl_display#1.sync(new id wl_callback#45)
[1858177.599] {Display Queue} wl_display#1.delete_id(45)
[1858193.832] {Display Queue} wl_display#1.delete_id(42)
[1858193.861] {Default Queue} wl_callback#42.done(2189712)
[1858194.446] {mesa egl surface queue} wl_callback#45.done(2189695)
[1858194.471] {mesa egl surface queue} wl_buffer#48.release()
[1858194.895]  -> wl_surface#23.frame(new id wl_callback#45)
[1858194.959] {mesa egl surface queue}  -> wl_surface#23.attach(wl_buffer#48, 0, 0)
[1858194.972] {mesa egl surface queue}  -> wl_surface#23.damage_buffer(687, 257, 5, 67)
[1858195.354] {mesa egl surface queue}  -> wl_surface#23.commit()
[1858195.369] {mesa egl surface queue}  -> wl_display#1.sync(new id wl_callback#42)
[1858195.506] {Display Queue} wl_display#1.delete_id(42)
[1858211.089] {Display Queue} wl_display#1.delete_id(45)
[1858211.122] {Default Queue} wl_callback#45.done(2189729)
[1858211.657] {mesa egl surface queue} wl_callback#42.done(2189713)
[1858211.683] {mesa egl surface queue} wl_buffer#48.release()
[1858212.233]  -> wl_surface#23.frame(new id wl_callback#42)
[1858212.275] {mesa egl surface queue}  -> wl_surface#23.attach(wl_buffer#48, 0, 0)
[1858212.291] {mesa egl surface queue}  -> wl_surface#23.damage_buffer(687, 257, 5, 67)
[1858212.798] {mesa egl surface queue}  -> wl_surface#23.commit()
[1858212.813] {mesa egl surface queue}  -> wl_display#1.sync(new id wl_callback#45)
[1858212.955] {Display Queue} wl_display#1.delete_id(45)
[1858225.537] {Display Queue} wl_display#1.delete_id(42)
[1858225.599] {Default Queue} wl_callback#42.done(2189743)
[1858226.187] {mesa egl surface queue} wl_callback#45.done(2189731)
[1858226.215] {mesa egl surface queue} wl_buffer#48.release()
[1858226.664]  -> wl_surface#23.frame(new id wl_callback#45)
[1858226.705] {mesa egl surface queue}  -> wl_surface#23.attach(wl_buffer#48, 0, 0)
[1858226.717] {mesa egl surface queue}  -> wl_surface#23.damage_buffer(687, 257, 5, 67)
[1858227.119] {mesa egl surface queue}  -> wl_surface#23.commit()
[1858227.133] {mesa egl surface queue}  -> wl_display#1.sync(new id wl_callback#42)
[1858227.266] {Display Queue} wl_display#1.delete_id(42)
[1858240.415] {Display Queue} wl_display#1.delete_id(45)
[1858240.437] {Default Queue} wl_callback#45.done(2189758)
[1858240.879] {mesa egl surface queue} wl_callback#42.done(2189745)
[1858240.898] {mesa egl surface queue} wl_buffer#48.release()
[1858241.298]  -> wl_surface#23.frame(new id wl_callback#42)
[1858241.329] {mesa egl surface queue}  -> wl_surface#23.attach(wl_buffer#48, 0, 0)
[1858241.338] {mesa egl surface queue}  -> wl_surface#23.damage_buffer(687, 257, 5, 67)
[1858241.760] {mesa egl surface queue}  -> wl_surface#23.commit()
[1858241.774] {mesa egl surface queue}  -> wl_display#1.sync(new id wl_callback#45)
[1858241.897] {Display Queue} wl_display#1.delete_id(45)
[1858251.338] {Display Queue} wl_display#1.delete_id(42)
[1858251.356] {Default Queue} wl_callback#42.done(2189769)
[1858251.373] {Default Queue} wl_pointer#6.motion(2189762, 58.00000000, 33.00000000)
[1858251.386] {Default Queue} wl_pointer#6.frame()
[1858251.621] {Default Queue}  -> wp_cursor_shape_device_v1#21.set_shape(81, 1)
[1858252.315] {mesa egl surface queue} wl_callback#45.done(2189760)
[1858252.331] {mesa egl surface queue} wl_buffer#48.release()
[1858255.891]  -> wl_surface#23.frame(new id wl_callback#45)
[1858255.930] {mesa egl surface queue}  -> wl_surface#23.attach(wl_buffer#48, 0, 0)
[1858255.939] {mesa egl surface queue}  -> wl_surface#23.damage_buffer(21, 19, 77, 32)
[1858256.429] {mesa egl surface queue}  -> wl_surface#23.commit()
[1858256.440] {mesa egl surface queue}  -> wl_display#1.sync(new id wl_callback#42)
[1858257.754] {Display Queue} wl_display#1.delete_id(42)
[1858275.559] {Display Queue} wl_display#1.delete_id(45)
[1858275.586] {Default Queue} wl_callback#45.done(2189793)
[1858276.082] {mesa egl surface queue} wl_callback#42.done(2189776)
[1858276.107] {mesa egl surface queue} wl_buffer#48.release()
[1858276.483]  -> wl_surface#23.frame(new id wl_callback#42)
[1858276.498] {mesa egl surface queue}  -> wl_surface#23.attach(wl_buffer#48, 0, 0)
[1858276.502] {mesa egl surface queue}  -> wl_surface#23.damage_buffer(687, 257, 5, 67)
[1858276.833] {mesa egl surface queue}  -> wl_surface#23.commit()
[1858276.840] {mesa egl surface queue}  -> wl_display#1.sync(new id wl_callback#45)
[1858276.927] {Display Queue} wl_display#1.delete_id(45)
[1858285.493] {Display Queue} wl_display#1.delete_id(42)
[1858285.519] {Default Queue} wl_callback#42.done(2189803)
[1858306.308] {mesa egl surface queue} wl_callback#45.done(2189795)
[1858306.340] {mesa egl surface queue} wl_buffer#48.release()
[1858306.894]  -> wl_surface#23.frame(new id wl_callback#45)
[1858306.934] {mesa egl surface queue}  -> wl_surface#23.attach(wl_buffer#48, 0, 0)
[1858306.946] {mesa egl surface queue}  -> wl_surface#23.damage_buffer(687, 257, 5, 67)
[1858307.350] {mesa egl surface queue}  -> wl_surface#23.commit()
[1858307.366] {mesa egl surface queue}  -> wl_display#1.sync(new id wl_callback#42)
[1858307.537] {Display Queue} wl_display#1.delete_id(42)
[1858322.132] {Display Queue} wl_display#1.delete_id(45)
[1858322.167] {Default Queue} wl_callback#45.done(2189840)
[1858372.219] {mesa egl surface queue} wl_callback#42.done(2189825)
[1858372.253] {mesa egl surface queue} wl_buffer#48.release()
[1858372.605]  -> wl_surface#23.frame(new id wl_callback#42)
[1858372.647] {mesa egl surface queue}  -> wl_surface#23.attach(wl_buffer#48, 0, 0)
[1858372.660] {mesa egl surface queue}  -> wl_surface#23.damage_buffer(687, 257, 5, 67)
[1858373.340] {mesa egl surface queue}  -> wl_surface#23.commit()
[1858373.358] {mesa egl surface queue}  -> wl_display#1.sync(new id wl_callback#45)
[1858373.539] {Display Queue} wl_display#1.delete_id(45)
[1858390.575] {Display Queue} wl_display#1.delete_id(42)
[1858390.596] {Default Queue} wl_callback#42.done(2189908)
[1858752.471] {Default Queue}  -> wl_compositor#4.create_surface(new id wl_surface#42)
[1858752.534] {Default Queue}  -> wp_viewporter#11.get_viewport(new id wp_viewport#37, wl_surface#42)
Not using GL: renderer is llvmpipe
Using renderer 'GskGLRenderer' for surface 'GdkWaylandPopup'
[1858776.361] {Default Queue}  -> xdg_wm_base#20.create_positioner(new id xdg_positioner#51)
[1858776.378] {Default Queue}  -> xdg_positioner#51.set_size(153, 32)
[1858776.386] {Default Queue}  -> xdg_positioner#51.set_anchor_rect(2, 2, 87, 42)
[1858776.392] {Default Queue}  -> xdg_positioner#51.set_offset(0, 0)
[1858776.398] {Default Queue}  -> xdg_positioner#51.set_anchor(2)
[1858776.403] {Default Queue}  -> xdg_positioner#51.set_gravity(2)
[1858776.407] {Default Queue}  -> xdg_positioner#51.set_constraint_adjustment(9)
[1858776.413] {Default Queue}  -> xdg_positioner#51.set_reactive()
[1858776.419] {Default Queue}  -> xdg_wm_base#20.get_xdg_surface(new id xdg_surface#41, wl_surface#42)
[1858776.427]  -> xdg_surface#41.get_popup(new id xdg_popup#36, xdg_surface#30, xdg_positioner#51)
[1858776.434] {Default Queue}  -> xdg_positioner#51.destroy()
[1858776.440]  -> wl_surface#42.commit()
[1858776.817] {Display Queue} wl_display#1.delete_id(51)
[1858776.836] xdg_popup#36.configure(-31, 44, 153, 32)
[1858776.847] xdg_surface#41.configure(92)
[1858776.880]  -> xdg_surface#41.ack_configure(92)
[1858776.899] {Default Queue}  -> xdg_wm_base#20.create_positioner(new id xdg_positioner#51)
[1858776.908] {Default Queue}  -> xdg_positioner#51.set_size(1, 1)
[1858776.917] {Default Queue}  -> xdg_positioner#51.set_anchor_rect(2, 2, 87, 42)
[1858776.927] {Default Queue}  -> xdg_positioner#51.set_offset(0, 0)
[1858776.935] {Default Queue}  -> xdg_positioner#51.set_anchor(2)
[1858776.943] {Default Queue}  -> xdg_positioner#51.set_gravity(2)
[1858776.951] {Default Queue}  -> xdg_positioner#51.set_constraint_adjustment(9)
[1858776.958] {Default Queue}  -> xdg_positioner#51.set_reactive()
[1858776.966] {Default Queue}  -> xdg_positioner#51.set_parent_size(700, 460)
[1858776.975] {Default Queue}  -> xdg_positioner#51.set_parent_configure(91)
[1858776.984]  -> xdg_popup#36.reposition(xdg_positioner#51, 1)
[1858776.993] {Default Queue}  -> xdg_positioner#51.destroy()
[1858777.164] {Display Queue} wl_display#1.delete_id(51)
[1858777.169] xdg_popup#36.repositioned(1)
[1858777.173] xdg_popup#36.configure(45, 44, 1, 1)
[1858777.176] xdg_surface#41.configure(93)
[1858777.180]  -> xdg_surface#41.ack_configure(93)
[1858777.391] {Default Queue}  -> xdg_wm_base#20.create_positioner(new id xdg_positioner#51)
[1858777.397] {Default Queue}  -> xdg_positioner#51.set_size(153, 32)
[1858777.401] {Default Queue}  -> xdg_positioner#51.set_anchor_rect(2, 2, 87, 42)
[1858777.418] {Default Queue}  -> xdg_positioner#51.set_offset(0, 0)
[1858777.422] {Default Queue}  -> xdg_positioner#51.set_anchor(2)
[1858777.425] {Default Queue}  -> xdg_positioner#51.set_gravity(2)
[1858777.428] {Default Queue}  -> xdg_positioner#51.set_constraint_adjustment(9)
[1858777.431] {Default Queue}  -> xdg_positioner#51.set_reactive()
[1858777.434] {Default Queue}  -> xdg_positioner#51.set_parent_size(700, 460)
[1858777.438] {Default Queue}  -> xdg_positioner#51.set_parent_configure(91)
[1858777.441]  -> xdg_popup#36.reposition(xdg_positioner#51, 2)
[1858777.444] {Default Queue}  -> xdg_positioner#51.destroy()
[1858801.514] {Display Queue} wl_display#1.delete_id(51)
[1858801.547] xdg_popup#36.repositioned(2)
[1858801.613] xdg_popup#36.configure(-31, 44, 153, 32)
[1858801.627] xdg_surface#41.configure(94)
[1858801.638]  -> xdg_surface#41.ack_configure(94)
[1858802.178] {mesa egl swrast display queue}  -> wl_shm#27.create_pool(new id wl_shm_pool#51, fd 18, 19584)
[1858802.199] {mesa egl surface queue}  -> wl_shm_pool#51.create_buffer(new id wl_buffer#55, 0, 153, 32, 612, 0)
[1858802.210] {mesa egl surface queue}  -> wl_shm_pool#51.destroy()
[1858826.758]  -> xdg_surface#41.set_window_geometry(0, 0, 153, 32)
[1858826.768] {Default Queue}  -> wp_viewport#37.set_destination(153, 32)
[1858826.773]  -> wl_surface#42.frame(new id wl_callback#49)
[1858826.799] {mesa egl surface queue}  -> wl_surface#42.attach(wl_buffer#55, 0, 0)
[1858826.803] {mesa egl surface queue}  -> wl_surface#42.damage_buffer(0, 0, 153, 32)
[1858833.688] {mesa egl surface queue}  -> wl_surface#42.commit()
[1858833.698] {mesa egl surface queue}  -> wl_display#1.sync(new id wl_callback#54)
[1858844.024] {Display Queue} wl_display#1.delete_id(51)
[1858844.053] {Display Queue} wl_display#1.delete_id(54)
[1858888.474] {Display Queue} wl_display#1.delete_id(49)
[1858888.498] {Default Queue} wl_callback#49.done(2190406)
[1859513.167] {mesa egl surface queue} wl_callback#45.done(2189891)
[1859513.206] {mesa egl surface queue} wl_buffer#48.release()
[1859514.641]  -> wl_surface#23.frame(new id wl_callback#45)
[1859514.726] {mesa egl surface queue}  -> wl_surface#23.attach(wl_buffer#48, 0, 0)
[1859514.741] {mesa egl surface queue}  -> wl_surface#23.damage_buffer(687, 257, 5, 67)
[1859515.266] {mesa egl surface queue}  -> wl_surface#23.commit()
[1859515.281] {mesa egl surface queue}  -> wl_display#1.sync(new id wl_callback#49)
[1859515.496] {Display Queue} wl_display#1.delete_id(49)
[1859539.902] {Display Queue} wl_display#1.delete_id(45)
[1859539.926] {Default Queue} wl_callback#45.done(2191058)
[1859546.303] {mesa egl surface queue} wl_callback#49.done(2191033)
[1859546.329] {mesa egl surface queue} wl_buffer#48.release()
[1859546.817]  -> wl_surface#23.frame(new id wl_callback#49)
[1859546.865] {mesa egl surface queue}  -> wl_surface#23.attach(wl_buffer#48, 0, 0)
[1859546.877] {mesa egl surface queue}  -> wl_surface#23.damage_buffer(687, 257, 5, 67)
[1859547.342] {mesa egl surface queue}  -> wl_surface#23.commit()
[1859547.351] {mesa egl surface queue}  -> wl_display#1.sync(new id wl_callback#45)
[1859547.618] {Display Queue} wl_display#1.delete_id(45)
[1859581.272] {Display Queue} wl_display#1.delete_id(49)
[1859581.303] {Default Queue} wl_callback#49.done(2191099)
[1859596.540] {mesa egl surface queue} wl_callback#45.done(2191065)
[1859596.572] {mesa egl surface queue} wl_buffer#48.release()
[1859597.271]  -> wl_surface#23.frame(new id wl_callback#45)
[1859597.334] {mesa egl surface queue}  -> wl_surface#23.attach(wl_buffer#48, 0, 0)
[1859597.348] {mesa egl surface queue}  -> wl_surface#23.damage_buffer(687, 257, 5, 67)
[1859597.873] {mesa egl surface queue}  -> wl_surface#23.commit()
[1859597.891] {mesa egl surface queue}  -> wl_display#1.sync(new id wl_callback#49)
[1859598.166] {Display Queue} wl_display#1.delete_id(49)
[1859621.643] {Display Queue} wl_display#1.delete_id(45)
[1859621.662] {Default Queue} wl_callback#45.done(2191139)
[1859629.814] {mesa egl surface queue} wl_callback#49.done(2191116)
[1859629.850] {mesa egl surface queue} wl_buffer#48.release()
[1859630.232]  -> wl_surface#23.frame(new id wl_callback#49)
[1859630.257] {mesa egl surface queue}  -> wl_surface#23.attach(wl_buffer#48, 0, 0)
[1859630.263] {mesa egl surface queue}  -> wl_surface#23.damage_buffer(687, 257, 5, 67)
[1859630.759] {mesa egl surface queue}  -> wl_surface#23.commit()
[1859630.773] {mesa egl surface queue}  -> wl_display#1.sync(new id wl_callback#45)
[1859630.917] {Display Queue} wl_display#1.delete_id(45)
[1859724.160] {Display Queue} wl_display#1.delete_id(49)
[1859724.190] {Default Queue} wl_callback#49.done(2191242)
[1859729.751] {mesa egl surface queue} wl_callback#45.done(2191149)
[1859729.784] {mesa egl surface queue} wl_buffer#48.release()
[1859730.352]  -> wl_surface#23.frame(new id wl_callback#45)
[1859730.396] {mesa egl surface queue}  -> wl_surface#23.attach(wl_buffer#48, 0, 0)
[1859730.409] {mesa egl surface queue}  -> wl_surface#23.damage_buffer(687, 257, 5, 67)
[1859731.022] {mesa egl surface queue}  -> wl_surface#23.commit()
[1859731.042] {mesa egl surface queue}  -> wl_display#1.sync(new id wl_callback#49)
[1859731.232] {Display Queue} wl_display#1.delete_id(49)
[1859801.764] {Display Queue} wl_display#1.delete_id(45)
[1859801.788] {Default Queue} wl_callback#45.done(2191319)
[1859812.717] {mesa egl surface queue} wl_callback#49.done(2191249)
[1859812.749] {mesa egl surface queue} wl_buffer#48.release()
[1859813.378]  -> wl_surface#23.frame(new id wl_callback#49)
[1859813.422] {mesa egl surface queue}  -> wl_surface#23.attach(wl_buffer#48, 0, 0)
[1859813.434] {mesa egl surface queue}  -> wl_surface#23.damage_buffer(687, 257, 5, 67)
[1859814.076] {mesa egl surface queue}  -> wl_surface#23.commit()
[1859814.097] {mesa egl surface queue}  -> wl_display#1.sync(new id wl_callback#45)
[1859814.297] {Display Queue} wl_display#1.delete_id(45)
[1859853.203] {Display Queue} wl_display#1.delete_id(49)
[1859853.227] {Default Queue} wl_callback#49.done(2191371)
[1859863.179] {mesa egl surface queue} wl_callback#45.done(2191332)
[1859863.211] {mesa egl surface queue} wl_buffer#48.release()
[1859863.965]  -> wl_surface#23.frame(new id wl_callback#45)
[1859864.025] {mesa egl surface queue}  -> wl_surface#23.attach(wl_buffer#48, 0, 0)
[1859864.040] {mesa egl surface queue}  -> wl_surface#23.damage_buffer(687, 257, 5, 67)
[1859864.514] {mesa egl surface queue}  -> wl_surface#23.commit()
[1859864.533] {mesa egl surface queue}  -> wl_display#1.sync(new id wl_callback#49)
[1859864.725] {Display Queue} wl_display#1.delete_id(49)
[1859902.938] {Display Queue} wl_display#1.delete_id(45)
[1859902.966] {Default Queue} wl_callback#45.done(2191421)
[1859913.471] {mesa egl surface queue} wl_callback#49.done(2191383)
[1859913.504] {mesa egl surface queue} wl_buffer#48.release()
[1859914.261]  -> wl_surface#23.frame(new id wl_callback#49)
[1859914.318] {mesa egl surface queue}  -> wl_surface#23.attach(wl_buffer#48, 0, 0)
[1859914.333] {mesa egl surface queue}  -> wl_surface#23.damage_buffer(687, 257, 5, 67)
[1859914.766] {mesa egl surface queue}  -> wl_surface#23.commit()
[1859914.781] {mesa egl surface queue}  -> wl_display#1.sync(new id wl_callback#45)
[1859914.980] {Display Queue} wl_display#1.delete_id(45)
[1859953.042] {Display Queue} wl_display#1.delete_id(49)
[1859953.088] {Default Queue} wl_callback#49.done(2191471)
[1859963.169] {mesa egl surface queue} wl_callback#45.done(2191433)
[1859963.205] {mesa egl surface queue} wl_buffer#48.release()
[1859963.881]  -> wl_surface#23.frame(new id wl_callback#45)
[1859963.931] {mesa egl surface queue}  -> wl_surface#23.attach(wl_buffer#48, 0, 0)
[1859963.949] {mesa egl surface queue}  -> wl_surface#23.damage_buffer(687, 257, 5, 67)
[1859964.708] {mesa egl surface queue}  -> wl_surface#23.commit()
[1859964.730] {mesa egl surface queue}  -> wl_display#1.sync(new id wl_callback#49)
[1859964.955] {Display Queue} wl_display#1.delete_id(49)
[1860000.649] {Display Queue} wl_display#1.delete_id(45)
[1860000.680] {Default Queue} wl_callback#45.done(2191518)
[1860013.432] {mesa egl surface queue} wl_callback#49.done(2191483)
[1860013.489] {mesa egl surface queue} wl_buffer#48.release()
[1860014.129]  -> wl_surface#23.frame(new id wl_callback#49)
[1860014.176] {mesa egl surface queue}  -> wl_surface#23.attach(wl_buffer#48, 0, 0)
[1860014.190] {mesa egl surface queue}  -> wl_surface#23.damage_buffer(687, 257, 5, 67)
[1860014.795] {mesa egl surface queue}  -> wl_surface#23.commit()
[1860014.818] {mesa egl surface queue}  -> wl_display#1.sync(new id wl_callback#45)
[1860015.042] {Display Queue} wl_display#1.delete_id(45)
[1860041.057] {Display Queue} wl_display#1.delete_id(49)
[1860041.086] {Default Queue} wl_callback#49.done(2191559)
[1860046.693] {mesa egl surface queue} wl_callback#45.done(2191533)
[1860046.729] {mesa egl surface queue} wl_buffer#48.release()
[1860047.474]  -> wl_surface#23.frame(new id wl_callback#45)
[1860047.518] {mesa egl surface queue}  -> wl_surface#23.attach(wl_buffer#48, 0, 0)
[1860047.532] {mesa egl surface queue}  -> wl_surface#23.damage_buffer(687, 257, 5, 67)
[1860047.919] {mesa egl surface queue}  -> wl_surface#23.commit()
[1860047.935] {mesa egl surface queue}  -> wl_display#1.sync(new id wl_callback#49)
[1860048.142] {Display Queue} wl_display#1.delete_id(49)
[1860083.795] {Display Queue} wl_display#1.delete_id(45)
[1860083.825] {Default Queue} wl_callback#45.done(2191602)
[1860096.473] {mesa egl surface queue} wl_callback#49.done(2191566)
[1860096.508] {mesa egl surface queue} wl_buffer#48.release()
[1860097.126]  -> wl_surface#23.frame(new id wl_callback#49)
[1860097.171] {mesa egl surface queue}  -> wl_surface#23.attach(wl_buffer#48, 0, 0)
[1860097.184] {mesa egl surface queue}  -> wl_surface#23.damage_buffer(687, 257, 5, 67)
[1860097.535] {mesa egl surface queue}  -> wl_surface#23.commit()
[1860097.550] {mesa egl surface queue}  -> wl_display#1.sync(new id wl_callback#45)
[1860097.827] {Display Queue} wl_display#1.delete_id(45)
[1860122.772] {Display Queue} wl_display#1.delete_id(49)
[1860122.801] {Default Queue} wl_callback#49.done(2191641)
[1860129.508] {mesa egl surface queue} wl_callback#45.done(2191616)
[1860129.543] {mesa egl surface queue} wl_buffer#48.release()
[1860130.358]  -> wl_surface#23.frame(new id wl_callback#45)
[1860130.444] {mesa egl surface queue}  -> wl_surface#23.attach(wl_buffer#48, 0, 0)
[1860130.458] {mesa egl surface queue}  -> wl_surface#23.damage_buffer(687, 257, 5, 67)
[1860131.151] {mesa egl surface queue}  -> wl_surface#23.commit()
[1860131.164] {mesa egl surface queue}  -> wl_display#1.sync(new id wl_callback#49)
[1860131.468] {Display Queue} wl_display#1.delete_id(49)
[1860167.966] {Display Queue} wl_display#1.delete_id(45)
[1860167.999] {Default Queue} wl_callback#45.done(2191686)
[1860179.570] {mesa egl surface queue} wl_callback#49.done(2191649)
[1860179.607] {mesa egl surface queue} wl_buffer#48.release()
[1860180.288]  -> wl_surface#23.frame(new id wl_callback#49)
[1860180.336] {mesa egl surface queue}  -> wl_surface#23.attach(wl_buffer#48, 0, 0)
[1860180.349] {mesa egl surface queue}  -> wl_surface#23.damage_buffer(687, 257, 5, 67)
[1860180.904] {mesa egl surface queue}  -> wl_surface#23.commit()
[1860180.921] {mesa egl surface queue}  -> wl_display#1.sync(new id wl_callback#45)
[1860181.076] {Display Queue} wl_display#1.delete_id(45)
[1860205.723] {Display Queue} wl_display#1.delete_id(49)
[1860205.746] {Default Queue} wl_callback#49.done(2191724)
[1860212.845] {mesa egl surface queue} wl_callback#45.done(2191699)
[1860212.879] {mesa egl surface queue} wl_buffer#48.release()
[1860213.377]  -> wl_surface#23.frame(new id wl_callback#45)
[1860213.409] {mesa egl surface queue}  -> wl_surface#23.attach(wl_buffer#48, 0, 0)
[1860213.419] {mesa egl surface queue}  -> wl_surface#23.damage_buffer(687, 257, 5, 67)
[1860213.850] {mesa egl surface queue}  -> wl_surface#23.commit()
[1860213.863] {mesa egl surface queue}  -> wl_display#1.sync(new id wl_callback#49)
[1860213.979] {Display Queue} wl_display#1.delete_id(49)
[1860251.274] {Display Queue} wl_display#1.delete_id(45)
[1860251.300] {Default Queue} wl_callback#45.done(2191769)
[1860263.467] {mesa egl surface queue} wl_callback#49.done(2191732)
[1860263.499] {mesa egl surface queue} wl_buffer#48.release()
[1860264.322]  -> wl_surface#23.frame(new id wl_callback#49)
[1860264.399] {mesa egl surface queue}  -> wl_surface#23.attach(wl_buffer#48, 0, 0)
[1860264.427] {mesa egl surface queue}  -> wl_surface#23.damage_buffer(687, 257, 5, 67)
[1860265.180] {mesa egl surface queue}  -> wl_surface#23.commit()
[1860265.203] {mesa egl surface queue}  -> wl_display#1.sync(new id wl_callback#45)
[1860265.403] {Display Queue} wl_display#1.delete_id(45)
[1860291.796] {Display Queue} wl_display#1.delete_id(49)
[1860291.826] {Default Queue} wl_callback#49.done(2191810)
[1860296.435] {mesa egl surface queue} wl_callback#45.done(2191783)
[1860296.471] {mesa egl surface queue} wl_buffer#48.release()
[1860297.098]  -> wl_surface#23.frame(new id wl_callback#45)
[1860297.154] {mesa egl surface queue}  -> wl_surface#23.attach(wl_buffer#48, 0, 0)
[1860297.164] {mesa egl surface queue}  -> wl_surface#23.damage_buffer(687, 257, 5, 67)
[1860297.769] {mesa egl surface queue}  -> wl_surface#23.commit()
[1860297.784] {mesa egl surface queue}  -> wl_display#1.sync(new id wl_callback#49)
[1860297.937] {Display Queue} wl_display#1.delete_id(49)
[1860502.544] {Display Queue} wl_display#1.delete_id(45)
[1860502.574] {Default Queue} wl_callback#45.done(2192020)
[1860513.128] {mesa egl surface queue} wl_callback#49.done(2191816)
[1860513.159] {mesa egl surface queue} wl_buffer#48.release()
[1860513.725]  -> wl_surface#23.frame(new id wl_callback#49)
[1860513.766] {mesa egl surface queue}  -> wl_surface#23.attach(wl_buffer#48, 0, 0)
[1860513.781] {mesa egl surface queue}  -> wl_surface#23.damage_buffer(36, 257, 139, 67)
[1860513.792] {mesa egl surface queue}  -> wl_surface#23.damage_buffer(687, 257, 5, 67)
[1860513.802] {mesa egl surface queue}  -> wl_surface#23.damage_buffer(36, 324, 139, 127)
[1860514.741] {mesa egl surface queue}  -> wl_surface#23.commit()
[1860514.761] {mesa egl surface queue}  -> wl_display#1.sync(new id wl_callback#45)
[1860514.966] {Display Queue} wl_display#1.delete_id(45)
[1860584.426] {Display Queue} wl_display#1.delete_id(49)
[1860584.457] {Default Queue} wl_callback#49.done(2192102)
[1915747.537] {Default Queue} wl_pointer#6.motion(2247265, 173.00000000, 127.00000000)
[1915747.600] {Default Queue} wl_pointer#6.frame()
[1915748.013] {Default Queue}  -> wp_cursor_shape_device_v1#21.set_shape(81, 9)
[1915748.216]  -> xdg_popup#36.destroy()
[1915748.234]  -> xdg_surface#41.destroy()
[1915748.244]  -> wl_surface#42.attach(nil, 0, 0)
[1915748.254]  -> wl_surface#42.commit()
[1915748.938] {mesa egl surface queue} wl_callback#45.done(2192033)
[1915748.960] {mesa egl surface queue} wl_buffer#48.release()
[1915758.306]  -> wl_surface#23.frame(new id wl_callback#45)
[1915758.380] {mesa egl surface queue}  -> wl_surface#23.attach(wl_buffer#48, 0, 0)
[1915758.393] {mesa egl surface queue}  -> wl_surface#23.damage_buffer(21, 19, 77, 32)
[1915758.920] {mesa egl surface queue}  -> wl_surface#23.commit()
[1915758.931] {mesa egl surface queue}  -> wl_display#1.sync(new id wl_callback#49)
[1915777.384] {Display Queue} wl_display#1.delete_id(36)
[1915777.413] {Display Queue} wl_display#1.delete_id(41)
[1915777.419] {Display Queue} wl_display#1.delete_id(49)
[1915795.318] {Display Queue} wl_display#1.delete_id(45)
[1915795.336] {Default Queue} wl_callback#45.done(2247313)
[1915795.794] {Default Queue} wl_pointer#6.button(95, 2247314, 272, 1)
[1915795.809] {Default Queue} xdg_wm_base#20.ping(96)
[1915795.817] {Default Queue}  -> xdg_wm_base#20.pong(96)
[1915795.820] {Default Queue} wl_pointer#6.frame()
[1915796.086] {Default Queue}  -> zwp_text_input_v3#34.enable()
[1915796.108] {Default Queue}  -> zwp_text_input_v3#34.set_surrounding_text("q587 clipboard Ω 日本語", 27, 0)
[1915796.115] {Default Queue}  -> zwp_text_input_v3#34.set_text_change_cause(1)
[1915796.124] {Default Queue}  -> zwp_text_input_v3#34.set_content_type(0, 0)
[1915796.148] {Default Queue}  -> zwp_text_input_v3#34.set_cursor_rectangle(190, 112, 0, 32)
[1915796.174] {Default Queue}  -> zwp_text_input_v3#34.commit()
[1915796.236] {Default Queue}  -> zwp_text_input_v3#34.set_surrounding_text("q587 clipboard Ω 日本語", 27, 0)
[1915796.241] {Default Queue}  -> zwp_text_input_v3#34.set_text_change_cause(1)
[1915796.246] {Default Queue}  -> zwp_text_input_v3#34.set_content_type(0, 0)
[1915796.251] {Default Queue}  -> zwp_text_input_v3#34.set_cursor_rectangle(190, 112, 0, 32)
[1915796.255] {Default Queue}  -> zwp_text_input_v3#34.commit()
[1915815.889] {mesa egl surface queue} wl_callback#49.done(2247295)
[1915815.915] {mesa egl surface queue} wl_buffer#48.release()
[1915816.546]  -> wl_surface#23.frame(new id wl_callback#49)
[1915816.580] {mesa egl surface queue}  -> wl_surface#23.attach(wl_buffer#48, 0, 0)
[1915816.589] {mesa egl surface queue}  -> wl_surface#23.damage_buffer(45, 119, 146, 18)
[1915817.426] {mesa egl surface queue}  -> wl_surface#23.commit()
[1915817.442] {mesa egl surface queue}  -> wl_display#1.sync(new id wl_callback#45)
[1915858.085] {Display Queue} wl_display#1.delete_id(45)
[1915858.118] {Default Queue} wl_pointer#6.button(97, 2247358, 272, 0)
[1915858.140] {Default Queue} wl_pointer#6.frame()
[1915873.835] {Display Queue} wl_display#1.delete_id(49)
[1915873.861] {Default Queue} wl_callback#49.done(2247392)
[1915874.573] {mesa egl surface queue} wl_callback#45.done(2247376)
[1915874.589] {mesa egl surface queue} wl_buffer#48.release()
[1915875.065]  -> wl_surface#23.frame(new id wl_callback#45)
[1915875.098] {mesa egl surface queue}  -> wl_surface#23.attach(wl_buffer#48, 0, 0)
[1915875.108] {mesa egl surface queue}  -> wl_surface#23.damage_buffer(33, 108, 662, 40)
[1915876.258] {mesa egl surface queue}  -> wl_surface#23.commit()
[1915876.273] {mesa egl surface queue}  -> wl_display#1.sync(new id wl_callback#49)
[1915876.391] {Display Queue} wl_display#1.delete_id(49)
[1915891.329] {Display Queue} wl_display#1.delete_id(45)
[1915891.352] {Default Queue} wl_callback#45.done(2247409)
[1915891.711] {mesa egl surface queue} wl_callback#49.done(2247394)
[1915891.728] {mesa egl surface queue} wl_buffer#48.release()
[1915892.115]  -> wl_surface#23.frame(new id wl_callback#49)
[1915892.147] {mesa egl surface queue}  -> wl_surface#23.attach(wl_buffer#48, 0, 0)
[1915892.157] {mesa egl surface queue}  -> wl_surface#23.damage_buffer(33, 108, 662, 40)
[1915893.105] {mesa egl surface queue}  -> wl_surface#23.commit()
[1915893.121] {mesa egl surface queue}  -> wl_display#1.sync(new id wl_callback#45)
[1915893.233] {Display Queue} wl_display#1.delete_id(45)
[1915907.740] {Display Queue} wl_display#1.delete_id(49)
[1915907.762] {Default Queue} wl_callback#49.done(2247426)
[1915907.782] {Default Queue} wl_keyboard#22.key(98, 2247414, 29, 1)
[1915907.828] {Default Queue} wl_keyboard#22.modifiers(100, 4, 0, 0, 0)
[1915907.860] {Default Queue} wl_keyboard#22.key(101, 2247414, 30, 1)
[1915907.986] {Default Queue}  -> wl_surface#17.attach(nil, 0, 0)
[1915908.002] {Default Queue}  -> wl_surface#17.commit()
[1915908.010] {Default Queue}  -> wl_pointer#6.set_cursor(81, wl_surface#17, 0, 0)
[1915909.788] {Default Queue}  -> zwp_primary_selection_device_manager_v1#12.create_source(new id zwp_primary_selection_source_v1#49)
[1915909.814] {Default Queue}  -> zwp_primary_selection_source_v1#49.offer("text/plain;charset=utf-8")
[1915909.824] {Default Queue}  -> zwp_primary_selection_source_v1#49.offer("text/plain")
[1915909.833] {Default Queue}  -> zwp_primary_selection_device_v1#15.set_selection(zwp_primary_selection_source_v1#49, 101)
[1915910.394] {mesa egl surface queue} wl_callback#45.done(2247411)
[1915910.412] {mesa egl surface queue} wl_buffer#48.release()
[1915910.976]  -> wl_surface#23.frame(new id wl_callback#45)
[1915911.007] {mesa egl surface queue}  -> wl_surface#23.attach(wl_buffer#48, 0, 0)
[1915911.016] {mesa egl surface queue}  -> wl_surface#23.damage_buffer(34, 109, 660, 38)
[1915911.894] {mesa egl surface queue}  -> wl_surface#23.commit()
[1915911.910] {mesa egl surface queue}  -> wl_display#1.sync(new id wl_callback#41)
[1915912.026] {Default Queue} zwp_primary_selection_device_v1#15.data_offer(new id zwp_primary_selection_offer_v1#4278190080)
[1915912.057] {Default Queue} zwp_primary_selection_offer_v1#4278190080.offer("text/plain;charset=utf-8")
[1915912.067] {Default Queue} zwp_primary_selection_offer_v1#4278190080.offer("text/plain")
[1915912.073] {Default Queue} zwp_primary_selection_device_v1#15.selection(zwp_primary_selection_offer_v1#4278190080)
[1915912.084] {Default Queue}  -> zwp_primary_selection_offer_v1#4278190080.destroy()
[1915912.123] {Display Queue} wl_display#1.delete_id(41)
[1915931.203] {Display Queue} wl_display#1.delete_id(45)
[1915931.215] {Default Queue} wl_callback#45.done(2247449)
[1915931.419] {mesa egl surface queue} wl_callback#41.done(2247430)
[1915931.427] {mesa egl surface queue} wl_buffer#48.release()
[1915931.711]  -> wl_surface#23.frame(new id wl_callback#41)
[1915931.727] {mesa egl surface queue}  -> wl_surface#23.attach(wl_buffer#48, 0, 0)
[1915931.731] {mesa egl surface queue}  -> wl_surface#23.damage_buffer(34, 109, 660, 38)
[1915932.392] {mesa egl surface queue}  -> wl_surface#23.commit()
[1915932.402] {mesa egl surface queue}  -> wl_display#1.sync(new id wl_callback#45)
[1915932.492] {Display Queue} wl_display#1.delete_id(45)
[1915942.929] {Display Queue} wl_display#1.delete_id(41)
[1915942.940] {Default Queue} wl_callback#41.done(2247461)
[1915943.090] {mesa egl surface queue} wl_callback#45.done(2247450)
[1915943.097] {mesa egl surface queue} wl_buffer#48.release()
[1915943.326]  -> wl_surface#23.frame(new id wl_callback#45)
[1915943.356] {mesa egl surface queue}  -> wl_surface#23.attach(wl_buffer#48, 0, 0)
[1915943.360] {mesa egl surface queue}  -> wl_surface#23.damage_buffer(34, 109, 660, 38)
[1915944.060] {mesa egl surface queue}  -> wl_surface#23.commit()
[1915944.068] {mesa egl surface queue}  -> wl_display#1.sync(new id wl_callback#41)
[1915944.157] {Display Queue} wl_display#1.delete_id(41)
[1915951.993] {Display Queue} wl_display#1.delete_id(45)
[1915952.005] {Default Queue} wl_callback#45.done(2247470)
[1915952.016] {Default Queue} wl_keyboard#22.key(102, 2247465, 30, 0)
[1915952.050] {Default Queue} wl_keyboard#22.key(103, 2247465, 29, 0)
[1915952.058] {Default Queue} wl_keyboard#22.modifiers(105, 0, 0, 0, 0)
[1915952.209] {Default Queue}  -> wp_cursor_shape_device_v1#21.set_shape(81, 9)
[1915952.622] {mesa egl surface queue} wl_callback#41.done(2247462)
[1915952.632] {mesa egl surface queue} wl_buffer#48.release()
[1915952.859]  -> wl_surface#23.frame(new id wl_callback#41)
[1915952.875] {mesa egl surface queue}  -> wl_surface#23.attach(wl_buffer#48, 0, 0)
[1915952.880] {mesa egl surface queue}  -> wl_surface#23.damage_buffer(34, 109, 660, 38)
[1915953.799] {mesa egl surface queue}  -> wl_surface#23.commit()
[1915953.831] {mesa egl surface queue}  -> wl_display#1.sync(new id wl_callback#45)
[1915954.000] {Display Queue} wl_display#1.delete_id(45)
[1915971.855] {Display Queue} wl_display#1.delete_id(41)
[1915971.872] {Default Queue} wl_callback#41.done(2247490)
[1915972.103] {mesa egl surface queue} wl_callback#45.done(2247472)
[1915972.112] {mesa egl surface queue} wl_buffer#48.release()
[1915972.410]  -> wl_surface#23.frame(new id wl_callback#45)
[1915972.426] {mesa egl surface queue}  -> wl_surface#23.attach(wl_buffer#48, 0, 0)
[1915972.430] {mesa egl surface queue}  -> wl_surface#23.damage_buffer(34, 109, 660, 38)
[1915973.070] {mesa egl surface queue}  -> wl_surface#23.commit()
[1915973.080] {mesa egl surface queue}  -> wl_display#1.sync(new id wl_callback#41)
[1915973.148] {Display Queue} wl_display#1.delete_id(41)
[1915983.051] {Display Queue} wl_display#1.delete_id(45)
[1915983.064] {Default Queue} wl_callback#45.done(2247501)
[1915983.296] {mesa egl surface queue} wl_callback#41.done(2247491)
[1915983.303] {mesa egl surface queue} wl_buffer#48.release()
[1915983.542]  -> wl_surface#23.frame(new id wl_callback#41)
[1915983.573] {mesa egl surface queue}  -> wl_surface#23.attach(wl_buffer#48, 0, 0)
[1915983.577] {mesa egl surface queue}  -> wl_surface#23.damage_buffer(35, 110, 658, 36)
[1915984.370] {mesa egl surface queue}  -> wl_surface#23.commit()
[1915984.398] {mesa egl surface queue}  -> wl_display#1.sync(new id wl_callback#45)
[1915984.462] {Display Queue} wl_display#1.delete_id(45)
[1915996.676] {Display Queue} wl_display#1.delete_id(41)
[1915996.688] {Default Queue} wl_callback#41.done(2247515)
[1915996.895] {mesa egl surface queue} wl_callback#45.done(2247502)
[1915996.903] {mesa egl surface queue} wl_buffer#48.release()
[1915997.167]  -> wl_surface#23.frame(new id wl_callback#45)
[1915997.181] {mesa egl surface queue}  -> wl_surface#23.attach(wl_buffer#48, 0, 0)
[1915997.185] {mesa egl surface queue}  -> wl_surface#23.damage_buffer(35, 110, 658, 36)
[1915998.095] {mesa egl surface queue}  -> wl_surface#23.commit()
[1915998.107] {mesa egl surface queue}  -> wl_display#1.sync(new id wl_callback#41)
[1915998.196] {Display Queue} wl_display#1.delete_id(41)
[1916008.264] {Display Queue} wl_display#1.delete_id(45)
[1916008.277] {Default Queue} wl_callback#45.done(2247526)
[1916008.290] {Default Queue} wl_keyboard#22.key(106, 2247516, 29, 1)
[1916008.328] {Default Queue} wl_keyboard#22.modifiers(108, 4, 0, 0, 0)
[1916008.354] {Default Queue} wl_keyboard#22.key(109, 2247516, 46, 1)
[1916008.449] {Default Queue}  -> wl_surface#17.attach(nil, 0, 0)
[1916008.456] {Default Queue}  -> wl_surface#17.commit()
[1916008.460] {Default Queue}  -> wl_pointer#6.set_cursor(81, wl_surface#17, 0, 0)
[1916008.686] {Default Queue}  -> wl_data_device_manager#9.create_data_source(new id wl_data_source#45)
[1916008.694] {Default Queue}  -> wl_data_source#45.offer("text/plain;charset=utf-8")
[1916008.698] {Default Queue}  -> wl_data_source#45.offer("text/plain")
[1916008.704] {Default Queue}  -> wl_data_device#16.set_selection(wl_data_source#45, 109)
[1916008.983] {mesa egl surface queue} wl_callback#41.done(2247516)
[1916008.992] {mesa egl surface queue} wl_buffer#48.release()
[1916009.296]  -> wl_surface#23.frame(new id wl_callback#41)
[1916009.314] {mesa egl surface queue}  -> wl_surface#23.attach(wl_buffer#48, 0, 0)
[1916009.319] {mesa egl surface queue}  -> wl_surface#23.damage_buffer(35, 110, 658, 36)
[1916010.097] {mesa egl surface queue}  -> wl_surface#23.commit()
[1916010.109] {mesa egl surface queue}  -> wl_display#1.sync(new id wl_callback#36)
[1916010.199] {Display Queue} wl_display#1.delete_id(36)
[1916010.206] {Default Queue} wl_data_device#16.data_offer(new id wl_data_offer#4278190081)
[1916010.212] {Default Queue} wl_data_offer#4278190081.offer("text/plain;charset=utf-8")
[1916010.217] {Default Queue} wl_data_offer#4278190081.offer("text/plain")
[1916010.221] {Default Queue} wl_data_device#16.selection(wl_data_offer#4278190081)
[1916010.227] {Default Queue} wl_data_source#45.send("text/plain;charset=utf-8", fd 12)
[1916028.515] {Display Queue} wl_display#1.delete_id(41)
[1916028.527] {Default Queue} wl_callback#41.done(2247546)
[1916028.719] {mesa egl surface queue} wl_callback#36.done(2247528)
[1916028.726] {mesa egl surface queue} wl_buffer#48.release()
[1916028.979]  -> wl_surface#23.frame(new id wl_callback#36)
[1916029.009] {mesa egl surface queue}  -> wl_surface#23.attach(wl_buffer#48, 0, 0)
[1916029.013] {mesa egl surface queue}  -> wl_surface#23.damage_buffer(35, 110, 658, 36)
[1916029.774] {mesa egl surface queue}  -> wl_surface#23.commit()
[1916029.784] {mesa egl surface queue}  -> wl_display#1.sync(new id wl_callback#41)
[1916029.842] {Display Queue} wl_display#1.delete_id(41)
[1916040.541] {Display Queue} wl_display#1.delete_id(36)
[1916040.555] {Default Queue} wl_callback#36.done(2247558)
[1916040.820] {mesa egl surface queue} wl_callback#41.done(2247548)
[1916040.830] {mesa egl surface queue} wl_buffer#48.release()
[1916041.160]  -> wl_surface#23.frame(new id wl_callback#41)
[1916041.181] {mesa egl surface queue}  -> wl_surface#23.attach(wl_buffer#48, 0, 0)
[1916041.187] {mesa egl surface queue}  -> wl_surface#23.damage_buffer(35, 110, 658, 36)
[1916041.998] {mesa egl surface queue}  -> wl_surface#23.commit()
[1916042.011] {mesa egl surface queue}  -> wl_display#1.sync(new id wl_callback#36)
[1916042.134] {Display Queue} wl_display#1.delete_id(36)
[1916053.152] {Display Queue} wl_display#1.delete_id(41)
[1916053.164] {Default Queue} wl_callback#41.done(2247571)
[1916053.175] {Default Queue} wl_keyboard#22.key(110, 2247566, 46, 0)
[1916053.212] {Default Queue} wl_keyboard#22.key(111, 2247566, 29, 0)
[1916053.220] {Default Queue} wl_keyboard#22.modifiers(113, 0, 0, 0, 0)
[1916053.605] {mesa egl surface queue} wl_callback#36.done(2247560)
[1916053.616] {mesa egl surface queue} wl_buffer#48.release()
[1916053.874]  -> wl_surface#23.frame(new id wl_callback#36)
[1916053.891] {mesa egl surface queue}  -> wl_surface#23.attach(wl_buffer#48, 0, 0)
[1916053.895] {mesa egl surface queue}  -> wl_surface#23.damage_buffer(35, 110, 658, 36)
[1916054.630] {mesa egl surface queue}  -> wl_surface#23.commit()
[1916054.641] {mesa egl surface queue}  -> wl_display#1.sync(new id wl_callback#41)
[1916054.741] {Display Queue} wl_display#1.delete_id(41)
[1916067.618] {Display Queue} wl_display#1.delete_id(36)
[1916067.628] {Default Queue} wl_callback#36.done(2247586)
[1916067.803] {mesa egl surface queue} wl_callback#41.done(2247573)
[1916067.811] {mesa egl surface queue} wl_buffer#48.release()
[1916068.044]  -> wl_surface#23.frame(new id wl_callback#41)
[1916068.060] {mesa egl surface queue}  -> wl_surface#23.attach(wl_buffer#48, 0, 0)
[1916068.065] {mesa egl surface queue}  -> wl_surface#23.damage_buffer(35, 110, 658, 36)
[1916068.952] {mesa egl surface queue}  -> wl_surface#23.commit()
[1916068.962] {mesa egl surface queue}  -> wl_display#1.sync(new id wl_callback#36)
[1916069.067] {Display Queue} wl_display#1.delete_id(36)
[1916083.337] {Display Queue} wl_display#1.delete_id(41)
[1916083.349] {Default Queue} wl_callback#41.done(2247601)
[1916083.512] {mesa egl surface queue} wl_callback#36.done(2247587)
[1916083.519] {mesa egl surface queue} wl_buffer#48.release()
[1916083.728]  -> wl_surface#23.frame(new id wl_callback#36)
[1916083.745] {mesa egl surface queue}  -> wl_surface#23.attach(wl_buffer#48, 0, 0)
[1916083.750] {mesa egl surface queue}  -> wl_surface#23.damage_buffer(35, 110, 658, 36)
[1916084.333] {mesa egl surface queue}  -> wl_surface#23.commit()
[1916084.343] {mesa egl surface queue}  -> wl_display#1.sync(new id wl_callback#41)
[1916084.405] {Display Queue} wl_display#1.delete_id(41)
[1916095.790] {Display Queue} wl_display#1.delete_id(36)
[1916095.801] {Default Queue} wl_callback#36.done(2247614)
[1916095.963] {mesa egl surface queue} wl_callback#41.done(2247602)
[1916095.971] {mesa egl surface queue} wl_buffer#48.release()
[1916096.583]  -> wl_surface#23.frame(new id wl_callback#41)
[1916096.600] {mesa egl surface queue}  -> wl_surface#23.attach(wl_buffer#48, 0, 0)
[1916096.605] {mesa egl surface queue}  -> wl_surface#23.damage_buffer(35, 110, 658, 36)
[1916096.822] {mesa egl surface queue}  -> wl_surface#23.commit()
[1916096.830] {mesa egl surface queue}  -> wl_display#1.sync(new id wl_callback#36)
[1916096.907] {Display Queue} wl_display#1.delete_id(36)
[1916108.311] {Display Queue} wl_display#1.delete_id(41)
[1916108.324] {Default Queue} wl_callback#41.done(2247626)
[1916108.479] {mesa egl surface queue} wl_callback#36.done(2247615)
[1916108.487] {mesa egl surface queue} wl_buffer#48.release()
[1916108.714]  -> wl_surface#23.frame(new id wl_callback#36)
[1916108.729] {mesa egl surface queue}  -> wl_surface#23.attach(wl_buffer#48, 0, 0)
[1916108.734] {mesa egl surface queue}  -> wl_surface#23.damage_buffer(35, 110, 658, 36)
[1916109.275] {mesa egl surface queue}  -> wl_surface#23.commit()
[1916109.284] {mesa egl surface queue}  -> wl_display#1.sync(new id wl_callback#41)
[1916109.347] {Display Queue} wl_display#1.delete_id(41)
[1916120.585] {Display Queue} wl_display#1.delete_id(36)
[1916120.599] {Default Queue} wl_callback#36.done(2247638)
[1916120.773] {mesa egl surface queue} wl_callback#41.done(2247627)
[1916120.781] {mesa egl surface queue} wl_buffer#48.release()
[1916121.014]  -> wl_surface#23.frame(new id wl_callback#41)
[1916121.032] {mesa egl surface queue}  -> wl_surface#23.attach(wl_buffer#48, 0, 0)
[1916121.037] {mesa egl surface queue}  -> wl_surface#23.damage_buffer(35, 110, 658, 36)
[1916121.685] {mesa egl surface queue}  -> wl_surface#23.commit()
[1916121.696] {mesa egl surface queue}  -> wl_display#1.sync(new id wl_callback#36)
[1916121.763] {Display Queue} wl_display#1.delete_id(36)
[1916131.864] {Display Queue} wl_display#1.delete_id(41)
[1916131.876] {Default Queue} wl_callback#41.done(2247650)
[1916248.568] {mesa egl surface queue} wl_callback#54.done(2190362)
[1916248.611] {mesa egl surface queue} wl_buffer#55.release()
[1916248.764] {mesa egl surface queue}  -> wl_buffer#55.destroy()
[1916248.865] {Default Queue}  -> wp_viewport#37.destroy()
[1916248.882]  -> wl_surface#42.destroy()
[1916249.549] {Display Queue} wl_display#1.delete_id(55)
[1916249.610] {Display Queue} wl_display#1.delete_id(37)
[1916249.619] {Display Queue} wl_display#1.delete_id(42)
[1916478.558] {Default Queue} wl_keyboard#22.leave(115, wl_surface#23)
[1916478.605] {Default Queue} zwp_text_input_v3#34.leave(wl_surface#23)
[1916478.613] {Default Queue}  -> zwp_text_input_v3#34.disable()
[1916478.625] {Default Queue}  -> zwp_text_input_v3#34.commit()
[1916478.628] {Default Queue} wl_pointer#6.leave(118, wl_surface#23)
[1916478.637] {Default Queue}  -> wl_surface#17.attach(nil, 0, 0)
[1916478.642] {Default Queue}  -> wl_surface#17.commit()
[1916478.645] {Default Queue}  -> wl_pointer#6.set_cursor(81, wl_surface#17, 0, 0)
[1916478.650] {Default Queue} wl_pointer#6.frame()
[1916479.756] {mesa egl surface queue} wl_callback#36.done(2247640)
[1916479.770] {mesa egl surface queue} wl_buffer#48.release()
[1916482.696]  -> wl_surface#23.frame(new id wl_callback#36)
[1916482.724] {mesa egl surface queue}  -> wl_surface#23.attach(wl_buffer#48, 0, 0)
[1916482.729] {mesa egl surface queue}  -> wl_surface#23.damage_buffer(45, 119, 146, 18)
[1916483.405] {mesa egl surface queue}  -> wl_surface#23.commit()
[1916483.417] {mesa egl surface queue}  -> wl_display#1.sync(new id wl_callback#42)
[1916483.569] {Display Queue} wl_display#1.delete_id(42)
[1916504.549] {Display Queue} wl_display#1.delete_id(36)
[1916504.560] {Default Queue} wl_callback#36.done(2248022)
[1916504.820] {mesa egl surface queue} wl_callback#42.done(2248001)
[1916504.829] {mesa egl surface queue} wl_buffer#48.release()
[1916505.167]  -> wl_surface#23.frame(new id wl_callback#42)
[1916505.186] {mesa egl surface queue}  -> wl_surface#23.attach(wl_buffer#48, 0, 0)
[1916505.192] {mesa egl surface queue}  -> wl_surface#23.damage_buffer(35, 110, 658, 36)
[1916506.118] {mesa egl surface queue}  -> wl_surface#23.commit()
[1916506.128] {mesa egl surface queue}  -> wl_display#1.sync(new id wl_callback#36)
[1916506.270] {Display Queue} wl_display#1.delete_id(36)
[1916527.561] {Display Queue} wl_display#1.delete_id(42)
[1916527.589] {Default Queue} wl_callback#42.done(2248045)
[1916528.068] {mesa egl surface queue} wl_callback#36.done(2248024)
[1916528.089] {mesa egl surface queue} wl_buffer#48.release()
[1916528.655]  -> wl_surface#23.frame(new id wl_callback#36)
[1916528.696] {mesa egl surface queue}  -> wl_surface#23.attach(wl_buffer#48, 0, 0)
[1916528.708] {mesa egl surface queue}  -> wl_surface#23.damage_buffer(34, 109, 660, 38)
[1916529.450] {mesa egl surface queue}  -> wl_surface#23.commit()
[1916529.469] {mesa egl surface queue}  -> wl_display#1.sync(new id wl_callback#42)
[1916529.638] {Display Queue} wl_display#1.delete_id(42)
[1916546.944] {Display Queue} wl_display#1.delete_id(36)
[1916546.962] {Default Queue} wl_callback#36.done(2248065)
[1916547.267] {mesa egl surface queue} wl_callback#42.done(2248047)
[1916547.279] {mesa egl surface queue} wl_buffer#48.release()
[1916547.634]  -> wl_surface#23.frame(new id wl_callback#42)
[1916547.659] {mesa egl surface queue}  -> wl_surface#23.attach(wl_buffer#48, 0, 0)
[1916547.666] {mesa egl surface queue}  -> wl_surface#23.damage_buffer(34, 109, 660, 38)
[1916548.409] {mesa egl surface queue}  -> wl_surface#23.commit()
[1916548.422] {mesa egl surface queue}  -> wl_display#1.sync(new id wl_callback#36)
[1916548.497] {Display Queue} wl_display#1.delete_id(36)
[1916565.718] {Display Queue} wl_display#1.delete_id(42)
[1916565.764] {Default Queue} wl_callback#42.done(2248083)
[1916566.177] {mesa egl surface queue} wl_callback#36.done(2248066)
[1916566.188] {mesa egl surface queue} wl_buffer#48.release()
[1916566.467]  -> wl_surface#23.frame(new id wl_callback#36)
[1916566.486] {mesa egl surface queue}  -> wl_surface#23.attach(wl_buffer#48, 0, 0)
[1916566.492] {mesa egl surface queue}  -> wl_surface#23.damage_buffer(34, 109, 660, 38)
[1916567.054] {mesa egl surface queue}  -> wl_surface#23.commit()
[1916567.063] {mesa egl surface queue}  -> wl_display#1.sync(new id wl_callback#42)
[1916567.131] {Display Queue} wl_display#1.delete_id(42)
[1916583.167] {Display Queue} wl_display#1.delete_id(36)
[1916583.192] {Default Queue} wl_callback#36.done(2248101)
[1916583.570] {mesa egl surface queue} wl_callback#42.done(2248085)
[1916583.590] {mesa egl surface queue} wl_buffer#48.release()
[1916584.029]  -> wl_surface#23.frame(new id wl_callback#42)
[1916584.063] {mesa egl surface queue}  -> wl_surface#23.attach(wl_buffer#48, 0, 0)
[1916584.074] {mesa egl surface queue}  -> wl_surface#23.damage_buffer(33, 108, 662, 40)
[1916584.900] {mesa egl surface queue}  -> wl_surface#23.commit()
[1916584.915] {mesa egl surface queue}  -> wl_display#1.sync(new id wl_callback#36)
[1916585.033] {Display Queue} wl_display#1.delete_id(36)
[1916605.040] {Display Queue} wl_display#1.delete_id(42)
[1916605.066] {Default Queue} wl_callback#42.done(2248123)
[1916605.362] {mesa egl surface queue} wl_callback#36.done(2248103)
[1916605.374] {mesa egl surface queue} wl_buffer#48.release()
[1916605.717]  -> wl_surface#23.frame(new id wl_callback#36)
[1916605.740] {mesa egl surface queue}  -> wl_surface#23.attach(wl_buffer#48, 0, 0)
[1916605.748] {mesa egl surface queue}  -> wl_surface#23.damage_buffer(33, 108, 662, 40)
[1916606.355] {mesa egl surface queue}  -> wl_surface#23.commit()
[1916606.372] {mesa egl surface queue}  -> wl_display#1.sync(new id wl_callback#42)
[1916606.453] {Display Queue} wl_display#1.delete_id(42)
[1916621.505] {Display Queue} wl_display#1.delete_id(36)
[1916621.531] {Default Queue} wl_callback#36.done(2248139)
[1916621.882] {mesa egl surface queue} wl_callback#42.done(2248124)
[1916621.894] {mesa egl surface queue} wl_buffer#48.release()
[1916622.200]  -> wl_surface#23.frame(new id wl_callback#42)
[1916622.220] {mesa egl surface queue}  -> wl_surface#23.attach(wl_buffer#48, 0, 0)
[1916622.226] {mesa egl surface queue}  -> wl_surface#23.damage_buffer(33, 108, 662, 40)
[1916622.969] {mesa egl surface queue}  -> wl_surface#23.commit()
[1916622.978] {mesa egl surface queue}  -> wl_display#1.sync(new id wl_callback#36)
[1916623.046] {Display Queue} wl_display#1.delete_id(36)
[1916638.558] {Display Queue} wl_display#1.delete_id(42)
[1916638.586] {Default Queue} wl_callback#42.done(2248156)
[1916638.943] {mesa egl surface queue} wl_callback#36.done(2248141)
[1916638.951] {mesa egl surface queue} wl_buffer#48.release()
[1916639.210]  -> wl_surface#23.frame(new id wl_callback#36)
[1916639.226] {mesa egl surface queue}  -> wl_surface#23.attach(wl_buffer#48, 0, 0)
[1916639.230] {mesa egl surface queue}  -> wl_surface#23.damage_buffer(32, 107, 664, 42)
[1916639.800] {mesa egl surface queue}  -> wl_surface#23.commit()
[1916639.809] {mesa egl surface queue}  -> wl_display#1.sync(new id wl_callback#42)
[1916639.863] {Display Queue} wl_display#1.delete_id(42)
[1916656.640] {Display Queue} wl_display#1.delete_id(36)
[1916656.667] {Default Queue} wl_callback#36.done(2248174)
[1916657.012] {mesa egl surface queue} wl_callback#42.done(2248158)
[1916657.024] {mesa egl surface queue} wl_buffer#48.release()
[1916657.327]  -> wl_surface#23.frame(new id wl_callback#42)
[1916657.361] {mesa egl surface queue}  -> wl_surface#23.attach(wl_buffer#48, 0, 0)
[1916657.369] {mesa egl surface queue}  -> wl_surface#23.damage_buffer(32, 107, 664, 42)
[1916657.937] {mesa egl surface queue}  -> wl_surface#23.commit()
[1916657.950] {mesa egl surface queue}  -> wl_display#1.sync(new id wl_callback#36)
[1916658.041] {Display Queue} wl_display#1.delete_id(36)
[1916671.993] {Display Queue} wl_display#1.delete_id(42)
[1916672.020] {Default Queue} wl_callback#42.done(2248190)
[1916672.387] {mesa egl surface queue} wl_callback#36.done(2248176)
[1916672.398] {mesa egl surface queue} wl_buffer#48.release()
[1916672.697]  -> wl_surface#23.frame(new id wl_callback#36)
[1916672.719] {mesa egl surface queue}  -> wl_surface#23.attach(wl_buffer#48, 0, 0)
[1916672.726] {mesa egl surface queue}  -> wl_surface#23.damage_buffer(32, 107, 664, 42)
[1916673.296] {mesa egl surface queue}  -> wl_surface#23.commit()
[1916673.306] {mesa egl surface queue}  -> wl_display#1.sync(new id wl_callback#42)
[1916673.383] {Display Queue} wl_display#1.delete_id(42)
[1916690.551] {Display Queue} wl_display#1.delete_id(36)
[1916690.578] {Default Queue} wl_callback#36.done(2248208)
[1916690.962] {mesa egl surface queue} wl_callback#42.done(2248191)
[1916690.981] {mesa egl surface queue} wl_buffer#48.release()
[1916691.446]  -> wl_surface#23.frame(new id wl_callback#42)
[1916691.488] {mesa egl surface queue}  -> wl_surface#23.attach(wl_buffer#48, 0, 0)
[1916691.492] {mesa egl surface queue}  -> wl_surface#23.damage_buffer(32, 107, 664, 42)
[1916692.129] {mesa egl surface queue}  -> wl_surface#23.commit()
[1916692.136] {mesa egl surface queue}  -> wl_display#1.sync(new id wl_callback#36)
[1916692.193] {Display Queue} wl_display#1.delete_id(36)
[1916708.604] {Display Queue} wl_display#1.delete_id(42)
[1916708.630] {Default Queue} wl_callback#42.done(2248226)
[1916709.016] {mesa egl surface queue} wl_callback#36.done(2248210)
[1916709.036] {mesa egl surface queue} wl_buffer#48.release()
[1916709.456]  -> wl_surface#23.frame(new id wl_callback#36)
[1916709.486] {mesa egl surface queue}  -> wl_surface#23.attach(wl_buffer#48, 0, 0)
[1916709.490] {mesa egl surface queue}  -> wl_surface#23.damage_buffer(32, 107, 664, 42)
[1916710.227] {mesa egl surface queue}  -> wl_surface#23.commit()
[1916710.235] {mesa egl surface queue}  -> wl_display#1.sync(new id wl_callback#42)
[1916710.287] {Display Queue} wl_display#1.delete_id(42)
[1916726.353] {Display Queue} wl_display#1.delete_id(36)
[1916726.381] {Default Queue} wl_callback#36.done(2248244)
[1916726.637] {mesa egl surface queue} wl_callback#42.done(2248228)
[1916726.644] {mesa egl surface queue} wl_buffer#48.release()
[1916726.877]  -> wl_surface#23.frame(new id wl_callback#42)
[1916726.906] {mesa egl surface queue}  -> wl_surface#23.attach(wl_buffer#48, 0, 0)
[1916726.911] {mesa egl surface queue}  -> wl_surface#23.damage_buffer(32, 107, 664, 42)
[1916727.552] {mesa egl surface queue}  -> wl_surface#23.commit()
[1916727.559] {mesa egl surface queue}  -> wl_display#1.sync(new id wl_callback#36)
[1916727.635] {Display Queue} wl_display#1.delete_id(36)
[1916745.242] {Display Queue} wl_display#1.delete_id(42)
[1916745.255] {Default Queue} wl_callback#42.done(2248263)
[1916745.525] {mesa egl surface queue} wl_callback#36.done(2248246)
[1916745.535] {mesa egl surface queue} wl_buffer#48.release()
[1916745.892]  -> wl_surface#23.frame(new id wl_callback#36)
[1916745.911] {mesa egl surface queue}  -> wl_surface#23.attach(wl_buffer#48, 0, 0)
[1916745.916] {mesa egl surface queue}  -> wl_surface#23.damage_buffer(32, 107, 664, 42)
[1916746.765] {mesa egl surface queue}  -> wl_surface#23.commit()
[1916746.776] {mesa egl surface queue}  -> wl_display#1.sync(new id wl_callback#42)
[1916746.866] {Display Queue} wl_display#1.delete_id(42)
[1916764.908] {Display Queue} wl_display#1.delete_id(36)
[1916764.920] {Default Queue} wl_callback#36.done(2248283)
[1916765.145] {mesa egl surface queue} wl_callback#42.done(2248265)
[1916765.154] {mesa egl surface queue} wl_buffer#48.release()
[1916765.429]  -> wl_surface#23.frame(new id wl_callback#42)
[1916765.451] {mesa egl surface queue}  -> wl_surface#23.attach(wl_buffer#48, 0, 0)
[1916765.455] {mesa egl surface queue}  -> wl_surface#23.damage_buffer(32, 107, 664, 42)
[1916766.504] {mesa egl surface queue}  -> wl_surface#23.commit()
[1916766.535] {mesa egl surface queue}  -> wl_display#1.sync(new id wl_callback#36)
[1916766.688] {Display Queue} wl_display#1.delete_id(36)
[1916784.513] {Display Queue} wl_display#1.delete_id(42)
[1916784.541] {Default Queue} wl_callback#42.done(2248302)
[1916784.971] {mesa egl surface queue} wl_callback#36.done(2248285)
[1916784.992] {mesa egl surface queue} wl_buffer#48.release()
[1916785.449]  -> wl_surface#23.frame(new id wl_callback#36)
[1916785.486] {mesa egl surface queue}  -> wl_surface#23.attach(wl_buffer#48, 0, 0)
[1916785.499] {mesa egl surface queue}  -> wl_surface#23.damage_buffer(32, 107, 664, 42)
[1916786.410] {mesa egl surface queue}  -> wl_surface#23.commit()
[1916786.433] {mesa egl surface queue}  -> wl_display#1.sync(new id wl_callback#42)
[1916786.565] {Display Queue} wl_display#1.delete_id(42)
[1916820.091] {Display Queue} wl_display#1.delete_id(36)
[1916820.109] {Default Queue} wl_callback#36.done(2248338)
[1917886.944] {Default Queue} wl_data_source#45.send("text/plain;charset=utf-8", fd 12)
[1919689.372] {Default Queue} wl_data_device#16.data_offer(new id wl_data_offer#4278190082)
[1919689.397] {Default Queue} wl_data_offer#4278190082.offer("text/plain;charset=utf-8")
[1919689.410] {Default Queue} wl_data_offer#4278190082.offer("text/plain")
[1919689.418] {Default Queue} wl_data_device#16.selection(wl_data_offer#4278190082)
[1919689.429] {Default Queue} zwp_primary_selection_device_v1#15.data_offer(new id zwp_primary_selection_offer_v1#4278190083)
[1919689.438] {Default Queue} zwp_primary_selection_offer_v1#4278190083.offer("text/plain;charset=utf-8")
[1919689.445] {Default Queue} zwp_primary_selection_offer_v1#4278190083.offer("text/plain")
[1919689.452] {Default Queue} zwp_primary_selection_device_v1#15.selection(zwp_primary_selection_offer_v1#4278190083)
[1919689.461] {Default Queue}  -> zwp_primary_selection_offer_v1#4278190083.destroy()
[1919689.472] {Default Queue} wl_keyboard#22.enter(135, wl_surface#23, array[0])
[1919689.497] {Default Queue} wl_keyboard#22.modifiers(136, 0, 0, 0, 0)
[1919689.533] {Default Queue} zwp_text_input_v3#34.enter(wl_surface#23)
[1919689.542] {Default Queue} wl_pointer#6.enter(137, wl_surface#23, 323.00000000, 351.00000000)
[1919689.556] {Default Queue}  -> wl_surface#17.attach(nil, 0, 0)
[1919689.653] {Default Queue}  -> wl_surface#17.commit()
[1919689.660] {Default Queue}  -> wl_pointer#6.set_cursor(137, wl_surface#17, 0, 0)
[1919689.670] {Default Queue} wl_pointer#6.frame()
[1919689.690] {Default Queue}  -> wp_cursor_shape_device_v1#21.set_shape(137, 9)
[1919689.806] {Default Queue}  -> zwp_text_input_v3#34.enable()
[1919689.884] {Default Queue}  -> zwp_text_input_v3#34.set_surrounding_text("q587 clipboard Ω 日本語", 27, 0)
[1919689.894] {Default Queue}  -> zwp_text_input_v3#34.set_text_change_cause(1)
[1919689.906] {Default Queue}  -> zwp_text_input_v3#34.set_content_type(0, 0)
[1919690.004] {Default Queue}  -> zwp_text_input_v3#34.set_cursor_rectangle(190, 112, 0, 32)
[1919690.013] {Default Queue}  -> zwp_text_input_v3#34.commit()
[1919691.606] {mesa egl surface queue} wl_callback#42.done(2248304)
[1919691.628] {mesa egl surface queue} wl_buffer#48.release()
[1919692.064]  -> wl_surface#23.frame(new id wl_callback#42)
[1919692.094] {mesa egl surface queue}  -> wl_surface#23.attach(wl_buffer#48, 0, 0)
[1919692.104] {mesa egl surface queue}  -> wl_surface#23.damage_buffer(32, 107, 664, 42)
[1919693.161] {mesa egl surface queue}  -> wl_surface#23.commit()
[1919693.190] {mesa egl surface queue}  -> wl_display#1.sync(new id wl_callback#36)
[1919693.381] {Display Queue} wl_display#1.delete_id(36)
[1919717.392] {Display Queue} wl_display#1.delete_id(42)
[1919717.408] {Default Queue} wl_callback#42.done(2251235)
[1919717.708] {mesa egl surface queue} wl_callback#36.done(2251211)
[1919717.720] {mesa egl surface queue} wl_buffer#48.release()
[1919718.051]  -> wl_surface#23.frame(new id wl_callback#36)
[1919718.072] {mesa egl surface queue}  -> wl_surface#23.attach(wl_buffer#48, 0, 0)
[1919718.078] {mesa egl surface queue}  -> wl_surface#23.damage_buffer(32, 107, 664, 42)
[1919722.376] {mesa egl surface queue}  -> wl_surface#23.commit()
[1919722.393] {mesa egl surface queue}  -> wl_display#1.sync(new id wl_callback#42)
[1919722.514] {Display Queue} wl_display#1.delete_id(42)
[1919733.319] {Display Queue} wl_display#1.delete_id(36)
[1919733.334] {Default Queue} wl_callback#36.done(2251251)
[1919733.687] {mesa egl surface queue} wl_callback#42.done(2251240)
[1919733.699] {mesa egl surface queue} wl_buffer#48.release()
[1919734.060]  -> wl_surface#23.frame(new id wl_callback#42)
[1919734.081] {mesa egl surface queue}  -> wl_surface#23.attach(wl_buffer#48, 0, 0)
[1919734.088] {mesa egl surface queue}  -> wl_surface#23.damage_buffer(32, 107, 664, 42)
[1919734.825] {mesa egl surface queue}  -> wl_surface#23.commit()
[1919734.836] {mesa egl surface queue}  -> wl_display#1.sync(new id wl_callback#36)
[1919734.911] {Display Queue} wl_display#1.delete_id(36)
[1919746.310] {Display Queue} wl_display#1.delete_id(42)
[1919746.320] {Default Queue} wl_callback#42.done(2251264)
[1919746.604] {mesa egl surface queue} wl_callback#36.done(2251253)
[1919746.611] {mesa egl surface queue} wl_buffer#48.release()
[1919746.934]  -> wl_surface#23.frame(new id wl_callback#36)
[1919746.950] {mesa egl surface queue}  -> wl_surface#23.attach(wl_buffer#48, 0, 0)
[1919746.954] {mesa egl surface queue}  -> wl_surface#23.damage_buffer(33, 108, 662, 40)
[1919747.596] {mesa egl surface queue}  -> wl_surface#23.commit()
[1919747.605] {mesa egl surface queue}  -> wl_display#1.sync(new id wl_callback#42)
[1919747.683] {Display Queue} wl_display#1.delete_id(42)
[1919758.351] {Display Queue} wl_display#1.delete_id(36)
[1919758.361] {Default Queue} wl_callback#36.done(2251276)
[1919758.572] {mesa egl surface queue} wl_callback#42.done(2251266)
[1919758.579] {mesa egl surface queue} wl_buffer#48.release()
[1919758.826]  -> wl_surface#23.frame(new id wl_callback#42)
[1919758.840] {mesa egl surface queue}  -> wl_surface#23.attach(wl_buffer#48, 0, 0)
[1919758.844] {mesa egl surface queue}  -> wl_surface#23.damage_buffer(33, 108, 662, 40)
[1919759.978] {mesa egl surface queue}  -> wl_surface#23.commit()
[1919759.987] {mesa egl surface queue}  -> wl_display#1.sync(new id wl_callback#36)
[1919760.073] {Display Queue} wl_display#1.delete_id(36)
[1919771.433] {Display Queue} wl_display#1.delete_id(42)
[1919771.446] {Default Queue} wl_callback#42.done(2251289)
[1919771.675] {mesa egl surface queue} wl_callback#36.done(2251278)
[1919771.686] {mesa egl surface queue} wl_buffer#48.release()
[1919771.944]  -> wl_surface#23.frame(new id wl_callback#36)
[1919771.962] {mesa egl surface queue}  -> wl_surface#23.attach(wl_buffer#48, 0, 0)
[1919771.967] {mesa egl surface queue}  -> wl_surface#23.damage_buffer(33, 108, 662, 40)
[1919773.110] {mesa egl surface queue}  -> wl_surface#23.commit()
[1919773.120] {mesa egl surface queue}  -> wl_display#1.sync(new id wl_callback#42)
[1919773.231] {Display Queue} wl_display#1.delete_id(42)
[1919784.679] {Display Queue} wl_display#1.delete_id(36)
[1919784.690] {Default Queue} wl_callback#36.done(2251303)
[1919784.879] {mesa egl surface queue} wl_callback#42.done(2251291)
[1919784.889] {mesa egl surface queue} wl_buffer#48.release()
[1919785.128]  -> wl_surface#23.frame(new id wl_callback#42)
[1919785.145] {mesa egl surface queue}  -> wl_surface#23.attach(wl_buffer#48, 0, 0)
[1919785.149] {mesa egl surface queue}  -> wl_surface#23.damage_buffer(34, 109, 660, 38)
[1919786.130] {mesa egl surface queue}  -> wl_surface#23.commit()
[1919786.140] {mesa egl surface queue}  -> wl_display#1.sync(new id wl_callback#36)
[1919786.271] {Display Queue} wl_display#1.delete_id(36)
[1919798.463] {Display Queue} wl_display#1.delete_id(42)
[1919798.485] {Default Queue} wl_callback#42.done(2251316)
[1919798.834] {mesa egl surface queue} wl_callback#36.done(2251304)
[1919798.848] {mesa egl surface queue} wl_buffer#48.release()
[1919799.198]  -> wl_surface#23.frame(new id wl_callback#36)
[1919799.221] {mesa egl surface queue}  -> wl_surface#23.attach(wl_buffer#48, 0, 0)
[1919799.228] {mesa egl surface queue}  -> wl_surface#23.damage_buffer(34, 109, 660, 38)
[1919800.245] {mesa egl surface queue}  -> wl_surface#23.commit()
[1919800.258] {mesa egl surface queue}  -> wl_display#1.sync(new id wl_callback#42)
[1919800.361] {Display Queue} wl_display#1.delete_id(42)
[1919812.639] {Display Queue} wl_display#1.delete_id(36)
[1919812.651] {Default Queue} wl_callback#36.done(2251331)
[1919812.873] {mesa egl surface queue} wl_callback#42.done(2251318)
[1919812.883] {mesa egl surface queue} wl_buffer#48.release()
[1919813.495]  -> wl_surface#23.frame(new id wl_callback#42)
[1919813.513] {mesa egl surface queue}  -> wl_surface#23.attach(wl_buffer#48, 0, 0)
[1919813.519] {mesa egl surface queue}  -> wl_surface#23.damage_buffer(34, 109, 660, 38)
[1919813.894] {mesa egl surface queue}  -> wl_surface#23.commit()
[1919813.910] {mesa egl surface queue}  -> wl_display#1.sync(new id wl_callback#36)
[1919814.026] {Display Queue} wl_display#1.delete_id(36)
[1919884.042] {Display Queue} wl_display#1.delete_id(42)
[1919884.067] {Default Queue} wl_callback#42.done(2251402)
[1919884.546] {mesa egl surface queue} wl_callback#36.done(2251332)
[1919884.561] {mesa egl surface queue} wl_buffer#48.release()
[1919885.134]  -> wl_surface#23.frame(new id wl_callback#36)
[1919885.170] {mesa egl surface queue}  -> wl_surface#23.attach(wl_buffer#48, 0, 0)
[1919885.180] {mesa egl surface queue}  -> wl_surface#23.damage_buffer(34, 109, 660, 38)
[1919887.083] {mesa egl surface queue}  -> wl_surface#23.commit()
[1919887.104] {mesa egl surface queue}  -> wl_display#1.sync(new id wl_callback#42)
[1919887.283] {Display Queue} wl_display#1.delete_id(42)
[1919905.829] {Display Queue} wl_display#1.delete_id(36)
[1919905.843] {Default Queue} wl_callback#36.done(2251424)
[1919906.183] {mesa egl surface queue} wl_callback#42.done(2251405)
[1919906.193] {mesa egl surface queue} wl_buffer#48.release()
[1919906.541]  -> wl_surface#23.frame(new id wl_callback#42)
[1919906.560] {mesa egl surface queue}  -> wl_surface#23.attach(wl_buffer#48, 0, 0)
[1919906.565] {mesa egl surface queue}  -> wl_surface#23.damage_buffer(35, 110, 658, 36)
[1919907.677] {mesa egl surface queue}  -> wl_surface#23.commit()
[1919907.687] {mesa egl surface queue}  -> wl_display#1.sync(new id wl_callback#36)
[1919907.802] {Display Queue} wl_display#1.delete_id(36)
[1919921.306] {Display Queue} wl_display#1.delete_id(42)
[1919921.316] {Default Queue} wl_callback#42.done(2251439)
[1919921.579] {mesa egl surface queue} wl_callback#36.done(2251426)
[1919921.589] {mesa egl surface queue} wl_buffer#48.release()
[1919921.884]  -> wl_surface#23.frame(new id wl_callback#36)
[1919921.901] {mesa egl surface queue}  -> wl_surface#23.attach(wl_buffer#48, 0, 0)
[1919921.905] {mesa egl surface queue}  -> wl_surface#23.damage_buffer(35, 110, 658, 36)
[1919922.756] {mesa egl surface queue}  -> wl_surface#23.commit()
[1919922.766] {mesa egl surface queue}  -> wl_display#1.sync(new id wl_callback#42)
[1919922.864] {Display Queue} wl_display#1.delete_id(42)
[1919935.952] {Display Queue} wl_display#1.delete_id(36)
[1919935.962] {Default Queue} wl_callback#36.done(2251454)
[1919936.181] {mesa egl surface queue} wl_callback#42.done(2251441)
[1919936.187] {mesa egl surface queue} wl_buffer#48.release()
[1919936.450]  -> wl_surface#23.frame(new id wl_callback#42)
[1919936.464] {mesa egl surface queue}  -> wl_surface#23.attach(wl_buffer#48, 0, 0)
[1919936.468] {mesa egl surface queue}  -> wl_surface#23.damage_buffer(35, 110, 658, 36)
[1919937.595] {mesa egl surface queue}  -> wl_surface#23.commit()
[1919937.604] {mesa egl surface queue}  -> wl_display#1.sync(new id wl_callback#36)
[1919937.681] {Display Queue} wl_display#1.delete_id(36)
[1919949.884] {Display Queue} wl_display#1.delete_id(42)
[1919949.895] {Default Queue} wl_callback#42.done(2251468)
[1919950.124] {mesa egl surface queue} wl_callback#36.done(2251456)
[1919950.132] {mesa egl surface queue} wl_buffer#48.release()
[1919950.416]  -> wl_surface#23.frame(new id wl_callback#36)
[1919950.431] {mesa egl surface queue}  -> wl_surface#23.attach(wl_buffer#48, 0, 0)
[1919950.435] {mesa egl surface queue}  -> wl_surface#23.damage_buffer(35, 110, 658, 36)
[1919951.092] {mesa egl surface queue}  -> wl_surface#23.commit()
[1919951.115] {mesa egl surface queue}  -> wl_display#1.sync(new id wl_callback#42)
[1919951.403] {Display Queue} wl_display#1.delete_id(42)
[1919964.571] {Display Queue} wl_display#1.delete_id(36)
[1919964.587] {Default Queue} wl_callback#36.done(2251482)
[1919964.878] {mesa egl surface queue} wl_callback#42.done(2251469)
[1919964.886] {mesa egl surface queue} wl_buffer#48.release()
[1919965.179]  -> wl_surface#23.frame(new id wl_callback#42)
[1919965.199] {mesa egl surface queue}  -> wl_surface#23.attach(wl_buffer#48, 0, 0)
[1919965.204] {mesa egl surface queue}  -> wl_surface#23.damage_buffer(35, 110, 658, 36)
[1919966.287] {mesa egl surface queue}  -> wl_surface#23.commit()
[1919966.298] {mesa egl surface queue}  -> wl_display#1.sync(new id wl_callback#36)
[1919966.415] {Display Queue} wl_display#1.delete_id(36)
[1919977.805] {Display Queue} wl_display#1.delete_id(42)
[1919977.817] {Default Queue} wl_callback#42.done(2251496)
[1919978.078] {mesa egl surface queue} wl_callback#36.done(2251484)
[1919978.089] {mesa egl surface queue} wl_buffer#48.release()
[1919978.349]  -> wl_surface#23.frame(new id wl_callback#36)
[1919978.366] {mesa egl surface queue}  -> wl_surface#23.attach(wl_buffer#48, 0, 0)
[1919978.371] {mesa egl surface queue}  -> wl_surface#23.damage_buffer(35, 110, 658, 36)
[1919979.262] {mesa egl surface queue}  -> wl_surface#23.commit()
[1919979.270] {mesa egl surface queue}  -> wl_display#1.sync(new id wl_callback#42)
[1919979.369] {Display Queue} wl_display#1.delete_id(42)
[1919990.072] {Display Queue} wl_display#1.delete_id(36)
[1919990.088] {Default Queue} wl_callback#36.done(2251508)
[1919990.323] {mesa egl surface queue} wl_callback#42.done(2251497)
[1919990.335] {mesa egl surface queue} wl_buffer#48.release()
[1919990.629]  -> wl_surface#23.frame(new id wl_callback#42)
[1919990.648] {mesa egl surface queue}  -> wl_surface#23.attach(wl_buffer#48, 0, 0)
[1919990.654] {mesa egl surface queue}  -> wl_surface#23.damage_buffer(35, 110, 658, 36)
[1919991.697] {mesa egl surface queue}  -> wl_surface#23.commit()
[1919991.708] {mesa egl surface queue}  -> wl_display#1.sync(new id wl_callback#36)
[1919991.785] {Display Queue} wl_display#1.delete_id(36)
[1920004.112] {Display Queue} wl_display#1.delete_id(42)
[1920004.126] {Default Queue} wl_callback#42.done(2251522)
[1920669.285] {Default Queue} wl_keyboard#22.leave(139, wl_surface#23)
[1920669.352] {Default Queue} zwp_text_input_v3#34.leave(wl_surface#23)
[1920669.365] {Default Queue}  -> zwp_text_input_v3#34.disable()
[1920669.383] {Default Queue}  -> zwp_text_input_v3#34.commit()
[1920669.390] {Default Queue} wl_pointer#6.leave(142, wl_surface#23)
[1920669.404] {Default Queue} wl_pointer#6.frame()
[1920670.894] {mesa egl surface queue} wl_callback#36.done(2251510)
[1920670.912] {mesa egl surface queue} wl_buffer#48.release()
[1920671.356]  -> wl_surface#23.frame(new id wl_callback#36)
[1920671.384] {mesa egl surface queue}  -> wl_surface#23.attach(wl_buffer#48, 0, 0)
[1920671.393] {mesa egl surface queue}  -> wl_surface#23.damage_buffer(45, 119, 146, 18)
[1920671.971] {mesa egl surface queue}  -> wl_surface#23.commit()
[1920671.987] {mesa egl surface queue}  -> wl_display#1.sync(new id wl_callback#42)
[1920672.099] {Display Queue} wl_display#1.delete_id(42)
[1920695.867] {Display Queue} wl_display#1.delete_id(36)
[1920695.893] {Default Queue} wl_callback#36.done(2252214)
[1920696.425] {mesa egl surface queue} wl_callback#42.done(2252190)
[1920696.444] {mesa egl surface queue} wl_buffer#48.release()
[1920696.854]  -> wl_surface#23.frame(new id wl_callback#42)
[1920696.869] {mesa egl surface queue}  -> wl_surface#23.attach(wl_buffer#48, 0, 0)
[1920696.873] {mesa egl surface queue}  -> wl_surface#23.damage_buffer(35, 110, 658, 36)
[1920697.628] {mesa egl surface queue}  -> wl_surface#23.commit()
[1920697.645] {mesa egl surface queue}  -> wl_display#1.sync(new id wl_callback#36)
[1920697.833] {Display Queue} wl_display#1.delete_id(36)
[1920711.159] {Display Queue} wl_display#1.delete_id(42)
[1920711.170] {Default Queue} wl_callback#42.done(2252229)
[1920711.458] {mesa egl surface queue} wl_callback#36.done(2252216)
[1920711.465] {mesa egl surface queue} wl_buffer#48.release()
[1920711.766]  -> wl_surface#23.frame(new id wl_callback#36)
[1920711.782] {mesa egl surface queue}  -> wl_surface#23.attach(wl_buffer#48, 0, 0)
[1920711.786] {mesa egl surface queue}  -> wl_surface#23.damage_buffer(35, 110, 658, 36)
[1920712.730] {mesa egl surface queue}  -> wl_surface#23.commit()
[1920712.740] {mesa egl surface queue}  -> wl_display#1.sync(new id wl_callback#42)
[1920712.848] {Display Queue} wl_display#1.delete_id(42)
[1920747.221] {Display Queue} wl_display#1.delete_id(36)
[1920747.242] {Default Queue} wl_callback#36.done(2252265)
[1920747.539] {mesa egl surface queue} wl_callback#42.done(2252231)
[1920747.547] {mesa egl surface queue} wl_buffer#48.release()
[1920747.837]  -> wl_surface#23.frame(new id wl_callback#42)
[1920747.855] {mesa egl surface queue}  -> wl_surface#23.attach(wl_buffer#48, 0, 0)
[1920747.859] {mesa egl surface queue}  -> wl_surface#23.damage_buffer(34, 109, 660, 38)
[1920748.803] {mesa egl surface queue}  -> wl_surface#23.commit()
[1920748.813] {mesa egl surface queue}  -> wl_display#1.sync(new id wl_callback#36)
[1920748.962] {Display Queue} wl_display#1.delete_id(36)
[1920782.202] {Display Queue} wl_display#1.delete_id(42)
[1920782.222] {Default Queue} wl_callback#42.done(2252300)
[1920782.487] {mesa egl surface queue} wl_callback#36.done(2252267)
[1920782.496] {mesa egl surface queue} wl_buffer#48.release()
[1920782.782]  -> wl_surface#23.frame(new id wl_callback#36)
[1920782.800] {mesa egl surface queue}  -> wl_surface#23.attach(wl_buffer#48, 0, 0)
[1920782.804] {mesa egl surface queue}  -> wl_surface#23.damage_buffer(33, 108, 662, 40)
[1920783.742] {mesa egl surface queue}  -> wl_surface#23.commit()
[1920783.766] {mesa egl surface queue}  -> wl_display#1.sync(new id wl_callback#42)
[1920783.887] {Display Queue} wl_display#1.delete_id(42)
[1920817.844] {Display Queue} wl_display#1.delete_id(36)
[1920817.865] {Default Queue} wl_callback#36.done(2252336)
[1920818.268] {mesa egl surface queue} wl_callback#42.done(2252302)
[1920818.286] {mesa egl surface queue} wl_buffer#48.release()
[1920818.647]  -> wl_surface#23.frame(new id wl_callback#42)
[1920818.671] {mesa egl surface queue}  -> wl_surface#23.attach(wl_buffer#48, 0, 0)
[1920818.679] {mesa egl surface queue}  -> wl_surface#23.damage_buffer(32, 107, 664, 42)
[1920819.473] {mesa egl surface queue}  -> wl_surface#23.commit()
[1920819.486] {mesa egl surface queue}  -> wl_display#1.sync(new id wl_callback#36)
[1920819.630] {Display Queue} wl_display#1.delete_id(36)
[1920852.349] {Display Queue} wl_display#1.delete_id(42)
[1920852.378] {Default Queue} wl_callback#42.done(2252370)
[1920852.734] {mesa egl surface queue} wl_callback#36.done(2252338)
[1920852.748] {mesa egl surface queue} wl_buffer#48.release()
[1920853.066]  -> wl_surface#23.frame(new id wl_callback#36)
[1920853.090] {mesa egl surface queue}  -> wl_surface#23.attach(wl_buffer#48, 0, 0)
[1920853.097] {mesa egl surface queue}  -> wl_surface#23.damage_buffer(32, 107, 664, 42)
[1920853.829] {mesa egl surface queue}  -> wl_surface#23.commit()
[1920853.841] {mesa egl surface queue}  -> wl_display#1.sync(new id wl_callback#42)
[1920853.947] {Display Queue} wl_display#1.delete_id(42)
[1920888.976] {Display Queue} wl_display#1.delete_id(36)
[1920889.004] {Default Queue} wl_callback#36.done(2252407)
[1920889.407] {mesa egl surface queue} wl_callback#42.done(2252372)
[1920889.422] {mesa egl surface queue} wl_buffer#48.release()
[1920889.780]  -> wl_surface#23.frame(new id wl_callback#42)
[1920889.807] {mesa egl surface queue}  -> wl_surface#23.attach(wl_buffer#48, 0, 0)
[1920889.815] {mesa egl surface queue}  -> wl_surface#23.damage_buffer(32, 107, 664, 42)
[1920890.486] {mesa egl surface queue}  -> wl_surface#23.commit()
[1920890.499] {mesa egl surface queue}  -> wl_display#1.sync(new id wl_callback#36)
[1920890.608] {Display Queue} wl_display#1.delete_id(36)
[1920924.303] {Display Queue} wl_display#1.delete_id(42)
[1920924.332] {Default Queue} wl_callback#42.done(2252442)
[1920924.767] {mesa egl surface queue} wl_callback#36.done(2252409)
[1920924.788] {mesa egl surface queue} wl_buffer#48.release()
[1920925.247]  -> wl_surface#23.frame(new id wl_callback#36)
[1920925.287] {mesa egl surface queue}  -> wl_surface#23.attach(wl_buffer#48, 0, 0)
[1920925.293] {mesa egl surface queue}  -> wl_surface#23.damage_buffer(32, 107, 664, 42)
[1920925.966] {mesa egl surface queue}  -> wl_surface#23.commit()
[1920925.977] {mesa egl surface queue}  -> wl_display#1.sync(new id wl_callback#42)
[1920926.071] {Display Queue} wl_display#1.delete_id(42)
[1920960.528] {Display Queue} wl_display#1.delete_id(36)
[1920960.561] {Default Queue} wl_callback#36.done(2252478)
[1920960.968] {mesa egl surface queue} wl_callback#42.done(2252444)
[1920960.988] {mesa egl surface queue} wl_buffer#48.release()
[1920961.385]  -> wl_surface#23.frame(new id wl_callback#42)
[1920961.410] {mesa egl surface queue}  -> wl_surface#23.attach(wl_buffer#48, 0, 0)
[1920961.419] {mesa egl surface queue}  -> wl_surface#23.damage_buffer(32, 107, 664, 42)
[1920962.266] {mesa egl surface queue}  -> wl_surface#23.commit()
[1920962.295] {mesa egl surface queue}  -> wl_display#1.sync(new id wl_callback#36)
[1920962.427] {Display Queue} wl_display#1.delete_id(36)
[1920995.609] {Display Queue} wl_display#1.delete_id(42)
[1920995.627] {Default Queue} wl_callback#42.done(2252513)
