===== /home/kei/c10-hw.log
ZWL PREFERENCES open
ZWL DISPLAY device=zedBSD i915 (Gen12 Xe) width=1920 height=1080 refresh_mhz=60011
ZWL STARTUP step=vulkan-device ms=5
ZWL STARTUP step=vulkan-objects-arrow ms=1
ZWL STARTUP step=wallpaper-picture ms=41
ZWL STARTUP step=wallpaper ms=82
ZWL STARTUP step=glyphs-text ms=6
ZWL STARTUP step=glyphs-icons ms=8
ZWL STARTUP step=glyphs-mark ms=14
ZWL GLASS atlas cache-top=380 cells=273 faces=1
ZWL STARTUP step=glyphs ms=37
ZWL GLASS ready text=1
ZWL STARTUP step=compose ms=130 at_ms=5666
ZWL INPUT device=/dev/input/event0 kind=keyboard abs=0
ZWL INPUT device=/dev/input/event1 kind=pointer abs=1
ZWL INPUT device=/dev/input/event2 kind=pointer abs=0
ZWL INPUT device=/dev/input/event3 kind=keyboard abs=0
ZWL STARTUP step=input ms=0 at_ms=5666
ZWL KEYMAP format=xkb_v1 errno=0
ZWL STARTUP step=keymap ms=0 at_ms=5666
ZWL STARTUP step=socket ms=0 at_ms=5666
ZWL IME none program=/usr/libexec/keiland-ime errno=6
ZWL READY socket=/run/user/1000/wayland-0 width=1920 height=1080 timeout_ms=18446744073709551615 pid=17
ZWL CORNER zone x=1892 y=0 width=28 height=28
ZWL OSK zone kind=flick x=1892 y=1052 size=28
ZWL OSK zone kind=qwerty x=0 y=1052 size=28
ZWL DESKTOP start pid=29 command=/bin/files --desktop at_ms=5677
ZWL STARTUP step=output-display ms=0
ZWL STARTUP step=output-pipelines ms=9
ZWL HANDOFF go=1 waited_ms=0 at_ms=5686
ZWL STARTUP step=output-swapchain ms=12
ZWL STARTUP step=output-targets ms=0
ZWL OUTPUT open width=1920 height=1080 images=3 format=37
ZWL MODE window switch_ms=21 at_ms=5698
ZWL GLASS desktops x=1464 step=46 width=40
ZWL NETWORK icon x=1708 y=3 width=30 height=28
ZWL VOLUME icon x=1675 y=3 width=30 height=28
ZWL CLIENT client=1 fd=15
ZWL HOME skip name=Text Editor missing=/bin/textedit
ZWL NETWORK state reachable=1 connected=0 kind=none interface= wifi=absent ssid=
ZWL VOLUME reachable=1 device=0
ZWL DESKTOP role client=1 surface=8 x=0 y=34 width=1920 height=1046
ZWL SEAT client=1 pointer=1 keyboard=0 touch=0
ZWL SEAT client=1 pointer=1 keyboard=1 touch=0
ZFILES DESKTOP configure x=0 y=34 width=1920 height=1046
ZWL DESKTOP ack serial=1
ZFILES LOCATION kind=folder path=/home/kei/Desktop items=0 error=0
ZFILES DESKTOP layout saved=0 error=0
ZFILES DESKTOP grid width=1920 height=1046 columns=19 rows=9
ZFILES DESKTOP ready items=0 cells=0 width=1920 height=1046 at_ms=6299 newest_age_ms=-1
ZWL IMPORT client=1 buffer=20 width=1920 height=1046 bytes=8036352
ZWL IMPORT client=1 buffer=21 width=1920 height=1046 bytes=8036352
ZWL IMPORT client=1 buffer=22 width=1920 height=1046 bytes=8036352
ZFILES MENU context-only
ZFILES DESKTOP startup entered_ms=5682 fonts=29 instance=1 window=537 present=42 app=1 canvas=6 draw=1 shown=18 menus=6
ZFILES READY width=1920 height=1046 token=-
ZWL DESKTOP drawn at_ms=6323
ZWL PERF 5002ms: passes=449 timeouts=439 | poll 88.3% work 12.8%
ZWL PERF compose frames=6 draw_ms=98.84 (acquire 88.00 submit+present 10.68) frame_ms=99.23
ZWL PERF 5000ms: passes=500 timeouts=500 | poll 99.8% work 0.2%
ZWL PERF 5000ms: passes=500 timeouts=500 | poll 99.7% work 0.2%
ZWL PERF 5000ms: passes=500 timeouts=500 | poll 99.8% work 0.2%
ZWL PERF 5000ms: passes=500 timeouts=500 | poll 99.8% work 0.2%
ZWL PERF 5000ms: passes=500 timeouts=500 | poll 99.8% work 0.2%
ZWL PERF 5000ms: passes=500 timeouts=500 | poll 99.8% work 0.2%
ZWL PERF 5000ms: passes=500 timeouts=500 | poll 99.8% work 0.2%
ZWL PERF 5000ms: passes=500 timeouts=500 | poll 99.8% work 0.2%
ZWL PERF 5000ms: passes=500 timeouts=500 | poll 99.8% work 0.2%
ZWL PERF 5000ms: passes=500 timeouts=500 | poll 99.8% work 0.2%
ZWL PERF 5006ms: passes=500 timeouts=500 | poll 99.5% work 0.5%
ZWL PERF compose frames=1 draw_ms=14.18 (acquire 0.01 submit+present 14.04) frame_ms=16.04
ZWL PERF 5000ms: passes=500 timeouts=500 | poll 99.8% work 0.2%
ZWL HOME open via=launcher at_ms=73313
ZWL FIRST_FRAME what=home-open frame=9 request_ms=73313 ms=14
ZWL HOME opened apps=12 pages=1 page=1 at_ms=73605
ZWL HOME icon name="Files" x=600 y=386
ZWL HOME icon name="Notes" x=744 y=386
ZWL HOME icon name="Settings" x=888 y=386
ZWL HOME icon name="Terminal" x=1032 y=386
ZWL HOME icon name="PDF Viewer" x=1176 y=386
ZWL HOME icon name="Image Viewer" x=1320 y=386
ZWL HOME icon name="Browser" x=600 y=538
ZWL HOME icon name="Model viewer" x=744 y=538
ZWL HOME icon name="Gears" x=888 y=538
ZWL HOME icon name="X terminal" x=1032 y=538
ZWL HOME icon name="Lock Screen" x=1176 y=538
ZWL HOME icon name="Log Out" x=1320 y=538
ZWL HOME launch name=Files pid=30
ZWL HOME close via=launch at_ms=74965
ZWL FIRST_FRAME what=home-close frame=29 request_ms=74965 ms=22
ZWL CLIENT client=2 fd=16
ZWL BOUNDS client=2 surface=8 width=1896 height=970
ZWL CONFIGURE client=2 surface=8 serial=2 width=0 height=0 fullscreen=0
ZWL SEAT client=2 pointer=1 keyboard=0 touch=0
ZWL SEAT client=2 pointer=1 keyboard=1 touch=0
ZFILES LOCATION kind=home path=/home/kei items=0 error=0
ZWL IMPORT client=2 buffer=18 width=1120 height=720 bytes=3227648
ZWL IMPORT client=2 buffer=19 width=1120 height=720 bytes=3227648
ZWL IMPORT client=2 buffer=20 width=1120 height=720 bytes=3227648
ZFILES GLASS on
ZFILES MENU state selection=0 folder=0 paste=0 undo=0 back=0 view=0 sort=0 openers=0 tags=5
ZFILES MENU ready items=68
ZWL MENU commit client=2 menu=28 serial=1 items=108 generation=1
ZWL MENU set client=2 place=29 menu=28
ZWL MENU commit client=2 menu=28 serial=2 items=108 generation=2
ZFILES TITLEBAR state back=0 forward=0 parts=1 last=Home view=0 preview=0 progress=-1 query= focus=0
ZFILES TITLEBAR ready controls=8
ZFILES GLASS panels count=2
ZFILES READY width=1120 height=720 token=-
ZWL TITLEBAR create client=2 titlebar=33 toplevel=10
ZWL TITLEBAR commit client=2 titlebar=33 serial=1 mode=1 controls=8 tabs=0 generation=1
ZWL TITLEBAR commit client=2 titlebar=33 serial=2 mode=1 controls=8 tabs=0 generation=2
ZWL GLASS client=2 surface=8 panels=2 card:0,0,212,720,16 card:220,0,900,720,16
ZWL HOME closed at_ms=75208
ZWL MAP client=2 surface=8 x=400 y=223
ZWL HOME launched waited_ms=243 at_ms=75208
ZWL GLASS launch surface=8 from=564,350 to=400,223 size=1120x720
ZWL GLASS glyph codepoint=U+2026 size=0 face=0 cell=0
ZWL TITLEBAR control client=2 surface=8 where=floating id=1 x=496 y=178 width=30 height=30 shown=1
ZWL TITLEBAR control client=2 surface=8 where=floating id=2 x=530 y=178 width=30 height=30 shown=1
ZWL TITLEBAR control client=2 surface=8 where=floating id=3 x=564 y=178 width=30 height=30 shown=1
ZWL TITLEBAR control client=2 surface=8 where=floating id=4 x=604 y=178 width=58 height=30 shown=1
ZWL TITLEBAR control client=2 surface=8 where=floating id=5 x=1044 y=178 width=220 height=30 shown=1
ZWL TITLEBAR control client=2 surface=8 where=floating id=6 x=1268 y=178 width=30 height=30 shown=1
ZWL TITLEBAR control client=2 surface=8 where=floating id=7 x=1302 y=178 width=30 height=30 shown=1
ZWL TITLEBAR control client=2 surface=8 where=floating id=8 x=1336 y=178 width=30 height=30 shown=1
ZWL TITLEBAR control client=2 surface=8 where=floating id=0 x=1376 y=178 width=30 height=30 shown=1
ZWL PERF 5004ms: passes=474 timeouts=454 | poll 85.9% work 14.1%
ZWL PERF compose frames=43 draw_ms=15.91 (acquire 0.86 submit+present 14.53) frame_ms=17.23
ZWL PERF 5000ms: passes=500 timeouts=500 | poll 99.8% work 0.1%
ZWL HOME open via=launcher at_ms=83272
ZWL FIRST_FRAME what=home-open frame=53 request_ms=83272 ms=31
ZWL HOME opened apps=12 pages=1 page=1 at_ms=83573
ZWL HOME icon name="Files" x=600 y=386
ZWL HOME icon name="Notes" x=744 y=386
ZWL HOME icon name="Settings" x=888 y=386
ZWL HOME icon name="Terminal" x=1032 y=386
ZWL HOME icon name="PDF Viewer" x=1176 y=386
ZWL HOME icon name="Image Viewer" x=1320 y=386
ZWL HOME icon name="Browser" x=600 y=538
ZWL HOME icon name="Model viewer" x=744 y=538
ZWL HOME icon name="Gears" x=888 y=538
ZWL HOME icon name="X terminal" x=1032 y=538
ZWL HOME icon name="Lock Screen" x=1176 y=538
ZWL HOME icon name="Log Out" x=1320 y=538
ZWL HOME launch name=Notes pid=31
ZWL HOME close via=launch at_ms=84924
ZWL FIRST_FRAME what=home-close frame=62 request_ms=84924 ms=22
ZWL CLIENT client=3 fd=17
ZWL SEAT client=3 pointer=1 keyboard=0 touch=0
ZWL SEAT client=3 pointer=1 keyboard=1 touch=0
ZWL INSET create client=3 inset=22 toplevel=18
ZWL EDIT create client=3 edit=26 toplevel=18
ZWL BOUNDS client=3 surface=16 width=1896 height=970
ZWL CONFIGURE client=3 surface=16 serial=6 width=0 height=0 fullscreen=0
NOTES TABLET seat
ZWL TABLET seat client=3
ZWL MENU commit client=3 menu=35 serial=1 items=18 generation=1
ZWL MENU set client=3 place=36 menu=35
NOTES START width=1024 height=768 fullscreen=0 pages=1 strokes=0 path=/home/kei/Documents/Notes/note-20261002-051619.pdf
NOTES LAYOUT window=1024x768 page=275,84,472,668 scale=0.7935
NOTES BUTTONS 1:18,16,52,36 2:72,16,77,36 3:151,16,72,36 14:274,16,71,36 20:361,16,36,36 21:399,16,36,36 22:437,16,36,36 23:475,16,36,36 24:513,16,36,36 30:565,16,36,36 31:603,16,36,36 32:641,16,36,36 8:947,16,77,36 9:1040,16,61,36
NOTES PICTURE full strokes=0..0
NOTES FRAME first draws=52
ZWL IMPORT client=3 buffer=40 width=1024 height=768 bytes=3145728
ZWL IMPORT client=3 buffer=41 width=1024 height=768 bytes=3145728
ZWL IMPORT client=3 buffer=42 width=1024 height=768 bytes=3145728
ZWL EDIT state client=3 edit=26 actions=0xff flags=0xd
ZWL MENU commit client=3 menu=35 serial=2 items=18 generation=2
ZWL MAP client=3 surface=16 x=448 y=271
ZWL HOME launched waited_ms=59 at_ms=84983
ZWL GLASS launch surface=16 from=708,350 to=448,271 size=1024x768
ZWL GLASS glyph codepoint=U+2014 size=1 face=0 cell=1
ZWL HOME closed at_ms=85182
ZWL MENU bar client=3 surface=16 where=floating item=1 offset=337 top=219 width=46 height=44
ZWL MENU bar client=3 surface=16 where=floating item=2 offset=385 top=219 width=47 height=44
ZWL MENU bar client=3 surface=16 where=floating item=3 offset=434 top=219 width=55 height=44
ZWL MENU bar client=3 surface=16 where=floating item=4 offset=491 top=219 width=52 height=44
ZWL MENU bar client=3 surface=16 where=floating item=5 offset=545 top=219 width=55 height=44
ZWL PERF 5002ms: passes=513 timeouts=466 | poll 90.8% work 9.2%
ZWL PERF compose frames=19 draw_ms=23.24 (acquire 0.01 submit+present 22.54) frame_ms=24.95
ZWL PERF 5000ms: passes=500 timeouts=500 | poll 99.8% work 0.2%
ZWL HOME open via=launcher at_ms=93226
ZWL FIRST_FRAME what=home-open frame=71 request_ms=93226 ms=18
ZWL HOME opened apps=12 pages=1 page=1 at_ms=93509
ZWL HOME icon name="Files" x=600 y=386
ZWL HOME icon name="Notes" x=744 y=386
ZWL HOME icon name="Settings" x=888 y=386
ZWL HOME icon name="Terminal" x=1032 y=386
ZWL HOME icon name="PDF Viewer" x=1176 y=386
ZWL HOME icon name="Image Viewer" x=1320 y=386
ZWL HOME icon name="Browser" x=600 y=538
ZWL HOME icon name="Model viewer" x=744 y=538
ZWL HOME icon name="Gears" x=888 y=538
ZWL HOME icon name="X terminal" x=1032 y=538
ZWL HOME icon name="Lock Screen" x=1176 y=538
ZWL HOME icon name="Log Out" x=1320 y=538
ZWL HOME launch name=Settings pid=32
ZWL HOME close via=launch at_ms=94878
ZWL FIRST_FRAME what=home-close frame=80 request_ms=94878 ms=24
ZWL CLIENT client=4 fd=18
ZWL BOUNDS client=4 surface=8 width=1896 height=970
ZWL CONFIGURE client=4 surface=8 serial=12 width=0 height=0 fullscreen=0
ZWL SEAT client=4 pointer=1 keyboard=0 touch=0
ZWL SEAT client=4 pointer=1 keyboard=1 touch=0
ZSETTINGS ABOUT kernel=zedBSD 0.0.1 machine=x86_64 cores=4 host=kei
ZSETTINGS PAGE home
ZSETTINGS NETWORK open links=1 dns=0 saved=0
ZSETTINGS LOOK open opacity=100 wallpaper=
ZSETTINGS SOUND open value=100 muted=0 link=1
ZWL IMPORT client=4 buffer=17 width=1180 height=800 bytes=3776512
ZWL IMPORT client=4 buffer=18 width=1180 height=800 bytes=3776512
ZWL IMPORT client=4 buffer=19 width=1180 height=800 bytes=3776512
ZSETTINGS GLASS blur=1
ZSETTINGS GLASS on
ZSETTINGS MENU state back=0 forward=0 sidebar=1 page=home
ZSETTINGS MENU ready items=20
ZWL MENU commit client=4 menu=27 serial=1 items=43 generation=1
ZWL MENU set client=4 place=28 menu=27
ZWL MENU commit client=4 menu=27 serial=2 items=43 generation=2
ZSETTINGS TITLEBAR state back=0 forward=0 parts=1 last=Settings sidebar=1 query= focus=0
ZSETTINGS TITLEBAR ready controls=6
ZSETTINGS GLASS panels count=2
ZSETTINGS READY width=1180 height=800 glass=1 page=home
ZWL TITLEBAR create client=4 titlebar=32 toplevel=10
ZWL TITLEBAR commit client=4 titlebar=32 serial=1 mode=1 controls=6 tabs=0 generation=1
ZWL TITLEBAR commit client=4 titlebar=32 serial=2 mode=1 controls=6 tabs=0 generation=2
ZWL GLASS client=4 surface=8 blur=1
ZWL GLASS client=4 surface=8 panels=2 card:0,0,248,800,16 card:256,0,924,800,16
ZWL MAP client=4 surface=8 x=544 y=252
ZWL HOME launched waited_ms=105 at_ms=94983
ZWL GLASS launch surface=8 from=852,350 to=544,252 size=1180x800
ZSETTINGS NETWORK state reachable=1 connected=0 kind=0 interface= wifi=0 ssid=
ZSETTINGS SOUND report reachable=1 device=0 value=100 muted=0
ZWL HOME closed at_ms=95140
ZWL BACKDROP ready width=240 height=135
ZWL TITLEBAR control client=4 surface=8 where=floating id=1 x=666 y=207 width=30 height=30 shown=1
ZWL TITLEBAR control client=4 surface=8 where=floating id=2 x=700 y=207 width=30 height=30 shown=1
ZWL TITLEBAR control client=4 surface=8 where=floating id=3 x=734 y=207 width=30 height=30 shown=1
ZWL TITLEBAR control client=4 surface=8 where=floating id=4 x=774 y=207 width=74 height=30 shown=1
ZWL TITLEBAR control client=4 surface=8 where=floating id=5 x=1316 y=207 width=220 height=30 shown=1
ZWL TITLEBAR control client=4 surface=8 where=floating id=6 x=1540 y=207 width=30 height=30 shown=1
ZWL TITLEBAR control client=4 surface=8 where=floating id=0 x=1580 y=207 width=30 height=30 shown=1
ZWL PERF 5002ms: passes=488 timeouts=464 | poll 90.7% work 9.3%
ZWL PERF compose frames=18 draw_ms=24.55 (acquire 0.02 submit+present 23.48) frame_ms=26.35
ZWL PERF 5000ms: passes=500 timeouts=500 | poll 99.8% work 0.2%
ZWL HOME open via=launcher at_ms=103173
ZWL FIRST_FRAME what=home-open frame=90 request_ms=103173 ms=23
ZWL HOME opened apps=12 pages=1 page=1 at_ms=103471
ZWL HOME icon name="Files" x=600 y=386
ZWL HOME icon name="Notes" x=744 y=386
ZWL HOME icon name="Settings" x=888 y=386
ZWL HOME icon name="Terminal" x=1032 y=386
ZWL HOME icon name="PDF Viewer" x=1176 y=386
ZWL HOME icon name="Image Viewer" x=1320 y=386
ZWL HOME icon name="Browser" x=600 y=538
ZWL HOME icon name="Model viewer" x=744 y=538
ZWL HOME icon name="Gears" x=888 y=538
ZWL HOME icon name="X terminal" x=1032 y=538
ZWL HOME icon name="Lock Screen" x=1176 y=538
ZWL HOME icon name="Log Out" x=1320 y=538
ZWL HOME launch name=Terminal pid=33
ZWL HOME close via=launch at_ms=104826
ZWL FIRST_FRAME what=home-close frame=99 request_ms=104826 ms=24
ZWL CLIENT client=5 fd=19
ZWL INSET create client=5 inset=20 toplevel=16
ZWL EDIT create client=5 edit=24 toplevel=16
ZWL BOUNDS client=5 surface=14 width=1896 height=970
ZWL CONFIGURE client=5 surface=14 serial=18 width=0 height=0 fullscreen=0
ZWL SEAT client=5 pointer=1 keyboard=0 touch=0
ZWL SEAT client=5 pointer=1 keyboard=1 touch=0
ZWL IMPORT client=5 buffer=37 width=916 height=632 bytes=2318336
ZWL IMPORT client=5 buffer=38 width=916 height=632 bytes=2318336
ZWL IMPORT client=5 buffer=39 width=916 height=632 bytes=2318336
ZTERM MENU state selection=0 clipboard=0 pixels=16 fullscreen=0
ZWL MENU commit client=5 menu=43 serial=1 items=30 generation=1
ZWL MENU set client=5 place=44 menu=43
ZWL MENU commit client=5 menu=43 serial=2 items=30 generation=2
ZTERM MENU ready items=30
ZTERM TAB active id=1
ZTERM TAB new run=term id=1 count=1
ZTERM START run=term columns=90 rows=28 cell=10x22 window=916x632
ZTERM TABS count=1 active=1 mode=0
ZTERM TITLE tab=1 title=Terminal
ZWL TITLEBAR create client=5 titlebar=48 toplevel=16
ZWL EDIT state client=5 edit=24 actions=0xff flags=0xd
ZWL TITLEBAR commit client=5 titlebar=48 serial=1 mode=0 controls=0 tabs=1 generation=1
ZWL MAP client=5 surface=14 x=592 y=300
ZWL HOME launched waited_ms=74 at_ms=104900
ZWL GLASS launch surface=14 from=996,350 to=592,300 size=916x632
ZTERM CLIPBOARD selection text=0
ZTERM PRIMARY offer text=0
ZWL HOME closed at_ms=105097
ZWL MENU bar client=5 surface=14 where=floating item=1 offset=127 top=248 width=55 height=44
ZWL MENU bar client=5 surface=14 where=floating item=2 offset=184 top=248 width=47 height=44
ZWL MENU bar client=5 surface=14 where=floating item=3 offset=233 top=248 width=55 height=44
ZWL MENU bar client=5 surface=14 where=floating item=4 offset=290 top=248 width=76 height=44
ZWL MENU bar client=5 surface=14 where=floating item=5 offset=368 top=248 width=53 height=44
ZWL PERF 5001ms: passes=491 timeouts=459 | poll 90.0% work 10.0%
ZWL PERF compose frames=19 draw_ms=25.29 (acquire 0.01 submit+present 24.25) frame_ms=26.91
ZWL PERF 5000ms: passes=500 timeouts=500 | poll 99.6% work 0.4%
ZWL HOME open via=launcher at_ms=113133
ZWL FIRST_FRAME what=home-open frame=108 request_ms=113133 ms=24
ZWL HOME opened apps=12 pages=1 page=1 at_ms=113415
ZWL HOME icon name="Files" x=600 y=386
ZWL HOME icon name="Notes" x=744 y=386
ZWL HOME icon name="Settings" x=888 y=386
ZWL HOME icon name="Terminal" x=1032 y=386
ZWL HOME icon name="PDF Viewer" x=1176 y=386
ZWL HOME icon name="Image Viewer" x=1320 y=386
ZWL HOME icon name="Browser" x=600 y=538
ZWL HOME icon name="Model viewer" x=744 y=538
ZWL HOME icon name="Gears" x=888 y=538
ZWL HOME icon name="X terminal" x=1032 y=538
ZWL HOME icon name="Lock Screen" x=1176 y=538
ZWL HOME icon name="Log Out" x=1320 y=538
ZWL HOME launch name=PDF Viewer pid=35
ZWL HOME close via=launch at_ms=114785
ZWL FIRST_FRAME what=home-close frame=116 request_ms=114785 ms=25
ZWL CLIENT client=6 fd=20
ZWL INSET create client=6 inset=20 toplevel=16
ZWL EDIT create client=6 edit=24 toplevel=16
ZWL BOUNDS client=6 surface=14 width=1896 height=970
ZWL CONFIGURE client=6 surface=14 serial=24 width=0 height=0 fullscreen=0
ZWL SEAT client=6 pointer=1 keyboard=0 touch=0
ZWL SEAT client=6 pointer=1 keyboard=1 touch=0
ZWL IMPORT client=6 buffer=31 width=1000 height=760 bytes=3043328
ZWL IMPORT client=6 buffer=32 width=1000 height=760 bytes=3043328
ZWL IMPORT client=6 buffer=33 width=1000 height=760 bytes=3043328
ZWL IMPORT client=6 buffer=34 width=1000 height=760 bytes=3043328
ZWL IMPORT client=6 buffer=35 width=1000 height=760 bytes=3043328
ZWL IMPORT client=6 buffer=36 width=1000 height=760 bytes=3043328
PDFVIEWER MENU ready items=24
ZWL MENU commit client=6 menu=40 serial=1 items=24 generation=1
ZWL MENU set client=6 place=41 menu=40
ZWL MENU commit client=6 menu=40 serial=2 items=24 generation=2
PDFVIEWER TITLEBAR ready controls=11
ZWL TITLEBAR create client=6 titlebar=45 toplevel=16
ZWL TITLEBAR commit client=6 titlebar=45 serial=1 mode=1 controls=11 tabs=0 generation=1
ZWL TITLEBAR commit client=6 titlebar=45 serial=2 mode=1 controls=11 tabs=0 generation=2
PDFVIEWER READY width=1000 height=760 pages=0
ZWL EDIT state client=6 edit=24 actions=0xff flags=0xd
ZWL MAP client=6 surface=14 x=688 y=292
ZWL HOME launched waited_ms=113 at_ms=114898
ZWL GLASS launch surface=14 from=1140,350 to=688,292 size=1000x760
ZWL GLASS glyph codepoint=U+2212 size=0 face=0 cell=2
ZWL HOME closed at_ms=115032
ZWL TITLEBAR control client=6 surface=14 where=floating id=11 x=991 y=247 width=30 height=30 shown=1
ZWL TITLEBAR control client=6 surface=14 where=floating id=1 x=837 y=247 width=30 height=30 shown=1
ZWL TITLEBAR control client=6 surface=14 where=floating id=2 x=871 y=247 width=30 height=30 shown=1
ZWL TITLEBAR control client=6 surface=14 where=floating id=3 x=1025 y=247 width=119 height=30 shown=1
ZWL TITLEBAR control client=6 surface=14 where=floating id=4 x=1148 y=247 width=30 height=30 shown=1
ZWL TITLEBAR control client=6 surface=14 where=floating id=5 x=1182 y=247 width=30 height=30 shown=1
ZWL TITLEBAR control client=6 surface=14 where=floating id=6 x=1216 y=247 width=34 height=30 shown=1
ZWL TITLEBAR control client=6 surface=14 where=floating id=7 x=1254 y=247 width=34 height=30 shown=1
ZWL TITLEBAR control client=6 surface=14 where=floating id=8 x=1292 y=247 width=87 height=30 shown=1
ZWL TITLEBAR control client=6 surface=14 where=floating id=9 x=0 y=247 width=81 height=30 shown=0
ZWL TITLEBAR control client=6 surface=14 where=floating id=10 x=1383 y=247 width=151 height=30 shown=1
ZWL TITLEBAR control client=6 surface=14 where=floating id=0 x=1544 y=247 width=30 height=30 shown=1
ZWL PERF 5009ms: passes=499 timeouts=461 | poll 90.1% work 9.9%
ZWL PERF compose frames=17 draw_ms=27.59 (acquire 0.02 submit+present 26.64) frame_ms=29.33
ZWL PERF 5000ms: passes=500 timeouts=500 | poll 99.7% work 0.3%
ZWL HOME open via=launcher at_ms=123088
ZWL FIRST_FRAME what=home-open frame=125 request_ms=123088 ms=28
ZWL HOME opened apps=12 pages=1 page=1 at_ms=123374
ZWL HOME icon name="Files" x=600 y=386
ZWL HOME icon name="Notes" x=744 y=386
ZWL HOME icon name="Settings" x=888 y=386
ZWL HOME icon name="Terminal" x=1032 y=386
ZWL HOME icon name="PDF Viewer" x=1176 y=386
ZWL HOME icon name="Image Viewer" x=1320 y=386
ZWL HOME icon name="Browser" x=600 y=538
ZWL HOME icon name="Model viewer" x=744 y=538
ZWL HOME icon name="Gears" x=888 y=538
ZWL HOME icon name="X terminal" x=1032 y=538
ZWL HOME icon name="Lock Screen" x=1176 y=538
ZWL HOME icon name="Log Out" x=1320 y=538
ZWL HOME launch name=Image Viewer pid=36
ZWL HOME close via=launch at_ms=124741
ZWL FIRST_FRAME what=home-close frame=133 request_ms=124741 ms=25
ZWL CLIENT client=7 fd=21
ZWL INSET create client=7 inset=20 toplevel=16
ZWL EDIT create client=7 edit=24 toplevel=16
ZWL BOUNDS client=7 surface=14 width=1896 height=970
ZWL CONFIGURE client=7 surface=14 serial=30 width=0 height=0 fullscreen=0
ZWL SEAT client=7 pointer=1 keyboard=0 touch=0
ZWL SEAT client=7 pointer=1 keyboard=1 touch=0
IMAGEVIEW PRESENT smooth=1 max-dimension=16384
ZWL IMPORT client=7 buffer=31 width=1000 height=720 bytes=2883584
ZWL IMPORT client=7 buffer=32 width=1000 height=720 bytes=2883584
ZWL IMPORT client=7 buffer=33 width=1000 height=720 bytes=2883584
IMAGEVIEW GLASS on
IMAGEVIEW MENU ready items=24
ZWL MENU commit client=7 menu=41 serial=1 items=24 generation=1
ZWL MENU set client=7 place=42 menu=41
ZWL MENU commit client=7 menu=41 serial=2 items=24 generation=2
ZWL MENU commit client=7 menu=43 serial=1 items=7 generation=1
IMAGEVIEW TITLEBAR ready controls=8
IMAGEVIEW GLASS panels count=1
IMAGEVIEW READY width=1000 height=720 glass=1 images=0
ZWL TITLEBAR create client=7 titlebar=47 toplevel=16
ZWL TITLEBAR commit client=7 titlebar=47 serial=1 mode=1 controls=8 tabs=0 generation=1
ZWL TITLEBAR commit client=7 titlebar=47 serial=2 mode=1 controls=8 tabs=0 generation=2
ZWL EDIT state client=7 edit=24 actions=0xff flags=0xd
ZWL GLASS client=7 surface=14 panels=1 card:8,8,984,704,18
ZWL MAP client=7 surface=14 x=736 y=332
ZWL HOME launched waited_ms=107 at_ms=124848
ZWL GLASS launch surface=14 from=1284,350 to=736,332 size=1000x720
ZWL HOME closed at_ms=124986
ZWL TITLEBAR control client=7 surface=14 where=floating id=1 x=902 y=287 width=30 height=30 shown=1
ZWL TITLEBAR control client=7 surface=14 where=floating id=2 x=936 y=287 width=30 height=30 shown=1
ZWL TITLEBAR control client=7 surface=14 where=floating id=3 x=1187 y=287 width=91 height=30 shown=1
ZWL TITLEBAR control client=7 surface=14 where=floating id=4 x=1282 y=287 width=34 height=30 shown=1
ZWL TITLEBAR control client=7 surface=14 where=floating id=5 x=1320 y=287 width=34 height=30 shown=1
ZWL TITLEBAR control client=7 surface=14 where=floating id=6 x=1358 y=287 width=42 height=30 shown=1
ZWL TITLEBAR control client=7 surface=14 where=floating id=7 x=1404 y=287 width=70 height=30 shown=1
ZWL TITLEBAR control client=7 surface=14 where=floating id=8 x=1478 y=287 width=104 height=30 shown=1
ZWL TITLEBAR control client=7 surface=14 where=floating id=0 x=1592 y=287 width=30 height=30 shown=1
ZWL PERF 5005ms: passes=517 timeouts=459 | poll 90.4% work 9.6%
ZWL PERF compose frames=16 draw_ms=28.38 (acquire 0.01 submit+present 27.43) frame_ms=30.57
ZWL PERF 5000ms: passes=496 timeouts=496 | poll 99.7% work 0.3%
ZWL HOME open via=launcher at_ms=133036
ZWL FIRST_FRAME what=home-open frame=141 request_ms=133036 ms=30
ZWL HOME opened apps=12 pages=1 page=1 at_ms=133320
ZWL HOME icon name="Files" x=600 y=386
ZWL HOME icon name="Notes" x=744 y=386
ZWL HOME icon name="Settings" x=888 y=386
ZWL HOME icon name="Terminal" x=1032 y=386
ZWL HOME icon name="PDF Viewer" x=1176 y=386
ZWL HOME icon name="Image Viewer" x=1320 y=386
ZWL HOME icon name="Browser" x=600 y=538
ZWL HOME icon name="Model viewer" x=744 y=538
ZWL HOME icon name="Gears" x=888 y=538
ZWL HOME icon name="X terminal" x=1032 y=538
ZWL HOME icon name="Lock Screen" x=1176 y=538
ZWL HOME icon name="Log Out" x=1320 y=538
ZWL HOME launch name=Browser pid=37
ZWL HOME close via=launch at_ms=134689
ZWL FIRST_FRAME what=home-close frame=149 request_ms=134689 ms=25
ZWL CLIENT client=8 fd=22
ZWL BOUNDS client=8 surface=7 width=1896 height=970
ZWL CONFIGURE client=8 surface=7 serial=36 width=0 height=0 fullscreen=0
ZWL SEAT client=8 pointer=1 keyboard=0 touch=0
ZWL SEAT client=8 pointer=1 keyboard=1 touch=0
ZWL TITLEBAR create client=8 titlebar=16 toplevel=9
ZWL TITLEBAR commit client=8 titlebar=16 serial=1 mode=1 controls=4 tabs=0 generation=1
ZBROWSER READY width=1024 height=768 document=911
ZBROWSER NAVIGATE path=/usr/share/browser/start.html title=zedBSD Browser
ZBROWSER TITLEBAR back=0 forward=0 path=/usr/share/browser/start.html
ZWL IMPORT client=8 buffer=20 width=1024 height=768 bytes=3145728
ZBROWSER FRAME scroll=0 width=1024 height=768
ZWL IMPORT client=8 buffer=21 width=1024 height=768 bytes=3145728
ZWL IMPORT client=8 buffer=22 width=1024 height=768 bytes=3145728
ZWL TITLEBAR commit client=8 titlebar=16 serial=2 mode=1 controls=4 tabs=0 generation=2
ZWL MAP client=8 surface=7 x=832 y=284
ZWL HOME launched waited_ms=78 at_ms=134767
ZWL GLASS launch surface=7 from=564,502 to=832,284 size=1024x768
ZWL HOME closed at_ms=134937
ZWL TITLEBAR control client=8 surface=7 where=floating id=1 x=1019 y=239 width=30 height=30 shown=1
ZWL TITLEBAR control client=8 surface=7 where=floating id=2 x=1053 y=239 width=30 height=30 shown=1
ZWL TITLEBAR control client=8 surface=7 where=floating id=3 x=1669 y=239 width=73 height=30 shown=1
ZWL TITLEBAR control client=8 surface=7 where=floating id=4 x=1093 y=239 width=290 height=30 shown=1
ZWL PERF 5007ms: passes=480 timeouts=455 | poll 90.7% work 9.3%
ZWL PERF compose frames=15 draw_ms=29.77 (acquire 0.01 submit+present 28.59) frame_ms=31.55
ZWL PERF 5000ms: passes=500 timeouts=500 | poll 99.8% work 0.2%
ZWL HOME open via=launcher at_ms=142992
ZWL FIRST_FRAME what=home-open frame=156 request_ms=142992 ms=31
ZWL HOME opened apps=12 pages=1 page=1 at_ms=143281
ZWL HOME icon name="Files" x=600 y=386
ZWL HOME icon name="Notes" x=744 y=386
ZWL HOME icon name="Settings" x=888 y=386
ZWL HOME icon name="Terminal" x=1032 y=386
ZWL HOME icon name="PDF Viewer" x=1176 y=386
ZWL HOME icon name="Image Viewer" x=1320 y=386
ZWL HOME icon name="Browser" x=600 y=538
ZWL HOME icon name="Model viewer" x=744 y=538
ZWL HOME icon name="Gears" x=888 y=538
ZWL HOME icon name="X terminal" x=1032 y=538
ZWL HOME icon name="Lock Screen" x=1176 y=538
ZWL HOME icon name="Log Out" x=1320 y=538
ZWL HOME launch name=Model viewer pid=38
ZWL HOME close via=launch at_ms=144645
ZWL FIRST_FRAME what=home-close frame=164 request_ms=144645 ms=26
ZWL HOME closed at_ms=144887
MVIEW START run=manual model=/usr/share/mview/qs40 vertices=25861 triangles=37000 materials=16 textures=13
ZWL CLIENT client=9 fd=23
ZWL BOUNDS client=9 surface=7 width=1896 height=970
ZWL CONFIGURE client=9 surface=7 serial=42 width=0 height=0 fullscreen=0
ZWL SEAT client=9 pointer=1 keyboard=0 touch=0
ZWL SEAT client=9 pointer=1 keyboard=1 touch=0
MVIEW WINDOW run=manual width=960 height=640 bounds=1896x970
ZWL IMPORT client=9 buffer=16 width=960 height=640 bytes=2457600
ZWL IMPORT client=9 buffer=17 width=960 height=640 bytes=2457600
ZWL IMPORT client=9 buffer=18 width=960 height=640 bytes=2457600
MVIEW FRAME run=manual frame=1 yaw=0.00 pitch=0.00 distance=2.9480 pan=0.0000,0.0000
ZWL MAP client=9 surface=7 x=880 y=332
ZWL HOME launched waited_ms=601 at_ms=145246
ZWL GLASS launch surface=7 from=708,502 to=880,332 size=960x640
ZBROWSER FRAME scroll=0 width=1024 height=768
ZWL PERF 5003ms: passes=472 timeouts=446 | poll 86.3% work 13.7%
ZWL PERF compose frames=22 draw_ms=30.12 (acquire 0.01 submit+present 29.06) frame_ms=32.09
ZWL PERF 5000ms: passes=500 timeouts=500 | poll 99.7% work 0.2%
ZWL HOME open via=launcher at_ms=152936
ZWL FIRST_FRAME what=home-open frame=178 request_ms=152936 ms=33
ZWL HOME opened apps=12 pages=1 page=1 at_ms=153225
ZWL HOME icon name="Files" x=600 y=386
ZWL HOME icon name="Notes" x=744 y=386
ZWL HOME icon name="Settings" x=888 y=386
ZWL HOME icon name="Terminal" x=1032 y=386
ZWL HOME icon name="PDF Viewer" x=1176 y=386
ZWL HOME icon name="Image Viewer" x=1320 y=386
ZWL HOME icon name="Browser" x=600 y=538
ZWL HOME icon name="Model viewer" x=744 y=538
ZWL HOME icon name="Gears" x=888 y=538
ZWL HOME icon name="X terminal" x=1032 y=538
ZWL HOME icon name="Lock Screen" x=1176 y=538
ZWL HOME icon name="Log Out" x=1320 y=538
ZWL HOME launch name=Gears pid=39
ZWL HOME close via=launch at_ms=154589
ZWL FIRST_FRAME what=home-close frame=186 request_ms=154589 ms=26
ZWL CLIENT client=10 fd=24
ZWL SEAT client=10 pointer=1 keyboard=0 touch=0
ZWL SEAT client=10 pointer=1 keyboard=1 touch=0
ZWL BOUNDS client=10 surface=14 width=1896 height=970
ZWL CONFIGURE client=10 surface=14 serial=48 width=0 height=0 fullscreen=0
ZWL IMPORT client=10 buffer=21 width=600 height=480 bytes=1155072
ZWL IMPORT client=10 buffer=22 width=600 height=480 bytes=1155072
ZWL IMPORT client=10 buffer=23 width=600 height=480 bytes=1155072
ZWL MAP client=10 surface=14 x=928 y=380
ZWL HOME launched waited_ms=159 at_ms=154748
ZWL GLASS launch surface=14 from=852,502 to=928,380 size=600x480
ZGEARS START run=gears vendor="Kei" renderer="Kei OpenGL ES on Vulkan" version="1.4 Kei (fixed function on OpenGL ES 2.0 on Vulkan)"
ZWL CURSOR client=10 shown=1
ZGEARS CHECK run=gears red=65803 green=16646 blue=13397 black=187257 of=288000 failures=0 glerror=0x0
ZGEARS SUM run=gears frame=1 sum=03fae0ad red=65803 green=16646 blue=13397
ZGEARS FRAME run=gears frame=1 draw_ms=33.0 swap_ms=28.0
ZGEARS SUM run=gears frame=2 sum=eada6db6 red=65799 green=16251 blue=13191
ZWL HOME closed at_ms=154831
ZWL CURSOR client=10 shown=0
ZGEARS FRAME run=gears frame=2 draw_ms=7.0 swap_ms=16.0
ZGEARS FRAME run=gears frame=3 draw_ms=0.0 swap_ms=38.0
ZGEARS FRAME run=gears frame=4 draw_ms=0.0 swap_ms=33.0
ZGEARS FRAME run=gears frame=5 draw_ms=1.0 swap_ms=25.0
ZGEARS FRAME run=gears frame=6 draw_ms=1.0 swap_ms=36.0
ZGEARS FRAME run=gears frame=7 draw_ms=1.0 swap_ms=26.0
ZGEARS FRAME run=gears frame=8 draw_ms=1.0 swap_ms=48.0
ZGEARS FRAME run=gears frame=9 draw_ms=1.0 swap_ms=41.0
ZGEARS FRAME run=gears frame=10 draw_ms=0.0 swap_ms=40.0
ZWL PERF 5003ms: passes=547 timeouts=383 | poll 80.0% work 19.9%
ZWL PERF compose frames=39 draw_ms=24.17 (acquire 0.03 submit+present 22.67) frame_ms=24.89
ZGEARS SUM run=gears frame=50 sum=41523a87 red=66042 green=16848 blue=13271
ZGEARS FPS run=gears frames=100 fps=33.2
ZGEARS FPS run=gears frames=200 fps=34.9
ZWL PERF 5011ms: passes=847 timeouts=40 | poll 34.6% work 65.2%
ZWL PERF compose frames=170 draw_ms=17.94 (acquire 0.05 submit+present 16.23) frame_ms=18.38
ZWL HOME open via=launcher at_ms=162918
ZWL FIRST_FRAME what=home-open frame=458 request_ms=162919 ms=30
ZWL HOME opened apps=12 pages=1 page=1 at_ms=163205
ZWL HOME icon name="Files" x=600 y=386
ZWL HOME icon name="Notes" x=744 y=386
ZWL HOME icon name="Settings" x=888 y=386
ZWL HOME icon name="Terminal" x=1032 y=386
ZWL HOME icon name="PDF Viewer" x=1176 y=386
ZWL HOME icon name="Image Viewer" x=1320 y=386
ZWL HOME icon name="Browser" x=600 y=538
ZWL HOME icon name="Model viewer" x=744 y=538
ZWL HOME icon name="Gears" x=888 y=538
ZWL HOME icon name="X terminal" x=1032 y=538
ZWL HOME icon name="Lock Screen" x=1176 y=538
ZWL HOME icon name="Log Out" x=1320 y=538
ZGEARS FPS run=gears frames=300 fps=34.0
ZWL CURSOR client=10 shown=1
ZWL HOME launch name=X terminal pid=45
ZWL HOME close via=launch at_ms=164568
ZWL FIRST_FRAME what=home-close frame=499 request_ms=164568 ms=22
ZWL BOUNDS client=10 surface=1146 width=1896 height=970
ZWL CONFIGURE client=10 surface=1146 serial=54 width=0 height=0 fullscreen=0
ZWL IMPORT client=10 buffer=1153 width=640 height=384 bytes=983040
ZWL IMPORT client=10 buffer=1154 width=640 height=384 bytes=983040
ZWL IMPORT client=10 buffer=1155 width=640 height=384 bytes=983040
ZWL MAP client=10 surface=1146 x=976 y=428
ZWL HOME launched waited_ms=33 at_ms=164601
ZWL GLASS launch surface=1146 from=996,502 to=976,428 size=640x384
ZWL HOME closed at_ms=164842
ZWL PERF 5005ms: passes=949 timeouts=50 | poll 33.9% work 65.9%
ZWL PERF compose frames=135 draw_ms=23.02 (acquire 0.05 submit+present 21.17) frame_ms=23.41
ZGEARS FPS run=gears frames=400 fps=20.0
ZWL PERF 5036ms: passes=756 timeouts=61 | poll 32.1% work 67.6%
ZWL PERF compose frames=81 draw_ms=39.01 (acquire 0.05 submit+present 36.78) frame_ms=39.86
ZWL WISEVIEW opening key at_ms=173195
ZWL FIRST_FRAME what=wiseview-open frame=639 request_ms=173195 ms=44
ZWL WISEVIEW open windows=10 at_ms=173407
ZWL WISEVIEW tile client=10 surface=1146 x=62 y=86 width=422 height=253
ZWL WISEVIEW tile client=10 surface=14 x=578 y=90 width=305 height=244
ZWL WISEVIEW tile client=9 surface=7 x=1006 y=90 width=366 height=244
ZWL WISEVIEW tile client=8 surface=7 x=1484 y=90 width=325 height=244
ZWL WISEVIEW tile client=7 surface=14 x=104 y=404 width=338 height=244
ZWL WISEVIEW tile client=6 surface=14 x=570 y=404 width=321 height=244
ZWL WISEVIEW tile client=5 surface=14 x=1012 y=404 width=353 height=244
ZWL WISEVIEW tile client=4 surface=8 x=1467 y=404 width=359 height=244
ZWL WISEVIEW tile client=3 surface=16 x=568 y=718 width=325 height=244
ZWL WISEVIEW tile client=2 surface=8 x=999 y=718 width=379 height=244
ZWL WISEVIEW close key at_ms=175421
ZWL FIRST_FRAME what=wiseview-close frame=693 request_ms=175421 ms=27
ZWL WISEVIEW closed at_ms=175632
ZWL PERF 5000ms: passes=698 timeouts=71 | poll 33.2% work 66.5%
ZWL PERF compose frames=97 draw_ms=31.81 (acquire 0.05 submit+present 29.71) frame_ms=32.21
ZGEARS FPS run=gears frames=500 fps=13.2
ZWL CURSOR client=10 shown=0
ZWL HOME open via=launcher at_ms=177795
ZWL FIRST_FRAME what=home-open frame=733 request_ms=177795 ms=55
ZWL HOME opened apps=12 pages=1 page=1 at_ms=178080
ZWL HOME icon name="Files" x=600 y=386
ZWL HOME icon name="Notes" x=744 y=386
ZWL HOME icon name="Settings" x=888 y=386
ZWL HOME icon name="Terminal" x=1032 y=386
ZWL HOME icon name="PDF Viewer" x=1176 y=386
ZWL HOME icon name="Image Viewer" x=1320 y=386
ZWL HOME icon name="Browser" x=600 y=538
ZWL HOME icon name="Model viewer" x=744 y=538
ZWL HOME icon name="Gears" x=888 y=538
ZWL HOME icon name="X terminal" x=1032 y=538
ZWL HOME icon name="Lock Screen" x=1176 y=538
ZWL HOME icon name="Log Out" x=1320 y=538
ZWL HOME close via=escape at_ms=180015
ZWL FIRST_FRAME what=home-close frame=778 request_ms=180015 ms=31
ZWL HOME closed at_ms=180256
ZWL PERF 5031ms: passes=768 timeouts=63 | poll 31.8% work 67.9%
ZWL PERF compose frames=92 draw_ms=34.50 (acquire 0.05 submit+present 31.48) frame_ms=35.63
ZGEARS FPS run=gears frames=600 fps=15.4
ZWL GLASS moved surface=7 x=980 y=372
ZWL GLASS moved surface=7 x=880 y=332
ZWL HOME open via=launcher at_ms=184908
ZWL FIRST_FRAME what=home-open frame=858 request_ms=184908 ms=50
ZWL HOME opened apps=12 pages=1 page=1 at_ms=185215
ZWL HOME icon name="Files" x=600 y=386
ZWL HOME icon name="Notes" x=744 y=386
ZWL HOME icon name="Settings" x=888 y=386
ZWL HOME icon name="Terminal" x=1032 y=386
ZWL HOME icon name="PDF Viewer" x=1176 y=386
ZWL HOME icon name="Image Viewer" x=1320 y=386
ZWL HOME icon name="Browser" x=600 y=538
ZWL HOME icon name="Model viewer" x=744 y=538
ZWL HOME icon name="Gears" x=888 y=538
ZWL HOME icon name="X terminal" x=1032 y=538
ZWL HOME icon name="Lock Screen" x=1176 y=538
ZWL HOME icon name="Log Out" x=1320 y=538
ZWL PERF 5014ms: passes=678 timeouts=62 | poll 31.7% work 68.0%
ZWL PERF compose frames=85 draw_ms=37.29 (acquire 0.05 submit+present 34.40) frame_ms=38.16
ZWL HOME launch name=Terminal pid=52
ZWL HOME close via=launch at_ms=186530
ZWL FIRST_FRAME what=home-close frame=891 request_ms=186530 ms=33
ZWL CLIENT client=11 fd=25
ZWL SEAT client=11 pointer=1 keyboard=0 touch=0
ZWL SEAT client=11 pointer=1 keyboard=1 touch=0
ZWL INSET create client=11 inset=22 toplevel=18
ZWL EDIT create client=11 edit=26 toplevel=18
ZWL BOUNDS client=11 surface=16 width=1896 height=970
ZWL CONFIGURE client=11 surface=16 serial=69 width=0 height=0 fullscreen=0
ZWL IMPORT client=11 buffer=37 width=916 height=632 bytes=2318336
ZWL IMPORT client=11 buffer=38 width=916 height=632 bytes=2318336
ZWL IMPORT client=11 buffer=39 width=916 height=632 bytes=2318336
ZTERM MENU state selection=0 clipboard=0 pixels=16 fullscreen=0
ZWL MENU commit client=11 menu=43 serial=1 items=30 generation=1
ZWL MENU set client=11 place=44 menu=43
ZWL MENU commit client=11 menu=43 serial=2 items=30 generation=2
ZTERM MENU ready items=30
ZTERM TAB active id=1
ZTERM TAB new run=term id=1 count=1
ZTERM START run=term columns=90 rows=28 cell=10x22 window=916x632
ZWL TITLEBAR create client=11 titlebar=48 toplevel=18
ZTERM TABS count=1 active=1 mode=0
ZTERM TITLE tab=1 title=Terminal
ZWL EDIT state client=11 edit=26 actions=0xff flags=0xd
ZWL TITLEBAR commit client=11 titlebar=48 serial=1 mode=0 controls=0 tabs=1 generation=1
ZWL MAP client=11 surface=16 x=348 y=420
ZWL HOME launched waited_ms=138 at_ms=186668
ZWL GLASS launch surface=16 from=996,350 to=348,420 size=916x632
ZTERM CLIPBOARD selection text=0
ZTERM PRIMARY offer text=0
ZWL HOME closed at_ms=186774
ZWL MENU bar client=11 surface=16 where=floating item=1 offset=127 top=368 width=55 height=44
ZWL MENU bar client=11 surface=16 where=floating item=2 offset=184 top=368 width=47 height=44
ZWL MENU bar client=11 surface=16 where=floating item=3 offset=233 top=368 width=55 height=44
ZWL MENU bar client=11 surface=16 where=floating item=4 offset=290 top=368 width=76 height=44
ZWL MENU bar client=11 surface=16 where=floating item=5 offset=368 top=368 width=53 height=44
ZGEARS FPS run=gears frames=700 fps=14.7
ZWL PERF 5001ms: passes=657 timeouts=70 | poll 31.7% work 67.9%
ZWL PERF compose frames=80 draw_ms=39.28 (acquire 0.04 submit+present 36.38) frame_ms=40.04
ZTERM TAB closed run=term id=1 count=0
ZTERM DONE run=term reason=shell-exited
ZWL CLIENT gone client=11 reason=flush
ZWL CLEANUP client=11 objects=35 unread_fds=0
ZWL HOME ended pid=52 status=0
ZWL PERF 5028ms: passes=735 timeouts=69 | poll 31.9% work 67.7%
ZWL PERF compose frames=75 draw_ms=42.12 (acquire 0.04 submit+present 39.74) frame_ms=42.82
ZGEARS FPS run=gears frames=800 fps=13.9
ZWL WISEVIEW opening key at_ms=197040
ZWL FIRST_FRAME what=wiseview-open frame=1049 request_ms=197040 ms=35
ZWL WISEVIEW open windows=10 at_ms=197270
ZWL WISEVIEW tile client=9 surface=7 x=83 y=86 width=380 height=253
ZWL WISEVIEW tile client=10 surface=1146 x=528 y=90 width=406 height=244
ZWL WISEVIEW tile client=10 surface=14 x=1036 y=90 width=305 height=244
ZWL WISEVIEW tile client=8 surface=7 x=1484 y=90 width=325 height=244
ZWL WISEVIEW tile client=7 surface=14 x=104 y=404 width=338 height=244
ZWL WISEVIEW tile client=6 surface=14 x=570 y=404 width=321 height=244
ZWL WISEVIEW tile client=5 surface=14 x=1012 y=404 width=353 height=244
ZWL WISEVIEW tile client=4 surface=8 x=1467 y=404 width=359 height=244
ZWL WISEVIEW tile client=3 surface=16 x=568 y=718 width=325 height=244
ZWL WISEVIEW tile client=2 surface=8 x=999 y=718 width=379 height=244
ZWL WISEVIEW close key at_ms=199230
ZWL FIRST_FRAME what=wiseview-close frame=1103 request_ms=199230 ms=21
ZWL WISEVIEW closed at_ms=199462
ZWL PERF 5033ms: passes=726 timeouts=65 | poll 32.4% work 67.3%
ZWL PERF compose frames=100 draw_ms=31.36 (acquire 0.04 submit+present 29.35) frame_ms=32.19
ZWL HOME open via=launcher at_ms=201573
ZWL FIRST_FRAME what=home-open frame=1142 request_ms=201573 ms=36
ZWL HOME opened apps=12 pages=1 page=1 at_ms=201863
ZWL HOME icon name="Files" x=600 y=386
ZWL HOME icon name="Notes" x=744 y=386
ZWL HOME icon name="Settings" x=888 y=386
ZWL HOME icon name="Terminal" x=1032 y=386
ZWL HOME icon name="PDF Viewer" x=1176 y=386
ZWL HOME icon name="Image Viewer" x=1320 y=386
ZWL HOME icon name="Browser" x=600 y=538
ZWL HOME icon name="Model viewer" x=744 y=538
ZWL HOME icon name="Gears" x=888 y=538
ZWL HOME icon name="X terminal" x=1032 y=538
ZWL HOME icon name="Lock Screen" x=1176 y=538
ZWL HOME icon name="Log Out" x=1320 y=538
ZGEARS FPS run=gears frames=900 fps=14.8
ZWL HOME close via=escape at_ms=203831
ZWL FIRST_FRAME what=home-close frame=1186 request_ms=203831 ms=30
ZWL HOME closed at_ms=204085
ZWL PERF 5007ms: passes=747 timeouts=67 | poll 32.1% work 67.5%
ZWL PERF compose frames=86 draw_ms=36.75 (acquire 0.04 submit+present 33.76) frame_ms=37.03
ZWL GLASS moved surface=7 x=980 y=372
ZWL GLASS moved surface=7 x=880 y=332
ZWL WISEVIEW opening key at_ms=208613
ZWL FIRST_FRAME what=wiseview-open frame=1260 request_ms=208613 ms=41
ZWL WISEVIEW open windows=10 at_ms=208814
ZWL WISEVIEW tile client=9 surface=7 x=83 y=86 width=380 height=253
ZWL WISEVIEW tile client=10 surface=1146 x=528 y=90 width=406 height=244
ZWL WISEVIEW tile client=10 surface=14 x=1036 y=90 width=305 height=244
ZWL WISEVIEW tile client=8 surface=7 x=1484 y=90 width=325 height=244
ZWL WISEVIEW tile client=7 surface=14 x=104 y=404 width=338 height=244
ZWL WISEVIEW tile client=6 surface=14 x=570 y=404 width=321 height=244
ZWL WISEVIEW tile client=5 surface=14 x=1012 y=404 width=353 height=244
ZWL WISEVIEW tile client=4 surface=8 x=1467 y=404 width=359 height=244
ZWL WISEVIEW tile client=3 surface=16 x=568 y=718 width=325 height=244
ZWL WISEVIEW tile client=2 surface=8 x=999 y=718 width=379 height=244
ZGEARS FPS run=gears frames=1000 fps=14.3
ZWL WISEVIEW close key at_ms=210853
ZWL FIRST_FRAME what=wiseview-close frame=1315 request_ms=210853 ms=19
ZWL PERF 5000ms: passes=693 timeouts=69 | poll 32.3% work 67.4%
ZWL PERF compose frames=99 draw_ms=31.47 (acquire 0.04 submit+present 29.53) frame_ms=32.64
ZWL WISEVIEW closed at_ms=211067
ZWL HOME open via=launcher at_ms=213195
ZWL FIRST_FRAME what=home-open frame=1355 request_ms=213195 ms=37
ZWL HOME opened apps=12 pages=1 page=1 at_ms=213506
ZWL HOME icon name="Files" x=600 y=386
ZWL HOME icon name="Notes" x=744 y=386
ZWL HOME icon name="Settings" x=888 y=386
ZWL HOME icon name="Terminal" x=1032 y=386
ZWL HOME icon name="PDF Viewer" x=1176 y=386
ZWL HOME icon name="Image Viewer" x=1320 y=386
ZWL HOME icon name="Browser" x=600 y=538
ZWL HOME icon name="Model viewer" x=744 y=538
ZWL HOME icon name="Gears" x=888 y=538
ZWL HOME icon name="X terminal" x=1032 y=538
ZWL HOME icon name="Lock Screen" x=1176 y=538
ZWL HOME icon name="Log Out" x=1320 y=538
ZWL HOME close via=escape at_ms=215437
ZWL FIRST_FRAME what=home-close frame=1401 request_ms=215437 ms=32
ZWL HOME closed at_ms=215696
ZWL PERF 5009ms: passes=747 timeouts=63 | poll 32.0% work 67.6%
ZWL PERF compose frames=92 draw_ms=34.40 (acquire 0.05 submit+present 31.46) frame_ms=35.11
ZGEARS FPS run=gears frames=1100 fps=15.2
ZWL GLASS moved surface=7 x=980 y=372
ZWL GLASS moved surface=7 x=880 y=332
ZWL PERF 5028ms: passes=702 timeouts=69 | poll 32.2% work 67.5%
ZWL PERF compose frames=79 draw_ms=39.79 (acquire 0.04 submit+present 37.57) frame_ms=40.73
ZWL WISEVIEW opening key at_ms=222067
ZWL FIRST_FRAME what=wiseview-open frame=1504 request_ms=222067 ms=35
ZWL WISEVIEW open windows=10 at_ms=222272
ZWL WISEVIEW tile client=9 surface=7 x=83 y=86 width=380 height=253
ZWL WISEVIEW tile client=10 surface=1146 x=528 y=90 width=406 height=244
ZWL WISEVIEW tile client=10 surface=14 x=1036 y=90 width=305 height=244
ZWL WISEVIEW tile client=8 surface=7 x=1484 y=90 width=325 height=244
ZWL WISEVIEW tile client=7 surface=14 x=104 y=404 width=338 height=244
ZWL WISEVIEW tile client=6 surface=14 x=570 y=404 width=321 height=244
ZWL WISEVIEW tile client=5 surface=14 x=1012 y=404 width=353 height=244
ZWL WISEVIEW tile client=4 surface=8 x=1467 y=404 width=359 height=244
ZWL WISEVIEW tile client=3 surface=16 x=568 y=718 width=325 height=244
ZWL WISEVIEW tile client=2 surface=8 x=999 y=718 width=379 height=244
ZGEARS FPS run=gears frames=1200 fps=13.7
ZWL WISEVIEW close key at_ms=224298
ZWL FIRST_FRAME what=wiseview-close frame=1564 request_ms=224298 ms=27
ZWL WISEVIEW closed at_ms=224531
ZWL PERF 5018ms: passes=742 timeouts=59 | poll 31.7% work 67.9%
ZWL PERF compose frames=103 draw_ms=30.61 (acquire 0.04 submit+present 28.78) frame_ms=31.40
ZWL HOME open via=launcher at_ms=226644
ZWL FIRST_FRAME what=home-open frame=1602 request_ms=226644 ms=65
ZWL HOME opened apps=12 pages=1 page=1 at_ms=226931
ZWL HOME icon name="Files" x=600 y=386
ZWL HOME icon name="Notes" x=744 y=386
ZWL HOME icon name="Settings" x=888 y=386
ZWL HOME icon name="Terminal" x=1032 y=386
ZWL HOME icon name="PDF Viewer" x=1176 y=386
ZWL HOME icon name="Image Viewer" x=1320 y=386
ZWL HOME icon name="Browser" x=600 y=538
ZWL HOME icon name="Model viewer" x=744 y=538
ZWL HOME icon name="Gears" x=888 y=538
ZWL HOME icon name="X terminal" x=1032 y=538
ZWL HOME icon name="Lock Screen" x=1176 y=538
ZWL HOME icon name="Log Out" x=1320 y=538
ZWL HOME close via=escape at_ms=228868
ZWL FIRST_FRAME what=home-close frame=1647 request_ms=228869 ms=29
ZWL HOME closed at_ms=229136
ZGEARS FPS run=gears frames=1300 fps=15.1
ZWL PERF 5033ms: passes=745 timeouts=60 | poll 31.4% work 68.3%
ZWL PERF compose frames=91 draw_ms=35.02 (acquire 0.04 submit+present 32.04) frame_ms=35.74
ZWL GLASS moved surface=7 x=980 y=372
ZWL GLASS moved surface=7 x=880 y=332
ZWL WISEVIEW opening key at_ms=234465
ZWL FIRST_FRAME what=wiseview-open frame=1737 request_ms=234465 ms=46
ZWL WISEVIEW open windows=10 at_ms=234667
ZWL WISEVIEW tile client=9 surface=7 x=83 y=86 width=380 height=253
ZWL WISEVIEW tile client=10 surface=1146 x=528 y=90 width=406 height=244
ZWL WISEVIEW tile client=10 surface=14 x=1036 y=90 width=305 height=244
ZWL WISEVIEW tile client=8 surface=7 x=1484 y=90 width=325 height=244
ZWL WISEVIEW tile client=7 surface=14 x=104 y=404 width=338 height=244
ZWL WISEVIEW tile client=6 surface=14 x=570 y=404 width=321 height=244
ZWL WISEVIEW tile client=5 surface=14 x=1012 y=404 width=353 height=244
ZWL WISEVIEW tile client=4 surface=8 x=1467 y=404 width=359 height=244
ZWL WISEVIEW tile client=3 surface=16 x=568 y=718 width=325 height=244
ZWL WISEVIEW tile client=2 surface=8 x=999 y=718 width=379 height=244
ZWL PERF 5005ms: passes=719 timeouts=64 | poll 32.0% work 67.7%
ZWL PERF compose frames=95 draw_ms=32.98 (acquire 0.04 submit+present 30.97) frame_ms=33.81
ZWL WISEVIEW close key at_ms=236685
ZWL FIRST_FRAME what=wiseview-close frame=1795 request_ms=236685 ms=23
ZWL WISEVIEW closed at_ms=236886
ZGEARS FPS run=gears frames=1400 fps=14.0
ZWL HOME open via=launcher at_ms=239066
ZWL FIRST_FRAME what=home-open frame=1834 request_ms=239066 ms=54
ZWL HOME opened apps=12 pages=1 page=1 at_ms=239359
ZWL HOME icon name="Files" x=600 y=386
ZWL HOME icon name="Notes" x=744 y=386
ZWL HOME icon name="Settings" x=888 y=386
ZWL HOME icon name="Terminal" x=1032 y=386
ZWL HOME icon name="PDF Viewer" x=1176 y=386
ZWL HOME icon name="Image Viewer" x=1320 y=386
ZWL HOME icon name="Browser" x=600 y=538
ZWL HOME icon name="Model viewer" x=744 y=538
ZWL HOME icon name="Gears" x=888 y=538
ZWL HOME icon name="X terminal" x=1032 y=538
ZWL HOME icon name="Lock Screen" x=1176 y=538
ZWL HOME icon name="Log Out" x=1320 y=538
ZWL PERF 5005ms: passes=719 timeouts=67 | poll 31.8% work 67.8%
ZWL PERF compose frames=98 draw_ms=32.07 (acquire 0.04 submit+present 29.43) frame_ms=32.84
ZWL HOME close via=escape at_ms=241270
ZWL FIRST_FRAME what=home-close frame=1880 request_ms=241270 ms=27
ZWL HOME closed at_ms=241510
ZWL GLASS moved surface=7 x=980 y=372
ZGEARS FPS run=gears frames=1500 fps=15.2
ZWL GLASS moved surface=7 x=880 y=332
ZWL PERF 5011ms: passes=705 timeouts=66 | poll 31.9% work 67.8%
ZWL PERF compose frames=82 draw_ms=38.44 (acquire 0.05 submit+present 35.75) frame_ms=39.28
ZWL WISEVIEW opening key at_ms=247073
ZWL FIRST_FRAME what=wiseview-open frame=1973 request_ms=247073 ms=39
ZWL WISEVIEW open windows=10 at_ms=247281
ZWL WISEVIEW tile client=9 surface=7 x=83 y=86 width=380 height=253
ZWL WISEVIEW tile client=10 surface=1146 x=528 y=90 width=406 height=244
ZWL WISEVIEW tile client=10 surface=14 x=1036 y=90 width=305 height=244
ZWL WISEVIEW tile client=8 surface=7 x=1484 y=90 width=325 height=244
ZWL WISEVIEW tile client=7 surface=14 x=104 y=404 width=338 height=244
ZWL WISEVIEW tile client=6 surface=14 x=570 y=404 width=321 height=244
ZWL WISEVIEW tile client=5 surface=14 x=1012 y=404 width=353 height=244
ZWL WISEVIEW tile client=4 surface=8 x=1467 y=404 width=359 height=244
ZWL WISEVIEW tile client=3 surface=16 x=568 y=718 width=325 height=244
ZWL WISEVIEW tile client=2 surface=8 x=999 y=718 width=379 height=244
ZWL WISEVIEW close key at_ms=249315
ZWL FIRST_FRAME what=wiseview-close frame=2027 request_ms=249315 ms=23
ZWL WISEVIEW closed at_ms=249521
ZWL PERF 5026ms: passes=738 timeouts=72 | poll 33.2% work 66.4%
ZWL PERF compose frames=99 draw_ms=31.02 (acquire 0.05 submit+present 28.95) frame_ms=31.90
ZGEARS FPS run=gears frames=1600 fps=14.1
ZWL HOME open via=launcher at_ms=251649
ZWL FIRST_FRAME what=home-open frame=2065 request_ms=251649 ms=59
ZWL HOME opened apps=12 pages=1 page=1 at_ms=251934
ZWL HOME icon name="Files" x=600 y=386
ZWL HOME icon name="Notes" x=744 y=386
ZWL HOME icon name="Settings" x=888 y=386
ZWL HOME icon name="Terminal" x=1032 y=386
ZWL HOME icon name="PDF Viewer" x=1176 y=386
ZWL HOME icon name="Image Viewer" x=1320 y=386
ZWL HOME icon name="Browser" x=600 y=538
ZWL HOME icon name="Model viewer" x=744 y=538
ZWL HOME icon name="Gears" x=888 y=538
ZWL HOME icon name="X terminal" x=1032 y=538
ZWL HOME icon name="Lock Screen" x=1176 y=538
ZWL HOME icon name="Log Out" x=1320 y=538
ZWL HOME close via=escape at_ms=253933
ZWL FIRST_FRAME what=home-close frame=2110 request_ms=253933 ms=33
ZWL HOME closed at_ms=254180
ZWL PERF 5000ms: passes=726 timeouts=66 | poll 32.4% work 67.3%
ZWL PERF compose frames=88 draw_ms=35.52 (acquire 0.05 submit+present 32.37) frame_ms=36.34
ZWL GLASS moved surface=7 x=980 y=372
ZWL GLASS moved surface=7 x=880 y=332
ZGEARS FPS run=gears frames=1700 fps=15.4
ZWL WISEVIEW opening key at_ms=259043
ZWL FIRST_FRAME what=wiseview-open frame=2191 request_ms=259043 ms=41
ZWL WISEVIEW open windows=10 at_ms=259252
ZWL WISEVIEW tile client=9 surface=7 x=83 y=86 width=380 height=253
ZWL WISEVIEW tile client=10 surface=1146 x=528 y=90 width=406 height=244
ZWL WISEVIEW tile client=10 surface=14 x=1036 y=90 width=305 height=244
ZWL WISEVIEW tile client=8 surface=7 x=1484 y=90 width=325 height=244
ZWL WISEVIEW tile client=7 surface=14 x=104 y=404 width=338 height=244
ZWL WISEVIEW tile client=6 surface=14 x=570 y=404 width=321 height=244
ZWL WISEVIEW tile client=5 surface=14 x=1012 y=404 width=353 height=244
ZWL WISEVIEW tile client=4 surface=8 x=1467 y=404 width=359 height=244
ZWL WISEVIEW tile client=3 surface=16 x=568 y=718 width=325 height=244
ZWL WISEVIEW tile client=2 surface=8 x=999 y=718 width=379 height=244
ZWL PERF 5002ms: passes=691 timeouts=69 | poll 32.5% work 67.2%
ZWL PERF compose frames=97 draw_ms=32.03 (acquire 0.05 submit+present 30.08) frame_ms=32.81
ZWL WISEVIEW close key at_ms=261278
ZWL FIRST_FRAME what=wiseview-close frame=2247 request_ms=261278 ms=29
ZWL WISEVIEW closed at_ms=261480
ZWL HOME open via=launcher at_ms=263629
ZWL FIRST_FRAME what=home-open frame=2285 request_ms=263629 ms=47
ZWL HOME opened apps=12 pages=1 page=1 at_ms=263911
ZWL HOME icon name="Files" x=600 y=386
ZWL HOME icon name="Notes" x=744 y=386
ZWL HOME icon name="Settings" x=888 y=386
ZWL HOME icon name="Terminal" x=1032 y=386
ZWL HOME icon name="PDF Viewer" x=1176 y=386
ZWL HOME icon name="Image Viewer" x=1320 y=386
ZWL HOME icon name="Browser" x=600 y=538
ZWL HOME icon name="Model viewer" x=744 y=538
ZWL HOME icon name="Gears" x=888 y=538
ZWL HOME icon name="X terminal" x=1032 y=538
ZWL HOME icon name="Lock Screen" x=1176 y=538
ZWL HOME icon name="Log Out" x=1320 y=538
ZGEARS FPS run=gears frames=1800 fps=14.7
ZWL HOME close via=escape at_ms=265884
ZWL FIRST_FRAME what=home-close frame=2331 request_ms=265884 ms=25
ZWL PERF 5012ms: passes=738 timeouts=64 | poll 31.8% work 67.9%
ZWL PERF compose frames=94 draw_ms=33.71 (acquire 0.04 submit+present 30.87) frame_ms=34.50
ZWL HOME closed at_ms=266169
ZWL GLASS moved surface=7 x=980 y=372
ZWL GLASS moved surface=7 x=880 y=332
ZWL WISEVIEW opening key at_ms=270625
ZWL FIRST_FRAME what=wiseview-open frame=2405 request_ms=270625 ms=46
ZWL WISEVIEW open windows=10 at_ms=270849
ZWL WISEVIEW tile client=9 surface=7 x=83 y=86 width=380 height=253
ZWL WISEVIEW tile client=10 surface=1146 x=528 y=90 width=406 height=244
ZWL WISEVIEW tile client=10 surface=14 x=1036 y=90 width=305 height=244
ZWL WISEVIEW tile client=8 surface=7 x=1484 y=90 width=325 height=244
ZWL WISEVIEW tile client=7 surface=14 x=104 y=404 width=338 height=244
ZWL WISEVIEW tile client=6 surface=14 x=570 y=404 width=321 height=244
ZWL WISEVIEW tile client=5 surface=14 x=1012 y=404 width=353 height=244
ZWL WISEVIEW tile client=4 surface=8 x=1467 y=404 width=359 height=244
ZWL WISEVIEW tile client=3 surface=16 x=568 y=718 width=325 height=244
ZWL WISEVIEW tile client=2 surface=8 x=999 y=718 width=379 height=244
ZWL PERF 5000ms: passes=744 timeouts=64 | poll 31.5% work 68.1%
ZWL PERF compose frames=80 draw_ms=39.53 (acquire 0.05 submit+present 37.32) frame_ms=40.30
ZGEARS FPS run=gears frames=1900 fps=14.5
ZWL WISEVIEW close key at_ms=272848
ZWL FIRST_FRAME what=wiseview-close frame=2462 request_ms=272848 ms=27
ZWL WISEVIEW closed at_ms=273049
ZWL HOME open via=launcher at_ms=275209
ZWL FIRST_FRAME what=home-open frame=2500 request_ms=275209 ms=35
ZWL HOME opened apps=12 pages=1 page=1 at_ms=275509
ZWL HOME icon name="Files" x=600 y=386
ZWL HOME icon name="Notes" x=744 y=386
ZWL HOME icon name="Settings" x=888 y=386
ZWL HOME icon name="Terminal" x=1032 y=386
ZWL HOME icon name="PDF Viewer" x=1176 y=386
ZWL HOME icon name="Image Viewer" x=1320 y=386
ZWL HOME icon name="Browser" x=600 y=538
ZWL HOME icon name="Model viewer" x=744 y=538
ZWL HOME icon name="Gears" x=888 y=538
ZWL HOME icon name="X terminal" x=1032 y=538
ZWL HOME icon name="Lock Screen" x=1176 y=538
ZWL HOME icon name="Log Out" x=1320 y=538
ZWL PERF 5037ms: passes=754 timeouts=68 | poll 32.5% work 67.2%
ZWL PERF compose frames=102 draw_ms=30.86 (acquire 0.06 submit+present 28.73) frame_ms=31.55
ZWL HOME close via=escape at_ms=277449
ZWL FIRST_FRAME what=home-close frame=2543 request_ms=277449 ms=29
ZWL HOME closed at_ms=277695
ZGEARS FPS run=gears frames=2000 fps=15.4
ZWL GLASS moved surface=7 x=980 y=372
ZWL PERF 5014ms: passes=707 timeouts=68 | poll 31.4% work 68.3%
ZWL PERF compose frames=84 draw_ms=37.94 (acquire 0.04 submit+present 35.11) frame_ms=38.76
ZWL GLASS moved surface=7 x=880 y=332
ZWL WISEVIEW opening key at_ms=282204
ZWL FIRST_FRAME what=wiseview-open frame=2618 request_ms=282204 ms=37
ZWL WISEVIEW open windows=10 at_ms=282410
ZWL WISEVIEW tile client=9 surface=7 x=83 y=86 width=380 height=253
ZWL WISEVIEW tile client=10 surface=1146 x=528 y=90 width=406 height=244
ZWL WISEVIEW tile client=10 surface=14 x=1036 y=90 width=305 height=244
ZWL WISEVIEW tile client=8 surface=7 x=1484 y=90 width=325 height=244
ZWL WISEVIEW tile client=7 surface=14 x=104 y=404 width=338 height=244
ZWL WISEVIEW tile client=6 surface=14 x=570 y=404 width=321 height=244
ZWL WISEVIEW tile client=5 surface=14 x=1012 y=404 width=353 height=244
ZWL WISEVIEW tile client=4 surface=8 x=1467 y=404 width=359 height=244
ZWL WISEVIEW tile client=3 surface=16 x=568 y=718 width=325 height=244
ZWL WISEVIEW tile client=2 surface=8 x=999 y=718 width=379 height=244
ZWL WISEVIEW close key at_ms=284420
ZWL FIRST_FRAME what=wiseview-close frame=2676 request_ms=284421 ms=20
ZWL WISEVIEW closed at_ms=284622
ZGEARS FPS run=gears frames=2100 fps=13.7
ZWL PERF 5003ms: passes=736 timeouts=67 | poll 32.2% work 67.4%
ZWL PERF compose frames=103 draw_ms=30.14 (acquire 0.05 submit+present 28.16) frame_ms=30.92
ZWL HOME open via=launcher at_ms=286816
ZWL FIRST_FRAME what=home-open frame=2714 request_ms=286816 ms=45
ZWL HOME opened apps=12 pages=1 page=1 at_ms=287123
ZWL HOME icon name="Files" x=600 y=386
ZWL HOME icon name="Notes" x=744 y=386
ZWL HOME icon name="Settings" x=888 y=386
ZWL HOME icon name="Terminal" x=1032 y=386
ZWL HOME icon name="PDF Viewer" x=1176 y=386
ZWL HOME icon name="Image Viewer" x=1320 y=386
ZWL HOME icon name="Browser" x=600 y=538
ZWL HOME icon name="Model viewer" x=744 y=538
ZWL HOME icon name="Gears" x=888 y=538
ZWL HOME icon name="X terminal" x=1032 y=538
ZWL HOME icon name="Lock Screen" x=1176 y=538
ZWL HOME icon name="Log Out" x=1320 y=538
ZWL HOME close via=escape at_ms=289027
ZWL FIRST_FRAME what=home-close frame=2758 request_ms=289027 ms=27
ZWL HOME closed at_ms=289317
ZWL PERF 5001ms: passes=763 timeouts=64 | poll 32.5% work 67.1%
ZWL PERF compose frames=88 draw_ms=35.56 (acquire 0.05 submit+present 32.45) frame_ms=36.29
ZWL GLASS moved surface=7 x=980 y=372
ZGEARS FPS run=gears frames=2200 fps=15.5
ZWL GLASS moved surface=7 x=880 y=332
ZWL WISEVIEW opening key at_ms=293796
ZWL FIRST_FRAME what=wiseview-open frame=2834 request_ms=293796 ms=39
ZWL WISEVIEW open windows=10 at_ms=294001
ZWL WISEVIEW tile client=9 surface=7 x=83 y=86 width=380 height=253
ZWL WISEVIEW tile client=10 surface=1146 x=528 y=90 width=406 height=244
ZWL WISEVIEW tile client=10 surface=14 x=1036 y=90 width=305 height=244
ZWL WISEVIEW tile client=8 surface=7 x=1484 y=90 width=325 height=244
ZWL WISEVIEW tile client=7 surface=14 x=104 y=404 width=338 height=244
ZWL WISEVIEW tile client=6 surface=14 x=570 y=404 width=321 height=244
ZWL WISEVIEW tile client=5 surface=14 x=1012 y=404 width=353 height=244
ZWL WISEVIEW tile client=4 surface=8 x=1467 y=404 width=359 height=244
ZWL WISEVIEW tile client=3 surface=16 x=568 y=718 width=325 height=244
ZWL WISEVIEW tile client=2 surface=8 x=999 y=718 width=379 height=244
ZWL WISEVIEW close key at_ms=296009
ZWL FIRST_FRAME what=wiseview-close frame=2893 request_ms=296009 ms=25
ZWL PERF 5000ms: passes=708 timeouts=64 | poll 31.6% work 68.1%
ZWL PERF compose frames=104 draw_ms=30.24 (acquire 0.05 submit+present 28.23) frame_ms=31.08
ZWL WISEVIEW closed at_ms=296214
ZWL HOME open via=launcher at_ms=298364
ZWL FIRST_FRAME what=home-open frame=2931 request_ms=298364 ms=33
ZWL HOME opened apps=12 pages=1 page=1 at_ms=298644
ZWL HOME icon name="Files" x=600 y=386
ZWL HOME icon name="Notes" x=744 y=386
ZWL HOME icon name="Settings" x=888 y=386
ZWL HOME icon name="Terminal" x=1032 y=386
ZWL HOME icon name="PDF Viewer" x=1176 y=386
ZWL HOME icon name="Image Viewer" x=1320 y=386
ZWL HOME icon name="Browser" x=600 y=538
ZWL HOME icon name="Model viewer" x=744 y=538
ZWL HOME icon name="Gears" x=888 y=538
ZWL HOME icon name="X terminal" x=1032 y=538
ZWL HOME icon name="Lock Screen" x=1176 y=538
ZWL HOME icon name="Log Out" x=1320 y=538
ZGEARS FPS run=gears frames=2300 fps=14.1
ZWL HOME close via=escape at_ms=300637
ZWL FIRST_FRAME what=home-close frame=2977 request_ms=300637 ms=26
ZWL HOME closed at_ms=300878
ZWL PERF 5045ms: passes=765 timeouts=68 | poll 32.3% work 67.4%
ZWL PERF compose frames=90 draw_ms=35.06 (acquire 0.04 submit+present 32.15) frame_ms=35.86
ZWL GLASS moved surface=7 x=980 y=372
ZWL GLASS moved surface=7 x=880 y=332
ZWL WISEVIEW opening key at_ms=305424
ZWL FIRST_FRAME what=wiseview-open frame=3052 request_ms=305424 ms=39
ZWL WISEVIEW open windows=10 at_ms=305630
ZWL WISEVIEW tile client=9 surface=7 x=83 y=86 width=380 height=253
ZWL WISEVIEW tile client=10 surface=1146 x=528 y=90 width=406 height=244
ZWL WISEVIEW tile client=10 surface=14 x=1036 y=90 width=305 height=244
ZWL WISEVIEW tile client=8 surface=7 x=1484 y=90 width=325 height=244
ZWL WISEVIEW tile client=7 surface=14 x=104 y=404 width=338 height=244
ZWL WISEVIEW tile client=6 surface=14 x=570 y=404 width=321 height=244
ZWL WISEVIEW tile client=5 surface=14 x=1012 y=404 width=353 height=244
ZWL WISEVIEW tile client=4 surface=8 x=1467 y=404 width=359 height=244
ZWL WISEVIEW tile client=3 surface=16 x=568 y=718 width=325 height=244
ZWL WISEVIEW tile client=2 surface=8 x=999 y=718 width=379 height=244
ZGEARS FPS run=gears frames=2400 fps=14.8
ZWL PERF 5030ms: passes=674 timeouts=70 | poll 32.3% work 67.4%
ZWL PERF compose frames=84 draw_ms=37.43 (acquire 0.05 submit+present 35.42) frame_ms=38.28
ZWL WISEVIEW close key at_ms=307625
ZWL FIRST_FRAME what=wiseview-close frame=3108 request_ms=307625 ms=17
ZWL WISEVIEW closed at_ms=307827
ZWL HOME open via=launcher at_ms=309985
ZWL FIRST_FRAME what=home-open frame=3146 request_ms=309985 ms=42
ZWL HOME opened apps=12 pages=1 page=1 at_ms=310265
ZWL HOME icon name="Files" x=600 y=386
ZWL HOME icon name="Notes" x=744 y=386
ZWL HOME icon name="Settings" x=888 y=386
ZWL HOME icon name="Terminal" x=1032 y=386
ZWL HOME icon name="PDF Viewer" x=1176 y=386
ZWL HOME icon name="Image Viewer" x=1320 y=386
ZWL HOME icon name="Browser" x=600 y=538
ZWL HOME icon name="Model viewer" x=744 y=538
ZWL HOME icon name="Gears" x=888 y=538
ZWL HOME icon name="X terminal" x=1032 y=538
ZWL HOME icon name="Lock Screen" x=1176 y=538
ZWL HOME icon name="Log Out" x=1320 y=538
ZWL PERF 5013ms: passes=743 timeouts=69 | poll 32.7% work 66.9%
ZWL PERF compose frames=100 draw_ms=31.00 (acquire 0.04 submit+present 28.86) frame_ms=31.75
ZWL HOME close via=escape at_ms=312216
ZWL FIRST_FRAME what=home-close frame=3189 request_ms=312216 ms=30
ZGEARS FPS run=gears frames=2500 fps=15.5
ZWL HOME closed at_ms=312463
ZWL GLASS moved surface=7 x=980 y=372
ZWL PERF 5030ms: passes=698 timeouts=74 | poll 32.3% work 67.4%
ZWL PERF compose frames=83 draw_ms=37.97 (acquire 0.06 submit+present 35.24) frame_ms=38.77
ZWL GLASS moved surface=7 x=880 y=332
ZWL HOME open via=launcher at_ms=317082
ZWL FIRST_FRAME what=home-open frame=3266 request_ms=317082 ms=51
ZWL HOME opened apps=12 pages=1 page=1 at_ms=317369
ZWL HOME icon name="Files" x=600 y=386
ZWL HOME icon name="Notes" x=744 y=386
ZWL HOME icon name="Settings" x=888 y=386
ZWL HOME icon name="Terminal" x=1032 y=386
ZWL HOME icon name="PDF Viewer" x=1176 y=386
ZWL HOME icon name="Image Viewer" x=1320 y=386
ZWL HOME icon name="Browser" x=600 y=538
ZWL HOME icon name="Model viewer" x=744 y=538
ZWL HOME icon name="Gears" x=888 y=538
ZWL HOME icon name="X terminal" x=1032 y=538
ZWL HOME icon name="Lock Screen" x=1176 y=538
ZWL HOME icon name="Log Out" x=1320 y=538
ZWL HOME launch name=Terminal pid=54
ZWL HOME close via=launch at_ms=318741
ZWL FIRST_FRAME what=home-close frame=3299 request_ms=318741 ms=34
ZWL CLIENT client=12 fd=25
ZWL INSET create client=12 inset=20 toplevel=16
ZWL EDIT create client=12 edit=24 toplevel=16
ZWL BOUNDS client=12 surface=14 width=1896 height=970
ZWL CONFIGURE client=12 surface=14 serial=130 width=0 height=0 fullscreen=0
ZWL SEAT client=12 pointer=1 keyboard=0 touch=0
ZWL SEAT client=12 pointer=1 keyboard=1 touch=0
ZWL IMPORT client=12 buffer=37 width=916 height=632 bytes=2318336
ZWL IMPORT client=12 buffer=38 width=916 height=632 bytes=2318336
ZWL IMPORT client=12 buffer=39 width=916 height=632 bytes=2318336
ZTERM MENU state selection=0 clipboard=0 pixels=16 fullscreen=0
ZWL MENU commit client=12 menu=43 serial=1 items=30 generation=1
ZWL MENU set client=12 place=44 menu=43
ZWL MENU commit client=12 menu=43 serial=2 items=30 generation=2
ZTERM MENU ready items=30
ZTERM TAB active id=1
ZTERM TAB new run=term id=1 count=1
ZTERM START run=term columns=90 rows=28 cell=10x22 window=916x632
ZTERM TABS count=1 active=1 mode=0
ZTERM TITLE tab=1 title=Terminal
ZWL TITLEBAR create client=12 titlebar=48 toplevel=16
ZWL EDIT state client=12 edit=24 actions=0xff flags=0xd
ZWL TITLEBAR commit client=12 titlebar=48 serial=1 mode=0 controls=0 tabs=1 generation=1
ZWL MAP client=12 surface=14 x=348 y=420
ZWL HOME launched waited_ms=150 at_ms=318891
ZWL GLASS launch surface=14 from=996,350 to=348,420 size=916x632
ZTERM CLIPBOARD selection text=0
ZTERM PRIMARY offer text=0
ZWL HOME closed at_ms=318982
ZGEARS FPS run=gears frames=2600 fps=14.9
ZWL MENU bar client=12 surface=14 where=floating item=1 offset=127 top=368 width=55 height=44
ZWL MENU bar client=12 surface=14 where=floating item=2 offset=184 top=368 width=47 height=44
ZWL MENU bar client=12 surface=14 where=floating item=3 offset=233 top=368 width=55 height=44
ZWL MENU bar client=12 surface=14 where=floating item=4 offset=290 top=368 width=76 height=44
ZWL MENU bar client=12 surface=14 where=floating item=5 offset=368 top=368 width=53 height=44
ZWL PERF 5028ms: passes=706 timeouts=62 | poll 31.4% work 68.3%
ZWL PERF compose frames=84 draw_ms=37.72 (acquire 0.04 submit+present 34.61) frame_ms=38.49
ZTERM TAB closed run=term id=1 count=0
ZTERM DONE run=term reason=shell-exited
ZWL CLIENT gone client=12 reason=flush
ZWL CLEANUP client=12 objects=35 unread_fds=0
ZWL HOME ended pid=54 status=0
ZWL PERF 5004ms: passes=704 timeouts=71 | poll 32.3% work 67.4%
ZWL PERF compose frames=72 draw_ms=43.24 (acquire 0.04 submit+present 40.66) frame_ms=43.65
ZGEARS FPS run=gears frames=2700 fps=13.3
ZWL WISEVIEW opening key at_ms=330016
ZWL FIRST_FRAME what=wiseview-open frame=3467 request_ms=330016 ms=35
ZWL WISEVIEW open windows=10 at_ms=330232
ZWL WISEVIEW tile client=9 surface=7 x=83 y=86 width=380 height=253
ZWL WISEVIEW tile client=10 surface=1146 x=528 y=90 width=406 height=244
ZWL WISEVIEW tile client=10 surface=14 x=1036 y=90 width=305 height=244
ZWL WISEVIEW tile client=8 surface=7 x=1484 y=90 width=325 height=244
ZWL WISEVIEW tile client=7 surface=14 x=104 y=404 width=338 height=244
ZWL WISEVIEW tile client=6 surface=14 x=570 y=404 width=321 height=244
ZWL WISEVIEW tile client=5 surface=14 x=1012 y=404 width=353 height=244
ZWL WISEVIEW tile client=4 surface=8 x=1467 y=404 width=359 height=244
ZWL WISEVIEW tile client=3 surface=16 x=568 y=718 width=325 height=244
ZWL WISEVIEW tile client=2 surface=8 x=999 y=718 width=379 height=244
ZWL PERF 5004ms: passes=728 timeouts=62 | poll 32.4% work 67.2%
ZWL PERF compose frames=91 draw_ms=34.11 (acquire 0.05 submit+present 31.84) frame_ms=35.40
ZWL WISEVIEW close key at_ms=332223
ZWL FIRST_FRAME what=wiseview-close frame=3525 request_ms=332223 ms=22
ZWL WISEVIEW closed at_ms=332427
ZGEARS FPS run=gears frames=2800 fps=13.6
ZWL HOME open via=launcher at_ms=334624
ZWL FIRST_FRAME what=home-open frame=3564 request_ms=334625 ms=49
ZWL HOME opened apps=12 pages=1 page=1 at_ms=334948
ZWL HOME icon name="Files" x=600 y=386
ZWL HOME icon name="Notes" x=744 y=386
ZWL HOME icon name="Settings" x=888 y=386
ZWL HOME icon name="Terminal" x=1032 y=386
ZWL HOME icon name="PDF Viewer" x=1176 y=386
ZWL HOME icon name="Image Viewer" x=1320 y=386
ZWL HOME icon name="Browser" x=600 y=538
ZWL HOME icon name="Model viewer" x=744 y=538
ZWL HOME icon name="Gears" x=888 y=538
ZWL HOME icon name="X terminal" x=1032 y=538
ZWL HOME icon name="Lock Screen" x=1176 y=538
ZWL HOME icon name="Log Out" x=1320 y=538
ZWL PERF 5002ms: passes=697 timeouts=72 | poll 32.1% work 67.6%
ZWL PERF compose frames=99 draw_ms=31.67 (acquire 0.04 submit+present 28.82) frame_ms=32.44
ZWL HOME close via=escape at_ms=336822
ZWL FIRST_FRAME what=home-close frame=3609 request_ms=336822 ms=29
ZWL HOME closed at_ms=337077
ZWL GLASS moved surface=7 x=980 y=372
ZGEARS FPS run=gears frames=2900 fps=15.1
ZWL GLASS moved surface=7 x=880 y=332
ZWL PERF 5007ms: passes=703 timeouts=65 | poll 31.9% work 67.7%
ZWL PERF compose frames=80 draw_ms=39.26 (acquire 0.05 submit+present 36.68) frame_ms=40.17
ZWL WISEVIEW opening key at_ms=341805
ZWL FIRST_FRAME what=wiseview-open frame=3687 request_ms=341805 ms=36
ZWL WISEVIEW open windows=10 at_ms=342030
ZWL WISEVIEW tile client=9 surface=7 x=83 y=86 width=380 height=253
ZWL WISEVIEW tile client=10 surface=1146 x=528 y=90 width=406 height=244
ZWL WISEVIEW tile client=10 surface=14 x=1036 y=90 width=305 height=244
ZWL WISEVIEW tile client=8 surface=7 x=1484 y=90 width=325 height=244
ZWL WISEVIEW tile client=7 surface=14 x=104 y=404 width=338 height=244
ZWL WISEVIEW tile client=6 surface=14 x=570 y=404 width=321 height=244
ZWL WISEVIEW tile client=5 surface=14 x=1012 y=404 width=353 height=244
ZWL WISEVIEW tile client=4 surface=8 x=1467 y=404 width=359 height=244
ZWL WISEVIEW tile client=3 surface=16 x=568 y=718 width=325 height=244
ZWL WISEVIEW tile client=2 surface=8 x=999 y=718 width=379 height=244
ZWL WISEVIEW close key at_ms=343997
ZWL FIRST_FRAME what=wiseview-close frame=3742 request_ms=343997 ms=27
ZWL WISEVIEW closed at_ms=344201
ZWL PERF 5055ms: passes=702 timeouts=68 | poll 32.4% work 67.3%
ZWL PERF compose frames=101 draw_ms=31.28 (acquire 0.04 submit+present 29.29) frame_ms=32.04
ZWL HOME open via=launcher at_ms=346361
ZWL FIRST_FRAME what=home-open frame=3780 request_ms=346361 ms=46
ZWL HOME opened apps=12 pages=1 page=1 at_ms=346663
ZWL HOME icon name="Files" x=600 y=386
ZWL HOME icon name="Notes" x=744 y=386
ZWL HOME icon name="Settings" x=888 y=386
ZWL HOME icon name="Terminal" x=1032 y=386
ZWL HOME icon name="PDF Viewer" x=1176 y=386
ZWL HOME icon name="Image Viewer" x=1320 y=386
ZWL HOME icon name="Browser" x=600 y=538
ZWL HOME icon name="Model viewer" x=744 y=538
ZWL HOME icon name="Gears" x=888 y=538
ZWL HOME icon name="X terminal" x=1032 y=538
ZWL HOME icon name="Lock Screen" x=1176 y=538
ZWL HOME icon name="Log Out" x=1320 y=538
ZGEARS FPS run=gears frames=3000 fps=14.6
ZWL HOME close via=escape at_ms=348639
ZWL FIRST_FRAME what=home-close frame=3825 request_ms=348639 ms=33
ZWL HOME closed at_ms=348879
ZWL PERF 5025ms: passes=726 timeouts=63 | poll 32.0% work 67.7%
ZWL PERF compose frames=89 draw_ms=35.34 (acquire 0.04 submit+present 32.24) frame_ms=36.14
ZWL GLASS moved surface=7 x=980 y=372
ZWL GLASS moved surface=7 x=880 y=332
ZWL WISEVIEW opening key at_ms=353793
ZWL FIRST_FRAME what=wiseview-open frame=3907 request_ms=353793 ms=38
ZWL WISEVIEW open windows=10 at_ms=353993
ZWL WISEVIEW tile client=9 surface=7 x=83 y=86 width=380 height=253
ZWL WISEVIEW tile client=10 surface=1146 x=528 y=90 width=406 height=244
ZWL WISEVIEW tile client=10 surface=14 x=1036 y=90 width=305 height=244
ZWL WISEVIEW tile client=8 surface=7 x=1484 y=90 width=325 height=244
ZWL WISEVIEW tile client=7 surface=14 x=104 y=404 width=338 height=244
ZWL WISEVIEW tile client=6 surface=14 x=570 y=404 width=321 height=244
ZWL WISEVIEW tile client=5 surface=14 x=1012 y=404 width=353 height=244
ZWL WISEVIEW tile client=4 surface=8 x=1467 y=404 width=359 height=244
ZWL WISEVIEW tile client=3 surface=16 x=568 y=718 width=325 height=244
ZWL WISEVIEW tile client=2 surface=8 x=999 y=718 width=379 height=244
ZGEARS FPS run=gears frames=3100 fps=14.4
ZWL WISEVIEW close key at_ms=355997
ZWL FIRST_FRAME what=wiseview-close frame=3961 request_ms=355997 ms=34
ZWL WISEVIEW closed at_ms=356236
ZWL PERF 5027ms: passes=715 timeouts=65 | poll 32.8% work 66.9%
ZWL PERF compose frames=99 draw_ms=31.59 (acquire 0.04 submit+present 29.70) frame_ms=32.33
ZWL HOME open via=launcher at_ms=358340
ZWL FIRST_FRAME what=home-open frame=3997 request_ms=358340 ms=52
ZWL HOME opened apps=12 pages=1 page=1 at_ms=358622
ZWL HOME icon name="Files" x=600 y=386
ZWL HOME icon name="Notes" x=744 y=386
ZWL HOME icon name="Settings" x=888 y=386
ZWL HOME icon name="Terminal" x=1032 y=386
ZWL HOME icon name="PDF Viewer" x=1176 y=386
ZWL HOME icon name="Image Viewer" x=1320 y=386
ZWL HOME icon name="Browser" x=600 y=538
ZWL HOME icon name="Model viewer" x=744 y=538
ZWL HOME icon name="Gears" x=888 y=538
ZWL HOME icon name="X terminal" x=1032 y=538
ZWL HOME icon name="Lock Screen" x=1176 y=538
ZWL HOME icon name="Log Out" x=1320 y=538
ZWL HOME close via=escape at_ms=360580
ZWL FIRST_FRAME what=home-close frame=4039 request_ms=360580 ms=25
ZWL HOME closed at_ms=360820
ZGEARS FPS run=gears frames=3200 fps=14.9
ZWL PERF 5031ms: passes=719 timeouts=74 | poll 32.7% work 67.0%
ZWL PERF compose frames=84 draw_ms=37.18 (acquire 0.04 submit+present 34.35) frame_ms=38.05
ZWL GLASS moved surface=7 x=980 y=372
ZWL GLASS moved surface=7 x=880 y=332
ZWL WISEVIEW opening key at_ms=365357
ZWL FIRST_FRAME what=wiseview-open frame=4114 request_ms=365357 ms=39
ZWL WISEVIEW open windows=10 at_ms=365562
ZWL WISEVIEW tile client=9 surface=7 x=83 y=86 width=380 height=253
ZWL WISEVIEW tile client=10 surface=1146 x=528 y=90 width=406 height=244
ZWL WISEVIEW tile client=10 surface=14 x=1036 y=90 width=305 height=244
ZWL WISEVIEW tile client=8 surface=7 x=1484 y=90 width=325 height=244
ZWL WISEVIEW tile client=7 surface=14 x=104 y=404 width=338 height=244
ZWL WISEVIEW tile client=6 surface=14 x=570 y=404 width=321 height=244
ZWL WISEVIEW tile client=5 surface=14 x=1012 y=404 width=353 height=244
ZWL WISEVIEW tile client=4 surface=8 x=1467 y=404 width=359 height=244
ZWL WISEVIEW tile client=3 surface=16 x=568 y=718 width=325 height=244
ZWL WISEVIEW tile client=2 surface=8 x=999 y=718 width=379 height=244
ZWL PERF 5006ms: passes=654 timeouts=60 | poll 31.6% work 68.0%
ZWL PERF compose frames=89 draw_ms=35.36 (acquire 0.05 submit+present 32.96) frame_ms=36.23
ZWL WISEVIEW close key at_ms=367581
ZWL FIRST_FRAME what=wiseview-close frame=4172 request_ms=367581 ms=36
ZWL WISEVIEW closed at_ms=367798
ZGEARS FPS run=gears frames=3300 fps=13.9
ZWL HOME open via=launcher at_ms=369943
ZWL FIRST_FRAME what=home-open frame=4210 request_ms=369943 ms=61
ZWL HOME opened apps=12 pages=1 page=1 at_ms=370223
ZWL HOME icon name="Files" x=600 y=386
ZWL HOME icon name="Notes" x=744 y=386
ZWL HOME icon name="Settings" x=888 y=386
ZWL HOME icon name="Terminal" x=1032 y=386
ZWL HOME icon name="PDF Viewer" x=1176 y=386
ZWL HOME icon name="Image Viewer" x=1320 y=386
ZWL HOME icon name="Browser" x=600 y=538
ZWL HOME icon name="Model viewer" x=744 y=538
ZWL HOME icon name="Gears" x=888 y=538
ZWL HOME icon name="X terminal" x=1032 y=538
ZWL HOME icon name="Lock Screen" x=1176 y=538
ZWL HOME icon name="Log Out" x=1320 y=538
ZWL PERF 5007ms: passes=718 timeouts=66 | poll 32.7% work 67.0%
ZWL PERF compose frames=99 draw_ms=31.43 (acquire 0.04 submit+present 28.96) frame_ms=32.21
ZWL HOME close via=escape at_ms=372164
ZWL FIRST_FRAME what=home-close frame=4255 request_ms=372164 ms=46
ZWL HOME closed at_ms=372421
ZWL GLASS moved surface=7 x=980 y=372
ZGEARS FPS run=gears frames=3400 fps=14.7
ZWL GLASS moved surface=7 x=880 y=332
ZWL PERF 5031ms: passes=715 timeouts=63 | poll 31.6% work 68.1%
ZWL PERF compose frames=84 draw_ms=37.92 (acquire 0.04 submit+present 35.49) frame_ms=38.64
ZWL WISEVIEW opening key at_ms=376929
ZWL FIRST_FRAME what=wiseview-open frame=4331 request_ms=376929 ms=39
ZWL WISEVIEW open windows=10 at_ms=377130
ZWL WISEVIEW tile client=9 surface=7 x=83 y=86 width=380 height=253
ZWL WISEVIEW tile client=10 surface=1146 x=528 y=90 width=406 height=244
ZWL WISEVIEW tile client=10 surface=14 x=1036 y=90 width=305 height=244
ZWL WISEVIEW tile client=8 surface=7 x=1484 y=90 width=325 height=244
ZWL WISEVIEW tile client=7 surface=14 x=104 y=404 width=338 height=244
ZWL WISEVIEW tile client=6 surface=14 x=570 y=404 width=321 height=244
ZWL WISEVIEW tile client=5 surface=14 x=1012 y=404 width=353 height=244
ZWL WISEVIEW tile client=4 surface=8 x=1467 y=404 width=359 height=244
ZWL WISEVIEW tile client=3 surface=16 x=568 y=718 width=325 height=244
ZWL WISEVIEW tile client=2 surface=8 x=999 y=718 width=379 height=244
ZWL WISEVIEW close key at_ms=379150
ZWL FIRST_FRAME what=wiseview-close frame=4389 request_ms=379150 ms=32
ZWL WISEVIEW closed at_ms=379350
ZWL PERF 5025ms: passes=692 timeouts=72 | poll 32.1% work 67.6%
ZWL PERF compose frames=103 draw_ms=30.36 (acquire 0.06 submit+present 28.26) frame_ms=31.15
ZWL HOME open via=launcher at_ms=381528
ZWL FIRST_FRAME what=home-open frame=4427 request_ms=381528 ms=49
ZWL HOME opened apps=12 pages=1 page=1 at_ms=381813
ZWL HOME icon name="Files" x=600 y=386
ZWL HOME icon name="Notes" x=744 y=386
ZWL HOME icon name="Settings" x=888 y=386
ZWL HOME icon name="Terminal" x=1032 y=386
ZWL HOME icon name="PDF Viewer" x=1176 y=386
ZWL HOME icon name="Image Viewer" x=1320 y=386
ZWL HOME icon name="Browser" x=600 y=538
ZWL HOME icon name="Model viewer" x=744 y=538
ZWL HOME icon name="Gears" x=888 y=538
ZWL HOME icon name="X terminal" x=1032 y=538
ZWL HOME icon name="Lock Screen" x=1176 y=538
ZWL HOME icon name="Log Out" x=1320 y=538
ZGEARS FPS run=gears frames=3500 fps=14.4
ZWL HOME close via=escape at_ms=383736
ZWL FIRST_FRAME what=home-close frame=4473 request_ms=383736 ms=33
ZWL HOME closed at_ms=383983
ZWL PERF 5000ms: passes=739 timeouts=73 | poll 32.6% work 67.1%
ZWL PERF compose frames=89 draw_ms=35.08 (acquire 0.05 submit+present 32.09) frame_ms=35.80
ZWL GLASS moved surface=7 x=980 y=372
ZWL GLASS moved surface=7 x=880 y=332
ZGEARS FPS run=gears frames=3600 fps=15.5
ZWL WISEVIEW opening key at_ms=388519
ZWL FIRST_FRAME what=wiseview-open frame=4547 request_ms=388519 ms=41
ZWL WISEVIEW open windows=10 at_ms=388722
ZWL WISEVIEW tile client=9 surface=7 x=83 y=86 width=380 height=253
ZWL WISEVIEW tile client=10 surface=1146 x=528 y=90 width=406 height=244
ZWL WISEVIEW tile client=10 surface=14 x=1036 y=90 width=305 height=244
ZWL WISEVIEW tile client=8 surface=7 x=1484 y=90 width=325 height=244
ZWL WISEVIEW tile client=7 surface=14 x=104 y=404 width=338 height=244
ZWL WISEVIEW tile client=6 surface=14 x=570 y=404 width=321 height=244
ZWL WISEVIEW tile client=5 surface=14 x=1012 y=404 width=353 height=244
ZWL WISEVIEW tile client=4 surface=8 x=1467 y=404 width=359 height=244
ZWL WISEVIEW tile client=3 surface=16 x=568 y=718 width=325 height=244
ZWL WISEVIEW tile client=2 surface=8 x=999 y=718 width=379 height=244
ZWL WISEVIEW close key at_ms=390755
ZWL FIRST_FRAME what=wiseview-close frame=4603 request_ms=390755 ms=23
ZWL WISEVIEW closed at_ms=390956
ZWL PERF 5030ms: passes=705 timeouts=63 | poll 32.4% work 67.2%
ZWL PERF compose frames=100 draw_ms=31.45 (acquire 0.05 submit+present 29.47) frame_ms=32.21
ZWL HOME open via=launcher at_ms=393118
ZWL FIRST_FRAME what=home-open frame=4641 request_ms=393118 ms=51
ZWL HOME opened apps=12 pages=1 page=1 at_ms=393400
ZWL HOME icon name="Files" x=600 y=386
ZWL HOME icon name="Notes" x=744 y=386
ZWL HOME icon name="Settings" x=888 y=386
ZWL HOME icon name="Terminal" x=1032 y=386
ZWL HOME icon name="PDF Viewer" x=1176 y=386
ZWL HOME icon name="Image Viewer" x=1320 y=386
ZWL HOME icon name="Browser" x=600 y=538
ZWL HOME icon name="Model viewer" x=744 y=538
ZWL HOME icon name="Gears" x=888 y=538
ZWL HOME icon name="X terminal" x=1032 y=538
ZWL HOME icon name="Lock Screen" x=1176 y=538
ZWL HOME icon name="Log Out" x=1320 y=538
ZGEARS FPS run=gears frames=3700 fps=14.9
ZWL HOME close via=escape at_ms=395370
ZWL FIRST_FRAME what=home-close frame=4685 request_ms=395370 ms=20
ZWL HOME closed at_ms=395624
ZWL PERF 5039ms: passes=720 timeouts=75 | poll 33.1% work 66.5%
ZWL PERF compose frames=88 draw_ms=35.69 (acquire 0.05 submit+present 32.83) frame_ms=36.39
ZWL GLASS moved surface=7 x=980 y=372
ZWL GLASS moved surface=7 x=880 y=332
ZWL WISEVIEW opening key at_ms=400205
ZWL FIRST_FRAME what=wiseview-open frame=4761 request_ms=400205 ms=38
ZWL WISEVIEW open windows=10 at_ms=400409
ZWL WISEVIEW tile client=9 surface=7 x=83 y=86 width=380 height=253
ZWL WISEVIEW tile client=10 surface=1146 x=528 y=90 width=406 height=244
ZWL WISEVIEW tile client=10 surface=14 x=1036 y=90 width=305 height=244
ZWL WISEVIEW tile client=8 surface=7 x=1484 y=90 width=325 height=244
ZWL WISEVIEW tile client=7 surface=14 x=104 y=404 width=338 height=244
ZWL WISEVIEW tile client=6 surface=14 x=570 y=404 width=321 height=244
ZWL WISEVIEW tile client=5 surface=14 x=1012 y=404 width=353 height=244
ZWL WISEVIEW tile client=4 surface=8 x=1467 y=404 width=359 height=244
ZWL WISEVIEW tile client=3 surface=16 x=568 y=718 width=325 height=244
ZWL WISEVIEW tile client=2 surface=8 x=999 y=718 width=379 height=244
ZWL PERF 5001ms: passes=701 timeouts=67 | poll 32.0% work 67.6%
ZWL PERF compose frames=90 draw_ms=34.95 (acquire 0.05 submit+present 32.74) frame_ms=35.40
ZGEARS FPS run=gears frames=3800 fps=13.9
ZWL WISEVIEW close key at_ms=402415
ZWL FIRST_FRAME what=wiseview-close frame=4815 request_ms=402415 ms=16
ZWL WISEVIEW closed at_ms=402616
ZWL HOME open via=launcher at_ms=404796
ZWL FIRST_FRAME what=home-open frame=4853 request_ms=404796 ms=53
ZWL HOME opened apps=12 pages=1 page=1 at_ms=405077
ZWL HOME icon name="Files" x=600 y=386
ZWL HOME icon name="Notes" x=744 y=386
ZWL HOME icon name="Settings" x=888 y=386
ZWL HOME icon name="Terminal" x=1032 y=386
ZWL HOME icon name="PDF Viewer" x=1176 y=386
ZWL HOME icon name="Image Viewer" x=1320 y=386
ZWL HOME icon name="Browser" x=600 y=538
ZWL HOME icon name="Model viewer" x=744 y=538
ZWL HOME icon name="Gears" x=888 y=538
ZWL HOME icon name="X terminal" x=1032 y=538
ZWL HOME icon name="Lock Screen" x=1176 y=538
ZWL HOME icon name="Log Out" x=1320 y=538
ZWL PERF 5030ms: passes=713 timeouts=77 | poll 32.4% work 67.2%
ZWL PERF compose frames=95 draw_ms=32.88 (acquire 0.05 submit+present 30.16) frame_ms=34.06
ZWL HOME close via=escape at_ms=407009
ZWL FIRST_FRAME what=home-close frame=4898 request_ms=407010 ms=50
ZWL HOME closed at_ms=407270
ZGEARS FPS run=gears frames=3900 fps=15.6
ZWL GLASS moved surface=7 x=980 y=372
ZWL GLASS moved surface=7 x=880 y=332
ZWL PERF 5014ms: passes=764 timeouts=62 | poll 30.9% work 68.8%
ZWL PERF compose frames=82 draw_ms=39.08 (acquire 0.05 submit+present 36.43) frame_ms=39.87
ZWL WISEVIEW opening key at_ms=411810
ZWL FIRST_FRAME what=wiseview-open frame=4974 request_ms=411810 ms=43
ZWL WISEVIEW open windows=10 at_ms=412017
ZWL WISEVIEW tile client=9 surface=7 x=83 y=86 width=380 height=253
ZWL WISEVIEW tile client=10 surface=1146 x=528 y=90 width=406 height=244
ZWL WISEVIEW tile client=10 surface=14 x=1036 y=90 width=305 height=244
ZWL WISEVIEW tile client=8 surface=7 x=1484 y=90 width=325 height=244
ZWL WISEVIEW tile client=7 surface=14 x=104 y=404 width=338 height=244
ZWL WISEVIEW tile client=6 surface=14 x=570 y=404 width=321 height=244
ZWL WISEVIEW tile client=5 surface=14 x=1012 y=404 width=353 height=244
ZWL WISEVIEW tile client=4 surface=8 x=1467 y=404 width=359 height=244
ZWL WISEVIEW tile client=3 surface=16 x=568 y=718 width=325 height=244
ZWL WISEVIEW tile client=2 surface=8 x=999 y=718 width=379 height=244
ZWL WISEVIEW close key at_ms=414079
ZWL FIRST_FRAME what=wiseview-close frame=5033 request_ms=414079 ms=29
ZWL WISEVIEW closed at_ms=414285
ZGEARS FPS run=gears frames=4000 fps=13.8
ZWL HOME open via=launcher at_ms=416393
ZWL FIRST_FRAME what=home-open frame=5070 request_ms=416393 ms=32
ZWL PERF 5001ms: passes=707 timeouts=68 | poll 32.3% work 67.3%
ZWL PERF compose frames=103 draw_ms=30.38 (acquire 0.04 submit+present 28.44) frame_ms=31.14
ZWL HOME opened apps=12 pages=1 page=1 at_ms=416677
ZWL HOME icon name="Files" x=600 y=386
ZWL HOME icon name="Notes" x=744 y=386
ZWL HOME icon name="Settings" x=888 y=386
ZWL HOME icon name="Terminal" x=1032 y=386
ZWL HOME icon name="PDF Viewer" x=1176 y=386
ZWL HOME icon name="Image Viewer" x=1320 y=386
ZWL HOME icon name="Browser" x=600 y=538
ZWL HOME icon name="Model viewer" x=744 y=538
ZWL HOME icon name="Gears" x=888 y=538
ZWL HOME icon name="X terminal" x=1032 y=538
ZWL HOME icon name="Lock Screen" x=1176 y=538
ZWL HOME icon name="Log Out" x=1320 y=538
ZWL HOME close via=escape at_ms=418638
ZWL FIRST_FRAME what=home-close frame=5114 request_ms=418638 ms=27
ZWL HOME closed at_ms=418890
ZWL GLASS moved surface=7 x=980 y=372
ZWL PERF 5013ms: passes=768 timeouts=68 | poll 32.4% work 67.3%
ZWL PERF compose frames=87 draw_ms=35.97 (acquire 0.05 submit+present 33.27) frame_ms=36.69
ZGEARS FPS run=gears frames=4100 fps=15.4
ZWL GLASS moved surface=7 x=880 y=332
ZWL WISEVIEW opening key at_ms=423423
ZWL FIRST_FRAME what=wiseview-open frame=5188 request_ms=423423 ms=36
ZWL WISEVIEW open windows=10 at_ms=423631
ZWL WISEVIEW tile client=9 surface=7 x=83 y=86 width=380 height=253
ZWL WISEVIEW tile client=10 surface=1146 x=528 y=90 width=406 height=244
ZWL WISEVIEW tile client=10 surface=14 x=1036 y=90 width=305 height=244
ZWL WISEVIEW tile client=8 surface=7 x=1484 y=90 width=325 height=244
ZWL WISEVIEW tile client=7 surface=14 x=104 y=404 width=338 height=244
ZWL WISEVIEW tile client=6 surface=14 x=570 y=404 width=321 height=244
ZWL WISEVIEW tile client=5 surface=14 x=1012 y=404 width=353 height=244
ZWL WISEVIEW tile client=4 surface=8 x=1467 y=404 width=359 height=244
ZWL WISEVIEW tile client=3 surface=16 x=568 y=718 width=325 height=244
ZWL WISEVIEW tile client=2 surface=8 x=999 y=718 width=379 height=244
ZWL WISEVIEW close key at_ms=425621
ZWL FIRST_FRAME what=wiseview-close frame=5243 request_ms=425621 ms=25
ZWL WISEVIEW closed at_ms=425825
ZWL PERF 5032ms: passes=701 timeouts=77 | poll 32.5% work 67.1%
ZWL PERF compose frames=99 draw_ms=31.65 (acquire 0.06 submit+present 29.61) frame_ms=32.36
ZWL HOME open via=launcher at_ms=427989
ZWL FIRST_FRAME what=home-open frame=5281 request_ms=427989 ms=52
ZWL HOME opened apps=12 pages=1 page=1 at_ms=428293
ZWL HOME icon name="Files" x=600 y=386
ZWL HOME icon name="Notes" x=744 y=386
ZWL HOME icon name="Settings" x=888 y=386
ZWL HOME icon name="Terminal" x=1032 y=386
ZWL HOME icon name="PDF Viewer" x=1176 y=386
ZWL HOME icon name="Image Viewer" x=1320 y=386
ZWL HOME icon name="Browser" x=600 y=538
ZWL HOME icon name="Model viewer" x=744 y=538
ZWL HOME icon name="Gears" x=888 y=538
ZWL HOME icon name="X terminal" x=1032 y=538
ZWL HOME icon name="Lock Screen" x=1176 y=538
ZWL HOME icon name="Log Out" x=1320 y=538
ZGEARS FPS run=gears frames=4200 fps=14.5
ZWL HOME close via=escape at_ms=430221
ZWL FIRST_FRAME what=home-close frame=5326 request_ms=430221 ms=32
ZWL HOME closed at_ms=430463
ZWL PERF 5036ms: passes=733 timeouts=64 | poll 31.6% work 68.1%
ZWL PERF compose frames=90 draw_ms=35.48 (acquire 0.05 submit+present 32.54) frame_ms=36.24
ZWL GLASS moved surface=7 x=980 y=372
ZWL GLASS moved surface=7 x=880 y=332
ZWL WISEVIEW opening key at_ms=435899
ZWL FIRST_FRAME what=wiseview-open frame=5414 request_ms=435899 ms=40
ZWL WISEVIEW open windows=10 at_ms=436113
ZWL WISEVIEW tile client=9 surface=7 x=83 y=86 width=380 height=253
ZWL WISEVIEW tile client=10 surface=1146 x=528 y=90 width=406 height=244
ZWL WISEVIEW tile client=10 surface=14 x=1036 y=90 width=305 height=244
ZWL WISEVIEW tile client=8 surface=7 x=1484 y=90 width=325 height=244
ZWL WISEVIEW tile client=7 surface=14 x=104 y=404 width=338 height=244
ZWL WISEVIEW tile client=6 surface=14 x=570 y=404 width=321 height=244
ZWL WISEVIEW tile client=5 surface=14 x=1012 y=404 width=353 height=244
ZWL WISEVIEW tile client=4 surface=8 x=1467 y=404 width=359 height=244
ZWL WISEVIEW tile client=3 surface=16 x=568 y=718 width=325 height=244
ZWL WISEVIEW tile client=2 surface=8 x=999 y=718 width=379 height=244
ZGEARS FPS run=gears frames=4300 fps=14.8
ZWL PERF 5002ms: passes=654 timeouts=73 | poll 32.0% work 67.6%
ZWL PERF compose frames=84 draw_ms=37.23 (acquire 0.05 submit+present 34.77) frame_ms=38.09
ZWL WISEVIEW close key at_ms=438112
ZWL FIRST_FRAME what=wiseview-close frame=5470 request_ms=438112 ms=30
ZWL WISEVIEW closed at_ms=438312
ZWL HOME open via=launcher at_ms=440495
ZWL FIRST_FRAME what=home-open frame=5509 request_ms=440495 ms=49
ZWL HOME opened apps=12 pages=1 page=1 at_ms=440780
ZWL HOME icon name="Files" x=600 y=386
ZWL HOME icon name="Notes" x=744 y=386
ZWL HOME icon name="Settings" x=888 y=386
ZWL HOME icon name="Terminal" x=1032 y=386
ZWL HOME icon name="PDF Viewer" x=1176 y=386
ZWL HOME icon name="Image Viewer" x=1320 y=386
ZWL HOME icon name="Browser" x=600 y=538
ZWL HOME icon name="Model viewer" x=744 y=538
ZWL HOME icon name="Gears" x=888 y=538
ZWL HOME icon name="X terminal" x=1032 y=538
ZWL HOME icon name="Lock Screen" x=1176 y=538
ZWL HOME icon name="Log Out" x=1320 y=538
ZWL PERF 5027ms: passes=711 timeouts=59 | poll 32.0% work 67.7%
ZWL PERF compose frames=100 draw_ms=31.59 (acquire 0.03 submit+present 29.32) frame_ms=32.42
ZWL HOME close via=escape at_ms=442724
ZWL FIRST_FRAME what=home-close frame=5553 request_ms=442724 ms=20
ZWL HOME closed at_ms=442996
ZGEARS FPS run=gears frames=4400 fps=14.5
ZWL GLASS moved surface=7 x=980 y=372
ZWL PERF 5025ms: passes=718 timeouts=62 | poll 31.4% work 68.2%
ZWL PERF compose frames=85 draw_ms=37.44 (acquire 0.06 submit+present 34.61) frame_ms=38.26
ZWL GLASS moved surface=7 x=880 y=332
ZWL HOME open via=launcher at_ms=447575
ZWL FIRST_FRAME what=home-open frame=5631 request_ms=447575 ms=47
ZWL HOME opened apps=12 pages=1 page=1 at_ms=447856
ZWL HOME icon name="Files" x=600 y=386
ZWL HOME icon name="Notes" x=744 y=386
ZWL HOME icon name="Settings" x=888 y=386
ZWL HOME icon name="Terminal" x=1032 y=386
ZWL HOME icon name="PDF Viewer" x=1176 y=386
ZWL HOME icon name="Image Viewer" x=1320 y=386
ZWL HOME icon name="Browser" x=600 y=538
ZWL HOME icon name="Model viewer" x=744 y=538
ZWL HOME icon name="Gears" x=888 y=538
ZWL HOME icon name="X terminal" x=1032 y=538
ZWL HOME icon name="Lock Screen" x=1176 y=538
ZWL HOME icon name="Log Out" x=1320 y=538
ZWL HOME launch name=Terminal pid=56
ZWL HOME close via=launch at_ms=449253
ZWL FIRST_FRAME what=home-close frame=5665 request_ms=449253 ms=34
ZWL CLIENT client=13 fd=25
ZWL INSET create client=13 inset=20 toplevel=16
ZWL EDIT create client=13 edit=24 toplevel=16
ZWL BOUNDS client=13 surface=14 width=1896 height=970
ZWL CONFIGURE client=13 surface=14 serial=191 width=0 height=0 fullscreen=0
ZWL SEAT client=13 pointer=1 keyboard=0 touch=0
ZWL SEAT client=13 pointer=1 keyboard=1 touch=0
ZWL IMPORT client=13 buffer=37 width=916 height=632 bytes=2318336
ZWL IMPORT client=13 buffer=38 width=916 height=632 bytes=2318336
ZWL IMPORT client=13 buffer=39 width=916 height=632 bytes=2318336
ZTERM MENU state selection=0 clipboard=0 pixels=16 fullscreen=0
ZWL MENU commit client=13 menu=43 serial=1 items=30 generation=1
ZWL MENU set client=13 place=44 menu=43
ZWL MENU commit client=13 menu=43 serial=2 items=30 generation=2
ZTERM MENU ready items=30
ZTERM TAB active id=1
ZTERM TAB new run=term id=1 count=1
ZTERM START run=term columns=90 rows=28 cell=10x22 window=916x632
ZTERM TABS count=1 active=1 mode=0
ZWL TITLEBAR create client=13 titlebar=48 toplevel=16
ZTERM TITLE tab=1 title=Terminal
ZWL EDIT state client=13 edit=24 actions=0xff flags=0xd
ZWL TITLEBAR commit client=13 titlebar=48 serial=1 mode=0 controls=0 tabs=1 generation=1
ZWL MAP client=13 surface=14 x=348 y=420
ZWL HOME launched waited_ms=156 at_ms=449409
ZWL GLASS launch surface=14 from=996,350 to=348,420 size=916x632
ZTERM CLIPBOARD selection text=0
ZTERM PRIMARY offer text=0
ZWL HOME closed at_ms=449494
ZWL MENU bar client=13 surface=14 where=floating item=1 offset=127 top=368 width=55 height=44
ZWL MENU bar client=13 surface=14 where=floating item=2 offset=184 top=368 width=47 height=44
ZWL MENU bar client=13 surface=14 where=floating item=3 offset=233 top=368 width=55 height=44
ZWL MENU bar client=13 surface=14 where=floating item=4 offset=290 top=368 width=76 height=44
ZWL MENU bar client=13 surface=14 where=floating item=5 offset=368 top=368 width=53 height=44
ZGEARS FPS run=gears frames=4500 fps=14.7
ZWL PERF 5036ms: passes=730 timeouts=64 | poll 30.7% work 69.0%
ZWL PERF compose frames=84 draw_ms=37.97 (acquire 0.05 submit+present 35.00) frame_ms=38.79
ZTERM TAB closed run=term id=1 count=0
ZTERM DONE run=term reason=shell-exited
ZWL CLIENT gone client=13 reason=flush
ZWL CLEANUP client=13 objects=35 unread_fds=0
ZWL HOME ended pid=56 status=0
ZWL PERF 5016ms: passes=658 timeouts=65 | poll 31.8% work 67.8%
ZWL PERF compose frames=73 draw_ms=43.08 (acquire 0.05 submit+present 40.36) frame_ms=44.00
ZGEARS FPS run=gears frames=4600 fps=13.5
ZWL WISEVIEW opening key at_ms=460492
ZWL FIRST_FRAME what=wiseview-open frame=5834 request_ms=460492 ms=44
ZWL WISEVIEW open windows=10 at_ms=460699
ZWL WISEVIEW tile client=9 surface=7 x=83 y=86 width=380 height=253
ZWL WISEVIEW tile client=10 surface=1146 x=528 y=90 width=406 height=244
ZWL WISEVIEW tile client=10 surface=14 x=1036 y=90 width=305 height=244
ZWL WISEVIEW tile client=8 surface=7 x=1484 y=90 width=325 height=244
ZWL WISEVIEW tile client=7 surface=14 x=104 y=404 width=338 height=244
ZWL WISEVIEW tile client=6 surface=14 x=570 y=404 width=321 height=244
ZWL WISEVIEW tile client=5 surface=14 x=1012 y=404 width=353 height=244
ZWL WISEVIEW tile client=4 surface=8 x=1467 y=404 width=359 height=244
ZWL WISEVIEW tile client=3 surface=16 x=568 y=718 width=325 height=244
ZWL WISEVIEW tile client=2 surface=8 x=999 y=718 width=379 height=244
ZWL PERF 5008ms: passes=709 timeouts=63 | poll 32.2% work 67.4%
ZWL PERF compose frames=92 draw_ms=33.92 (acquire 0.05 submit+present 31.67) frame_ms=34.80
ZWL WISEVIEW close key at_ms=462696
ZWL FIRST_FRAME what=wiseview-close frame=5892 request_ms=462696 ms=17
ZWL WISEVIEW closed at_ms=462898
ZGEARS FPS run=gears frames=4700 fps=14.0
ZWL HOME open via=launcher at_ms=465015
ZWL FIRST_FRAME what=home-open frame=5929 request_ms=465015 ms=35
ZWL HOME opened apps=12 pages=1 page=1 at_ms=465297
ZWL HOME icon name="Files" x=600 y=386
ZWL HOME icon name="Notes" x=744 y=386
ZWL HOME icon name="Settings" x=888 y=386
ZWL HOME icon name="Terminal" x=1032 y=386
ZWL HOME icon name="PDF Viewer" x=1176 y=386
ZWL HOME icon name="Image Viewer" x=1320 y=386
ZWL HOME icon name="Browser" x=600 y=538
ZWL HOME icon name="Model viewer" x=744 y=538
ZWL HOME icon name="Gears" x=888 y=538
ZWL HOME icon name="X terminal" x=1032 y=538
ZWL HOME icon name="Lock Screen" x=1176 y=538
ZWL HOME icon name="Log Out" x=1320 y=538
ZWL PERF 5030ms: passes=683 timeouts=71 | poll 32.1% work 67.5%
ZWL PERF compose frames=96 draw_ms=32.78 (acquire 0.04 submit+present 30.12) frame_ms=33.62
ZWL HOME close via=escape at_ms=467274
ZWL FIRST_FRAME what=home-close frame=5973 request_ms=467274 ms=36
ZWL HOME closed at_ms=467521
ZWL GLASS moved surface=7 x=980 y=372
ZGEARS FPS run=gears frames=4800 fps=15.3
ZWL GLASS moved surface=7 x=880 y=332
ZWL PERF 5001ms: passes=720 timeouts=60 | poll 31.2% work 68.4%
ZWL PERF compose frames=82 draw_ms=38.65 (acquire 0.04 submit+present 36.01) frame_ms=39.54
ZWL WISEVIEW opening key at_ms=472253
ZWL FIRST_FRAME what=wiseview-open frame=6052 request_ms=472253 ms=37
ZWL WISEVIEW open windows=10 at_ms=472464
ZWL WISEVIEW tile client=9 surface=7 x=83 y=86 width=380 height=253
ZWL WISEVIEW tile client=10 surface=1146 x=528 y=90 width=406 height=244
ZWL WISEVIEW tile client=10 surface=14 x=1036 y=90 width=305 height=244
ZWL WISEVIEW tile client=8 surface=7 x=1484 y=90 width=325 height=244
ZWL WISEVIEW tile client=7 surface=14 x=104 y=404 width=338 height=244
ZWL WISEVIEW tile client=6 surface=14 x=570 y=404 width=321 height=244
ZWL WISEVIEW tile client=5 surface=14 x=1012 y=404 width=353 height=244
ZWL WISEVIEW tile client=4 surface=8 x=1467 y=404 width=359 height=244
ZWL WISEVIEW tile client=3 surface=16 x=568 y=718 width=325 height=244
ZWL WISEVIEW tile client=2 surface=8 x=999 y=718 width=379 height=244
ZWL WISEVIEW close key at_ms=474459
ZWL FIRST_FRAME what=wiseview-close frame=6109 request_ms=474459 ms=37
ZWL WISEVIEW closed at_ms=474688
ZWL HOME open via=launcher at_ms=476686
ZWL FIRST_FRAME what=home-open frame=6143 request_ms=476686 ms=54
ZWL PERF 5016ms: passes=633 timeouts=68 | poll 31.6% work 68.0%
ZWL PERF compose frames=100 draw_ms=31.63 (acquire 0.05 submit+present 29.43) frame_ms=32.47
ZWL HOME opened apps=12 pages=1 page=1 at_ms=476967
ZWL HOME icon name="Files" x=600 y=386
ZWL HOME icon name="Notes" x=744 y=386
ZWL HOME icon name="Settings" x=888 y=386
ZWL HOME icon name="Terminal" x=1032 y=386
ZWL HOME icon name="PDF Viewer" x=1176 y=386
ZWL HOME icon name="Image Viewer" x=1320 y=386
ZWL HOME icon name="Browser" x=600 y=538
ZWL HOME icon name="Model viewer" x=744 y=538
ZWL HOME icon name="Gears" x=888 y=538
ZWL HOME icon name="X terminal" x=1032 y=538
ZWL HOME icon name="Lock Screen" x=1176 y=538
ZWL HOME icon name="Log Out" x=1320 y=538
ZGEARS FPS run=gears frames=4900 fps=13.7
ZWL HOME close via=escape at_ms=478930
ZWL FIRST_FRAME what=home-close frame=6184 request_ms=478930 ms=33
ZWL HOME closed at_ms=479173
ZWL GLASS moved surface=7 x=980 y=372
ZWL PERF 5035ms: passes=719 timeouts=67 | poll 32.1% work 67.6%
ZWL PERF compose frames=87 draw_ms=36.53 (acquire 0.05 submit+present 33.41) frame_ms=37.25
ZWL GLASS moved surface=7 x=880 y=332
ZWL WISEVIEW opening key at_ms=483709
ZWL FIRST_FRAME what=wiseview-open frame=6262 request_ms=483709 ms=39
ZWL WISEVIEW open windows=10 at_ms=483910
ZWL WISEVIEW tile client=9 surface=7 x=83 y=86 width=380 height=253
ZWL WISEVIEW tile client=10 surface=1146 x=528 y=90 width=406 height=244
ZWL WISEVIEW tile client=10 surface=14 x=1036 y=90 width=305 height=244
ZWL WISEVIEW tile client=8 surface=7 x=1484 y=90 width=325 height=244
ZWL WISEVIEW tile client=7 surface=14 x=104 y=404 width=338 height=244
ZWL WISEVIEW tile client=6 surface=14 x=570 y=404 width=321 height=244
ZWL WISEVIEW tile client=5 surface=14 x=1012 y=404 width=353 height=244
ZWL WISEVIEW tile client=4 surface=8 x=1467 y=404 width=359 height=244
ZWL WISEVIEW tile client=3 surface=16 x=568 y=718 width=325 height=244
ZWL WISEVIEW tile client=2 surface=8 x=999 y=718 width=379 height=244
ZGEARS FPS run=gears frames=5000 fps=13.8
ZWL WISEVIEW close key at_ms=485940
ZWL FIRST_FRAME what=wiseview-close frame=6319 request_ms=485940 ms=25
ZWL WISEVIEW closed at_ms=486169
ZWL PERF 5000ms: passes=680 timeouts=64 | poll 32.3% work 67.3%
ZWL PERF compose frames=102 draw_ms=30.58 (acquire 0.05 submit+present 28.56) frame_ms=31.38
ZWL HOME open via=launcher at_ms=488306
ZWL FIRST_FRAME what=home-open frame=6357 request_ms=488306 ms=64
ZWL HOME opened apps=12 pages=1 page=1 at_ms=488595
ZWL HOME icon name="Files" x=600 y=386
ZWL HOME icon name="Notes" x=744 y=386
ZWL HOME icon name="Settings" x=888 y=386
ZWL HOME icon name="Terminal" x=1032 y=386
ZWL HOME icon name="PDF Viewer" x=1176 y=386
ZWL HOME icon name="Image Viewer" x=1320 y=386
ZWL HOME icon name="Browser" x=600 y=538
ZWL HOME icon name="Model viewer" x=744 y=538
ZWL HOME icon name="Gears" x=888 y=538
ZWL HOME icon name="X terminal" x=1032 y=538
ZWL HOME icon name="Lock Screen" x=1176 y=538
ZWL HOME icon name="Log Out" x=1320 y=538
ZWL HOME close via=escape at_ms=490542
ZWL FIRST_FRAME what=home-close frame=6401 request_ms=490542 ms=33
ZWL HOME closed at_ms=490785
ZWL PERF 5040ms: passes=696 timeouts=66 | poll 31.9% work 67.8%
ZWL PERF compose frames=88 draw_ms=36.15 (acquire 0.04 submit+present 32.97) frame_ms=37.00
ZGEARS FPS run=gears frames=5100 fps=15.2
ZWL GLASS moved surface=7 x=980 y=372
ZWL GLASS moved surface=7 x=880 y=332
ZWL WISEVIEW opening key at_ms=495881
ZWL FIRST_FRAME what=wiseview-open frame=6484 request_ms=495881 ms=40
ZWL WISEVIEW open windows=10 at_ms=496104
ZWL WISEVIEW tile client=9 surface=7 x=83 y=86 width=380 height=253
ZWL WISEVIEW tile client=10 surface=1146 x=528 y=90 width=406 height=244
ZWL WISEVIEW tile client=10 surface=14 x=1036 y=90 width=305 height=244
ZWL WISEVIEW tile client=8 surface=7 x=1484 y=90 width=325 height=244
ZWL WISEVIEW tile client=7 surface=14 x=104 y=404 width=338 height=244
ZWL WISEVIEW tile client=6 surface=14 x=570 y=404 width=321 height=244
ZWL WISEVIEW tile client=5 surface=14 x=1012 y=404 width=353 height=244
ZWL WISEVIEW tile client=4 surface=8 x=1467 y=404 width=359 height=244
ZWL WISEVIEW tile client=3 surface=16 x=568 y=718 width=325 height=244
ZWL WISEVIEW tile client=2 surface=8 x=999 y=718 width=379 height=244
ZWL PERF 5024ms: passes=717 timeouts=66 | poll 31.5% work 68.1%
ZWL PERF compose frames=88 draw_ms=35.98 (acquire 0.05 submit+present 33.76) frame_ms=36.88
ZWL WISEVIEW close key at_ms=498127
ZWL FIRST_FRAME what=wiseview-close frame=6541 request_ms=498127 ms=21
ZWL WISEVIEW closed at_ms=498333
ZGEARS FPS run=gears frames=5200 fps=13.7
ZWL HOME open via=launcher at_ms=500478
ZWL FIRST_FRAME what=home-open frame=6579 request_ms=500478 ms=31
ZWL HOME opened apps=12 pages=1 page=1 at_ms=500761
ZWL HOME icon name="Files" x=600 y=386
ZWL HOME icon name="Notes" x=744 y=386
ZWL HOME icon name="Settings" x=888 y=386
ZWL HOME icon name="Terminal" x=1032 y=386
ZWL HOME icon name="PDF Viewer" x=1176 y=386
ZWL HOME icon name="Image Viewer" x=1320 y=386
ZWL HOME icon name="Browser" x=600 y=538
ZWL HOME icon name="Model viewer" x=744 y=538
ZWL HOME icon name="Gears" x=888 y=538
ZWL HOME icon name="X terminal" x=1032 y=538
ZWL HOME icon name="Lock Screen" x=1176 y=538
ZWL HOME icon name="Log Out" x=1320 y=538
ZWL PERF 5012ms: passes=700 timeouts=64 | poll 32.0% work 67.7%
ZWL PERF compose frames=98 draw_ms=32.14 (acquire 0.05 submit+present 29.47) frame_ms=32.99
ZWL HOME close via=escape at_ms=502722
ZWL FIRST_FRAME what=home-close frame=6623 request_ms=502722 ms=31
ZWL HOME closed at_ms=502966
ZWL GLASS moved surface=7 x=980 y=372
ZGEARS FPS run=gears frames=5300 fps=15.1
ZWL GLASS moved surface=7 x=880 y=332
ZWL PERF 5035ms: passes=705 timeouts=68 | poll 31.8% work 67.8%
ZWL PERF compose frames=81 draw_ms=39.05 (acquire 0.04 submit+present 36.42) frame_ms=39.91
ZWL WISEVIEW opening key at_ms=507513
ZWL FIRST_FRAME what=wiseview-open frame=6698 request_ms=507513 ms=47
ZWL WISEVIEW open windows=10 at_ms=507731
ZWL WISEVIEW tile client=9 surface=7 x=83 y=86 width=380 height=253
ZWL WISEVIEW tile client=10 surface=1146 x=528 y=90 width=406 height=244
ZWL WISEVIEW tile client=10 surface=14 x=1036 y=90 width=305 height=244
ZWL WISEVIEW tile client=8 surface=7 x=1484 y=90 width=325 height=244
ZWL WISEVIEW tile client=7 surface=14 x=104 y=404 width=338 height=244
ZWL WISEVIEW tile client=6 surface=14 x=570 y=404 width=321 height=244
ZWL WISEVIEW tile client=5 surface=14 x=1012 y=404 width=353 height=244
ZWL WISEVIEW tile client=4 surface=8 x=1467 y=404 width=359 height=244
ZWL WISEVIEW tile client=3 surface=16 x=568 y=718 width=325 height=244
ZWL WISEVIEW tile client=2 surface=8 x=999 y=718 width=379 height=244
ZWL WISEVIEW close key at_ms=509706
ZWL FIRST_FRAME what=wiseview-close frame=6754 request_ms=509706 ms=25
ZWL WISEVIEW closed at_ms=509911
ZWL PERF 5014ms: passes=720 timeouts=69 | poll 32.1% work 67.6%
ZWL PERF compose frames=102 draw_ms=30.81 (acquire 0.04 submit+present 29.00) frame_ms=31.22
ZWL HOME open via=launcher at_ms=512071
ZWL FIRST_FRAME what=home-open frame=6793 request_ms=512071 ms=49
ZWL HOME opened apps=12 pages=1 page=1 at_ms=512358
ZWL HOME icon name="Files" x=600 y=386
ZWL HOME icon name="Notes" x=744 y=386
ZWL HOME icon name="Settings" x=888 y=386
ZWL HOME icon name="Terminal" x=1032 y=386
ZWL HOME icon name="PDF Viewer" x=1176 y=386
ZWL HOME icon name="Image Viewer" x=1320 y=386
ZWL HOME icon name="Browser" x=600 y=538
ZWL HOME icon name="Model viewer" x=744 y=538
ZWL HOME icon name="Gears" x=888 y=538
ZWL HOME icon name="X terminal" x=1032 y=538
ZWL HOME icon name="Lock Screen" x=1176 y=538
ZWL HOME icon name="Log Out" x=1320 y=538
ZGEARS FPS run=gears frames=5400 fps=14.0
ZWL HOME close via=escape at_ms=514296
ZWL FIRST_FRAME what=home-close frame=6839 request_ms=514296 ms=25
ZWL HOME closed at_ms=514577
ZWL PERF 5006ms: passes=709 timeouts=67 | poll 31.6% work 68.1%
ZWL PERF compose frames=91 draw_ms=34.92 (acquire 0.05 submit+present 31.74) frame_ms=36.07
ZWL GLASS moved surface=7 x=980 y=372
ZWL GLASS moved surface=7 x=880 y=332
ZWL WISEVIEW opening key at_ms=519686
ZWL FIRST_FRAME what=wiseview-open frame=6923 request_ms=519686 ms=46
ZWL WISEVIEW open windows=10 at_ms=519899
ZWL WISEVIEW tile client=9 surface=7 x=83 y=86 width=380 height=253
ZWL WISEVIEW tile client=10 surface=1146 x=528 y=90 width=406 height=244
ZWL WISEVIEW tile client=10 surface=14 x=1036 y=90 width=305 height=244
ZWL WISEVIEW tile client=8 surface=7 x=1484 y=90 width=325 height=244
ZWL WISEVIEW tile client=7 surface=14 x=104 y=404 width=338 height=244
ZWL WISEVIEW tile client=6 surface=14 x=570 y=404 width=321 height=244
ZWL WISEVIEW tile client=5 surface=14 x=1012 y=404 width=353 height=244
ZWL WISEVIEW tile client=4 surface=8 x=1467 y=404 width=359 height=244
ZWL WISEVIEW tile client=3 surface=16 x=568 y=718 width=325 height=244
ZWL WISEVIEW tile client=2 surface=8 x=999 y=718 width=379 height=244
ZGEARS FPS run=gears frames=5500 fps=14.8
ZWL WISEVIEW close key at_ms=521925
ZWL FIRST_FRAME what=wiseview-close frame=6981 request_ms=521925 ms=27
ZWL PERF 5032ms: passes=706 timeouts=66 | poll 32.1% work 67.5%
ZWL PERF compose frames=101 draw_ms=31.01 (acquire 0.04 submit+present 29.01) frame_ms=31.85
ZWL WISEVIEW closed at_ms=522142
ZWL HOME open via=launcher at_ms=524249
ZWL FIRST_FRAME what=home-open frame=7019 request_ms=524249 ms=47
ZWL HOME opened apps=12 pages=1 page=1 at_ms=524549
ZWL HOME icon name="Files" x=600 y=386
ZWL HOME icon name="Notes" x=744 y=386
ZWL HOME icon name="Settings" x=888 y=386
ZWL HOME icon name="Terminal" x=1032 y=386
ZWL HOME icon name="PDF Viewer" x=1176 y=386
ZWL HOME icon name="Image Viewer" x=1320 y=386
ZWL HOME icon name="Browser" x=600 y=538
ZWL HOME icon name="Model viewer" x=744 y=538
ZWL HOME icon name="Gears" x=888 y=538
ZWL HOME icon name="X terminal" x=1032 y=538
ZWL HOME icon name="Lock Screen" x=1176 y=538
ZWL HOME icon name="Log Out" x=1320 y=538
ZWL HOME close via=escape at_ms=526490
ZWL FIRST_FRAME what=home-close frame=7061 request_ms=526490 ms=26
ZWL HOME closed at_ms=526764
ZGEARS FPS run=gears frames=5600 fps=14.7
ZWL PERF 5005ms: passes=714 timeouts=60 | poll 31.5% work 68.1%
ZWL PERF compose frames=87 draw_ms=36.51 (acquire 0.04 submit+present 33.45) frame_ms=37.21
ZWL GLASS moved surface=7 x=980 y=372
ZWL GLASS moved surface=7 x=880 y=332
ZWL PERF 5008ms: passes=709 timeouts=63 | poll 31.9% work 67.7%
ZWL PERF compose frames=79 draw_ms=39.78 (acquire 0.04 submit+present 37.25) frame_ms=40.17
ZWL WISEVIEW opening key at_ms=532067
ZWL FIRST_FRAME what=wiseview-open frame=7150 request_ms=532067 ms=39
ZWL WISEVIEW open windows=10 at_ms=532275
ZWL WISEVIEW tile client=9 surface=7 x=83 y=86 width=380 height=253
ZWL WISEVIEW tile client=10 surface=1146 x=528 y=90 width=406 height=244
ZWL WISEVIEW tile client=10 surface=14 x=1036 y=90 width=305 height=244
ZWL WISEVIEW tile client=8 surface=7 x=1484 y=90 width=325 height=244
ZWL WISEVIEW tile client=7 surface=14 x=104 y=404 width=338 height=244
ZWL WISEVIEW tile client=6 surface=14 x=570 y=404 width=321 height=244
ZWL WISEVIEW tile client=5 surface=14 x=1012 y=404 width=353 height=244
ZWL WISEVIEW tile client=4 surface=8 x=1467 y=404 width=359 height=244
ZWL WISEVIEW tile client=3 surface=16 x=568 y=718 width=325 height=244
ZWL WISEVIEW tile client=2 surface=8 x=999 y=718 width=379 height=244
ZGEARS FPS run=gears frames=5700 fps=13.8
ZWL WISEVIEW close key at_ms=534314
ZWL FIRST_FRAME what=wiseview-close frame=7207 request_ms=534314 ms=23
ZWL WISEVIEW closed at_ms=534551
ZWL HOME open via=launcher at_ms=536661
ZWL FIRST_FRAME what=home-open frame=7245 request_ms=536661 ms=49
ZWL HOME opened apps=12 pages=1 page=1 at_ms=536943
ZWL HOME icon name="Files" x=600 y=386
ZWL HOME icon name="Notes" x=744 y=386
ZWL HOME icon name="Settings" x=888 y=386
ZWL HOME icon name="Terminal" x=1032 y=386
ZWL HOME icon name="PDF Viewer" x=1176 y=386
ZWL HOME icon name="Image Viewer" x=1320 y=386
ZWL HOME icon name="Browser" x=600 y=538
ZWL HOME icon name="Model viewer" x=744 y=538
ZWL HOME icon name="Gears" x=888 y=538
ZWL HOME icon name="X terminal" x=1032 y=538
ZWL HOME icon name="Lock Screen" x=1176 y=538
ZWL HOME icon name="Log Out" x=1320 y=538
ZWL PERF 5004ms: passes=683 timeouts=66 | poll 31.8% work 67.8%
ZWL PERF compose frames=103 draw_ms=30.30 (acquire 0.06 submit+present 28.06) frame_ms=31.53
ZWL HOME close via=escape at_ms=538876
ZWL FIRST_FRAME what=home-close frame=7290 request_ms=538876 ms=33
ZWL HOME closed at_ms=539125
ZGEARS FPS run=gears frames=5800 fps=14.6
ZWL GLASS moved surface=7 x=980 y=372
ZWL PERF 5040ms: passes=700 timeouts=57 | poll 31.3% work 68.4%
ZWL PERF compose frames=88 draw_ms=36.17 (acquire 0.03 submit+present 33.43) frame_ms=36.99
ZWL GLASS moved surface=7 x=880 y=332
ZWL WISEVIEW opening key at_ms=544436
ZWL FIRST_FRAME what=wiseview-open frame=7376 request_ms=544436 ms=37
ZWL WISEVIEW open windows=10 at_ms=544637
ZWL WISEVIEW tile client=9 surface=7 x=83 y=86 width=380 height=253
ZWL WISEVIEW tile client=10 surface=1146 x=528 y=90 width=406 height=244
ZWL WISEVIEW tile client=10 surface=14 x=1036 y=90 width=305 height=244
ZWL WISEVIEW tile client=8 surface=7 x=1484 y=90 width=325 height=244
ZWL WISEVIEW tile client=7 surface=14 x=104 y=404 width=338 height=244
ZWL WISEVIEW tile client=6 surface=14 x=570 y=404 width=321 height=244
ZWL WISEVIEW tile client=5 surface=14 x=1012 y=404 width=353 height=244
ZWL WISEVIEW tile client=4 surface=8 x=1467 y=404 width=359 height=244
ZWL WISEVIEW tile client=3 surface=16 x=568 y=718 width=325 height=244
ZWL WISEVIEW tile client=2 surface=8 x=999 y=718 width=379 height=244
ZWL WISEVIEW close key at_ms=546676
ZWL FIRST_FRAME what=wiseview-close frame=7435 request_ms=546676 ms=20
ZWL WISEVIEW closed at_ms=546876
ZWL PERF 5003ms: passes=721 timeouts=72 | poll 32.0% work 67.6%
ZWL PERF compose frames=102 draw_ms=30.58 (acquire 0.05 submit+present 28.78) frame_ms=31.18
ZGEARS FPS run=gears frames=5900 fps=13.8
ZWL HOME open via=launcher at_ms=549033
ZWL FIRST_FRAME what=home-open frame=7472 request_ms=549033 ms=53
ZWL HOME opened apps=12 pages=1 page=1 at_ms=549314
ZWL HOME icon name="Files" x=600 y=386
ZWL HOME icon name="Notes" x=744 y=386
ZWL HOME icon name="Settings" x=888 y=386
ZWL HOME icon name="Terminal" x=1032 y=386
ZWL HOME icon name="PDF Viewer" x=1176 y=386
ZWL HOME icon name="Image Viewer" x=1320 y=386
ZWL HOME icon name="Browser" x=600 y=538
ZWL HOME icon name="Model viewer" x=744 y=538
ZWL HOME icon name="Gears" x=888 y=538
ZWL HOME icon name="X terminal" x=1032 y=538
ZWL HOME icon name="Lock Screen" x=1176 y=538
ZWL HOME icon name="Log Out" x=1320 y=538
ZWL HOME close via=escape at_ms=551252
ZWL FIRST_FRAME what=home-close frame=7516 request_ms=551252 ms=30
ZWL HOME closed at_ms=551497
ZWL PERF 5033ms: passes=733 timeouts=62 | poll 31.6% work 68.0%
ZWL PERF compose frames=88 draw_ms=36.12 (acquire 0.05 submit+present 33.05) frame_ms=37.32
ZWL GLASS moved surface=7 x=980 y=372
ZGEARS FPS run=gears frames=6000 fps=14.8
ZWL GLASS moved surface=7 x=880 y=332
ZWL WISEVIEW opening key at_ms=556626
ZWL FIRST_FRAME what=wiseview-open frame=7601 request_ms=556626 ms=36
ZWL WISEVIEW open windows=10 at_ms=556826
ZWL WISEVIEW tile client=9 surface=7 x=83 y=86 width=380 height=253
ZWL WISEVIEW tile client=10 surface=1146 x=528 y=90 width=406 height=244
ZWL WISEVIEW tile client=10 surface=14 x=1036 y=90 width=305 height=244
ZWL WISEVIEW tile client=8 surface=7 x=1484 y=90 width=325 height=244
ZWL WISEVIEW tile client=7 surface=14 x=104 y=404 width=338 height=244
ZWL WISEVIEW tile client=6 surface=14 x=570 y=404 width=321 height=244
ZWL WISEVIEW tile client=5 surface=14 x=1012 y=404 width=353 height=244
ZWL WISEVIEW tile client=4 surface=8 x=1467 y=404 width=359 height=244
ZWL WISEVIEW tile client=3 surface=16 x=568 y=718 width=325 height=244
ZWL WISEVIEW tile client=2 surface=8 x=999 y=718 width=379 height=244
ZWL PERF 5013ms: passes=698 timeouts=62 | poll 32.2% work 67.5%
ZWL PERF compose frames=82 draw_ms=38.31 (acquire 0.05 submit+present 36.03) frame_ms=39.11
ZWL WISEVIEW close key at_ms=558867
ZWL FIRST_FRAME what=wiseview-close frame=7658 request_ms=558867 ms=38
ZWL WISEVIEW closed at_ms=559082
ZWL HOME open via=launcher at_ms=561275
ZWL FIRST_FRAME what=home-open frame=7697 request_ms=561275 ms=35
ZWL HOME opened apps=12 pages=1 page=1 at_ms=561556
ZWL HOME icon name="Files" x=600 y=386
ZWL HOME icon name="Notes" x=744 y=386
ZWL HOME icon name="Settings" x=888 y=386
ZWL HOME icon name="Terminal" x=1032 y=386
ZWL HOME icon name="PDF Viewer" x=1176 y=386
ZWL HOME icon name="Image Viewer" x=1320 y=386
ZWL HOME icon name="Browser" x=600 y=538
ZWL HOME icon name="Model viewer" x=744 y=538
ZWL HOME icon name="Gears" x=888 y=538
ZWL HOME icon name="X terminal" x=1032 y=538
ZWL HOME icon name="Lock Screen" x=1176 y=538
ZWL HOME icon name="Log Out" x=1320 y=538
ZGEARS FPS run=gears frames=6100 fps=14.0
ZWL PERF 5008ms: passes=691 timeouts=62 | poll 31.5% work 68.1%
ZWL PERF compose frames=102 draw_ms=30.96 (acquire 0.05 submit+present 28.69) frame_ms=31.75
ZWL HOME close via=escape at_ms=563508
ZWL FIRST_FRAME what=home-close frame=7743 request_ms=563508 ms=29
ZWL HOME closed at_ms=563756
ZWL GLASS moved surface=7 x=980 y=372
ZWL PERF 5012ms: passes=739 timeouts=68 | poll 31.7% work 67.9%
ZWL PERF compose frames=86 draw_ms=36.73 (acquire 0.08 submit+present 33.86) frame_ms=37.59
ZWL GLASS moved surface=7 x=880 y=332
ZGEARS FPS run=gears frames=6200 fps=14.5
ZWL WISEVIEW opening key at_ms=569462
ZWL FIRST_FRAME what=wiseview-open frame=7835 request_ms=569462 ms=37
ZWL WISEVIEW open windows=10 at_ms=569666
ZWL WISEVIEW tile client=9 surface=7 x=83 y=86 width=380 height=253
ZWL WISEVIEW tile client=10 surface=1146 x=528 y=90 width=406 height=244
ZWL WISEVIEW tile client=10 surface=14 x=1036 y=90 width=305 height=244
ZWL WISEVIEW tile client=8 surface=7 x=1484 y=90 width=325 height=244
ZWL WISEVIEW tile client=7 surface=14 x=104 y=404 width=338 height=244
ZWL WISEVIEW tile client=6 surface=14 x=570 y=404 width=321 height=244
ZWL WISEVIEW tile client=5 surface=14 x=1012 y=404 width=353 height=244
ZWL WISEVIEW tile client=4 surface=8 x=1467 y=404 width=359 height=244
ZWL WISEVIEW tile client=3 surface=16 x=568 y=718 width=325 height=244
ZWL WISEVIEW tile client=2 surface=8 x=999 y=718 width=379 height=244
ZWL WISEVIEW close key at_ms=571673
ZWL FIRST_FRAME what=wiseview-close frame=7893 request_ms=571673 ms=20
ZWL WISEVIEW closed at_ms=571873
ZWL PERF 5043ms: passes=723 timeouts=72 | poll 32.2% work 67.5%
ZWL PERF compose frames=102 draw_ms=30.71 (acquire 0.05 submit+present 28.78) frame_ms=31.53
ZWL HOME open via=launcher at_ms=574033
ZWL FIRST_FRAME what=home-open frame=7930 request_ms=574033 ms=47
ZWL HOME opened apps=12 pages=1 page=1 at_ms=574317
ZWL HOME icon name="Files" x=600 y=386
ZWL HOME icon name="Notes" x=744 y=386
ZWL HOME icon name="Settings" x=888 y=386
ZWL HOME icon name="Terminal" x=1032 y=386
ZWL HOME icon name="PDF Viewer" x=1176 y=386
ZWL HOME icon name="Image Viewer" x=1320 y=386
ZWL HOME icon name="Browser" x=600 y=538
ZWL HOME icon name="Model viewer" x=744 y=538
ZWL HOME icon name="Gears" x=888 y=538
ZWL HOME icon name="X terminal" x=1032 y=538
ZWL HOME icon name="Lock Screen" x=1176 y=538
ZWL HOME icon name="Log Out" x=1320 y=538
ZGEARS FPS run=gears frames=6300 fps=14.2
ZWL HOME close via=escape at_ms=576264
ZWL FIRST_FRAME what=home-close frame=7975 request_ms=576264 ms=23
ZWL HOME closed at_ms=576561
ZWL PERF 5003ms: passes=706 timeouts=59 | poll 32.0% work 67.7%
ZWL PERF compose frames=88 draw_ms=35.71 (acquire 0.04 submit+present 32.81) frame_ms=36.51
ZWL GLASS moved surface=7 x=980 y=372
ZWL GLASS moved surface=7 x=880 y=332
ZWL HOME open via=launcher at_ms=581125
ZWL FIRST_FRAME what=home-open frame=8051 request_ms=581125 ms=54
ZWL HOME opened apps=12 pages=1 page=1 at_ms=581438
ZWL HOME icon name="Files" x=600 y=386
ZWL HOME icon name="Notes" x=744 y=386
ZWL HOME icon name="Settings" x=888 y=386
ZWL HOME icon name="Terminal" x=1032 y=386
ZWL HOME icon name="PDF Viewer" x=1176 y=386
ZWL HOME icon name="Image Viewer" x=1320 y=386
ZWL HOME icon name="Browser" x=600 y=538
ZWL HOME icon name="Model viewer" x=744 y=538
ZWL HOME icon name="Gears" x=888 y=538
ZWL HOME icon name="X terminal" x=1032 y=538
ZWL HOME icon name="Lock Screen" x=1176 y=538
ZWL HOME icon name="Log Out" x=1320 y=538
ZWL PERF 5035ms: passes=757 timeouts=65 | poll 32.1% work 67.5%
ZWL PERF compose frames=81 draw_ms=38.76 (acquire 0.04 submit+present 36.22) frame_ms=39.69
ZWL HOME launch name=Terminal pid=58
ZWL HOME close via=launch at_ms=582784
ZWL FIRST_FRAME what=home-close frame=8082 request_ms=582784 ms=36
ZWL CLIENT client=14 fd=25
ZWL INSET create client=14 inset=20 toplevel=16
ZWL EDIT create client=14 edit=24 toplevel=16
ZWL BOUNDS client=14 surface=14 width=1896 height=970
ZWL CONFIGURE client=14 surface=14 serial=252 width=0 height=0 fullscreen=0
ZWL SEAT client=14 pointer=1 keyboard=0 touch=0
ZWL SEAT client=14 pointer=1 keyboard=1 touch=0
ZWL IMPORT client=14 buffer=37 width=916 height=632 bytes=2318336
ZWL IMPORT client=14 buffer=38 width=916 height=632 bytes=2318336
ZWL IMPORT client=14 buffer=39 width=916 height=632 bytes=2318336
ZTERM MENU state selection=0 clipboard=0 pixels=16 fullscreen=0
ZWL MENU commit client=14 menu=43 serial=1 items=30 generation=1
ZWL MENU set client=14 place=44 menu=43
ZWL MENU commit client=14 menu=43 serial=2 items=30 generation=2
ZTERM MENU ready items=30
ZTERM TAB active id=1
ZTERM TAB new run=term id=1 count=1
ZTERM START run=term columns=90 rows=28 cell=10x22 window=916x632
ZTERM TABS count=1 active=1 mode=0
ZTERM TITLE tab=1 title=Terminal
ZWL TITLEBAR create client=14 titlebar=48 toplevel=16
ZWL EDIT state client=14 edit=24 actions=0xff flags=0xd
ZWL TITLEBAR commit client=14 titlebar=48 serial=1 mode=0 controls=0 tabs=1 generation=1
ZWL MAP client=14 surface=14 x=348 y=420
ZWL HOME launched waited_ms=156 at_ms=582940
ZWL GLASS launch surface=14 from=996,350 to=348,420 size=916x632
ZTERM CLIPBOARD selection text=0
ZTERM PRIMARY offer text=0
ZGEARS FPS run=gears frames=6400 fps=14.1
ZWL HOME closed at_ms=583030
ZWL MENU bar client=14 surface=14 where=floating item=1 offset=127 top=368 width=55 height=44
ZWL MENU bar client=14 surface=14 where=floating item=2 offset=184 top=368 width=47 height=44
ZWL MENU bar client=14 surface=14 where=floating item=3 offset=233 top=368 width=55 height=44
ZWL MENU bar client=14 surface=14 where=floating item=4 offset=290 top=368 width=76 height=44
ZWL MENU bar client=14 surface=14 where=floating item=5 offset=368 top=368 width=53 height=44
ZWL PERF 5036ms: passes=690 timeouts=69 | poll 31.5% work 68.1%
ZWL PERF compose frames=76 draw_ms=41.41 (acquire 0.05 submit+present 38.70) frame_ms=42.34
ZTERM TAB closed run=term id=1 count=0
ZTERM DONE run=term reason=shell-exited
ZWL CLIENT gone client=14 reason=read
ZWL CLEANUP client=14 objects=35 unread_fds=0
ZWL HOME ended pid=58 status=0
ZGEARS FPS run=gears frames=6500 fps=13.4
ZWL PERF 5008ms: passes=694 timeouts=73 | poll 32.5% work 67.2%
ZWL PERF compose frames=72 draw_ms=43.16 (acquire 0.05 submit+present 40.74) frame_ms=43.51
ZWL WISEVIEW opening key at_ms=594393
ZWL FIRST_FRAME what=wiseview-open frame=8252 request_ms=594393 ms=37
ZWL WISEVIEW open windows=10 at_ms=594638
ZWL WISEVIEW tile client=9 surface=7 x=83 y=86 width=380 height=253
ZWL WISEVIEW tile client=10 surface=1146 x=528 y=90 width=406 height=244
ZWL WISEVIEW tile client=10 surface=14 x=1036 y=90 width=305 height=244
ZWL WISEVIEW tile client=8 surface=7 x=1484 y=90 width=325 height=244
ZWL WISEVIEW tile client=7 surface=14 x=104 y=404 width=338 height=244
ZWL WISEVIEW tile client=6 surface=14 x=570 y=404 width=321 height=244
ZWL WISEVIEW tile client=5 surface=14 x=1012 y=404 width=353 height=244
ZWL WISEVIEW tile client=4 surface=8 x=1467 y=404 width=359 height=244
ZWL WISEVIEW tile client=3 surface=16 x=568 y=718 width=325 height=244
ZWL WISEVIEW tile client=2 surface=8 x=999 y=718 width=379 height=244
ZWL WISEVIEW close key at_ms=596602
ZWL FIRST_FRAME what=wiseview-close frame=8308 request_ms=596602 ms=34
ZWL WISEVIEW closed at_ms=596815
ZWL PERF 5016ms: passes=701 timeouts=66 | poll 32.6% work 67.1%
ZWL PERF compose frames=100 draw_ms=31.11 (acquire 0.04 submit+present 29.24) frame_ms=32.35
ZGEARS FPS run=gears frames=6600 fps=14.0
ZWL HOME open via=launcher at_ms=598959
ZWL FIRST_FRAME what=home-open frame=8346 request_ms=598959 ms=60
ZWL HOME opened apps=12 pages=1 page=1 at_ms=599239
ZWL HOME icon name="Files" x=600 y=386
ZWL HOME icon name="Notes" x=744 y=386
ZWL HOME icon name="Settings" x=888 y=386
ZWL HOME icon name="Terminal" x=1032 y=386
ZWL HOME icon name="PDF Viewer" x=1176 y=386
ZWL HOME icon name="Image Viewer" x=1320 y=386
ZWL HOME icon name="Browser" x=600 y=538
ZWL HOME icon name="Model viewer" x=744 y=538
ZWL HOME icon name="Gears" x=888 y=538
ZWL HOME icon name="X terminal" x=1032 y=538
ZWL HOME icon name="Lock Screen" x=1176 y=538
ZWL HOME icon name="Log Out" x=1320 y=538
ZWL HOME close via=escape at_ms=601182
ZWL FIRST_FRAME what=home-close frame=8389 request_ms=601182 ms=33
ZWL HOME closed at_ms=601468
ZWL PERF 5037ms: passes=698 timeouts=66 | poll 32.7% work 67.0%
ZWL PERF compose frames=88 draw_ms=35.81 (acquire 0.04 submit+present 32.66) frame_ms=36.51
ZWL GLASS moved surface=7 x=980 y=372
ZGEARS FPS run=gears frames=6700 fps=14.7
ZWL GLASS moved surface=7 x=880 y=332
ZWL WISEVIEW opening key at_ms=606176
ZWL FIRST_FRAME what=wiseview-open frame=8468 request_ms=606176 ms=40
ZWL WISEVIEW open windows=10 at_ms=606405
ZWL WISEVIEW tile client=9 surface=7 x=83 y=86 width=380 height=253
ZWL WISEVIEW tile client=10 surface=1146 x=528 y=90 width=406 height=244
ZWL WISEVIEW tile client=10 surface=14 x=1036 y=90 width=305 height=244
ZWL WISEVIEW tile client=8 surface=7 x=1484 y=90 width=325 height=244
ZWL WISEVIEW tile client=7 surface=14 x=104 y=404 width=338 height=244
ZWL WISEVIEW tile client=6 surface=14 x=570 y=404 width=321 height=244
ZWL WISEVIEW tile client=5 surface=14 x=1012 y=404 width=353 height=244
ZWL WISEVIEW tile client=4 surface=8 x=1467 y=404 width=359 height=244
ZWL WISEVIEW tile client=3 surface=16 x=568 y=718 width=325 height=244
ZWL WISEVIEW tile client=2 surface=8 x=999 y=718 width=379 height=244
ZWL PERF 5017ms: passes=720 timeouts=65 | poll 31.9% work 67.8%
ZWL PERF compose frames=90 draw_ms=35.15 (acquire 0.06 submit+present 32.86) frame_ms=35.96
ZWL WISEVIEW close key at_ms=608436
ZWL FIRST_FRAME what=wiseview-close frame=8525 request_ms=608437 ms=19
ZWL WISEVIEW closed at_ms=608646
ZWL HOME open via=launcher at_ms=610799
ZWL FIRST_FRAME what=home-open frame=8563 request_ms=610799 ms=57
ZWL HOME opened apps=12 pages=1 page=1 at_ms=611086
ZWL HOME icon name="Files" x=600 y=386
ZWL HOME icon name="Notes" x=744 y=386
ZWL HOME icon name="Settings" x=888 y=386
ZWL HOME icon name="Terminal" x=1032 y=386
ZWL HOME icon name="PDF Viewer" x=1176 y=386
ZWL HOME icon name="Image Viewer" x=1320 y=386
ZWL HOME icon name="Browser" x=600 y=538
ZWL HOME icon name="Model viewer" x=744 y=538
ZWL HOME icon name="Gears" x=888 y=538
ZWL HOME icon name="X terminal" x=1032 y=538
ZWL HOME icon name="Lock Screen" x=1176 y=538
ZWL HOME icon name="Log Out" x=1320 y=538
ZGEARS FPS run=gears frames=6800 fps=14.1
ZWL PERF 5000ms: passes=702 timeouts=73 | poll 32.5% work 67.2%
ZWL PERF compose frames=96 draw_ms=32.38 (acquire 0.05 submit+present 29.79) frame_ms=33.19
ZWL HOME close via=escape at_ms=613016
ZWL FIRST_FRAME what=home-close frame=8607 request_ms=613016 ms=37
ZWL HOME closed at_ms=613257
ZWL GLASS moved surface=7 x=980 y=372
ZWL GLASS moved surface=7 x=880 y=332
ZWL PERF 5042ms: passes=676 timeouts=70 | poll 31.3% work 68.4%
ZWL PERF compose frames=83 draw_ms=38.64 (acquire 0.05 submit+present 35.77) frame_ms=39.51
ZGEARS FPS run=gears frames=6900 fps=14.6
ZWL WISEVIEW opening key at_ms=618587
ZWL FIRST_FRAME what=wiseview-open frame=8695 request_ms=618587 ms=39
ZWL WISEVIEW open windows=10 at_ms=618788
ZWL WISEVIEW tile client=9 surface=7 x=83 y=86 width=380 height=253
ZWL WISEVIEW tile client=10 surface=1146 x=528 y=90 width=406 height=244
ZWL WISEVIEW tile client=10 surface=14 x=1036 y=90 width=305 height=244
ZWL WISEVIEW tile client=8 surface=7 x=1484 y=90 width=325 height=244
ZWL WISEVIEW tile client=7 surface=14 x=104 y=404 width=338 height=244
ZWL WISEVIEW tile client=6 surface=14 x=570 y=404 width=321 height=244
ZWL WISEVIEW tile client=5 surface=14 x=1012 y=404 width=353 height=244
ZWL WISEVIEW tile client=4 surface=8 x=1467 y=404 width=359 height=244
ZWL WISEVIEW tile client=3 surface=16 x=568 y=718 width=325 height=244
ZWL WISEVIEW tile client=2 surface=8 x=999 y=718 width=379 height=244
ZWL WISEVIEW close key at_ms=620786
ZWL FIRST_FRAME what=wiseview-close frame=8749 request_ms=620786 ms=23
ZWL WISEVIEW closed at_ms=621030
ZWL PERF 5024ms: passes=697 timeouts=66 | poll 32.4% work 67.2%
ZWL PERF compose frames=100 draw_ms=31.19 (acquire 0.05 submit+present 28.99) frame_ms=32.07
ZWL HOME open via=launcher at_ms=623157
ZWL FIRST_FRAME what=home-open frame=8788 request_ms=623157 ms=54
ZWL HOME opened apps=12 pages=1 page=1 at_ms=623437
ZWL HOME icon name="Files" x=600 y=386
ZWL HOME icon name="Notes" x=744 y=386
ZWL HOME icon name="Settings" x=888 y=386
ZWL HOME icon name="Terminal" x=1032 y=386
ZWL HOME icon name="PDF Viewer" x=1176 y=386
ZWL HOME icon name="Image Viewer" x=1320 y=386
ZWL HOME icon name="Browser" x=600 y=538
ZWL HOME icon name="Model viewer" x=744 y=538
ZWL HOME icon name="Gears" x=888 y=538
ZWL HOME icon name="X terminal" x=1032 y=538
ZWL HOME icon name="Lock Screen" x=1176 y=538
ZWL HOME icon name="Log Out" x=1320 y=538
ZGEARS FPS run=gears frames=7000 fps=14.8
ZWL HOME close via=escape at_ms=625384
ZWL FIRST_FRAME what=home-close frame=8830 request_ms=625384 ms=21
ZWL HOME closed at_ms=625655
ZWL PERF 5018ms: passes=668 timeouts=70 | poll 32.2% work 67.5%
ZWL PERF compose frames=86 draw_ms=36.76 (acquire 0.06 submit+present 33.65) frame_ms=37.55
ZWL GLASS moved surface=7 x=980 y=372
ZWL GLASS moved surface=7 x=880 y=332
ZWL WISEVIEW opening key at_ms=631335
ZWL FIRST_FRAME what=wiseview-open frame=8923 request_ms=631335 ms=47
ZWL WISEVIEW open windows=10 at_ms=631550
ZWL WISEVIEW tile client=9 surface=7 x=83 y=86 width=380 height=253
ZWL WISEVIEW tile client=10 surface=1146 x=528 y=90 width=406 height=244
ZWL WISEVIEW tile client=10 surface=14 x=1036 y=90 width=305 height=244
ZWL WISEVIEW tile client=8 surface=7 x=1484 y=90 width=325 height=244
ZWL WISEVIEW tile client=7 surface=14 x=104 y=404 width=338 height=244
ZWL WISEVIEW tile client=6 surface=14 x=570 y=404 width=321 height=244
ZWL WISEVIEW tile client=5 surface=14 x=1012 y=404 width=353 height=244
ZWL WISEVIEW tile client=4 surface=8 x=1467 y=404 width=359 height=244
ZWL WISEVIEW tile client=3 surface=16 x=568 y=718 width=325 height=244
ZWL WISEVIEW tile client=2 surface=8 x=999 y=718 width=379 height=244
ZGEARS FPS run=gears frames=7100 fps=13.8
ZWL PERF 5003ms: passes=725 timeouts=64 | poll 31.8% work 67.9%
ZWL PERF compose frames=87 draw_ms=36.15 (acquire 0.04 submit+present 33.97) frame_ms=37.00
ZWL WISEVIEW close key at_ms=633573
ZWL FIRST_FRAME what=wiseview-close frame=8980 request_ms=633573 ms=24
ZWL WISEVIEW closed at_ms=633778
ZWL HOME open via=launcher at_ms=635918
ZWL FIRST_FRAME what=home-open frame=9017 request_ms=635918 ms=57
ZWL HOME opened apps=12 pages=1 page=1 at_ms=636222
ZWL HOME icon name="Files" x=600 y=386
ZWL HOME icon name="Notes" x=744 y=386
ZWL HOME icon name="Settings" x=888 y=386
ZWL HOME icon name="Terminal" x=1032 y=386
ZWL HOME icon name="PDF Viewer" x=1176 y=386
ZWL HOME icon name="Image Viewer" x=1320 y=386
ZWL HOME icon name="Browser" x=600 y=538
ZWL HOME icon name="Model viewer" x=744 y=538
ZWL HOME icon name="Gears" x=888 y=538
ZWL HOME icon name="X terminal" x=1032 y=538
ZWL HOME icon name="Lock Screen" x=1176 y=538
ZWL HOME icon name="Log Out" x=1320 y=538
ZWL PERF 5011ms: passes=720 timeouts=65 | poll 32.4% work 67.2%
ZWL PERF compose frames=98 draw_ms=31.73 (acquire 0.05 submit+present 29.21) frame_ms=32.53
ZWL HOME close via=escape at_ms=638146
ZWL FIRST_FRAME what=home-close frame=9062 request_ms=638146 ms=34
ZWL HOME closed at_ms=638391
ZGEARS FPS run=gears frames=7200 fps=14.7
ZWL GLASS moved surface=7 x=980 y=372
ZWL GLASS moved surface=7 x=880 y=332
ZWL PERF 5000ms: passes=658 timeouts=74 | poll 32.2% work 67.5%
ZWL PERF compose frames=83 draw_ms=37.82 (acquire 0.08 submit+present 35.01) frame_ms=38.70
ZWL WISEVIEW opening key at_ms=642958
ZWL FIRST_FRAME what=wiseview-open frame=9138 request_ms=642958 ms=34
ZWL WISEVIEW open windows=10 at_ms=643160
ZWL WISEVIEW tile client=9 surface=7 x=83 y=86 width=380 height=253
ZWL WISEVIEW tile client=10 surface=1146 x=528 y=90 width=406 height=244
ZWL WISEVIEW tile client=10 surface=14 x=1036 y=90 width=305 height=244
ZWL WISEVIEW tile client=8 surface=7 x=1484 y=90 width=325 height=244
ZWL WISEVIEW tile client=7 surface=14 x=104 y=404 width=338 height=244
ZWL WISEVIEW tile client=6 surface=14 x=570 y=404 width=321 height=244
ZWL WISEVIEW tile client=5 surface=14 x=1012 y=404 width=353 height=244
ZWL WISEVIEW tile client=4 surface=8 x=1467 y=404 width=359 height=244
ZWL WISEVIEW tile client=3 surface=16 x=568 y=718 width=325 height=244
ZWL WISEVIEW tile client=2 surface=8 x=999 y=718 width=379 height=244
ZWL WISEVIEW close key at_ms=645157
ZWL FIRST_FRAME what=wiseview-close frame=9193 request_ms=645157 ms=26
ZWL WISEVIEW closed at_ms=645359
ZGEARS FPS run=gears frames=7300 fps=13.5
ZWL PERF 5018ms: passes=724 timeouts=67 | poll 32.3% work 67.3%
ZWL PERF compose frames=100 draw_ms=31.16 (acquire 0.05 submit+present 29.21) frame_ms=32.00
ZWL HOME open via=launcher at_ms=647513
ZWL FIRST_FRAME what=home-open frame=9231 request_ms=647513 ms=35
ZWL HOME opened apps=12 pages=1 page=1 at_ms=647809
ZWL HOME icon name="Files" x=600 y=386
ZWL HOME icon name="Notes" x=744 y=386
ZWL HOME icon name="Settings" x=888 y=386
ZWL HOME icon name="Terminal" x=1032 y=386
ZWL HOME icon name="PDF Viewer" x=1176 y=386
ZWL HOME icon name="Image Viewer" x=1320 y=386
ZWL HOME icon name="Browser" x=600 y=538
ZWL HOME icon name="Model viewer" x=744 y=538
ZWL HOME icon name="Gears" x=888 y=538
ZWL HOME icon name="X terminal" x=1032 y=538
ZWL HOME icon name="Lock Screen" x=1176 y=538
ZWL HOME icon name="Log Out" x=1320 y=538
ZWL HOME close via=escape at_ms=649792
ZWL FIRST_FRAME what=home-close frame=9278 request_ms=649792 ms=33
ZWL HOME closed at_ms=650035
ZWL PERF 5005ms: passes=688 timeouts=63 | poll 31.5% work 68.1%
ZWL PERF compose frames=91 draw_ms=35.00 (acquire 0.07 submit+present 31.64) frame_ms=35.72
ZWL GLASS moved surface=7 x=980 y=372
ZGEARS FPS run=gears frames=7400 fps=15.2
ZWL GLASS moved surface=7 x=880 y=332
ZWL WISEVIEW opening key at_ms=655114
ZWL FIRST_FRAME what=wiseview-open frame=9362 request_ms=655114 ms=48
ZWL WISEVIEW open windows=10 at_ms=655335
ZWL WISEVIEW tile client=9 surface=7 x=83 y=86 width=380 height=253
ZWL WISEVIEW tile client=10 surface=1146 x=528 y=90 width=406 height=244
ZWL WISEVIEW tile client=10 surface=14 x=1036 y=90 width=305 height=244
ZWL WISEVIEW tile client=8 surface=7 x=1484 y=90 width=325 height=244
ZWL WISEVIEW tile client=7 surface=14 x=104 y=404 width=338 height=244
ZWL WISEVIEW tile client=6 surface=14 x=570 y=404 width=321 height=244
ZWL WISEVIEW tile client=5 surface=14 x=1012 y=404 width=353 height=244
ZWL WISEVIEW tile client=4 surface=8 x=1467 y=404 width=359 height=244
ZWL WISEVIEW tile client=3 surface=16 x=568 y=718 width=325 height=244
ZWL WISEVIEW tile client=2 surface=8 x=999 y=718 width=379 height=244
ZWL WISEVIEW close key at_ms=657343
ZWL FIRST_FRAME what=wiseview-close frame=9418 request_ms=657343 ms=22
ZWL PERF 5022ms: passes=745 timeouts=72 | poll 32.9% work 66.8%
ZWL PERF compose frames=100 draw_ms=30.85 (acquire 0.06 submit+present 28.99) frame_ms=31.72
ZWL WISEVIEW closed at_ms=657543
ZWL HOME open via=launcher at_ms=659700
ZWL FIRST_FRAME what=home-open frame=9456 request_ms=659700 ms=49
ZWL HOME opened apps=12 pages=1 page=1 at_ms=659982
ZWL HOME icon name="Files" x=600 y=386
ZWL HOME icon name="Notes" x=744 y=386
ZWL HOME icon name="Settings" x=888 y=386
ZWL HOME icon name="Terminal" x=1032 y=386
ZWL HOME icon name="PDF Viewer" x=1176 y=386
ZWL HOME icon name="Image Viewer" x=1320 y=386
ZWL HOME icon name="Browser" x=600 y=538
ZWL HOME icon name="Model viewer" x=744 y=538
ZWL HOME icon name="Gears" x=888 y=538
ZWL HOME icon name="X terminal" x=1032 y=538
ZWL HOME icon name="Lock Screen" x=1176 y=538
ZWL HOME icon name="Log Out" x=1320 y=538
ZGEARS FPS run=gears frames=7500 fps=14.1
ZWL HOME close via=escape at_ms=661935
ZWL FIRST_FRAME what=home-close frame=9499 request_ms=661936 ms=37
ZWL HOME closed at_ms=662185
ZWL PERF 5015ms: passes=692 timeouts=70 | poll 32.5% work 67.2%
ZWL PERF compose frames=87 draw_ms=36.06 (acquire 0.04 submit+present 33.13) frame_ms=36.84
ZWL GLASS moved surface=7 x=980 y=372
ZWL GLASS moved surface=7 x=880 y=332
ZWL WISEVIEW opening key at_ms=666949
ZWL FIRST_FRAME what=wiseview-open frame=9578 request_ms=666950 ms=36
ZWL WISEVIEW open windows=10 at_ms=667151
ZWL WISEVIEW tile client=9 surface=7 x=83 y=86 width=380 height=253
ZWL WISEVIEW tile client=10 surface=1146 x=528 y=90 width=406 height=244
ZWL WISEVIEW tile client=10 surface=14 x=1036 y=90 width=305 height=244
ZWL WISEVIEW tile client=8 surface=7 x=1484 y=90 width=325 height=244
ZWL WISEVIEW tile client=7 surface=14 x=104 y=404 width=338 height=244
ZWL WISEVIEW tile client=6 surface=14 x=570 y=404 width=321 height=244
ZWL WISEVIEW tile client=5 surface=14 x=1012 y=404 width=353 height=244
ZWL WISEVIEW tile client=4 surface=8 x=1467 y=404 width=359 height=244
ZWL WISEVIEW tile client=3 surface=16 x=568 y=718 width=325 height=244
ZWL WISEVIEW tile client=2 surface=8 x=999 y=718 width=379 height=244
ZGEARS FPS run=gears frames=7600 fps=14.3
ZWL PERF 5033ms: passes=696 timeouts=70 | poll 31.4% work 68.2%
ZWL PERF compose frames=84 draw_ms=37.96 (acquire 0.06 submit+present 35.52) frame_ms=38.85
ZWL WISEVIEW close key at_ms=669165
ZWL FIRST_FRAME what=wiseview-close frame=9634 request_ms=669165 ms=21
ZWL WISEVIEW closed at_ms=669374
ZWL HOME open via=launcher at_ms=671531
ZWL FIRST_FRAME what=home-open frame=9672 request_ms=671531 ms=52
ZWL HOME opened apps=12 pages=1 page=1 at_ms=671836
ZWL HOME icon name="Files" x=600 y=386
ZWL HOME icon name="Notes" x=744 y=386
ZWL HOME icon name="Settings" x=888 y=386
ZWL HOME icon name="Terminal" x=1032 y=386
ZWL HOME icon name="PDF Viewer" x=1176 y=386
ZWL HOME icon name="Image Viewer" x=1320 y=386
ZWL HOME icon name="Browser" x=600 y=538
ZWL HOME icon name="Model viewer" x=744 y=538
ZWL HOME icon name="Gears" x=888 y=538
ZWL HOME icon name="X terminal" x=1032 y=538
ZWL HOME icon name="Lock Screen" x=1176 y=538
ZWL HOME icon name="Log Out" x=1320 y=538
ZWL PERF 5001ms: passes=758 timeouts=70 | poll 32.7% work 66.9%
ZWL PERF compose frames=97 draw_ms=32.01 (acquire 0.06 submit+present 29.83) frame_ms=32.75
ZWL HOME close via=escape at_ms=673782
ZWL FIRST_FRAME what=home-close frame=9716 request_ms=673782 ms=35
ZGEARS FPS run=gears frames=7700 fps=15.0
ZWL HOME closed at_ms=674022
ZWL GLASS moved surface=7 x=980 y=372
ZWL PERF 5030ms: passes=712 timeouts=67 | poll 31.7% work 67.9%
ZWL PERF compose frames=87 draw_ms=36.56 (acquire 0.04 submit+present 33.51) frame_ms=37.36
ZWL GLASS moved surface=7 x=880 y=332
ZWL WISEVIEW opening key at_ms=678752
ZWL FIRST_FRAME what=wiseview-open frame=9795 request_ms=678752 ms=41
ZWL WISEVIEW open windows=10 at_ms=678956
ZWL WISEVIEW tile client=9 surface=7 x=83 y=86 width=380 height=253
ZWL WISEVIEW tile client=10 surface=1146 x=528 y=90 width=406 height=244
ZWL WISEVIEW tile client=10 surface=14 x=1036 y=90 width=305 height=244
ZWL WISEVIEW tile client=8 surface=7 x=1484 y=90 width=325 height=244
ZWL WISEVIEW tile client=7 surface=14 x=104 y=404 width=338 height=244
ZWL WISEVIEW tile client=6 surface=14 x=570 y=404 width=321 height=244
ZWL WISEVIEW tile client=5 surface=14 x=1012 y=404 width=353 height=244
ZWL WISEVIEW tile client=4 surface=8 x=1467 y=404 width=359 height=244
ZWL WISEVIEW tile client=3 surface=16 x=568 y=718 width=325 height=244
ZWL WISEVIEW tile client=2 surface=8 x=999 y=718 width=379 height=244
ZWL WISEVIEW close key at_ms=680968
ZWL FIRST_FRAME what=wiseview-close frame=9852 request_ms=680968 ms=28
ZGEARS FPS run=gears frames=7800 fps=13.8
ZWL WISEVIEW closed at_ms=681177
ZWL PERF 5042ms: passes=692 timeouts=70 | poll 32.4% work 67.3%
ZWL PERF compose frames=102 draw_ms=30.80 (acquire 0.06 submit+present 28.75) frame_ms=31.65
ZWL HOME open via=launcher at_ms=683367
ZWL FIRST_FRAME what=home-open frame=9890 request_ms=683367 ms=51
ZWL HOME opened apps=12 pages=1 page=1 at_ms=683648
ZWL HOME icon name="Files" x=600 y=386
ZWL HOME icon name="Notes" x=744 y=386
ZWL HOME icon name="Settings" x=888 y=386
ZWL HOME icon name="Terminal" x=1032 y=386
ZWL HOME icon name="PDF Viewer" x=1176 y=386
ZWL HOME icon name="Image Viewer" x=1320 y=386
ZWL HOME icon name="Browser" x=600 y=538
ZWL HOME icon name="Model viewer" x=744 y=538
ZWL HOME icon name="Gears" x=888 y=538
ZWL HOME icon name="X terminal" x=1032 y=538
ZWL HOME icon name="Lock Screen" x=1176 y=538
ZWL HOME icon name="Log Out" x=1320 y=538
ZWL HOME close via=escape at_ms=685552
ZWL FIRST_FRAME what=home-close frame=9932 request_ms=685553 ms=22
ZWL HOME closed at_ms=685813
ZWL PERF 5007ms: passes=742 timeouts=66 | poll 31.8% work 67.9%
ZWL PERF compose frames=87 draw_ms=36.44 (acquire 0.05 submit+present 33.40) frame_ms=37.18
ZGEARS FPS run=gears frames=7900 fps=14.8
ZWL GLASS moved surface=7 x=980 y=372
ZWL GLASS moved surface=7 x=880 y=332
ZWL WISEVIEW opening key at_ms=690356
ZWL FIRST_FRAME what=wiseview-open frame=10007 request_ms=690356 ms=39
ZWL WISEVIEW open windows=10 at_ms=690574
ZWL WISEVIEW tile client=9 surface=7 x=83 y=86 width=380 height=253
ZWL WISEVIEW tile client=10 surface=1146 x=528 y=90 width=406 height=244
ZWL WISEVIEW tile client=10 surface=14 x=1036 y=90 width=305 height=244
ZWL WISEVIEW tile client=8 surface=7 x=1484 y=90 width=325 height=244
ZWL WISEVIEW tile client=7 surface=14 x=104 y=404 width=338 height=244
ZWL WISEVIEW tile client=6 surface=14 x=570 y=404 width=321 height=244
ZWL WISEVIEW tile client=5 surface=14 x=1012 y=404 width=353 height=244
ZWL WISEVIEW tile client=4 surface=8 x=1467 y=404 width=359 height=244
ZWL WISEVIEW tile client=3 surface=16 x=568 y=718 width=325 height=244
ZWL WISEVIEW tile client=2 surface=8 x=999 y=718 width=379 height=244
ZWL WISEVIEW close key at_ms=692566
ZWL FIRST_FRAME what=wiseview-close frame=10063 request_ms=692566 ms=29
ZWL PERF 5000ms: passes=706 timeouts=72 | poll 32.6% work 67.1%
ZWL PERF compose frames=99 draw_ms=31.23 (acquire 0.04 submit+present 29.27) frame_ms=32.12
ZWL WISEVIEW closed at_ms=692800
ZWL HOME open via=launcher at_ms=694946
ZWL FIRST_FRAME what=home-open frame=10100 request_ms=694946 ms=46
ZGEARS FPS run=gears frames=8000 fps=14.0
ZWL HOME opened apps=12 pages=1 page=1 at_ms=695230
ZWL HOME icon name="Files" x=600 y=386
ZWL HOME icon name="Notes" x=744 y=386
ZWL HOME icon name="Settings" x=888 y=386
ZWL HOME icon name="Terminal" x=1032 y=386
ZWL HOME icon name="PDF Viewer" x=1176 y=386
ZWL HOME icon name="Image Viewer" x=1320 y=386
ZWL HOME icon name="Browser" x=600 y=538
ZWL HOME icon name="Model viewer" x=744 y=538
ZWL HOME icon name="Gears" x=888 y=538
ZWL HOME icon name="X terminal" x=1032 y=538
ZWL HOME icon name="Lock Screen" x=1176 y=538
ZWL HOME icon name="Log Out" x=1320 y=538
ZWL HOME close via=escape at_ms=697143
ZWL FIRST_FRAME what=home-close frame=10143 request_ms=697143 ms=35
ZWL HOME closed at_ms=697442
ZWL PERF 5013ms: passes=754 timeouts=68 | poll 32.3% work 67.4%
ZWL PERF compose frames=86 draw_ms=36.60 (acquire 0.05 submit+present 33.65) frame_ms=37.41
ZWL GLASS moved surface=7 x=980 y=372
ZWL GLASS moved surface=7 x=880 y=332
ZGEARS FPS run=gears frames=8100 fps=15.3
ZWL WISEVIEW opening key at_ms=702287
ZWL FIRST_FRAME what=wiseview-open frame=10223 request_ms=702287 ms=46
ZWL WISEVIEW open windows=10 at_ms=702505
ZWL WISEVIEW tile client=9 surface=7 x=83 y=86 width=380 height=253
ZWL WISEVIEW tile client=10 surface=1146 x=528 y=90 width=406 height=244
ZWL WISEVIEW tile client=10 surface=14 x=1036 y=90 width=305 height=244
ZWL WISEVIEW tile client=8 surface=7 x=1484 y=90 width=325 height=244
ZWL WISEVIEW tile client=7 surface=14 x=104 y=404 width=338 height=244
ZWL WISEVIEW tile client=6 surface=14 x=570 y=404 width=321 height=244
ZWL WISEVIEW tile client=5 surface=14 x=1012 y=404 width=353 height=244
ZWL WISEVIEW tile client=4 surface=8 x=1467 y=404 width=359 height=244
ZWL WISEVIEW tile client=3 surface=16 x=568 y=718 width=325 height=244
ZWL WISEVIEW tile client=2 surface=8 x=999 y=718 width=379 height=244
ZWL PERF 5023ms: passes=712 timeouts=69 | poll 32.1% work 67.5%
ZWL PERF compose frames=80 draw_ms=39.35 (acquire 0.05 submit+present 36.85) frame_ms=40.24
ZWL WISEVIEW close key at_ms=704521
ZWL FIRST_FRAME what=wiseview-close frame=10276 request_ms=704521 ms=24
ZWL WISEVIEW closed at_ms=704758
ZWL HOME open via=launcher at_ms=706856
ZWL FIRST_FRAME what=home-open frame=10315 request_ms=706856 ms=53
ZWL HOME opened apps=12 pages=1 page=1 at_ms=707136
ZWL HOME icon name="Files" x=600 y=386
ZWL HOME icon name="Notes" x=744 y=386
ZWL HOME icon name="Settings" x=888 y=386
ZWL HOME icon name="Terminal" x=1032 y=386
ZWL HOME icon name="PDF Viewer" x=1176 y=386
ZWL HOME icon name="Image Viewer" x=1320 y=386
ZWL HOME icon name="Browser" x=600 y=538
ZWL HOME icon name="Model viewer" x=744 y=538
ZWL HOME icon name="Gears" x=888 y=538
ZWL HOME icon name="X terminal" x=1032 y=538
ZWL HOME icon name="Lock Screen" x=1176 y=538
ZWL HOME icon name="Log Out" x=1320 y=538
ZWL PERF 5006ms: passes=740 timeouts=64 | poll 33.0% work 66.7%
ZWL PERF compose frames=99 draw_ms=31.36 (acquire 0.04 submit+present 29.42) frame_ms=32.11
ZGEARS FPS run=gears frames=8200 fps=14.4
ZWL HOME close via=escape at_ms=709110
ZWL FIRST_FRAME what=home-close frame=10360 request_ms=709110 ms=29
ZWL HOME closed at_ms=709391
ZWL GLASS moved surface=7 x=980 y=372
ZWL PERF 5039ms: passes=721 timeouts=65 | poll 31.9% work 67.8%
ZWL PERF compose frames=88 draw_ms=36.09 (acquire 0.05 submit+present 33.21) frame_ms=36.87
ZWL GLASS moved surface=7 x=880 y=332
ZWL HOME open via=launcher at_ms=713932
ZWL FIRST_FRAME what=home-open frame=10436 request_ms=713932 ms=49
ZWL HOME opened apps=12 pages=1 page=1 at_ms=714212
ZWL HOME icon name="Files" x=600 y=386
ZWL HOME icon name="Notes" x=744 y=386
ZWL HOME icon name="Settings" x=888 y=386
ZWL HOME icon name="Terminal" x=1032 y=386
ZWL HOME icon name="PDF Viewer" x=1176 y=386
ZWL HOME icon name="Image Viewer" x=1320 y=386
ZWL HOME icon name="Browser" x=600 y=538
ZWL HOME icon name="Model viewer" x=744 y=538
ZWL HOME icon name="Gears" x=888 y=538
ZWL HOME icon name="X terminal" x=1032 y=538
ZWL HOME icon name="Lock Screen" x=1176 y=538
ZWL HOME icon name="Log Out" x=1320 y=538
ZGEARS FPS run=gears frames=8300 fps=14.7
ZWL HOME launch name=Terminal pid=60
ZWL HOME close via=launch at_ms=715571
ZWL FIRST_FRAME what=home-close frame=10470 request_ms=715571 ms=30
ZWL CLIENT client=15 fd=25
ZWL INSET create client=15 inset=20 toplevel=16
ZWL EDIT create client=15 edit=24 toplevel=16
ZWL BOUNDS client=15 surface=14 width=1896 height=970
ZWL CONFIGURE client=15 surface=14 serial=313 width=0 height=0 fullscreen=0
ZWL SEAT client=15 pointer=1 keyboard=0 touch=0
ZWL SEAT client=15 pointer=1 keyboard=1 touch=0
ZWL IMPORT client=15 buffer=37 width=916 height=632 bytes=2318336
ZWL IMPORT client=15 buffer=38 width=916 height=632 bytes=2318336
ZWL IMPORT client=15 buffer=39 width=916 height=632 bytes=2318336
ZTERM MENU state selection=0 clipboard=0 pixels=16 fullscreen=0
ZWL MENU commit client=15 menu=43 serial=1 items=30 generation=1
ZWL MENU set client=15 place=44 menu=43
ZWL MENU commit client=15 menu=43 serial=2 items=30 generation=2
ZTERM MENU ready items=30
ZTERM TAB active id=1
ZTERM TAB new run=term id=1 count=1
ZTERM START run=term columns=90 rows=28 cell=10x22 window=916x632
ZWL TITLEBAR create client=15 titlebar=48 toplevel=16
ZTERM TABS count=1 active=1 mode=0
ZTERM TITLE tab=1 title=Terminal
ZWL EDIT state client=15 edit=24 actions=0xff flags=0xd
ZWL TITLEBAR commit client=15 titlebar=48 serial=1 mode=0 controls=0 tabs=1 generation=1
ZWL MAP client=15 surface=14 x=348 y=420
ZWL HOME launched waited_ms=177 at_ms=715748
ZWL GLASS launch surface=14 from=996,350 to=348,420 size=916x632
ZTERM CLIPBOARD selection text=0
ZTERM PRIMARY offer text=0
ZWL HOME closed at_ms=715827
ZWL MENU bar client=15 surface=14 where=floating item=1 offset=127 top=368 width=55 height=44
ZWL MENU bar client=15 surface=14 where=floating item=2 offset=184 top=368 width=47 height=44
ZWL MENU bar client=15 surface=14 where=floating item=3 offset=233 top=368 width=55 height=44
ZWL MENU bar client=15 surface=14 where=floating item=4 offset=290 top=368 width=76 height=44
ZWL MENU bar client=15 surface=14 where=floating item=5 offset=368 top=368 width=53 height=44
ZWL PERF 5009ms: passes=704 timeouts=60 | poll 31.1% work 68.6%
ZWL PERF compose frames=85 draw_ms=37.41 (acquire 0.06 submit+present 34.27) frame_ms=38.15
ZTERM TAB closed run=term id=1 count=0
ZTERM DONE run=term reason=shell-exited
ZWL CLIENT gone client=15 reason=read
ZWL CLEANUP client=15 objects=35 unread_fds=0
ZWL HOME ended pid=60 status=0
ZWL PERF 5016ms: passes=678 timeouts=70 | poll 32.1% work 67.5%
ZWL PERF compose frames=72 draw_ms=43.64 (acquire 0.04 submit+present 40.97) frame_ms=44.47
ZGEARS FPS run=gears frames=8400 fps=13.3
ZWL WISEVIEW opening key at_ms=726204
ZWL FIRST_FRAME what=wiseview-open frame=10626 request_ms=726204 ms=45
ZWL WISEVIEW open windows=10 at_ms=726405
ZWL WISEVIEW tile client=9 surface=7 x=83 y=86 width=380 height=253
ZWL WISEVIEW tile client=10 surface=1146 x=528 y=90 width=406 height=244
ZWL WISEVIEW tile client=10 surface=14 x=1036 y=90 width=305 height=244
ZWL WISEVIEW tile client=8 surface=7 x=1484 y=90 width=325 height=244
ZWL WISEVIEW tile client=7 surface=14 x=104 y=404 width=338 height=244
ZWL WISEVIEW tile client=6 surface=14 x=570 y=404 width=321 height=244
ZWL WISEVIEW tile client=5 surface=14 x=1012 y=404 width=353 height=244
ZWL WISEVIEW tile client=4 surface=8 x=1467 y=404 width=359 height=244
ZWL WISEVIEW tile client=3 surface=16 x=568 y=718 width=325 height=244
ZWL WISEVIEW tile client=2 surface=8 x=999 y=718 width=379 height=244
ZWL PERF 5001ms: passes=709 timeouts=73 | poll 32.8% work 66.8%
ZWL PERF compose frames=91 draw_ms=34.02 (acquire 0.06 submit+present 31.95) frame_ms=34.92
ZWL WISEVIEW close key at_ms=728441
ZWL FIRST_FRAME what=wiseview-close frame=10685 request_ms=728441 ms=25
ZWL WISEVIEW closed at_ms=728646
ZGEARS FPS run=gears frames=8500 fps=13.6
ZWL HOME open via=launcher at_ms=730807
ZWL FIRST_FRAME what=home-open frame=10723 request_ms=730807 ms=52
ZWL HOME opened apps=12 pages=1 page=1 at_ms=731133
ZWL HOME icon name="Files" x=600 y=386
ZWL HOME icon name="Notes" x=744 y=386
ZWL HOME icon name="Settings" x=888 y=386
ZWL HOME icon name="Terminal" x=1032 y=386
ZWL HOME icon name="PDF Viewer" x=1176 y=386
ZWL HOME icon name="Image Viewer" x=1320 y=386
ZWL HOME icon name="Browser" x=600 y=538
ZWL HOME icon name="Model viewer" x=744 y=538
ZWL HOME icon name="Gears" x=888 y=538
ZWL HOME icon name="X terminal" x=1032 y=538
ZWL HOME icon name="Lock Screen" x=1176 y=538
ZWL HOME icon name="Log Out" x=1320 y=538
ZWL PERF 5014ms: passes=698 timeouts=70 | poll 32.3% work 67.4%
ZWL PERF compose frames=96 draw_ms=32.63 (acquire 0.06 submit+present 29.80) frame_ms=33.42
ZWL HOME close via=escape at_ms=733054
ZWL FIRST_FRAME what=home-close frame=10768 request_ms=733054 ms=37
ZWL HOME closed at_ms=733337
ZWL GLASS moved surface=7 x=980 y=372
ZGEARS FPS run=gears frames=8600 fps=14.8
ZWL GLASS moved surface=7 x=880 y=332
ZWL PERF 5014ms: passes=708 timeouts=57 | poll 31.0% work 68.6%
ZWL PERF compose frames=78 draw_ms=40.98 (acquire 0.06 submit+present 38.30) frame_ms=41.82
ZWL WISEVIEW opening key at_ms=737873
ZWL FIRST_FRAME what=wiseview-open frame=10841 request_ms=737873 ms=38
ZWL WISEVIEW open windows=10 at_ms=738074
ZWL WISEVIEW tile client=9 surface=7 x=83 y=86 width=380 height=253
ZWL WISEVIEW tile client=10 surface=1146 x=528 y=90 width=406 height=244
ZWL WISEVIEW tile client=10 surface=14 x=1036 y=90 width=305 height=244
ZWL WISEVIEW tile client=8 surface=7 x=1484 y=90 width=325 height=244
ZWL WISEVIEW tile client=7 surface=14 x=104 y=404 width=338 height=244
ZWL WISEVIEW tile client=6 surface=14 x=570 y=404 width=321 height=244
ZWL WISEVIEW tile client=5 surface=14 x=1012 y=404 width=353 height=244
ZWL WISEVIEW tile client=4 surface=8 x=1467 y=404 width=359 height=244
ZWL WISEVIEW tile client=3 surface=16 x=568 y=718 width=325 height=244
ZWL WISEVIEW tile client=2 surface=8 x=999 y=718 width=379 height=244
ZWL WISEVIEW close key at_ms=740055
ZWL FIRST_FRAME what=wiseview-close frame=10899 request_ms=740055 ms=29
ZWL WISEVIEW closed at_ms=740263
ZWL HOME open via=launcher at_ms=742421
ZWL FIRST_FRAME what=home-open frame=10938 request_ms=742421 ms=61
ZWL HOME opened apps=12 pages=1 page=1 at_ms=742701
ZWL HOME icon name="Files" x=600 y=386
ZWL HOME icon name="Notes" x=744 y=386
ZWL HOME icon name="Settings" x=888 y=386
ZWL HOME icon name="Terminal" x=1032 y=386
ZWL HOME icon name="PDF Viewer" x=1176 y=386
ZWL HOME icon name="Image Viewer" x=1320 y=386
ZWL HOME icon name="Browser" x=600 y=538
ZWL HOME icon name="Model viewer" x=744 y=538
ZWL HOME icon name="Gears" x=888 y=538
ZWL HOME icon name="X terminal" x=1032 y=538
ZWL HOME icon name="Lock Screen" x=1176 y=538
ZWL HOME icon name="Log Out" x=1320 y=538
ZWL PERF 5001ms: passes=684 timeouts=71 | poll 32.4% work 67.3%
ZWL PERF compose frames=105 draw_ms=29.70 (acquire 0.05 submit+present 27.46) frame_ms=30.48
ZGEARS FPS run=gears frames=8700 fps=14.6
ZWL HOME close via=escape at_ms=744639
ZWL FIRST_FRAME what=home-close frame=10981 request_ms=744639 ms=30
ZWL HOME closed at_ms=744929
ZWL GLASS moved surface=7 x=980 y=372
ZWL PERF 5026ms: passes=730 timeouts=64 | poll 32.0% work 67.7%
ZWL PERF compose frames=88 draw_ms=36.07 (acquire 0.05 submit+present 33.27) frame_ms=36.81
ZWL GLASS moved surface=7 x=880 y=332
ZWL WISEVIEW opening key at_ms=749444
ZWL FIRST_FRAME what=wiseview-open frame=11058 request_ms=749444 ms=38
ZWL WISEVIEW open windows=10 at_ms=749658
ZWL WISEVIEW tile client=9 surface=7 x=83 y=86 width=380 height=253
ZWL WISEVIEW tile client=10 surface=1146 x=528 y=90 width=406 height=244
ZWL WISEVIEW tile client=10 surface=14 x=1036 y=90 width=305 height=244
ZWL WISEVIEW tile client=8 surface=7 x=1484 y=90 width=325 height=244
ZWL WISEVIEW tile client=7 surface=14 x=104 y=404 width=338 height=244
ZWL WISEVIEW tile client=6 surface=14 x=570 y=404 width=321 height=244
ZWL WISEVIEW tile client=5 surface=14 x=1012 y=404 width=353 height=244
ZWL WISEVIEW tile client=4 surface=8 x=1467 y=404 width=359 height=244
ZWL WISEVIEW tile client=3 surface=16 x=568 y=718 width=325 height=244
ZWL WISEVIEW tile client=2 surface=8 x=999 y=718 width=379 height=244
ZGEARS FPS run=gears frames=8800 fps=14.1
ZWL WISEVIEW close key at_ms=751696
ZWL FIRST_FRAME what=wiseview-close frame=11115 request_ms=751696 ms=36
ZWL WISEVIEW closed at_ms=751928
ZWL PERF 5034ms: passes=668 timeouts=65 | poll 32.1% work 67.5%
ZWL PERF compose frames=100 draw_ms=31.39 (acquire 0.05 submit+present 29.24) frame_ms=32.21
ZWL HOME open via=launcher at_ms=754064
ZWL FIRST_FRAME what=home-open frame=11152 request_ms=754064 ms=50
ZWL HOME opened apps=12 pages=1 page=1 at_ms=754349
ZWL HOME icon name="Files" x=600 y=386
ZWL HOME icon name="Notes" x=744 y=386
ZWL HOME icon name="Settings" x=888 y=386
ZWL HOME icon name="Terminal" x=1032 y=386
ZWL HOME icon name="PDF Viewer" x=1176 y=386
ZWL HOME icon name="Image Viewer" x=1320 y=386
ZWL HOME icon name="Browser" x=600 y=538
ZWL HOME icon name="Model viewer" x=744 y=538
ZWL HOME icon name="Gears" x=888 y=538
ZWL HOME icon name="X terminal" x=1032 y=538
ZWL HOME icon name="Lock Screen" x=1176 y=538
ZWL HOME icon name="Log Out" x=1320 y=538
ZWL HOME close via=escape at_ms=756318
ZWL FIRST_FRAME what=home-close frame=11198 request_ms=756318 ms=22
ZWL HOME closed at_ms=756570
ZGEARS FPS run=gears frames=8900 fps=14.7
ZWL PERF 5001ms: passes=694 timeouts=58 | poll 31.9% work 67.7%
ZWL PERF compose frames=88 draw_ms=35.85 (acquire 0.05 submit+present 33.02) frame_ms=36.58
ZWL GLASS moved surface=7 x=980 y=372
ZWL GLASS moved surface=7 x=880 y=332
ZWL WISEVIEW opening key at_ms=761043
ZWL FIRST_FRAME what=wiseview-open frame=11270 request_ms=761043 ms=42
ZWL WISEVIEW open windows=10 at_ms=761253
ZWL WISEVIEW tile client=9 surface=7 x=83 y=86 width=380 height=253
ZWL WISEVIEW tile client=10 surface=1146 x=528 y=90 width=406 height=244
ZWL WISEVIEW tile client=10 surface=14 x=1036 y=90 width=305 height=244
ZWL WISEVIEW tile client=8 surface=7 x=1484 y=90 width=325 height=244
ZWL WISEVIEW tile client=7 surface=14 x=104 y=404 width=338 height=244
ZWL WISEVIEW tile client=6 surface=14 x=570 y=404 width=321 height=244
ZWL WISEVIEW tile client=5 surface=14 x=1012 y=404 width=353 height=244
ZWL WISEVIEW tile client=4 surface=8 x=1467 y=404 width=359 height=244
ZWL WISEVIEW tile client=3 surface=16 x=568 y=718 width=325 height=244
ZWL WISEVIEW tile client=2 surface=8 x=999 y=718 width=379 height=244
ZWL PERF 5003ms: passes=729 timeouts=67 | poll 31.9% work 67.7%
ZWL PERF compose frames=94 draw_ms=33.41 (acquire 0.05 submit+present 31.28) frame_ms=34.22
ZWL WISEVIEW close key at_ms=763286
ZWL FIRST_FRAME what=wiseview-close frame=11327 request_ms=763286 ms=24
ZWL WISEVIEW closed at_ms=763487
ZGEARS FPS run=gears frames=9000 fps=13.8
ZWL HOME open via=launcher at_ms=765658
ZWL FIRST_FRAME what=home-open frame=11365 request_ms=765658 ms=53
ZWL HOME opened apps=12 pages=1 page=1 at_ms=765962
ZWL HOME icon name="Files" x=600 y=386
ZWL HOME icon name="Notes" x=744 y=386
ZWL HOME icon name="Settings" x=888 y=386
ZWL HOME icon name="Terminal" x=1032 y=386
ZWL HOME icon name="PDF Viewer" x=1176 y=386
ZWL HOME icon name="Image Viewer" x=1320 y=386
ZWL HOME icon name="Browser" x=600 y=538
ZWL HOME icon name="Model viewer" x=744 y=538
ZWL HOME icon name="Gears" x=888 y=538
ZWL HOME icon name="X terminal" x=1032 y=538
ZWL HOME icon name="Lock Screen" x=1176 y=538
ZWL HOME icon name="Log Out" x=1320 y=538
ZWL PERF 5040ms: passes=707 timeouts=66 | poll 31.8% work 67.9%
ZWL PERF compose frames=94 draw_ms=33.69 (acquire 0.05 submit+present 30.65) frame_ms=34.46
ZWL HOME close via=escape at_ms=767897
ZWL FIRST_FRAME what=home-close frame=11409 request_ms=767897 ms=25
ZWL HOME closed at_ms=768138
ZWL GLASS moved surface=7 x=980 y=372
ZGEARS FPS run=gears frames=9100 fps=15.0
ZWL GLASS moved surface=7 x=880 y=332
ZWL WISEVIEW opening key at_ms=772675
ZWL FIRST_FRAME what=wiseview-open frame=11483 request_ms=772675 ms=39
ZWL PERF 5000ms: passes=720 timeouts=61 | poll 31.4% work 68.3%
ZWL PERF compose frames=78 draw_ms=40.61 (acquire 0.04 submit+present 38.26) frame_ms=41.57
ZWL WISEVIEW open windows=10 at_ms=772900
ZWL WISEVIEW tile client=9 surface=7 x=83 y=86 width=380 height=253
ZWL WISEVIEW tile client=10 surface=1146 x=528 y=90 width=406 height=244
ZWL WISEVIEW tile client=10 surface=14 x=1036 y=90 width=305 height=244
ZWL WISEVIEW tile client=8 surface=7 x=1484 y=90 width=325 height=244
ZWL WISEVIEW tile client=7 surface=14 x=104 y=404 width=338 height=244
ZWL WISEVIEW tile client=6 surface=14 x=570 y=404 width=321 height=244
ZWL WISEVIEW tile client=5 surface=14 x=1012 y=404 width=353 height=244
ZWL WISEVIEW tile client=4 surface=8 x=1467 y=404 width=359 height=244
ZWL WISEVIEW tile client=3 surface=16 x=568 y=718 width=325 height=244
ZWL WISEVIEW tile client=2 surface=8 x=999 y=718 width=379 height=244
ZWL WISEVIEW close key at_ms=774915
ZWL FIRST_FRAME what=wiseview-close frame=11541 request_ms=774915 ms=25
ZWL WISEVIEW closed at_ms=775164
ZWL HOME open via=launcher at_ms=777287
ZWL FIRST_FRAME what=home-open frame=11579 request_ms=777287 ms=47
ZWL HOME opened apps=12 pages=1 page=1 at_ms=777568
ZWL HOME icon name="Files" x=600 y=386
ZWL HOME icon name="Notes" x=744 y=386
ZWL HOME icon name="Settings" x=888 y=386
ZWL HOME icon name="Terminal" x=1032 y=386
ZWL HOME icon name="PDF Viewer" x=1176 y=386
ZWL HOME icon name="Image Viewer" x=1320 y=386
ZWL HOME icon name="Browser" x=600 y=538
ZWL HOME icon name="Model viewer" x=744 y=538
ZWL HOME icon name="Gears" x=888 y=538
ZWL HOME icon name="X terminal" x=1032 y=538
ZWL HOME icon name="Lock Screen" x=1176 y=538
ZWL HOME icon name="Log Out" x=1320 y=538
ZWL PERF 5016ms: passes=693 timeouts=67 | poll 32.6% work 67.1%
ZWL PERF compose frames=104 draw_ms=29.94 (acquire 0.04 submit+present 27.91) frame_ms=30.74
ZGEARS FPS run=gears frames=9200 fps=14.2
ZWL HOME close via=escape at_ms=779517
ZWL FIRST_FRAME what=home-close frame=11620 request_ms=779517 ms=20
ZWL HOME closed at_ms=779758
ZWL GLASS moved surface=7 x=980 y=372
ZWL PERF 5004ms: passes=690 timeouts=69 | poll 32.2% work 67.5%
ZWL PERF compose frames=83 draw_ms=37.99 (acquire 0.05 submit+present 34.86) frame_ms=38.81
ZWL GLASS moved surface=7 x=880 y=332
ZWL WISEVIEW opening key at_ms=784286
ZWL FIRST_FRAME what=wiseview-open frame=11695 request_ms=784286 ms=35
ZWL WISEVIEW open windows=10 at_ms=784487
ZWL WISEVIEW tile client=9 surface=7 x=83 y=86 width=380 height=253
ZWL WISEVIEW tile client=10 surface=1146 x=528 y=90 width=406 height=244
ZWL WISEVIEW tile client=10 surface=14 x=1036 y=90 width=305 height=244
ZWL WISEVIEW tile client=8 surface=7 x=1484 y=90 width=325 height=244
ZWL WISEVIEW tile client=7 surface=14 x=104 y=404 width=338 height=244
ZWL WISEVIEW tile client=6 surface=14 x=570 y=404 width=321 height=244
ZWL WISEVIEW tile client=5 surface=14 x=1012 y=404 width=353 height=244
ZWL WISEVIEW tile client=4 surface=8 x=1467 y=404 width=359 height=244
ZWL WISEVIEW tile client=3 surface=16 x=568 y=718 width=325 height=244
ZWL WISEVIEW tile client=2 surface=8 x=999 y=718 width=379 height=244
ZGEARS FPS run=gears frames=9300 fps=13.8
ZWL WISEVIEW close key at_ms=786528
ZWL FIRST_FRAME what=wiseview-close frame=11751 request_ms=786528 ms=35
ZWL WISEVIEW closed at_ms=786731
ZWL PERF 5028ms: passes=675 timeouts=68 | poll 32.3% work 67.4%
ZWL PERF compose frames=99 draw_ms=31.74 (acquire 0.05 submit+present 29.76) frame_ms=32.55
ZWL HOME open via=launcher at_ms=788863
ZWL FIRST_FRAME what=home-open frame=11788 request_ms=788863 ms=49
ZWL HOME opened apps=12 pages=1 page=1 at_ms=789144
ZWL HOME icon name="Files" x=600 y=386
ZWL HOME icon name="Notes" x=744 y=386
ZWL HOME icon name="Settings" x=888 y=386
ZWL HOME icon name="Terminal" x=1032 y=386
ZWL HOME icon name="PDF Viewer" x=1176 y=386
ZWL HOME icon name="Image Viewer" x=1320 y=386
ZWL HOME icon name="Browser" x=600 y=538
ZWL HOME icon name="Model viewer" x=744 y=538
ZWL HOME icon name="Gears" x=888 y=538
ZWL HOME icon name="X terminal" x=1032 y=538
ZWL HOME icon name="Lock Screen" x=1176 y=538
ZWL HOME icon name="Log Out" x=1320 y=538
ZWL HOME close via=escape at_ms=791094
ZWL FIRST_FRAME what=home-close frame=11833 request_ms=791094 ms=45
ZWL HOME closed at_ms=791367
ZGEARS FPS run=gears frames=9400 fps=15.2
ZWL PERF 5000ms: passes=690 timeouts=63 | poll 31.5% work 68.2%
ZWL PERF compose frames=89 draw_ms=35.75 (acquire 0.06 submit+present 32.58) frame_ms=36.47
ZWL GLASS moved surface=7 x=980 y=372
ZWL GLASS moved surface=7 x=880 y=332
ZWL WISEVIEW opening key at_ms=796418
ZWL FIRST_FRAME what=wiseview-open frame=11918 request_ms=796418 ms=36
ZWL WISEVIEW open windows=10 at_ms=796630
ZWL WISEVIEW tile client=9 surface=7 x=83 y=86 width=380 height=253
ZWL WISEVIEW tile client=10 surface=1146 x=528 y=90 width=406 height=244
ZWL WISEVIEW tile client=10 surface=14 x=1036 y=90 width=305 height=244
ZWL WISEVIEW tile client=8 surface=7 x=1484 y=90 width=325 height=244
ZWL WISEVIEW tile client=7 surface=14 x=104 y=404 width=338 height=244
ZWL WISEVIEW tile client=6 surface=14 x=570 y=404 width=321 height=244
ZWL WISEVIEW tile client=5 surface=14 x=1012 y=404 width=353 height=244
ZWL WISEVIEW tile client=4 surface=8 x=1467 y=404 width=359 height=244
ZWL WISEVIEW tile client=3 surface=16 x=568 y=718 width=325 height=244
ZWL WISEVIEW tile client=2 surface=8 x=999 y=718 width=379 height=244
ZWL PERF 5027ms: passes=677 timeouts=70 | poll 31.7% work 67.9%
ZWL PERF compose frames=95 draw_ms=33.34 (acquire 0.05 submit+present 31.21) frame_ms=34.12
ZWL WISEVIEW close key at_ms=798633
ZWL FIRST_FRAME what=wiseview-close frame=11975 request_ms=798633 ms=22
ZWL WISEVIEW closed at_ms=798846
ZGEARS FPS run=gears frames=9500 fps=13.2
ZWL HOME open via=launcher at_ms=800995
ZWL FIRST_FRAME what=home-open frame=12013 request_ms=800995 ms=54
ZWL HOME opened apps=12 pages=1 page=1 at_ms=801279
ZWL HOME icon name="Files" x=600 y=386
ZWL HOME icon name="Notes" x=744 y=386
ZWL HOME icon name="Settings" x=888 y=386
ZWL HOME icon name="Terminal" x=1032 y=386
ZWL HOME icon name="PDF Viewer" x=1176 y=386
ZWL HOME icon name="Image Viewer" x=1320 y=386
ZWL HOME icon name="Browser" x=600 y=538
ZWL HOME icon name="Model viewer" x=744 y=538
ZWL HOME icon name="Gears" x=888 y=538
ZWL HOME icon name="X terminal" x=1032 y=538
ZWL HOME icon name="Lock Screen" x=1176 y=538
ZWL HOME icon name="Log Out" x=1320 y=538
ZWL PERF 5011ms: passes=701 timeouts=64 | poll 31.5% work 68.2%
ZWL PERF compose frames=97 draw_ms=32.70 (acquire 0.05 submit+present 29.80) frame_ms=33.48
ZWL HOME close via=escape at_ms=803208
ZWL FIRST_FRAME what=home-close frame=12057 request_ms=803208 ms=24
ZWL HOME closed at_ms=803496
ZWL GLASS moved surface=7 x=980 y=372
ZGEARS FPS run=gears frames=9600 fps=14.9
ZWL GLASS moved surface=7 x=880 y=332
ZWL PERF 5017ms: passes=743 timeouts=64 | poll 31.5% work 68.1%
ZWL PERF compose frames=77 draw_ms=41.04 (acquire 0.05 submit+present 38.64) frame_ms=41.93
ZWL WISEVIEW opening key at_ms=808789
ZWL FIRST_FRAME what=wiseview-open frame=12143 request_ms=808789 ms=39
ZWL WISEVIEW open windows=10 at_ms=808989
ZWL WISEVIEW tile client=9 surface=7 x=83 y=86 width=380 height=253
ZWL WISEVIEW tile client=10 surface=1146 x=528 y=90 width=406 height=244
ZWL WISEVIEW tile client=10 surface=14 x=1036 y=90 width=305 height=244
ZWL WISEVIEW tile client=8 surface=7 x=1484 y=90 width=325 height=244
ZWL WISEVIEW tile client=7 surface=14 x=104 y=404 width=338 height=244
ZWL WISEVIEW tile client=6 surface=14 x=570 y=404 width=321 height=244
ZWL WISEVIEW tile client=5 surface=14 x=1012 y=404 width=353 height=244
ZWL WISEVIEW tile client=4 surface=8 x=1467 y=404 width=359 height=244
ZWL WISEVIEW tile client=3 surface=16 x=568 y=718 width=325 height=244
ZWL WISEVIEW tile client=2 surface=8 x=999 y=718 width=379 height=244
ZWL WISEVIEW close key at_ms=811046
ZWL FIRST_FRAME what=wiseview-close frame=12201 request_ms=811046 ms=21
ZWL WISEVIEW closed at_ms=811252
ZWL PERF 5041ms: passes=733 timeouts=75 | poll 32.6% work 67.1%
ZWL PERF compose frames=102 draw_ms=30.81 (acquire 0.05 submit+present 28.90) frame_ms=31.61
ZWL HOME open via=launcher at_ms=813405
ZWL FIRST_FRAME what=home-open frame=12239 request_ms=813405 ms=35
ZWL HOME opened apps=12 pages=1 page=1 at_ms=813685
ZWL HOME icon name="Files" x=600 y=386
ZWL HOME icon name="Notes" x=744 y=386
ZWL HOME icon name="Settings" x=888 y=386
ZWL HOME icon name="Terminal" x=1032 y=386
ZWL HOME icon name="PDF Viewer" x=1176 y=386
ZWL HOME icon name="Image Viewer" x=1320 y=386
ZWL HOME icon name="Browser" x=600 y=538
ZWL HOME icon name="Model viewer" x=744 y=538
ZWL HOME icon name="Gears" x=888 y=538
ZWL HOME icon name="X terminal" x=1032 y=538
ZWL HOME icon name="Lock Screen" x=1176 y=538
ZWL HOME icon name="Log Out" x=1320 y=538
ZGEARS FPS run=gears frames=9700 fps=13.5
ZWL HOME close via=escape at_ms=815636
ZWL FIRST_FRAME what=home-close frame=12284 request_ms=815636 ms=39
ZWL HOME closed at_ms=815892
ZWL PERF 5021ms: passes=738 timeouts=60 | poll 31.9% work 67.8%
ZWL PERF compose frames=88 draw_ms=35.81 (acquire 0.05 submit+present 32.82) frame_ms=36.68
ZWL GLASS moved surface=7 x=980 y=372
ZWL GLASS moved surface=7 x=880 y=332
ZWL WISEVIEW opening key at_ms=820461
ZWL FIRST_FRAME what=wiseview-open frame=12357 request_ms=820461 ms=40
ZWL WISEVIEW open windows=10 at_ms=820661
ZWL WISEVIEW tile client=9 surface=7 x=83 y=86 width=380 height=253
ZWL WISEVIEW tile client=10 surface=1146 x=528 y=90 width=406 height=244
ZWL WISEVIEW tile client=10 surface=14 x=1036 y=90 width=305 height=244
ZWL WISEVIEW tile client=8 surface=7 x=1484 y=90 width=325 height=244
ZWL WISEVIEW tile client=7 surface=14 x=104 y=404 width=338 height=244
ZWL WISEVIEW tile client=6 surface=14 x=570 y=404 width=321 height=244
ZWL WISEVIEW tile client=5 surface=14 x=1012 y=404 width=353 height=244
ZWL WISEVIEW tile client=4 surface=8 x=1467 y=404 width=359 height=244
ZWL WISEVIEW tile client=3 surface=16 x=568 y=718 width=325 height=244
ZWL WISEVIEW tile client=2 surface=8 x=999 y=718 width=379 height=244
ZGEARS FPS run=gears frames=9800 fps=15.2
ZWL WISEVIEW close key at_ms=822663
ZWL FIRST_FRAME what=wiseview-close frame=12412 request_ms=822663 ms=23
ZWL WISEVIEW closed at_ms=822868
ZWL PERF 5000ms: passes=726 timeouts=67 | poll 32.7% work 66.9%
ZWL PERF compose frames=98 draw_ms=31.53 (acquire 0.04 submit+present 29.54) frame_ms=32.36
ZWL HOME open via=launcher at_ms=825038
ZWL FIRST_FRAME what=home-open frame=12450 request_ms=825038 ms=33
ZWL HOME opened apps=12 pages=1 page=1 at_ms=825319
ZWL HOME icon name="Files" x=600 y=386
ZWL HOME icon name="Notes" x=744 y=386
ZWL HOME icon name="Settings" x=888 y=386
ZWL HOME icon name="Terminal" x=1032 y=386
ZWL HOME icon name="PDF Viewer" x=1176 y=386
ZWL HOME icon name="Image Viewer" x=1320 y=386
ZWL HOME icon name="Browser" x=600 y=538
ZWL HOME icon name="Model viewer" x=744 y=538
ZWL HOME icon name="Gears" x=888 y=538
ZWL HOME icon name="X terminal" x=1032 y=538
ZWL HOME icon name="Lock Screen" x=1176 y=538
ZWL HOME icon name="Log Out" x=1320 y=538
ZWL HOME close via=escape at_ms=827273
ZWL FIRST_FRAME what=home-close frame=12494 request_ms=827273 ms=38
ZWL HOME closed at_ms=827518
ZGEARS FPS run=gears frames=9900 fps=14.6
ZWL PERF 5010ms: passes=703 timeouts=67 | poll 32.2% work 67.5%
ZWL PERF compose frames=88 draw_ms=35.82 (acquire 0.06 submit+present 32.83) frame_ms=36.55
ZWL GLASS moved surface=7 x=980 y=372
ZWL GLASS moved surface=7 x=880 y=332
ZWL WISEVIEW opening key at_ms=832015
ZWL FIRST_FRAME what=wiseview-open frame=12567 request_ms=832015 ms=39
ZWL WISEVIEW open windows=10 at_ms=832235
ZWL WISEVIEW tile client=9 surface=7 x=83 y=86 width=380 height=253
ZWL WISEVIEW tile client=10 surface=1146 x=528 y=90 width=406 height=244
ZWL WISEVIEW tile client=10 surface=14 x=1036 y=90 width=305 height=244
ZWL WISEVIEW tile client=8 surface=7 x=1484 y=90 width=325 height=244
ZWL WISEVIEW tile client=7 surface=14 x=104 y=404 width=338 height=244
ZWL WISEVIEW tile client=6 surface=14 x=570 y=404 width=321 height=244
ZWL WISEVIEW tile client=5 surface=14 x=1012 y=404 width=353 height=244
ZWL WISEVIEW tile client=4 surface=8 x=1467 y=404 width=359 height=244
ZWL WISEVIEW tile client=3 surface=16 x=568 y=718 width=325 height=244
ZWL WISEVIEW tile client=2 surface=8 x=999 y=718 width=379 height=244
ZWL PERF 5027ms: passes=716 timeouts=58 | poll 31.4% work 68.2%
ZWL PERF compose frames=87 draw_ms=36.43 (acquire 0.04 submit+present 34.09) frame_ms=37.19
ZWL WISEVIEW close key at_ms=834267
ZWL FIRST_FRAME what=wiseview-close frame=12625 request_ms=834267 ms=26
ZWL WISEVIEW closed at_ms=834468
ZGEARS FPS run=gears frames=10000 fps=13.8
ZWL HOME open via=launcher at_ms=836600
ZWL FIRST_FRAME what=home-open frame=12663 request_ms=836600 ms=35
ZWL HOME opened apps=12 pages=1 page=1 at_ms=836881
ZWL HOME icon name="Files" x=600 y=386
ZWL HOME icon name="Notes" x=744 y=386
ZWL HOME icon name="Settings" x=888 y=386
ZWL HOME icon name="Terminal" x=1032 y=386
ZWL HOME icon name="PDF Viewer" x=1176 y=386
ZWL HOME icon name="Image Viewer" x=1320 y=386
ZWL HOME icon name="Browser" x=600 y=538
ZWL HOME icon name="Model viewer" x=744 y=538
ZWL HOME icon name="Gears" x=888 y=538
ZWL HOME icon name="X terminal" x=1032 y=538
ZWL HOME icon name="Lock Screen" x=1176 y=538
ZWL HOME icon name="Log Out" x=1320 y=538
ZWL PERF 5017ms: passes=755 timeouts=68 | poll 32.3% work 67.4%
ZWL PERF compose frames=98 draw_ms=31.82 (acquire 0.06 submit+present 29.43) frame_ms=32.63
ZWL HOME close via=escape at_ms=838865
ZWL FIRST_FRAME what=home-close frame=12707 request_ms=838865 ms=30
ZWL HOME closed at_ms=839121
ZGEARS FPS run=gears frames=10100 fps=15.3
ZWL GLASS moved surface=7 x=980 y=372
ZWL GLASS moved surface=7 x=880 y=332
ZWL PERF 5003ms: passes=716 timeouts=69 | poll 32.3% work 67.4%
ZWL PERF compose frames=82 draw_ms=38.44 (acquire 0.04 submit+present 35.90) frame_ms=39.21
ZWL HOME open via=launcher at_ms=843726
ZWL FIRST_FRAME what=home-open frame=12784 request_ms=843726 ms=50
ZWL HOME opened apps=12 pages=1 page=1 at_ms=844023
ZWL HOME icon name="Files" x=600 y=386
ZWL HOME icon name="Notes" x=744 y=386
ZWL HOME icon name="Settings" x=888 y=386
ZWL HOME icon name="Terminal" x=1032 y=386
ZWL HOME icon name="PDF Viewer" x=1176 y=386
ZWL HOME icon name="Image Viewer" x=1320 y=386
ZWL HOME icon name="Browser" x=600 y=538
ZWL HOME icon name="Model viewer" x=744 y=538
ZWL HOME icon name="Gears" x=888 y=538
ZWL HOME icon name="X terminal" x=1032 y=538
ZWL HOME icon name="Lock Screen" x=1176 y=538
ZWL HOME icon name="Log Out" x=1320 y=538
ZWL HOME launch name=Terminal pid=62
ZWL HOME close via=launch at_ms=845381
ZWL FIRST_FRAME what=home-close frame=12818 request_ms=845381 ms=38
ZWL CLIENT client=16 fd=25
ZWL INSET create client=16 inset=20 toplevel=16
ZWL EDIT create client=16 edit=24 toplevel=16
ZWL BOUNDS client=16 surface=14 width=1896 height=970
ZWL CONFIGURE client=16 surface=14 serial=374 width=0 height=0 fullscreen=0
ZWL SEAT client=16 pointer=1 keyboard=0 touch=0
ZWL SEAT client=16 pointer=1 keyboard=1 touch=0
ZWL IMPORT client=16 buffer=37 width=916 height=632 bytes=2318336
ZWL IMPORT client=16 buffer=38 width=916 height=632 bytes=2318336
ZWL IMPORT client=16 buffer=39 width=916 height=632 bytes=2318336
ZTERM MENU state selection=0 clipboard=0 pixels=16 fullscreen=0
ZWL MENU commit client=16 menu=43 serial=1 items=30 generation=1
ZWL MENU set client=16 place=44 menu=43
ZWL MENU commit client=16 menu=43 serial=2 items=30 generation=2
ZTERM MENU ready items=30
ZTERM TAB active id=1
ZTERM TAB new run=term id=1 count=1
ZTERM START run=term columns=90 rows=28 cell=10x22 window=916x632
ZTERM TABS count=1 active=1 mode=0
ZTERM TITLE tab=1 title=Terminal
ZWL TITLEBAR create client=16 titlebar=48 toplevel=16
ZWL EDIT state client=16 edit=24 actions=0xff flags=0xd
ZWL TITLEBAR commit client=16 titlebar=48 serial=1 mode=0 controls=0 tabs=1 generation=1
ZWL MAP client=16 surface=14 x=348 y=420
ZWL HOME launched waited_ms=154 at_ms=845535
ZWL GLASS launch surface=14 from=996,350 to=348,420 size=916x632
ZTERM CLIPBOARD selection text=0
ZTERM PRIMARY offer text=0
ZWL HOME closed at_ms=845621
ZWL MENU bar client=16 surface=14 where=floating item=1 offset=127 top=368 width=55 height=44
ZWL MENU bar client=16 surface=14 where=floating item=2 offset=184 top=368 width=47 height=44
ZWL MENU bar client=16 surface=14 where=floating item=3 offset=233 top=368 width=55 height=44
ZWL MENU bar client=16 surface=14 where=floating item=4 offset=290 top=368 width=76 height=44
ZWL MENU bar client=16 surface=14 where=floating item=5 offset=368 top=368 width=53 height=44
ZGEARS FPS run=gears frames=10200 fps=14.9
ZWL PERF 5010ms: passes=726 timeouts=65 | poll 30.2% work 69.4%
ZWL PERF compose frames=85 draw_ms=37.89 (acquire 0.06 submit+present 34.59) frame_ms=38.23
ZTERM TAB closed run=term id=1 count=0
ZTERM DONE run=term reason=shell-exited
ZWL CLIENT gone client=16 reason=hangup
ZWL CLEANUP client=16 objects=34 unread_fds=0
ZWL HOME ended pid=62 status=0
ZWL PERF 5001ms: passes=653 timeouts=66 | poll 32.5% work 67.0%
ZWL PERF compose frames=71 draw_ms=43.63 (acquire 0.04 submit+present 40.84) frame_ms=45.11
ZGEARS FPS run=gears frames=10300 fps=13.5
ZWL WISEVIEW opening key at_ms=855948
ZWL FIRST_FRAME what=wiseview-open frame=12974 request_ms=855948 ms=39
ZWL WISEVIEW open windows=10 at_ms=856174
ZWL WISEVIEW tile client=9 surface=7 x=83 y=86 width=380 height=253
ZWL WISEVIEW tile client=10 surface=1146 x=528 y=90 width=406 height=244
ZWL WISEVIEW tile client=10 surface=14 x=1036 y=90 width=305 height=244
ZWL WISEVIEW tile client=8 surface=7 x=1484 y=90 width=325 height=244
ZWL WISEVIEW tile client=7 surface=14 x=104 y=404 width=338 height=244
ZWL WISEVIEW tile client=6 surface=14 x=570 y=404 width=321 height=244
ZWL WISEVIEW tile client=5 surface=14 x=1012 y=404 width=353 height=244
ZWL WISEVIEW tile client=4 surface=8 x=1467 y=404 width=359 height=244
ZWL WISEVIEW tile client=3 surface=16 x=568 y=718 width=325 height=244
ZWL WISEVIEW tile client=2 surface=8 x=999 y=718 width=379 height=244
ZWL PERF 5028ms: passes=692 timeouts=68 | poll 32.6% work 67.0%
ZWL PERF compose frames=100 draw_ms=31.13 (acquire 0.04 submit+present 29.13) frame_ms=31.96
ZWL WISEVIEW close key at_ms=858159
ZWL FIRST_FRAME what=wiseview-close frame=13030 request_ms=858160 ms=19
ZWL WISEVIEW closed at_ms=858363
ZWL HOME open via=launcher at_ms=860547
ZWL FIRST_FRAME what=home-open frame=13069 request_ms=860547 ms=48
ZWL HOME opened apps=12 pages=1 page=1 at_ms=860827
ZWL HOME icon name="Files" x=600 y=386
ZWL HOME icon name="Notes" x=744 y=386
ZWL HOME icon name="Settings" x=888 y=386
ZWL HOME icon name="Terminal" x=1032 y=386
ZWL HOME icon name="PDF Viewer" x=1176 y=386
ZWL HOME icon name="Image Viewer" x=1320 y=386
ZWL HOME icon name="Browser" x=600 y=538
ZWL HOME icon name="Model viewer" x=744 y=538
ZWL HOME icon name="Gears" x=888 y=538
ZWL HOME icon name="X terminal" x=1032 y=538
ZWL HOME icon name="Lock Screen" x=1176 y=538
ZWL HOME icon name="Log Out" x=1320 y=538
ZGEARS FPS run=gears frames=10400 fps=14.5
ZWL HOME close via=escape at_ms=862790
ZWL FIRST_FRAME what=home-close frame=13113 request_ms=862790 ms=36
ZWL HOME closed at_ms=863034
ZWL PERF 5000ms: passes=686 timeouts=65 | poll 30.9% work 68.7%
ZWL PERF compose frames=89 draw_ms=35.86 (acquire 0.05 submit+present 32.77) frame_ms=36.69
ZWL GLASS moved surface=7 x=980 y=372
ZWL GLASS moved surface=7 x=880 y=332
ZWL WISEVIEW opening key at_ms=867572
ZWL FIRST_FRAME what=wiseview-open frame=13186 request_ms=867572 ms=39
ZWL WISEVIEW open windows=10 at_ms=867790
ZWL WISEVIEW tile client=9 surface=7 x=83 y=86 width=380 height=253
ZWL WISEVIEW tile client=10 surface=1146 x=528 y=90 width=406 height=244
ZWL WISEVIEW tile client=10 surface=14 x=1036 y=90 width=305 height=244
ZWL WISEVIEW tile client=8 surface=7 x=1484 y=90 width=325 height=244
ZWL WISEVIEW tile client=7 surface=14 x=104 y=404 width=338 height=244
ZWL WISEVIEW tile client=6 surface=14 x=570 y=404 width=321 height=244
ZWL WISEVIEW tile client=5 surface=14 x=1012 y=404 width=353 height=244
ZWL WISEVIEW tile client=4 surface=8 x=1467 y=404 width=359 height=244
ZWL WISEVIEW tile client=3 surface=16 x=568 y=718 width=325 height=244
ZWL WISEVIEW tile client=2 surface=8 x=999 y=718 width=379 height=244
ZWL PERF 5013ms: passes=663 timeouts=73 | poll 31.9% work 67.8%
ZWL PERF compose frames=81 draw_ms=38.98 (acquire 0.05 submit+present 36.45) frame_ms=39.81
ZGEARS FPS run=gears frames=10500 fps=14.0
ZWL WISEVIEW close key at_ms=869786
ZWL FIRST_FRAME what=wiseview-close frame=13243 request_ms=869786 ms=31
ZWL WISEVIEW closed at_ms=870008
ZWL HOME open via=launcher at_ms=872151
ZWL FIRST_FRAME what=home-open frame=13280 request_ms=872151 ms=49
ZWL HOME opened apps=12 pages=1 page=1 at_ms=872431
ZWL HOME icon name="Files" x=600 y=386
ZWL HOME icon name="Notes" x=744 y=386
ZWL HOME icon name="Settings" x=888 y=386
ZWL HOME icon name="Terminal" x=1032 y=386
ZWL HOME icon name="PDF Viewer" x=1176 y=386
ZWL HOME icon name="Image Viewer" x=1320 y=386
ZWL HOME icon name="Browser" x=600 y=538
ZWL HOME icon name="Model viewer" x=744 y=538
ZWL HOME icon name="Gears" x=888 y=538
ZWL HOME icon name="X terminal" x=1032 y=538
ZWL HOME icon name="Lock Screen" x=1176 y=538
ZWL HOME icon name="Log Out" x=1320 y=538
ZWL PERF 5008ms: passes=700 timeouts=71 | poll 33.1% work 66.5%
ZWL PERF compose frames=99 draw_ms=31.23 (acquire 0.05 submit+present 28.99) frame_ms=32.08
ZWL HOME close via=escape at_ms=874390
ZWL FIRST_FRAME what=home-close frame=13323 request_ms=874390 ms=35
ZWL HOME closed at_ms=874676
ZGEARS FPS run=gears frames=10600 fps=14.7
ZWL GLASS moved surface=7 x=980 y=372
ZWL PERF 5000ms: passes=730 timeouts=66 | poll 31.8% work 67.9%
ZWL PERF compose frames=81 draw_ms=38.90 (acquire 0.04 submit+present 36.12) frame_ms=39.80
ZWL GLASS moved surface=7 x=880 y=332
ZWL WISEVIEW opening key at_ms=879143
ZWL FIRST_FRAME what=wiseview-open frame=13394 request_ms=879143 ms=48
ZWL WISEVIEW open windows=10 at_ms=879345
ZWL WISEVIEW tile client=9 surface=7 x=83 y=86 width=380 height=253
ZWL WISEVIEW tile client=10 surface=1146 x=528 y=90 width=406 height=244
ZWL WISEVIEW tile client=10 surface=14 x=1036 y=90 width=305 height=244
ZWL WISEVIEW tile client=8 surface=7 x=1484 y=90 width=325 height=244
ZWL WISEVIEW tile client=7 surface=14 x=104 y=404 width=338 height=244
ZWL WISEVIEW tile client=6 surface=14 x=570 y=404 width=321 height=244
ZWL WISEVIEW tile client=5 surface=14 x=1012 y=404 width=353 height=244
ZWL WISEVIEW tile client=4 surface=8 x=1467 y=404 width=359 height=244
ZWL WISEVIEW tile client=3 surface=16 x=568 y=718 width=325 height=244
ZWL WISEVIEW tile client=2 surface=8 x=999 y=718 width=379 height=244
ZWL WISEVIEW close key at_ms=881384
ZWL FIRST_FRAME what=wiseview-close frame=13451 request_ms=881384 ms=24
ZWL WISEVIEW closed at_ms=881585
ZWL PERF 5029ms: passes=730 timeouts=67 | poll 32.5% work 67.1%
ZWL PERF compose frames=101 draw_ms=30.64 (acquire 0.04 submit+present 28.83) frame_ms=31.50
ZGEARS FPS run=gears frames=10700 fps=13.8
ZWL HOME open via=launcher at_ms=883751
ZWL FIRST_FRAME what=home-open frame=13490 request_ms=883751 ms=35
ZWL HOME opened apps=12 pages=1 page=1 at_ms=884032
ZWL HOME icon name="Files" x=600 y=386
ZWL HOME icon name="Notes" x=744 y=386
ZWL HOME icon name="Settings" x=888 y=386
ZWL HOME icon name="Terminal" x=1032 y=386
ZWL HOME icon name="PDF Viewer" x=1176 y=386
ZWL HOME icon name="Image Viewer" x=1320 y=386
ZWL HOME icon name="Browser" x=600 y=538
ZWL HOME icon name="Model viewer" x=744 y=538
ZWL HOME icon name="Gears" x=888 y=538
ZWL HOME icon name="X terminal" x=1032 y=538
ZWL HOME icon name="Lock Screen" x=1176 y=538
ZWL HOME icon name="Log Out" x=1320 y=538
ZWL HOME close via=escape at_ms=886026
ZWL FIRST_FRAME what=home-close frame=13536 request_ms=886026 ms=25
ZWL HOME closed at_ms=886313
ZWL PERF 5015ms: passes=721 timeouts=62 | poll 31.8% work 67.9%
ZWL PERF compose frames=89 draw_ms=35.63 (acquire 0.05 submit+present 32.29) frame_ms=36.32
ZWL GLASS moved surface=7 x=980 y=372
ZWL GLASS moved surface=7 x=880 y=332
ZGEARS FPS run=gears frames=10800 fps=15.3
ZWL WISEVIEW opening key at_ms=890768
ZWL FIRST_FRAME what=wiseview-open frame=13610 request_ms=890768 ms=37
ZWL WISEVIEW open windows=10 at_ms=890987
ZWL WISEVIEW tile client=9 surface=7 x=83 y=86 width=380 height=253
ZWL WISEVIEW tile client=10 surface=1146 x=528 y=90 width=406 height=244
ZWL WISEVIEW tile client=10 surface=14 x=1036 y=90 width=305 height=244
ZWL WISEVIEW tile client=8 surface=7 x=1484 y=90 width=325 height=244
ZWL WISEVIEW tile client=7 surface=14 x=104 y=404 width=338 height=244
ZWL WISEVIEW tile client=6 surface=14 x=570 y=404 width=321 height=244
ZWL WISEVIEW tile client=5 surface=14 x=1012 y=404 width=353 height=244
ZWL WISEVIEW tile client=4 surface=8 x=1467 y=404 width=359 height=244
ZWL WISEVIEW tile client=3 surface=16 x=568 y=718 width=325 height=244
ZWL WISEVIEW tile client=2 surface=8 x=999 y=718 width=379 height=244
ZWL WISEVIEW close key at_ms=893002
ZWL FIRST_FRAME what=wiseview-close frame=13668 request_ms=893002 ms=37
ZWL WISEVIEW closed at_ms=893207
ZWL PERF 5044ms: passes=714 timeouts=68 | poll 32.0% work 67.6%
ZWL PERF compose frames=102 draw_ms=30.78 (acquire 0.06 submit+present 28.77) frame_ms=31.59
ZWL HOME open via=launcher at_ms=895366
ZWL FIRST_FRAME what=home-open frame=13706 request_ms=895366 ms=53
ZWL HOME opened apps=12 pages=1 page=1 at_ms=895653
ZWL HOME icon name="Files" x=600 y=386
ZWL HOME icon name="Notes" x=744 y=386
ZWL HOME icon name="Settings" x=888 y=386
ZWL HOME icon name="Terminal" x=1032 y=386
ZWL HOME icon name="PDF Viewer" x=1176 y=386
ZWL HOME icon name="Image Viewer" x=1320 y=386
ZWL HOME icon name="Browser" x=600 y=538
ZWL HOME icon name="Model viewer" x=744 y=538
ZWL HOME icon name="Gears" x=888 y=538
ZWL HOME icon name="X terminal" x=1032 y=538
ZWL HOME icon name="Lock Screen" x=1176 y=538
ZWL HOME icon name="Log Out" x=1320 y=538
ZGEARS FPS run=gears frames=10900 fps=14.4
ZWL HOME close via=escape at_ms=897582
ZWL FIRST_FRAME what=home-close frame=13748 request_ms=897582 ms=35
ZWL HOME closed at_ms=897859
ZWL PERF 5019ms: passes=746 timeouts=67 | poll 31.9% work 67.8%
ZWL PERF compose frames=87 draw_ms=36.39 (acquire 0.05 submit+present 33.27) frame_ms=37.17
ZWL GLASS moved surface=7 x=980 y=372
ZWL GLASS moved surface=7 x=880 y=332
ZWL WISEVIEW opening key at_ms=902343
ZWL FIRST_FRAME what=wiseview-open frame=13821 request_ms=902343 ms=40
ZWL WISEVIEW open windows=10 at_ms=902544
ZWL WISEVIEW tile client=9 surface=7 x=83 y=86 width=380 height=253
ZWL WISEVIEW tile client=10 surface=1146 x=528 y=90 width=406 height=244
ZWL WISEVIEW tile client=10 surface=14 x=1036 y=90 width=305 height=244
ZWL WISEVIEW tile client=8 surface=7 x=1484 y=90 width=325 height=244
ZWL WISEVIEW tile client=7 surface=14 x=104 y=404 width=338 height=244
ZWL WISEVIEW tile client=6 surface=14 x=570 y=404 width=321 height=244
ZWL WISEVIEW tile client=5 surface=14 x=1012 y=404 width=353 height=244
ZWL WISEVIEW tile client=4 surface=8 x=1467 y=404 width=359 height=244
ZWL WISEVIEW tile client=3 surface=16 x=568 y=718 width=325 height=244
ZWL WISEVIEW tile client=2 surface=8 x=999 y=718 width=379 height=244
ZWL PERF 5025ms: passes=719 timeouts=68 | poll 32.3% work 67.4%
ZWL PERF compose frames=85 draw_ms=36.89 (acquire 0.04 submit+present 34.60) frame_ms=37.69
ZGEARS FPS run=gears frames=11000 fps=14.1
ZWL WISEVIEW close key at_ms=904581
ZWL FIRST_FRAME what=wiseview-close frame=13879 request_ms=904581 ms=24
ZWL WISEVIEW closed at_ms=904794
ZWL HOME open via=launcher at_ms=906961
ZWL FIRST_FRAME what=home-open frame=13917 request_ms=906961 ms=49
ZWL HOME opened apps=12 pages=1 page=1 at_ms=907263
ZWL HOME icon name="Files" x=600 y=386
ZWL HOME icon name="Notes" x=744 y=386
ZWL HOME icon name="Settings" x=888 y=386
ZWL HOME icon name="Terminal" x=1032 y=386
ZWL HOME icon name="PDF Viewer" x=1176 y=386
ZWL HOME icon name="Image Viewer" x=1320 y=386
ZWL HOME icon name="Browser" x=600 y=538
ZWL HOME icon name="Model viewer" x=744 y=538
ZWL HOME icon name="Gears" x=888 y=538
ZWL HOME icon name="X terminal" x=1032 y=538
ZWL HOME icon name="Lock Screen" x=1176 y=538
ZWL HOME icon name="Log Out" x=1320 y=538
ZWL PERF 5040ms: passes=728 timeouts=65 | poll 32.1% work 67.5%
ZWL PERF compose frames=102 draw_ms=30.88 (acquire 0.05 submit+present 28.35) frame_ms=31.68
ZWL HOME close via=escape at_ms=909207
ZWL FIRST_FRAME what=home-close frame=13963 request_ms=909207 ms=35
ZWL HOME closed at_ms=909449
ZGEARS FPS run=gears frames=11100 fps=15.2
ZWL GLASS moved surface=7 x=980 y=372
ZWL GLASS moved surface=7 x=880 y=332
ZWL PERF 5001ms: passes=720 timeouts=59 | poll 31.4% work 68.3%
ZWL PERF compose frames=82 draw_ms=38.72 (acquire 0.05 submit+present 35.95) frame_ms=39.50
ZWL WISEVIEW opening key at_ms=913964
ZWL FIRST_FRAME what=wiseview-open frame=14037 request_ms=913964 ms=33
ZWL WISEVIEW open windows=10 at_ms=914165
ZWL WISEVIEW tile client=9 surface=7 x=83 y=86 width=380 height=253
ZWL WISEVIEW tile client=10 surface=1146 x=528 y=90 width=406 height=244
ZWL WISEVIEW tile client=10 surface=14 x=1036 y=90 width=305 height=244
ZWL WISEVIEW tile client=8 surface=7 x=1484 y=90 width=325 height=244
ZWL WISEVIEW tile client=7 surface=14 x=104 y=404 width=338 height=244
ZWL WISEVIEW tile client=6 surface=14 x=570 y=404 width=321 height=244
ZWL WISEVIEW tile client=5 surface=14 x=1012 y=404 width=353 height=244
ZWL WISEVIEW tile client=4 surface=8 x=1467 y=404 width=359 height=244
ZWL WISEVIEW tile client=3 surface=16 x=568 y=718 width=325 height=244
ZWL WISEVIEW tile client=2 surface=8 x=999 y=718 width=379 height=244
ZWL WISEVIEW close key at_ms=916197
ZWL FIRST_FRAME what=wiseview-close frame=14093 request_ms=916197 ms=22
ZWL WISEVIEW closed at_ms=916398
ZGEARS FPS run=gears frames=11200 fps=13.7
ZWL PERF 5011ms: passes=709 timeouts=63 | poll 32.1% work 67.5%
ZWL PERF compose frames=100 draw_ms=31.21 (acquire 0.05 submit+present 29.16) frame_ms=32.08
ZWL HOME open via=launcher at_ms=918561
ZWL FIRST_FRAME what=home-open frame=14131 request_ms=918561 ms=51
ZWL HOME opened apps=12 pages=1 page=1 at_ms=918851
ZWL HOME icon name="Files" x=600 y=386
ZWL HOME icon name="Notes" x=744 y=386
ZWL HOME icon name="Settings" x=888 y=386
ZWL HOME icon name="Terminal" x=1032 y=386
ZWL HOME icon name="PDF Viewer" x=1176 y=386
ZWL HOME icon name="Image Viewer" x=1320 y=386
ZWL HOME icon name="Browser" x=600 y=538
ZWL HOME icon name="Model viewer" x=744 y=538
ZWL HOME icon name="Gears" x=888 y=538
ZWL HOME icon name="X terminal" x=1032 y=538
ZWL HOME icon name="Lock Screen" x=1176 y=538
ZWL HOME icon name="Log Out" x=1320 y=538
ZWL HOME close via=escape at_ms=920797
ZWL FIRST_FRAME what=home-close frame=14175 request_ms=920797 ms=30
ZWL HOME closed at_ms=921037
ZWL PERF 5005ms: passes=680 timeouts=68 | poll 31.9% work 67.8%
ZWL PERF compose frames=87 draw_ms=36.43 (acquire 0.06 submit+present 33.31) frame_ms=37.12
ZWL GLASS moved surface=7 x=980 y=372
ZGEARS FPS run=gears frames=11300 fps=15.0
ZWL GLASS moved surface=7 x=880 y=332
ZWL WISEVIEW opening key at_ms=925564
ZWL FIRST_FRAME what=wiseview-open frame=14249 request_ms=925564 ms=43
ZWL WISEVIEW open windows=10 at_ms=925772
ZWL WISEVIEW tile client=9 surface=7 x=83 y=86 width=380 height=253
ZWL WISEVIEW tile client=10 surface=1146 x=528 y=90 width=406 height=244
ZWL WISEVIEW tile client=10 surface=14 x=1036 y=90 width=305 height=244
ZWL WISEVIEW tile client=8 surface=7 x=1484 y=90 width=325 height=244
ZWL WISEVIEW tile client=7 surface=14 x=104 y=404 width=338 height=244
ZWL WISEVIEW tile client=6 surface=14 x=570 y=404 width=321 height=244
ZWL WISEVIEW tile client=5 surface=14 x=1012 y=404 width=353 height=244
ZWL WISEVIEW tile client=4 surface=8 x=1467 y=404 width=359 height=244
ZWL WISEVIEW tile client=3 surface=16 x=568 y=718 width=325 height=244
ZWL WISEVIEW tile client=2 surface=8 x=999 y=718 width=379 height=244
ZWL WISEVIEW close key at_ms=927817
ZWL FIRST_FRAME what=wiseview-close frame=14307 request_ms=927817 ms=28
ZWL WISEVIEW closed at_ms=928055
ZWL PERF 5050ms: passes=687 timeouts=69 | poll 32.2% work 67.4%
ZWL PERF compose frames=103 draw_ms=30.49 (acquire 0.05 submit+present 28.49) frame_ms=31.35
ZWL HOME open via=launcher at_ms=930153
ZWL FIRST_FRAME what=home-open frame=14345 request_ms=930153 ms=36
ZWL HOME opened apps=12 pages=1 page=1 at_ms=930436
ZWL HOME icon name="Files" x=600 y=386
ZWL HOME icon name="Notes" x=744 y=386
ZWL HOME icon name="Settings" x=888 y=386
ZWL HOME icon name="Terminal" x=1032 y=386
ZWL HOME icon name="PDF Viewer" x=1176 y=386
ZWL HOME icon name="Image Viewer" x=1320 y=386
ZWL HOME icon name="Browser" x=600 y=538
ZWL HOME icon name="Model viewer" x=744 y=538
ZWL HOME icon name="Gears" x=888 y=538
ZWL HOME icon name="X terminal" x=1032 y=538
ZWL HOME icon name="Lock Screen" x=1176 y=538
ZWL HOME icon name="Log Out" x=1320 y=538
ZGEARS FPS run=gears frames=11400 fps=14.8
ZWL HOME close via=escape at_ms=932386
ZWL FIRST_FRAME what=home-close frame=14389 request_ms=932386 ms=28
ZWL HOME closed at_ms=932632
ZWL PERF 5026ms: passes=728 timeouts=67 | poll 31.5% work 68.1%
ZWL PERF compose frames=87 draw_ms=36.32 (acquire 0.05 submit+present 33.18) frame_ms=37.20
ZWL GLASS moved surface=7 x=980 y=372
ZWL GLASS moved surface=7 x=880 y=332
ZWL WISEVIEW opening key at_ms=937165
ZWL FIRST_FRAME what=wiseview-open frame=14463 request_ms=937165 ms=42
ZWL WISEVIEW open windows=10 at_ms=937370
ZWL WISEVIEW tile client=9 surface=7 x=83 y=86 width=380 height=253
ZWL WISEVIEW tile client=10 surface=1146 x=528 y=90 width=406 height=244
ZWL WISEVIEW tile client=10 surface=14 x=1036 y=90 width=305 height=244
ZWL WISEVIEW tile client=8 surface=7 x=1484 y=90 width=325 height=244
ZWL WISEVIEW tile client=7 surface=14 x=104 y=404 width=338 height=244
ZWL WISEVIEW tile client=6 surface=14 x=570 y=404 width=321 height=244
ZWL WISEVIEW tile client=5 surface=14 x=1012 y=404 width=353 height=244
ZWL WISEVIEW tile client=4 surface=8 x=1467 y=404 width=359 height=244
ZWL WISEVIEW tile client=3 surface=16 x=568 y=718 width=325 height=244
ZWL WISEVIEW tile client=2 surface=8 x=999 y=718 width=379 height=244
ZGEARS FPS run=gears frames=11500 fps=14.7
ZWL PERF 5010ms: passes=695 timeouts=69 | poll 31.9% work 67.6%
ZWL PERF compose frames=89 draw_ms=35.14 (acquire 0.05 submit+present 32.84) frame_ms=36.02
ZWL WISEVIEW close key at_ms=939403
ZWL FIRST_FRAME what=wiseview-close frame=14519 request_ms=939403 ms=17
ZWL WISEVIEW closed at_ms=939603
ZWL HOME open via=launcher at_ms=941773
ZWL FIRST_FRAME what=home-open frame=14557 request_ms=941773 ms=57
ZWL HOME opened apps=12 pages=1 page=1 at_ms=942053
ZWL HOME icon name="Files" x=600 y=386
ZWL HOME icon name="Notes" x=744 y=386
ZWL HOME icon name="Settings" x=888 y=386
ZWL HOME icon name="Terminal" x=1032 y=386
ZWL HOME icon name="PDF Viewer" x=1176 y=386
ZWL HOME icon name="Image Viewer" x=1320 y=386
ZWL HOME icon name="Browser" x=600 y=538
ZWL HOME icon name="Model viewer" x=744 y=538
ZWL HOME icon name="Gears" x=888 y=538
ZWL HOME icon name="X terminal" x=1032 y=538
ZWL HOME icon name="Lock Screen" x=1176 y=538
ZWL HOME icon name="Log Out" x=1320 y=538
ZWL PERF 5031ms: passes=732 timeouts=69 | poll 32.3% work 67.3%
ZWL PERF compose frames=95 draw_ms=32.95 (acquire 0.06 submit+present 30.35) frame_ms=33.79
ZWL HOME close via=escape at_ms=944012
ZWL FIRST_FRAME what=home-close frame=14600 request_ms=944012 ms=28
ZWL HOME closed at_ms=944299
ZGEARS FPS run=gears frames=11600 fps=15.4
ZWL GLASS moved surface=7 x=980 y=372
ZWL GLASS moved surface=7 x=880 y=332
ZWL PERF 5034ms: passes=727 timeouts=65 | poll 31.6% work 68.0%
ZWL PERF compose frames=84 draw_ms=37.94 (acquire 0.05 submit+present 35.42) frame_ms=38.69
ZWL WISEVIEW opening key at_ms=948786
ZWL FIRST_FRAME what=wiseview-open frame=14677 request_ms=948786 ms=34
ZWL WISEVIEW open windows=10 at_ms=948989
ZWL WISEVIEW tile client=9 surface=7 x=83 y=86 width=380 height=253
ZWL WISEVIEW tile client=10 surface=1146 x=528 y=90 width=406 height=244
ZWL WISEVIEW tile client=10 surface=14 x=1036 y=90 width=305 height=244
ZWL WISEVIEW tile client=8 surface=7 x=1484 y=90 width=325 height=244
ZWL WISEVIEW tile client=7 surface=14 x=104 y=404 width=338 height=244
ZWL WISEVIEW tile client=6 surface=14 x=570 y=404 width=321 height=244
ZWL WISEVIEW tile client=5 surface=14 x=1012 y=404 width=353 height=244
ZWL WISEVIEW tile client=4 surface=8 x=1467 y=404 width=359 height=244
ZWL WISEVIEW tile client=3 surface=16 x=568 y=718 width=325 height=244
ZWL WISEVIEW tile client=2 surface=8 x=999 y=718 width=379 height=244
ZWL WISEVIEW close key at_ms=951014
ZWL FIRST_FRAME what=wiseview-close frame=14735 request_ms=951014 ms=38
ZWL WISEVIEW closed at_ms=951221
ZGEARS FPS run=gears frames=11700 fps=13.4
ZWL HOME open via=launcher at_ms=953365
ZWL FIRST_FRAME what=home-open frame=14773 request_ms=953365 ms=52
ZWL PERF 5015ms: passes=742 timeouts=66 | poll 32.7% work 66.9%
ZWL PERF compose frames=103 draw_ms=30.11 (acquire 0.06 submit+present 28.08) frame_ms=30.91
ZWL HOME opened apps=12 pages=1 page=1 at_ms=953667
ZWL HOME icon name="Files" x=600 y=386
ZWL HOME icon name="Notes" x=744 y=386
ZWL HOME icon name="Settings" x=888 y=386
ZWL HOME icon name="Terminal" x=1032 y=386
ZWL HOME icon name="PDF Viewer" x=1176 y=386
ZWL HOME icon name="Image Viewer" x=1320 y=386
ZWL HOME icon name="Browser" x=600 y=538
ZWL HOME icon name="Model viewer" x=744 y=538
ZWL HOME icon name="Gears" x=888 y=538
ZWL HOME icon name="X terminal" x=1032 y=538
ZWL HOME icon name="Lock Screen" x=1176 y=538
ZWL HOME icon name="Log Out" x=1320 y=538
ZWL HOME close via=escape at_ms=955608
ZWL FIRST_FRAME what=home-close frame=14817 request_ms=955608 ms=38
ZWL HOME closed at_ms=955859
ZWL GLASS moved surface=7 x=980 y=372
ZWL PERF 5000ms: passes=727 timeouts=71 | poll 32.5% work 67.2%
ZWL PERF compose frames=87 draw_ms=36.03 (acquire 0.04 submit+present 33.08) frame_ms=36.75
ZGEARS FPS run=gears frames=11800 fps=15.0
ZWL GLASS moved surface=7 x=880 y=332
ZWL WISEVIEW opening key at_ms=961455
ZWL FIRST_FRAME what=wiseview-open frame=14908 request_ms=961455 ms=38
ZWL WISEVIEW open windows=10 at_ms=961689
ZWL WISEVIEW tile client=9 surface=7 x=83 y=86 width=380 height=253
ZWL WISEVIEW tile client=10 surface=1146 x=528 y=90 width=406 height=244
ZWL WISEVIEW tile client=10 surface=14 x=1036 y=90 width=305 height=244
ZWL WISEVIEW tile client=8 surface=7 x=1484 y=90 width=325 height=244
ZWL WISEVIEW tile client=7 surface=14 x=104 y=404 width=338 height=244
ZWL WISEVIEW tile client=6 surface=14 x=570 y=404 width=321 height=244
ZWL WISEVIEW tile client=5 surface=14 x=1012 y=404 width=353 height=244
ZWL WISEVIEW tile client=4 surface=8 x=1467 y=404 width=359 height=244
ZWL WISEVIEW tile client=3 surface=16 x=568 y=718 width=325 height=244
ZWL WISEVIEW tile client=2 surface=8 x=999 y=718 width=379 height=244
ZWL PERF 5012ms: passes=679 timeouts=67 | poll 32.1% work 67.5%
ZWL PERF compose frames=96 draw_ms=32.54 (acquire 0.06 submit+present 30.40) frame_ms=33.40
ZWL WISEVIEW close key at_ms=963708
ZWL FIRST_FRAME what=wiseview-close frame=14964 request_ms=963708 ms=25
ZWL WISEVIEW closed at_ms=963908
ZWL HOME open via=launcher at_ms=966061
ZGEARS FPS run=gears frames=11900 fps=13.7
ZWL FIRST_FRAME what=home-open frame=15002 request_ms=966061 ms=48
ZWL HOME opened apps=12 pages=1 page=1 at_ms=966347
ZWL HOME icon name="Files" x=600 y=386
ZWL HOME icon name="Notes" x=744 y=386
ZWL HOME icon name="Settings" x=888 y=386
ZWL HOME icon name="Terminal" x=1032 y=386
ZWL HOME icon name="PDF Viewer" x=1176 y=386
ZWL HOME icon name="Image Viewer" x=1320 y=386
ZWL HOME icon name="Browser" x=600 y=538
ZWL HOME icon name="Model viewer" x=744 y=538
ZWL HOME icon name="Gears" x=888 y=538
ZWL HOME icon name="X terminal" x=1032 y=538
ZWL HOME icon name="Lock Screen" x=1176 y=538
ZWL HOME icon name="Log Out" x=1320 y=538
ZWL HOME close via=escape at_ms=968257
ZWL FIRST_FRAME what=home-close frame=15046 request_ms=968257 ms=26
ZWL HOME closed at_ms=968549
ZWL PERF 5062ms: passes=666 timeouts=64 | poll 32.2% work 67.5%
ZWL PERF compose frames=93 draw_ms=34.36 (acquire 0.04 submit+present 31.39) frame_ms=35.01
ZWL GLASS moved surface=7 x=980 y=372
ZWL GLASS moved surface=7 x=880 y=332
ZGEARS FPS run=gears frames=12000 fps=14.9
ZWL HOME open via=launcher at_ms=973119
ZWL FIRST_FRAME what=home-open frame=15121 request_ms=973119 ms=38
ZWL HOME opened apps=12 pages=1 page=1 at_ms=973400
ZWL HOME icon name="Files" x=600 y=386
ZWL HOME icon name="Notes" x=744 y=386
ZWL HOME icon name="Settings" x=888 y=386
ZWL HOME icon name="Terminal" x=1032 y=386
ZWL HOME icon name="PDF Viewer" x=1176 y=386
ZWL HOME icon name="Image Viewer" x=1320 y=386
ZWL HOME icon name="Browser" x=600 y=538
ZWL HOME icon name="Model viewer" x=744 y=538
ZWL HOME icon name="Gears" x=888 y=538
ZWL HOME icon name="X terminal" x=1032 y=538
ZWL HOME icon name="Lock Screen" x=1176 y=538
ZWL HOME icon name="Log Out" x=1320 y=538
ZWL PERF 5015ms: passes=651 timeouts=75 | poll 31.7% work 67.9%
ZWL PERF compose frames=78 draw_ms=40.59 (acquire 0.05 submit+present 37.86) frame_ms=41.48
ZWL HOME launch name=Terminal pid=64
ZWL HOME close via=launch at_ms=974802
ZWL FIRST_FRAME what=home-close frame=15153 request_ms=974802 ms=36
ZWL CLIENT client=17 fd=25
ZWL INSET create client=17 inset=20 toplevel=16
ZWL EDIT create client=17 edit=24 toplevel=16
ZWL BOUNDS client=17 surface=14 width=1896 height=970
ZWL CONFIGURE client=17 surface=14 serial=435 width=0 height=0 fullscreen=0
ZWL SEAT client=17 pointer=1 keyboard=0 touch=0
ZWL SEAT client=17 pointer=1 keyboard=1 touch=0
ZWL IMPORT client=17 buffer=37 width=916 height=632 bytes=2318336
ZWL IMPORT client=17 buffer=38 width=916 height=632 bytes=2318336
ZWL IMPORT client=17 buffer=39 width=916 height=632 bytes=2318336
ZTERM MENU state selection=0 clipboard=0 pixels=16 fullscreen=0
ZWL MENU commit client=17 menu=43 serial=1 items=30 generation=1
ZWL MENU set client=17 place=44 menu=43
ZWL MENU commit client=17 menu=43 serial=2 items=30 generation=2
ZTERM MENU ready items=30
ZTERM TAB active id=1
ZTERM TAB new run=term id=1 count=1
ZTERM START run=term columns=90 rows=28 cell=10x22 window=916x632
ZTERM TABS count=1 active=1 mode=0
ZWL TITLEBAR create client=17 titlebar=48 toplevel=16
ZTERM TITLE tab=1 title=Terminal
ZWL EDIT state client=17 edit=24 actions=0xff flags=0xd
ZWL TITLEBAR commit client=17 titlebar=48 serial=1 mode=0 controls=0 tabs=1 generation=1
ZWL MAP client=17 surface=14 x=348 y=420
ZWL HOME launched waited_ms=159 at_ms=974961
ZWL GLASS launch surface=14 from=996,350 to=348,420 size=916x632
ZTERM CLIPBOARD selection text=0
ZTERM PRIMARY offer text=0
ZWL HOME closed at_ms=975044
ZWL MENU bar client=17 surface=14 where=floating item=1 offset=127 top=368 width=55 height=44
ZWL MENU bar client=17 surface=14 where=floating item=2 offset=184 top=368 width=47 height=44
ZWL MENU bar client=17 surface=14 where=floating item=3 offset=233 top=368 width=55 height=44
ZWL MENU bar client=17 surface=14 where=floating item=4 offset=290 top=368 width=76 height=44
ZWL MENU bar client=17 surface=14 where=floating item=5 offset=368 top=368 width=53 height=44
ZWL PERF 5024ms: passes=674 timeouts=67 | poll 31.6% work 68.0%
ZWL PERF compose frames=81 draw_ms=38.98 (acquire 0.05 submit+present 35.96) frame_ms=39.85
ZGEARS FPS run=gears frames=12100 fps=14.6
ZTERM TAB closed run=term id=1 count=0
ZTERM DONE run=term reason=shell-exited
ZWL CLIENT gone client=17 reason=flush
ZWL CLEANUP client=17 objects=35 unread_fds=0
ZWL HOME ended pid=64 status=0
ZWL PERF 5021ms: passes=690 timeouts=69 | poll 32.6% work 67.0%
ZWL PERF compose frames=72 draw_ms=43.08 (acquire 0.04 submit+present 40.43) frame_ms=44.00
ZWL WISEVIEW opening key at_ms=985478
ZWL FIRST_FRAME what=wiseview-open frame=15309 request_ms=985478 ms=43
ZWL WISEVIEW open windows=10 at_ms=985684
ZWL WISEVIEW tile client=9 surface=7 x=83 y=86 width=380 height=253
ZWL WISEVIEW tile client=10 surface=1146 x=528 y=90 width=406 height=244
ZWL WISEVIEW tile client=10 surface=14 x=1036 y=90 width=305 height=244
ZWL WISEVIEW tile client=8 surface=7 x=1484 y=90 width=325 height=244
ZWL WISEVIEW tile client=7 surface=14 x=104 y=404 width=338 height=244
ZWL WISEVIEW tile client=6 surface=14 x=570 y=404 width=321 height=244
ZWL WISEVIEW tile client=5 surface=14 x=1012 y=404 width=353 height=244
ZWL WISEVIEW tile client=4 surface=8 x=1467 y=404 width=359 height=244
ZWL WISEVIEW tile client=3 surface=16 x=568 y=718 width=325 height=244
ZWL WISEVIEW tile client=2 surface=8 x=999 y=718 width=379 height=244
ZGEARS FPS run=gears frames=12200 fps=13.5
ZWL WISEVIEW close key at_ms=987730
ZWL FIRST_FRAME what=wiseview-close frame=15367 request_ms=987730 ms=33
ZWL WISEVIEW closed at_ms=987938
ZWL PERF 5017ms: passes=724 timeouts=71 | poll 33.1% work 66.5%
ZWL PERF compose frames=100 draw_ms=30.95 (acquire 0.04 submit+present 29.03) frame_ms=31.73
ZWL HOME open via=launcher at_ms=990073
ZWL FIRST_FRAME what=home-open frame=15405 request_ms=990073 ms=36
ZWL HOME opened apps=12 pages=1 page=1 at_ms=990357
ZWL HOME icon name="Files" x=600 y=386
ZWL HOME icon name="Notes" x=744 y=386
ZWL HOME icon name="Settings" x=888 y=386
ZWL HOME icon name="Terminal" x=1032 y=386
ZWL HOME icon name="PDF Viewer" x=1176 y=386
ZWL HOME icon name="Image Viewer" x=1320 y=386
ZWL HOME icon name="Browser" x=600 y=538
ZWL HOME icon name="Model viewer" x=744 y=538
ZWL HOME icon name="Gears" x=888 y=538
ZWL HOME icon name="X terminal" x=1032 y=538
ZWL HOME icon name="Lock Screen" x=1176 y=538
ZWL HOME icon name="Log Out" x=1320 y=538
ZWL HOME close via=escape at_ms=992303
ZWL FIRST_FRAME what=home-close frame=15449 request_ms=992303 ms=32
ZWL HOME closed at_ms=992550
ZWL PERF 5020ms: passes=692 timeouts=62 | poll 31.7% work 68.0%
ZWL PERF compose frames=88 draw_ms=36.11 (acquire 0.05 submit+present 32.98) frame_ms=36.90
ZGEARS FPS run=gears frames=12300 fps=14.6
ZWL GLASS moved surface=7 x=980 y=372
ZWL GLASS moved surface=7 x=880 y=332
ZWL WISEVIEW opening key at_ms=997102
ZWL FIRST_FRAME what=wiseview-open frame=15524 request_ms=997102 ms=36
ZWL WISEVIEW open windows=10 at_ms=997303
ZWL WISEVIEW tile client=9 surface=7 x=83 y=86 width=380 height=253
ZWL WISEVIEW tile client=10 surface=1146 x=528 y=90 width=406 height=244
ZWL WISEVIEW tile client=10 surface=14 x=1036 y=90 width=305 height=244
ZWL WISEVIEW tile client=8 surface=7 x=1484 y=90 width=325 height=244
ZWL WISEVIEW tile client=7 surface=14 x=104 y=404 width=338 height=244
ZWL WISEVIEW tile client=6 surface=14 x=570 y=404 width=321 height=244
ZWL WISEVIEW tile client=5 surface=14 x=1012 y=404 width=353 height=244
ZWL WISEVIEW tile client=4 surface=8 x=1467 y=404 width=359 height=244
ZWL WISEVIEW tile client=3 surface=16 x=568 y=718 width=325 height=244
ZWL WISEVIEW tile client=2 surface=8 x=999 y=718 width=379 height=244
ZWL PERF 5019ms: passes=699 timeouts=68 | poll 31.8% work 67.8%
ZWL PERF compose frames=95 draw_ms=33.15 (acquire 0.05 submit+present 30.93) frame_ms=33.99
ZWL WISEVIEW close key at_ms=999345
ZWL FIRST_FRAME what=wiseview-close frame=15582 request_ms=999345 ms=27
ZWL WISEVIEW closed at_ms=999553
ZGEARS FPS run=gears frames=12400 fps=13.5
ZWL HOME open via=launcher at_ms=1001701
ZWL FIRST_FRAME what=home-open frame=15619 request_ms=1001701 ms=46
ZWL HOME opened apps=12 pages=1 page=1 at_ms=1001997
ZWL HOME icon name="Files" x=600 y=386
ZWL HOME icon name="Notes" x=744 y=386
ZWL HOME icon name="Settings" x=888 y=386
ZWL HOME icon name="Terminal" x=1032 y=386
ZWL HOME icon name="PDF Viewer" x=1176 y=386
ZWL HOME icon name="Image Viewer" x=1320 y=386
ZWL HOME icon name="Browser" x=600 y=538
ZWL HOME icon name="Model viewer" x=744 y=538
ZWL HOME icon name="Gears" x=888 y=538
ZWL HOME icon name="X terminal" x=1032 y=538
ZWL HOME icon name="Lock Screen" x=1176 y=538
ZWL HOME icon name="Log Out" x=1320 y=538
ZWL PERF 5012ms: passes=706 timeouts=75 | poll 32.4% work 67.2%
ZWL PERF compose frames=91 draw_ms=34.52 (acquire 0.04 submit+present 31.76) frame_ms=35.32
ZWL HOME close via=escape at_ms=1003937
ZWL FIRST_FRAME what=home-close frame=15662 request_ms=1003937 ms=33
ZWL HOME closed at_ms=1004177
ZWL GLASS moved surface=7 x=980 y=372
ZGEARS FPS run=gears frames=12500 fps=15.0
ZWL GLASS moved surface=7 x=880 y=332
ZWL PERF 5002ms: passes=657 timeouts=67 | poll 31.3% work 68.4%
ZWL PERF compose frames=79 draw_ms=40.02 (acquire 0.06 submit+present 37.12) frame_ms=40.90
ZWL WISEVIEW opening key at_ms=1008754
ZWL FIRST_FRAME what=wiseview-open frame=15736 request_ms=1008754 ms=35
ZWL WISEVIEW open windows=10 at_ms=1008959
ZWL WISEVIEW tile client=9 surface=7 x=83 y=86 width=380 height=253
ZWL WISEVIEW tile client=10 surface=1146 x=528 y=90 width=406 height=244
ZWL WISEVIEW tile client=10 surface=14 x=1036 y=90 width=305 height=244
ZWL WISEVIEW tile client=8 surface=7 x=1484 y=90 width=325 height=244
ZWL WISEVIEW tile client=7 surface=14 x=104 y=404 width=338 height=244
ZWL WISEVIEW tile client=6 surface=14 x=570 y=404 width=321 height=244
ZWL WISEVIEW tile client=5 surface=14 x=1012 y=404 width=353 height=244
ZWL WISEVIEW tile client=4 surface=8 x=1467 y=404 width=359 height=244
ZWL WISEVIEW tile client=3 surface=16 x=568 y=718 width=325 height=244
ZWL WISEVIEW tile client=2 surface=8 x=999 y=718 width=379 height=244
ZWL WISEVIEW close key at_ms=1010956
ZWL FIRST_FRAME what=wiseview-close frame=15792 request_ms=1010956 ms=26
ZWL WISEVIEW closed at_ms=1011189
ZWL HOME open via=launcher at_ms=1013320
ZWL FIRST_FRAME what=home-open frame=15829 request_ms=1013320 ms=48
ZWL HOME opened apps=12 pages=1 page=1 at_ms=1013600
ZWL HOME icon name="Files" x=600 y=386
ZWL HOME icon name="Notes" x=744 y=386
ZWL HOME icon name="Settings" x=888 y=386
ZWL HOME icon name="Terminal" x=1032 y=386
ZWL HOME icon name="PDF Viewer" x=1176 y=386
ZWL HOME icon name="Image Viewer" x=1320 y=386
ZWL HOME icon name="Browser" x=600 y=538
ZWL HOME icon name="Model viewer" x=744 y=538
ZWL HOME icon name="Gears" x=888 y=538
ZWL HOME icon name="X terminal" x=1032 y=538
ZWL HOME icon name="Lock Screen" x=1176 y=538
ZWL HOME icon name="Log Out" x=1320 y=538
ZWL PERF 5007ms: passes=684 timeouts=75 | poll 32.6% work 67.0%
ZWL PERF compose frames=101 draw_ms=30.66 (acquire 0.04 submit+present 28.73) frame_ms=31.52
ZGEARS FPS run=gears frames=12600 fps=14.5
ZWL HOME close via=escape at_ms=1015552
ZWL FIRST_FRAME what=home-close frame=15872 request_ms=1015552 ms=31
ZWL HOME closed at_ms=1015794
ZWL GLASS moved surface=7 x=980 y=372
ZWL PERF 5004ms: passes=675 timeouts=63 | poll 31.8% work 67.9%
ZWL PERF compose frames=87 draw_ms=36.44 (acquire 0.05 submit+present 33.53) frame_ms=37.19
ZWL GLASS moved surface=7 x=880 y=332
ZWL WISEVIEW opening key at_ms=1020307
ZWL FIRST_FRAME what=wiseview-open frame=15949 request_ms=1020307 ms=47
ZWL WISEVIEW open windows=10 at_ms=1020515
ZWL WISEVIEW tile client=9 surface=7 x=83 y=86 width=380 height=253
ZWL WISEVIEW tile client=10 surface=1146 x=528 y=90 width=406 height=244
ZWL WISEVIEW tile client=10 surface=14 x=1036 y=90 width=305 height=244
ZWL WISEVIEW tile client=8 surface=7 x=1484 y=90 width=325 height=244
ZWL WISEVIEW tile client=7 surface=14 x=104 y=404 width=338 height=244
ZWL WISEVIEW tile client=6 surface=14 x=570 y=404 width=321 height=244
ZWL WISEVIEW tile client=5 surface=14 x=1012 y=404 width=353 height=244
ZWL WISEVIEW tile client=4 surface=8 x=1467 y=404 width=359 height=244
ZWL WISEVIEW tile client=3 surface=16 x=568 y=718 width=325 height=244
ZWL WISEVIEW tile client=2 surface=8 x=999 y=718 width=379 height=244
ZGEARS FPS run=gears frames=12700 fps=14.0
ZWL WISEVIEW close key at_ms=1022556
ZWL FIRST_FRAME what=wiseview-close frame=16008 request_ms=1022556 ms=23
ZWL WISEVIEW closed at_ms=1022756
ZWL PERF 5002ms: passes=697 timeouts=63 | poll 32.2% work 67.5%
ZWL PERF compose frames=104 draw_ms=30.17 (acquire 0.05 submit+present 28.14) frame_ms=30.95
ZWL HOME open via=launcher at_ms=1024896
ZWL FIRST_FRAME what=home-open frame=16046 request_ms=1024896 ms=38
ZWL HOME opened apps=12 pages=1 page=1 at_ms=1025208
ZWL HOME icon name="Files" x=600 y=386
ZWL HOME icon name="Notes" x=744 y=386
ZWL HOME icon name="Settings" x=888 y=386
ZWL HOME icon name="Terminal" x=1032 y=386
ZWL HOME icon name="PDF Viewer" x=1176 y=386
ZWL HOME icon name="Image Viewer" x=1320 y=386
ZWL HOME icon name="Browser" x=600 y=538
ZWL HOME icon name="Model viewer" x=744 y=538
ZWL HOME icon name="Gears" x=888 y=538
ZWL HOME icon name="X terminal" x=1032 y=538
ZWL HOME icon name="Lock Screen" x=1176 y=538
ZWL HOME icon name="Log Out" x=1320 y=538
ZWL HOME close via=escape at_ms=1027136
ZWL FIRST_FRAME what=home-close frame=16091 request_ms=1027136 ms=68
ZWL HOME closed at_ms=1027424
ZGEARS FPS run=gears frames=12800 fps=14.9
ZWL PERF 5037ms: passes=681 timeouts=65 | poll 31.9% work 67.8%
ZWL PERF compose frames=88 draw_ms=35.92 (acquire 0.05 submit+present 32.71) frame_ms=36.68
ZWL GLASS moved surface=7 x=980 y=372
ZWL GLASS moved surface=7 x=880 y=332
ZWL WISEVIEW opening key at_ms=1031943
ZWL FIRST_FRAME what=wiseview-open frame=16166 request_ms=1031943 ms=35
ZWL WISEVIEW open windows=10 at_ms=1032144
ZWL WISEVIEW tile client=9 surface=7 x=83 y=86 width=380 height=253
ZWL WISEVIEW tile client=10 surface=1146 x=528 y=90 width=406 height=244
ZWL WISEVIEW tile client=10 surface=14 x=1036 y=90 width=305 height=244
ZWL WISEVIEW tile client=8 surface=7 x=1484 y=90 width=325 height=244
ZWL WISEVIEW tile client=7 surface=14 x=104 y=404 width=338 height=244
ZWL WISEVIEW tile client=6 surface=14 x=570 y=404 width=321 height=244
ZWL WISEVIEW tile client=5 surface=14 x=1012 y=404 width=353 height=244
ZWL WISEVIEW tile client=4 surface=8 x=1467 y=404 width=359 height=244
ZWL WISEVIEW tile client=3 surface=16 x=568 y=718 width=325 height=244
ZWL WISEVIEW tile client=2 surface=8 x=999 y=718 width=379 height=244
ZWL PERF 5014ms: passes=732 timeouts=63 | poll 31.9% work 67.8%
ZWL PERF compose frames=97 draw_ms=32.51 (acquire 0.05 submit+present 30.48) frame_ms=33.31
ZWL WISEVIEW close key at_ms=1034155
ZWL FIRST_FRAME what=wiseview-close frame=16223 request_ms=1034156 ms=23
ZWL WISEVIEW closed at_ms=1034358
ZGEARS FPS run=gears frames=12900 fps=13.6
ZWL HOME open via=launcher at_ms=1036522
ZWL FIRST_FRAME what=home-open frame=16261 request_ms=1036522 ms=48
ZWL HOME opened apps=12 pages=1 page=1 at_ms=1036830
ZWL HOME icon name="Files" x=600 y=386
ZWL HOME icon name="Notes" x=744 y=386
ZWL HOME icon name="Settings" x=888 y=386
ZWL HOME icon name="Terminal" x=1032 y=386
ZWL HOME icon name="PDF Viewer" x=1176 y=386
ZWL HOME icon name="Image Viewer" x=1320 y=386
ZWL HOME icon name="Browser" x=600 y=538
ZWL HOME icon name="Model viewer" x=744 y=538
ZWL HOME icon name="Gears" x=888 y=538
ZWL HOME icon name="X terminal" x=1032 y=538
ZWL HOME icon name="Lock Screen" x=1176 y=538
ZWL HOME icon name="Log Out" x=1320 y=538
ZWL HOME close via=escape at_ms=1038754
ZWL FIRST_FRAME what=home-close frame=16302 request_ms=1038754 ms=22
ZWL PERF 5012ms: passes=697 timeouts=61 | poll 31.7% work 68.0%
ZWL PERF compose frames=90 draw_ms=35.25 (acquire 0.08 submit+present 32.33) frame_ms=35.78
ZWL HOME closed at_ms=1039039
ZWL GLASS moved surface=7 x=980 y=372
ZWL GLASS moved surface=7 x=880 y=332
ZGEARS FPS run=gears frames=13000 fps=14.8
ZWL WISEVIEW opening key at_ms=1043549
ZWL FIRST_FRAME what=wiseview-open frame=16378 request_ms=1043549 ms=37
ZWL WISEVIEW open windows=10 at_ms=1043757
ZWL WISEVIEW tile client=9 surface=7 x=83 y=86 width=380 height=253
ZWL WISEVIEW tile client=10 surface=1146 x=528 y=90 width=406 height=244
ZWL WISEVIEW tile client=10 surface=14 x=1036 y=90 width=305 height=244
ZWL WISEVIEW tile client=8 surface=7 x=1484 y=90 width=325 height=244
ZWL WISEVIEW tile client=7 surface=14 x=104 y=404 width=338 height=244
ZWL WISEVIEW tile client=6 surface=14 x=570 y=404 width=321 height=244
ZWL WISEVIEW tile client=5 surface=14 x=1012 y=404 width=353 height=244
ZWL WISEVIEW tile client=4 surface=8 x=1467 y=404 width=359 height=244
ZWL WISEVIEW tile client=3 surface=16 x=568 y=718 width=325 height=244
ZWL WISEVIEW tile client=2 surface=8 x=999 y=718 width=379 height=244
ZWL PERF 5028ms: passes=687 timeouts=70 | poll 32.0% work 67.7%
ZWL PERF compose frames=81 draw_ms=38.87 (acquire 0.04 submit+present 36.29) frame_ms=40.06
ZWL WISEVIEW close key at_ms=1045770
ZWL FIRST_FRAME what=wiseview-close frame=16435 request_ms=1045770 ms=17
ZWL WISEVIEW closed at_ms=1045972
ZWL HOME open via=launcher at_ms=1048135
ZWL FIRST_FRAME what=home-open frame=16473 request_ms=1048135 ms=61
ZWL HOME opened apps=12 pages=1 page=1 at_ms=1048422
ZWL HOME icon name="Files" x=600 y=386
ZWL HOME icon name="Notes" x=744 y=386
ZWL HOME icon name="Settings" x=888 y=386
ZWL HOME icon name="Terminal" x=1032 y=386
ZWL HOME icon name="PDF Viewer" x=1176 y=386
ZWL HOME icon name="Image Viewer" x=1320 y=386
ZWL HOME icon name="Browser" x=600 y=538
ZWL HOME icon name="Model viewer" x=744 y=538
ZWL HOME icon name="Gears" x=888 y=538
ZWL HOME icon name="X terminal" x=1032 y=538
ZWL HOME icon name="Lock Screen" x=1176 y=538
ZWL HOME icon name="Log Out" x=1320 y=538
ZWL PERF 5020ms: passes=710 timeouts=67 | poll 31.8% work 67.8%
ZWL PERF compose frames=103 draw_ms=30.62 (acquire 0.05 submit+present 28.28) frame_ms=31.44
ZGEARS FPS run=gears frames=13100 fps=14.4
ZWL HOME close via=escape at_ms=1050386
ZWL FIRST_FRAME what=home-close frame=16517 request_ms=1050386 ms=35
ZWL HOME closed at_ms=1050631
ZWL GLASS moved surface=7 x=980 y=372
ZWL PERF 5047ms: passes=706 timeouts=73 | poll 32.1% work 67.6%
ZWL PERF compose frames=86 draw_ms=36.97 (acquire 0.05 submit+present 33.88) frame_ms=37.71
ZWL GLASS moved surface=7 x=880 y=332
ZWL WISEVIEW opening key at_ms=1055163
ZWL FIRST_FRAME what=wiseview-open frame=16593 request_ms=1055163 ms=43
ZWL WISEVIEW open windows=10 at_ms=1055363
ZWL WISEVIEW tile client=9 surface=7 x=83 y=86 width=380 height=253
ZWL WISEVIEW tile client=10 surface=1146 x=528 y=90 width=406 height=244
ZWL WISEVIEW tile client=10 surface=14 x=1036 y=90 width=305 height=244
ZWL WISEVIEW tile client=8 surface=7 x=1484 y=90 width=325 height=244
ZWL WISEVIEW tile client=7 surface=14 x=104 y=404 width=338 height=244
ZWL WISEVIEW tile client=6 surface=14 x=570 y=404 width=321 height=244
ZWL WISEVIEW tile client=5 surface=14 x=1012 y=404 width=353 height=244
ZWL WISEVIEW tile client=4 surface=8 x=1467 y=404 width=359 height=244
ZWL WISEVIEW tile client=3 surface=16 x=568 y=718 width=325 height=244
ZWL WISEVIEW tile client=2 surface=8 x=999 y=718 width=379 height=244
ZGEARS FPS run=gears frames=13200 fps=13.9
ZWL WISEVIEW close key at_ms=1057407
ZWL FIRST_FRAME what=wiseview-close frame=16648 request_ms=1057407 ms=24
ZWL WISEVIEW closed at_ms=1057648
ZWL PERF 5021ms: passes=725 timeouts=67 | poll 32.3% work 67.4%
ZWL PERF compose frames=100 draw_ms=31.33 (acquire 0.05 submit+present 29.44) frame_ms=32.09
ZWL HOME open via=launcher at_ms=1059786
ZWL FIRST_FRAME what=home-open frame=16687 request_ms=1059786 ms=49
ZWL HOME opened apps=12 pages=1 page=1 at_ms=1060073
ZWL HOME icon name="Files" x=600 y=386
ZWL HOME icon name="Notes" x=744 y=386
ZWL HOME icon name="Settings" x=888 y=386
ZWL HOME icon name="Terminal" x=1032 y=386
ZWL HOME icon name="PDF Viewer" x=1176 y=386
ZWL HOME icon name="Image Viewer" x=1320 y=386
ZWL HOME icon name="Browser" x=600 y=538
ZWL HOME icon name="Model viewer" x=744 y=538
ZWL HOME icon name="Gears" x=888 y=538
ZWL HOME icon name="X terminal" x=1032 y=538
ZWL HOME icon name="Lock Screen" x=1176 y=538
ZWL HOME icon name="Log Out" x=1320 y=538
ZWL HOME close via=escape at_ms=1061981
ZWL FIRST_FRAME what=home-close frame=16731 request_ms=1061981 ms=33
ZWL HOME closed at_ms=1062225
ZGEARS FPS run=gears frames=13300 fps=15.0
ZWL PERF 5035ms: passes=757 timeouts=62 | poll 31.9% work 67.8%
ZWL PERF compose frames=89 draw_ms=35.63 (acquire 0.05 submit+present 32.43) frame_ms=36.40
ZWL GLASS moved surface=7 x=980 y=372
ZWL GLASS moved surface=7 x=880 y=332
ZWL WISEVIEW opening key at_ms=1066772
ZWL FIRST_FRAME what=wiseview-open frame=16806 request_ms=1066772 ms=41
ZWL WISEVIEW open windows=10 at_ms=1066988
ZWL WISEVIEW tile client=9 surface=7 x=83 y=86 width=380 height=253
ZWL WISEVIEW tile client=10 surface=1146 x=528 y=90 width=406 height=244
ZWL WISEVIEW tile client=10 surface=14 x=1036 y=90 width=305 height=244
ZWL WISEVIEW tile client=8 surface=7 x=1484 y=90 width=325 height=244
ZWL WISEVIEW tile client=7 surface=14 x=104 y=404 width=338 height=244
ZWL WISEVIEW tile client=6 surface=14 x=570 y=404 width=321 height=244
ZWL WISEVIEW tile client=5 surface=14 x=1012 y=404 width=353 height=244
ZWL WISEVIEW tile client=4 surface=8 x=1467 y=404 width=359 height=244
ZWL WISEVIEW tile client=3 surface=16 x=568 y=718 width=325 height=244
ZWL WISEVIEW tile client=2 surface=8 x=999 y=718 width=379 height=244
ZWL PERF 5021ms: passes=734 timeouts=61 | poll 32.6% work 67.1%
ZWL PERF compose frames=97 draw_ms=32.21 (acquire 0.05 submit+present 30.21) frame_ms=32.95
ZWL WISEVIEW close key at_ms=1069005
ZWL FIRST_FRAME what=wiseview-close frame=16860 request_ms=1069005 ms=26
ZWL WISEVIEW closed at_ms=1069216
ZGEARS FPS run=gears frames=13400 fps=13.8
ZWL HOME open via=launcher at_ms=1071377
ZWL FIRST_FRAME what=home-open frame=16897 request_ms=1071378 ms=48
ZWL HOME opened apps=12 pages=1 page=1 at_ms=1071661
ZWL HOME icon name="Files" x=600 y=386
ZWL HOME icon name="Notes" x=744 y=386
ZWL HOME icon name="Settings" x=888 y=386
ZWL HOME icon name="Terminal" x=1032 y=386
ZWL HOME icon name="PDF Viewer" x=1176 y=386
ZWL HOME icon name="Image Viewer" x=1320 y=386
ZWL HOME icon name="Browser" x=600 y=538
ZWL HOME icon name="Model viewer" x=744 y=538
ZWL HOME icon name="Gears" x=888 y=538
ZWL HOME icon name="X terminal" x=1032 y=538
ZWL HOME icon name="Lock Screen" x=1176 y=538
ZWL HOME icon name="Log Out" x=1320 y=538
ZWL HOME close via=escape at_ms=1073617
ZWL FIRST_FRAME what=home-close frame=16944 request_ms=1073617 ms=29
ZWL HOME closed at_ms=1073858
ZWL PERF 5002ms: passes=690 timeouts=68 | poll 31.9% work 67.8%
ZWL PERF compose frames=90 draw_ms=34.97 (acquire 0.05 submit+present 31.85) frame_ms=35.73
ZWL GLASS moved surface=7 x=980 y=372
ZWL GLASS moved surface=7 x=880 y=332
ZGEARS FPS run=gears frames=13500 fps=14.9
ZWL WISEVIEW opening key at_ms=1078370
ZWL FIRST_FRAME what=wiseview-open frame=17016 request_ms=1078370 ms=44
ZWL WISEVIEW open windows=10 at_ms=1078573
ZWL WISEVIEW tile client=9 surface=7 x=83 y=86 width=380 height=253
ZWL WISEVIEW tile client=10 surface=1146 x=528 y=90 width=406 height=244
ZWL WISEVIEW tile client=10 surface=14 x=1036 y=90 width=305 height=244
ZWL WISEVIEW tile client=8 surface=7 x=1484 y=90 width=325 height=244
ZWL WISEVIEW tile client=7 surface=14 x=104 y=404 width=338 height=244
ZWL WISEVIEW tile client=6 surface=14 x=570 y=404 width=321 height=244
ZWL WISEVIEW tile client=5 surface=14 x=1012 y=404 width=353 height=244
ZWL WISEVIEW tile client=4 surface=8 x=1467 y=404 width=359 height=244
ZWL WISEVIEW tile client=3 surface=16 x=568 y=718 width=325 height=244
ZWL WISEVIEW tile client=2 surface=8 x=999 y=718 width=379 height=244
ZWL PERF 5011ms: passes=658 timeouts=80 | poll 31.8% work 67.8%
ZWL PERF compose frames=81 draw_ms=38.86 (acquire 0.05 submit+present 36.39) frame_ms=39.80
ZWL WISEVIEW close key at_ms=1080582
ZWL FIRST_FRAME what=wiseview-close frame=17073 request_ms=1080582 ms=27
ZWL WISEVIEW closed at_ms=1080789
ZWL HOME open via=launcher at_ms=1082956
ZWL FIRST_FRAME what=home-open frame=17111 request_ms=1082957 ms=35
ZWL HOME opened apps=12 pages=1 page=1 at_ms=1083242
ZWL HOME icon name="Files" x=600 y=386
ZWL HOME icon name="Notes" x=744 y=386
ZWL HOME icon name="Settings" x=888 y=386
ZWL HOME icon name="Terminal" x=1032 y=386
ZWL HOME icon name="PDF Viewer" x=1176 y=386
ZWL HOME icon name="Image Viewer" x=1320 y=386
ZWL HOME icon name="Browser" x=600 y=538
ZWL HOME icon name="Model viewer" x=744 y=538
ZWL HOME icon name="Gears" x=888 y=538
ZWL HOME icon name="X terminal" x=1032 y=538
ZWL HOME icon name="Lock Screen" x=1176 y=538
ZWL HOME icon name="Log Out" x=1320 y=538
ZWL PERF 5004ms: passes=745 timeouts=60 | poll 32.7% work 67.0%
ZWL PERF compose frames=101 draw_ms=30.93 (acquire 0.05 submit+present 28.79) frame_ms=31.69
ZGEARS FPS run=gears frames=13600 fps=14.3
ZWL HOME close via=escape at_ms=1085210
ZWL FIRST_FRAME what=home-close frame=17155 request_ms=1085210 ms=26
ZWL HOME closed at_ms=1085451
ZWL GLASS moved surface=7 x=980 y=372
ZWL PERF 5001ms: passes=673 timeouts=59 | poll 31.6% work 68.1%
ZWL PERF compose frames=84 draw_ms=37.87 (acquire 0.04 submit+present 34.96) frame_ms=38.67
ZWL GLASS moved surface=7 x=880 y=332
ZWL WISEVIEW opening key at_ms=1090626
ZWL FIRST_FRAME what=wiseview-open frame=17240 request_ms=1090626 ms=39
ZWL WISEVIEW open windows=10 at_ms=1090835
ZWL WISEVIEW tile client=9 surface=7 x=83 y=86 width=380 height=253
ZWL WISEVIEW tile client=10 surface=1146 x=528 y=90 width=406 height=244
ZWL WISEVIEW tile client=10 surface=14 x=1036 y=90 width=305 height=244
ZWL WISEVIEW tile client=8 surface=7 x=1484 y=90 width=325 height=244
ZWL WISEVIEW tile client=7 surface=14 x=104 y=404 width=338 height=244
ZWL WISEVIEW tile client=6 surface=14 x=570 y=404 width=321 height=244
ZWL WISEVIEW tile client=5 surface=14 x=1012 y=404 width=353 height=244
ZWL WISEVIEW tile client=4 surface=8 x=1467 y=404 width=359 height=244
ZWL WISEVIEW tile client=3 surface=16 x=568 y=718 width=325 height=244
ZWL WISEVIEW tile client=2 surface=8 x=999 y=718 width=379 height=244
ZGEARS FPS run=gears frames=13700 fps=14.0
ZWL WISEVIEW close key at_ms=1092838
ZWL FIRST_FRAME what=wiseview-close frame=17295 request_ms=1092838 ms=22
ZWL WISEVIEW closed at_ms=1093074
ZWL PERF 5035ms: passes=663 timeouts=69 | poll 32.3% work 67.3%
ZWL PERF compose frames=100 draw_ms=31.29 (acquire 0.04 submit+present 29.37) frame_ms=32.11
ZWL HOME open via=launcher at_ms=1095199
ZWL FIRST_FRAME what=home-open frame=17332 request_ms=1095199 ms=51
ZWL HOME opened apps=12 pages=1 page=1 at_ms=1095492
ZWL HOME icon name="Files" x=600 y=386
ZWL HOME icon name="Notes" x=744 y=386
ZWL HOME icon name="Settings" x=888 y=386
ZWL HOME icon name="Terminal" x=1032 y=386
ZWL HOME icon name="PDF Viewer" x=1176 y=386
ZWL HOME icon name="Image Viewer" x=1320 y=386
ZWL HOME icon name="Browser" x=600 y=538
ZWL HOME icon name="Model viewer" x=744 y=538
ZWL HOME icon name="Gears" x=888 y=538
ZWL HOME icon name="X terminal" x=1032 y=538
ZWL HOME icon name="Lock Screen" x=1176 y=538
ZWL HOME icon name="Log Out" x=1320 y=538
ZWL HOME close via=escape at_ms=1097416
ZWL FIRST_FRAME what=home-close frame=17375 request_ms=1097416 ms=33
ZWL HOME closed at_ms=1097657
ZGEARS FPS run=gears frames=13800 fps=14.8
ZWL PERF 5018ms: passes=749 timeouts=66 | poll 32.2% work 67.5%
ZWL PERF compose frames=85 draw_ms=37.16 (acquire 0.06 submit+present 34.14) frame_ms=37.89
ZWL GLASS moved surface=7 x=980 y=372
ZWL GLASS moved surface=7 x=880 y=332
ZWL HOME open via=launcher at_ms=1102316
ZWL FIRST_FRAME what=home-open frame=17452 request_ms=1102317 ms=33
ZWL HOME opened apps=12 pages=1 page=1 at_ms=1102598
ZWL HOME icon name="Files" x=600 y=386
ZWL HOME icon name="Notes" x=744 y=386
ZWL HOME icon name="Settings" x=888 y=386
ZWL HOME icon name="Terminal" x=1032 y=386
ZWL HOME icon name="PDF Viewer" x=1176 y=386
ZWL HOME icon name="Image Viewer" x=1320 y=386
ZWL HOME icon name="Browser" x=600 y=538
ZWL HOME icon name="Model viewer" x=744 y=538
ZWL HOME icon name="Gears" x=888 y=538
ZWL HOME icon name="X terminal" x=1032 y=538
ZWL HOME icon name="Lock Screen" x=1176 y=538
ZWL HOME icon name="Log Out" x=1320 y=538
ZWL HOME launch name=Terminal pid=66
ZWL HOME close via=launch at_ms=1103945
ZWL FIRST_FRAME what=home-close frame=17484 request_ms=1103945 ms=30
ZWL CLIENT client=18 fd=25
ZWL INSET create client=18 inset=20 toplevel=16
ZWL EDIT create client=18 edit=24 toplevel=16
ZWL BOUNDS client=18 surface=14 width=1896 height=970
ZWL CONFIGURE client=18 surface=14 serial=496 width=0 height=0 fullscreen=0
ZWL SEAT client=18 pointer=1 keyboard=0 touch=0
ZWL SEAT client=18 pointer=1 keyboard=1 touch=0
ZWL PERF 5024ms: passes=670 timeouts=69 | poll 31.1% work 68.6%
ZWL PERF compose frames=87 draw_ms=36.89 (acquire 0.05 submit+present 33.95) frame_ms=37.73
ZWL IMPORT client=18 buffer=37 width=916 height=632 bytes=2318336
ZWL IMPORT client=18 buffer=38 width=916 height=632 bytes=2318336
ZWL IMPORT client=18 buffer=39 width=916 height=632 bytes=2318336
ZTERM MENU state selection=0 clipboard=0 pixels=16 fullscreen=0
ZWL MENU commit client=18 menu=43 serial=1 items=30 generation=1
ZWL MENU set client=18 place=44 menu=43
ZWL MENU commit client=18 menu=43 serial=2 items=30 generation=2
ZTERM MENU ready items=30
ZTERM TAB active id=1
ZTERM TAB new run=term id=1 count=1
ZTERM START run=term columns=90 rows=28 cell=10x22 window=916x632
ZTERM TABS count=1 active=1 mode=0
ZTERM TITLE tab=1 title=Terminal
ZWL TITLEBAR create client=18 titlebar=48 toplevel=16
ZWL EDIT state client=18 edit=24 actions=0xff flags=0xd
ZWL TITLEBAR commit client=18 titlebar=48 serial=1 mode=0 controls=0 tabs=1 generation=1
ZWL MAP client=18 surface=14 x=348 y=420
ZWL HOME launched waited_ms=139 at_ms=1104084
ZWL GLASS launch surface=14 from=996,350 to=348,420 size=916x632
ZTERM CLIPBOARD selection text=0
ZTERM PRIMARY offer text=0
ZWL HOME closed at_ms=1104186
ZWL MENU bar client=18 surface=14 where=floating item=1 offset=127 top=368 width=55 height=44
ZWL MENU bar client=18 surface=14 where=floating item=2 offset=184 top=368 width=47 height=44
ZWL MENU bar client=18 surface=14 where=floating item=3 offset=233 top=368 width=55 height=44
ZWL MENU bar client=18 surface=14 where=floating item=4 offset=290 top=368 width=76 height=44
ZWL MENU bar client=18 surface=14 where=floating item=5 offset=368 top=368 width=53 height=44
ZGEARS FPS run=gears frames=13900 fps=14.2
ZWL PERF 5003ms: passes=703 timeouts=56 | poll 31.4% work 68.2%
ZWL PERF compose frames=74 draw_ms=42.65 (acquire 0.05 submit+present 40.01) frame_ms=43.56
ZTERM TAB closed run=term id=1 count=0
ZTERM DONE run=term reason=shell-exited
ZWL CLIENT gone client=18 reason=flush
ZWL CLEANUP client=18 objects=35 unread_fds=0
ZWL HOME ended pid=66 status=0
ZGEARS FPS run=gears frames=14000 fps=13.3
ZWL PERF 5025ms: passes=653 timeouts=63 | poll 32.1% work 67.6%
ZWL PERF compose frames=77 draw_ms=41.01 (acquire 0.06 submit+present 37.97) frame_ms=41.89
ZWL WISEVIEW opening key at_ms=1114591
ZWL FIRST_FRAME what=wiseview-open frame=17644 request_ms=1114592 ms=33
ZWL WISEVIEW open windows=10 at_ms=1114794
ZWL WISEVIEW tile client=9 surface=7 x=83 y=86 width=380 height=253
ZWL WISEVIEW tile client=10 surface=1146 x=528 y=90 width=406 height=244
ZWL WISEVIEW tile client=10 surface=14 x=1036 y=90 width=305 height=244
ZWL WISEVIEW tile client=8 surface=7 x=1484 y=90 width=325 height=244
ZWL WISEVIEW tile client=7 surface=14 x=104 y=404 width=338 height=244
ZWL WISEVIEW tile client=6 surface=14 x=570 y=404 width=321 height=244
ZWL WISEVIEW tile client=5 surface=14 x=1012 y=404 width=353 height=244
ZWL WISEVIEW tile client=4 surface=8 x=1467 y=404 width=359 height=244
ZWL WISEVIEW tile client=3 surface=16 x=568 y=718 width=325 height=244
ZWL WISEVIEW tile client=2 surface=8 x=999 y=718 width=379 height=244
ZWL WISEVIEW close key at_ms=1116793
ZWL FIRST_FRAME what=wiseview-close frame=17699 request_ms=1116793 ms=31
ZWL WISEVIEW closed at_ms=1117013
ZWL PERF 5036ms: passes=666 timeouts=78 | poll 32.9% work 66.8%
ZWL PERF compose frames=97 draw_ms=32.00 (acquire 0.04 submit+present 29.79) frame_ms=32.77
ZWL HOME open via=launcher at_ms=1119146
ZWL FIRST_FRAME what=home-open frame=17735 request_ms=1119146 ms=54
ZWL HOME opened apps=12 pages=1 page=1 at_ms=1119428
ZWL HOME icon name="Files" x=600 y=386
ZWL HOME icon name="Notes" x=744 y=386
ZWL HOME icon name="Settings" x=888 y=386
ZWL HOME icon name="Terminal" x=1032 y=386
ZWL HOME icon name="PDF Viewer" x=1176 y=386
ZWL HOME icon name="Image Viewer" x=1320 y=386
ZWL HOME icon name="Browser" x=600 y=538
ZWL HOME icon name="Model viewer" x=744 y=538
ZWL HOME icon name="Gears" x=888 y=538
ZWL HOME icon name="X terminal" x=1032 y=538
ZWL HOME icon name="Lock Screen" x=1176 y=538
ZWL HOME icon name="Log Out" x=1320 y=538
ZGEARS FPS run=gears frames=14100 fps=13.8
ZWL HOME close via=escape at_ms=1121367
ZWL FIRST_FRAME what=home-close frame=17777 request_ms=1121367 ms=32
ZWL HOME closed at_ms=1121649
ZWL PERF 5003ms: passes=696 timeouts=63 | poll 31.4% work 68.3%
ZWL PERF compose frames=86 draw_ms=37.01 (acquire 0.05 submit+present 33.95) frame_ms=37.83
ZWL GLASS moved surface=7 x=980 y=372
ZWL GLASS moved surface=7 x=880 y=332
ZWL WISEVIEW opening key at_ms=1126145
ZWL FIRST_FRAME what=wiseview-open frame=17853 request_ms=1126145 ms=42
ZWL WISEVIEW open windows=10 at_ms=1126355
ZWL WISEVIEW tile client=9 surface=7 x=83 y=86 width=380 height=253
ZWL WISEVIEW tile client=10 surface=1146 x=528 y=90 width=406 height=244
ZWL WISEVIEW tile client=10 surface=14 x=1036 y=90 width=305 height=244
ZWL WISEVIEW tile client=8 surface=7 x=1484 y=90 width=325 height=244
ZWL WISEVIEW tile client=7 surface=14 x=104 y=404 width=338 height=244
ZWL WISEVIEW tile client=6 surface=14 x=570 y=404 width=321 height=244
ZWL WISEVIEW tile client=5 surface=14 x=1012 y=404 width=353 height=244
ZWL WISEVIEW tile client=4 surface=8 x=1467 y=404 width=359 height=244
ZWL WISEVIEW tile client=3 surface=16 x=568 y=718 width=325 height=244
ZWL WISEVIEW tile client=2 surface=8 x=999 y=718 width=379 height=244
ZGEARS FPS run=gears frames=14200 fps=14.1
ZWL WISEVIEW close key at_ms=1128389
ZWL FIRST_FRAME what=wiseview-close frame=17910 request_ms=1128389 ms=24
ZWL WISEVIEW closed at_ms=1128606
ZWL PERF 5034ms: passes=723 timeouts=67 | poll 32.4% work 67.2%
ZWL PERF compose frames=102 draw_ms=30.78 (acquire 0.05 submit+present 28.74) frame_ms=31.54
ZWL HOME open via=launcher at_ms=1130736
ZWL FIRST_FRAME what=home-open frame=17948 request_ms=1130736 ms=51
ZWL HOME opened apps=12 pages=1 page=1 at_ms=1131018
ZWL HOME icon name="Files" x=600 y=386
ZWL HOME icon name="Notes" x=744 y=386
ZWL HOME icon name="Settings" x=888 y=386
ZWL HOME icon name="Terminal" x=1032 y=386
ZWL HOME icon name="PDF Viewer" x=1176 y=386
ZWL HOME icon name="Image Viewer" x=1320 y=386
ZWL HOME icon name="Browser" x=600 y=538
ZWL HOME icon name="Model viewer" x=744 y=538
ZWL HOME icon name="Gears" x=888 y=538
ZWL HOME icon name="X terminal" x=1032 y=538
ZWL HOME icon name="Lock Screen" x=1176 y=538
ZWL HOME icon name="Log Out" x=1320 y=538
ZWL HOME close via=escape at_ms=1132980
ZWL FIRST_FRAME what=home-close frame=17993 request_ms=1132980 ms=34
ZWL HOME closed at_ms=1133220
ZWL PERF 5007ms: passes=715 timeouts=59 | poll 31.8% work 67.9%
ZWL PERF compose frames=89 draw_ms=35.54 (acquire 0.05 submit+present 32.46) frame_ms=36.25
ZGEARS FPS run=gears frames=14300 fps=14.8
ZWL GLASS moved surface=7 x=980 y=372
ZWL GLASS moved surface=7 x=880 y=332
ZWL WISEVIEW opening key at_ms=1137792
ZWL FIRST_FRAME what=wiseview-open frame=18066 request_ms=1137792 ms=47
ZWL WISEVIEW open windows=10 at_ms=1138019
ZWL WISEVIEW tile client=9 surface=7 x=83 y=86 width=380 height=253
ZWL WISEVIEW tile client=10 surface=1146 x=528 y=90 width=406 height=244
ZWL WISEVIEW tile client=10 surface=14 x=1036 y=90 width=305 height=244
ZWL WISEVIEW tile client=8 surface=7 x=1484 y=90 width=325 height=244
ZWL WISEVIEW tile client=7 surface=14 x=104 y=404 width=338 height=244
ZWL WISEVIEW tile client=6 surface=14 x=570 y=404 width=321 height=244
ZWL WISEVIEW tile client=5 surface=14 x=1012 y=404 width=353 height=244
ZWL WISEVIEW tile client=4 surface=8 x=1467 y=404 width=359 height=244
ZWL WISEVIEW tile client=3 surface=16 x=568 y=718 width=325 height=244
ZWL WISEVIEW tile client=2 surface=8 x=999 y=718 width=379 height=244
ZWL PERF 5013ms: passes=692 timeouts=63 | poll 32.1% work 67.5%
ZWL PERF compose frames=88 draw_ms=35.61 (acquire 0.05 submit+present 33.44) frame_ms=36.42
ZWL WISEVIEW close key at_ms=1139992
ZWL FIRST_FRAME what=wiseview-close frame=18121 request_ms=1139992 ms=27
ZWL WISEVIEW closed at_ms=1140208
ZGEARS FPS run=gears frames=14400 fps=14.0
ZWL HOME open via=launcher at_ms=1142388
ZWL FIRST_FRAME what=home-open frame=18159 request_ms=1142388 ms=51
ZWL HOME opened apps=12 pages=1 page=1 at_ms=1142715
ZWL HOME icon name="Files" x=600 y=386
ZWL HOME icon name="Notes" x=744 y=386
ZWL HOME icon name="Settings" x=888 y=386
ZWL HOME icon name="Terminal" x=1032 y=386
ZWL HOME icon name="PDF Viewer" x=1176 y=386
ZWL HOME icon name="Image Viewer" x=1320 y=386
ZWL HOME icon name="Browser" x=600 y=538
ZWL HOME icon name="Model viewer" x=744 y=538
ZWL HOME icon name="Gears" x=888 y=538
ZWL HOME icon name="X terminal" x=1032 y=538
ZWL HOME icon name="Lock Screen" x=1176 y=538
ZWL HOME icon name="Log Out" x=1320 y=538
ZWL PERF 5031ms: passes=691 timeouts=66 | poll 32.1% work 67.6%
ZWL PERF compose frames=95 draw_ms=33.23 (acquire 0.05 submit+present 30.61) frame_ms=33.97
ZWL HOME close via=escape at_ms=1144618
ZWL FIRST_FRAME what=home-close frame=18202 request_ms=1144618 ms=35
ZWL HOME closed at_ms=1144859
ZWL GLASS moved surface=7 x=980 y=372
ZGEARS FPS run=gears frames=14500 fps=14.6
ZWL GLASS moved surface=7 x=880 y=332
ZWL PERF 5030ms: passes=663 timeouts=62 | poll 31.7% work 68.0%
ZWL PERF compose frames=80 draw_ms=40.05 (acquire 0.05 submit+present 37.38) frame_ms=40.84
ZWL WISEVIEW opening key at_ms=1149353
ZWL FIRST_FRAME what=wiseview-open frame=18276 request_ms=1149353 ms=48
ZWL WISEVIEW open windows=10 at_ms=1149553
ZWL WISEVIEW tile client=9 surface=7 x=83 y=86 width=380 height=253
ZWL WISEVIEW tile client=10 surface=1146 x=528 y=90 width=406 height=244
ZWL WISEVIEW tile client=10 surface=14 x=1036 y=90 width=305 height=244
ZWL WISEVIEW tile client=8 surface=7 x=1484 y=90 width=325 height=244
ZWL WISEVIEW tile client=7 surface=14 x=104 y=404 width=338 height=244
ZWL WISEVIEW tile client=6 surface=14 x=570 y=404 width=321 height=244
ZWL WISEVIEW tile client=5 surface=14 x=1012 y=404 width=353 height=244
ZWL WISEVIEW tile client=4 surface=8 x=1467 y=404 width=359 height=244
ZWL WISEVIEW tile client=3 surface=16 x=568 y=718 width=325 height=244
ZWL WISEVIEW tile client=2 surface=8 x=999 y=718 width=379 height=244
ZWL WISEVIEW close key at_ms=1151618
ZWL FIRST_FRAME what=wiseview-close frame=18333 request_ms=1151618 ms=23
ZWL WISEVIEW closed at_ms=1151843
ZWL HOME open via=launcher at_ms=1153956
ZWL FIRST_FRAME what=home-open frame=18371 request_ms=1153957 ms=34
ZWL PERF 5025ms: passes=716 timeouts=69 | poll 31.9% work 67.7%
ZWL PERF compose frames=102 draw_ms=30.97 (acquire 0.05 submit+present 28.91) frame_ms=31.74
ZWL HOME opened apps=12 pages=1 page=1 at_ms=1154242
ZWL HOME icon name="Files" x=600 y=386
ZWL HOME icon name="Notes" x=744 y=386
ZWL HOME icon name="Settings" x=888 y=386
ZWL HOME icon name="Terminal" x=1032 y=386
ZWL HOME icon name="PDF Viewer" x=1176 y=386
ZWL HOME icon name="Image Viewer" x=1320 y=386
ZWL HOME icon name="Browser" x=600 y=538
ZWL HOME icon name="Model viewer" x=744 y=538
ZWL HOME icon name="Gears" x=888 y=538
ZWL HOME icon name="X terminal" x=1032 y=538
ZWL HOME icon name="Lock Screen" x=1176 y=538
ZWL HOME icon name="Log Out" x=1320 y=538
ZGEARS FPS run=gears frames=14600 fps=14.1
ZWL HOME close via=escape at_ms=1156208
ZWL FIRST_FRAME what=home-close frame=18415 request_ms=1156208 ms=26
ZWL HOME closed at_ms=1156470
ZWL GLASS moved surface=7 x=980 y=372
ZWL PERF 5017ms: passes=683 timeouts=72 | poll 31.6% work 68.1%
ZWL PERF compose frames=87 draw_ms=36.78 (acquire 0.06 submit+present 33.48) frame_ms=37.53
ZWL GLASS moved surface=7 x=880 y=332
ZWL WISEVIEW opening key at_ms=1160993
ZWL FIRST_FRAME what=wiseview-open frame=18490 request_ms=1160993 ms=39
ZWL WISEVIEW open windows=10 at_ms=1161208
ZWL WISEVIEW tile client=9 surface=7 x=83 y=86 width=380 height=253
ZWL WISEVIEW tile client=10 surface=1146 x=528 y=90 width=406 height=244
ZWL WISEVIEW tile client=10 surface=14 x=1036 y=90 width=305 height=244
ZWL WISEVIEW tile client=8 surface=7 x=1484 y=90 width=325 height=244
ZWL WISEVIEW tile client=7 surface=14 x=104 y=404 width=338 height=244
ZWL WISEVIEW tile client=6 surface=14 x=570 y=404 width=321 height=244
ZWL WISEVIEW tile client=5 surface=14 x=1012 y=404 width=353 height=244
ZWL WISEVIEW tile client=4 surface=8 x=1467 y=404 width=359 height=244
ZWL WISEVIEW tile client=3 surface=16 x=568 y=718 width=325 height=244
ZWL WISEVIEW tile client=2 surface=8 x=999 y=718 width=379 height=244
ZGEARS FPS run=gears frames=14700 fps=13.9
ZWL WISEVIEW close key at_ms=1163211
ZWL FIRST_FRAME what=wiseview-close frame=18544 request_ms=1163211 ms=22
ZWL WISEVIEW closed at_ms=1163416
ZWL PERF 5021ms: passes=708 timeouts=62 | poll 32.2% work 67.5%
ZWL PERF compose frames=98 draw_ms=32.14 (acquire 0.05 submit+present 30.29) frame_ms=32.96
ZWL HOME open via=launcher at_ms=1165566
ZWL FIRST_FRAME what=home-open frame=18582 request_ms=1165566 ms=51
ZWL HOME opened apps=12 pages=1 page=1 at_ms=1165855
ZWL HOME icon name="Files" x=600 y=386
ZWL HOME icon name="Notes" x=744 y=386
ZWL HOME icon name="Settings" x=888 y=386
ZWL HOME icon name="Terminal" x=1032 y=386
ZWL HOME icon name="PDF Viewer" x=1176 y=386
ZWL HOME icon name="Image Viewer" x=1320 y=386
ZWL HOME icon name="Browser" x=600 y=538
ZWL HOME icon name="Model viewer" x=744 y=538
ZWL HOME icon name="Gears" x=888 y=538
ZWL HOME icon name="X terminal" x=1032 y=538
ZWL HOME icon name="Lock Screen" x=1176 y=538
ZWL HOME icon name="Log Out" x=1320 y=538
ZWL HOME close via=escape at_ms=1167842
ZWL FIRST_FRAME what=home-close frame=18627 request_ms=1167842 ms=25
ZWL HOME closed at_ms=1168122
ZGEARS FPS run=gears frames=14800 fps=14.9
ZWL PERF 5017ms: passes=676 timeouts=67 | poll 32.0% work 67.7%
ZWL PERF compose frames=89 draw_ms=35.55 (acquire 0.06 submit+present 32.41) frame_ms=36.27
ZWL GLASS moved surface=7 x=980 y=372
ZWL GLASS moved surface=7 x=880 y=332
ZWL WISEVIEW opening key at_ms=1172624
ZWL FIRST_FRAME what=wiseview-open frame=18701 request_ms=1172624 ms=40
ZWL WISEVIEW open windows=10 at_ms=1172825
ZWL WISEVIEW tile client=9 surface=7 x=83 y=86 width=380 height=253
ZWL WISEVIEW tile client=10 surface=1146 x=528 y=90 width=406 height=244
ZWL WISEVIEW tile client=10 surface=14 x=1036 y=90 width=305 height=244
ZWL WISEVIEW tile client=8 surface=7 x=1484 y=90 width=325 height=244
ZWL WISEVIEW tile client=7 surface=14 x=104 y=404 width=338 height=244
ZWL WISEVIEW tile client=6 surface=14 x=570 y=404 width=321 height=244
ZWL WISEVIEW tile client=5 surface=14 x=1012 y=404 width=353 height=244
ZWL WISEVIEW tile client=4 surface=8 x=1467 y=404 width=359 height=244
ZWL WISEVIEW tile client=3 surface=16 x=568 y=718 width=325 height=244
ZWL WISEVIEW tile client=2 surface=8 x=999 y=718 width=379 height=244
ZWL PERF 5009ms: passes=729 timeouts=60 | poll 31.6% work 68.0%
ZWL PERF compose frames=95 draw_ms=33.11 (acquire 0.04 submit+present 31.27) frame_ms=33.90
ZWL WISEVIEW close key at_ms=1174865
ZWL FIRST_FRAME what=wiseview-close frame=18759 request_ms=1174865 ms=20
ZWL WISEVIEW closed at_ms=1175068
ZGEARS FPS run=gears frames=14900 fps=13.7
ZWL HOME open via=launcher at_ms=1177245
ZWL FIRST_FRAME what=home-open frame=18796 request_ms=1177245 ms=45
ZWL HOME opened apps=12 pages=1 page=1 at_ms=1177533
ZWL HOME icon name="Files" x=600 y=386
ZWL HOME icon name="Notes" x=744 y=386
ZWL HOME icon name="Settings" x=888 y=386
ZWL HOME icon name="Terminal" x=1032 y=386
ZWL HOME icon name="PDF Viewer" x=1176 y=386
ZWL HOME icon name="Image Viewer" x=1320 y=386
ZWL HOME icon name="Browser" x=600 y=538
ZWL HOME icon name="Model viewer" x=744 y=538
ZWL HOME icon name="Gears" x=888 y=538
ZWL HOME icon name="X terminal" x=1032 y=538
ZWL HOME icon name="Lock Screen" x=1176 y=538
ZWL HOME icon name="Log Out" x=1320 y=538
ZWL PERF 5047ms: passes=687 timeouts=65 | poll 32.1% work 67.6%
ZWL PERF compose frames=92 draw_ms=34.44 (acquire 0.05 submit+present 31.60) frame_ms=35.24
ZWL HOME close via=escape at_ms=1179458
ZWL FIRST_FRAME what=home-close frame=18839 request_ms=1179458 ms=24
ZWL HOME closed at_ms=1179714
ZWL GLASS moved surface=7 x=980 y=372
ZGEARS FPS run=gears frames=15000 fps=14.9
ZWL GLASS moved surface=7 x=880 y=332
ZWL WISEVIEW opening key at_ms=1184304
ZWL FIRST_FRAME what=wiseview-open frame=18914 request_ms=1184304 ms=37
ZWL PERF 5002ms: passes=672 timeouts=65 | poll 31.5% work 68.1%
ZWL PERF compose frames=78 draw_ms=40.59 (acquire 0.07 submit+present 38.02) frame_ms=41.44
ZWL WISEVIEW open windows=10 at_ms=1184504
ZWL WISEVIEW tile client=9 surface=7 x=83 y=86 width=380 height=253
ZWL WISEVIEW tile client=10 surface=1146 x=528 y=90 width=406 height=244
ZWL WISEVIEW tile client=10 surface=14 x=1036 y=90 width=305 height=244
ZWL WISEVIEW tile client=8 surface=7 x=1484 y=90 width=325 height=244
ZWL WISEVIEW tile client=7 surface=14 x=104 y=404 width=338 height=244
ZWL WISEVIEW tile client=6 surface=14 x=570 y=404 width=321 height=244
ZWL WISEVIEW tile client=5 surface=14 x=1012 y=404 width=353 height=244
ZWL WISEVIEW tile client=4 surface=8 x=1467 y=404 width=359 height=244
ZWL WISEVIEW tile client=3 surface=16 x=568 y=718 width=325 height=244
ZWL WISEVIEW tile client=2 surface=8 x=999 y=718 width=379 height=244
ZWL WISEVIEW close key at_ms=1186509
ZWL FIRST_FRAME what=wiseview-close frame=18970 request_ms=1186509 ms=25
ZWL WISEVIEW closed at_ms=1186740
ZWL HOME open via=launcher at_ms=1188847
ZWL FIRST_FRAME what=home-open frame=19007 request_ms=1188847 ms=60
ZWL HOME opened apps=12 pages=1 page=1 at_ms=1189133
ZWL HOME icon name="Files" x=600 y=386
ZWL HOME icon name="Notes" x=744 y=386
ZWL HOME icon name="Settings" x=888 y=386
ZWL HOME icon name="Terminal" x=1032 y=386
ZWL HOME icon name="PDF Viewer" x=1176 y=386
ZWL HOME icon name="Image Viewer" x=1320 y=386
ZWL HOME icon name="Browser" x=600 y=538
ZWL HOME icon name="Model viewer" x=744 y=538
ZWL HOME icon name="Gears" x=888 y=538
ZWL HOME icon name="X terminal" x=1032 y=538
ZWL HOME icon name="Lock Screen" x=1176 y=538
ZWL HOME icon name="Log Out" x=1320 y=538
ZWL PERF 5023ms: passes=744 timeouts=74 | poll 33.4% work 66.3%
ZWL PERF compose frames=102 draw_ms=30.08 (acquire 0.04 submit+present 28.08) frame_ms=30.91
ZGEARS FPS run=gears frames=15100 fps=14.0
ZWL HOME close via=escape at_ms=1191097
ZWL FIRST_FRAME what=home-close frame=19052 request_ms=1191097 ms=34
ZWL HOME closed at_ms=1191337
ZWL GLASS moved surface=7 x=980 y=372
ZWL PERF 5006ms: passes=686 timeouts=57 | poll 31.4% work 68.3%
ZWL PERF compose frames=87 draw_ms=36.57 (acquire 0.05 submit+present 33.60) frame_ms=37.32
ZWL GLASS moved surface=7 x=880 y=332
ZWL WISEVIEW opening key at_ms=1195897
ZWL FIRST_FRAME what=wiseview-open frame=19128 request_ms=1195897 ms=36
ZWL WISEVIEW open windows=10 at_ms=1196126
ZWL WISEVIEW tile client=9 surface=7 x=83 y=86 width=380 height=253
ZWL WISEVIEW tile client=10 surface=1146 x=528 y=90 width=406 height=244
ZWL WISEVIEW tile client=10 surface=14 x=1036 y=90 width=305 height=244
ZWL WISEVIEW tile client=8 surface=7 x=1484 y=90 width=325 height=244
ZWL WISEVIEW tile client=7 surface=14 x=104 y=404 width=338 height=244
ZWL WISEVIEW tile client=6 surface=14 x=570 y=404 width=321 height=244
ZWL WISEVIEW tile client=5 surface=14 x=1012 y=404 width=353 height=244
ZWL WISEVIEW tile client=4 surface=8 x=1467 y=404 width=359 height=244
ZWL WISEVIEW tile client=3 surface=16 x=568 y=718 width=325 height=244
ZWL WISEVIEW tile client=2 surface=8 x=999 y=718 width=379 height=244
ZGEARS FPS run=gears frames=15200 fps=14.2
ZWL WISEVIEW close key at_ms=1198158
ZWL FIRST_FRAME what=wiseview-close frame=19184 request_ms=1198158 ms=19
ZWL WISEVIEW closed at_ms=1198396
ZWL PERF 5000ms: passes=698 timeouts=69 | poll 32.5% work 67.1%
ZWL PERF compose frames=100 draw_ms=31.12 (acquire 0.04 submit+present 29.08) frame_ms=31.95
ZWL HOME open via=launcher at_ms=1200503
ZWL FIRST_FRAME what=home-open frame=19222 request_ms=1200504 ms=60
ZWL HOME opened apps=12 pages=1 page=1 at_ms=1200796
ZWL HOME icon name="Files" x=600 y=386
ZWL HOME icon name="Notes" x=744 y=386
ZWL HOME icon name="Settings" x=888 y=386
ZWL HOME icon name="Terminal" x=1032 y=386
ZWL HOME icon name="PDF Viewer" x=1176 y=386
ZWL HOME icon name="Image Viewer" x=1320 y=386
ZWL HOME icon name="Browser" x=600 y=538
ZWL HOME icon name="Model viewer" x=744 y=538
ZWL HOME icon name="Gears" x=888 y=538
ZWL HOME icon name="X terminal" x=1032 y=538
ZWL HOME icon name="Lock Screen" x=1176 y=538
ZWL HOME icon name="Log Out" x=1320 y=538
ZWL HOME close via=escape at_ms=1202742
ZWL FIRST_FRAME what=home-close frame=19267 request_ms=1202742 ms=34
ZWL HOME closed at_ms=1202986
ZGEARS FPS run=gears frames=15300 fps=14.9
ZWL PERF 5041ms: passes=674 timeouts=71 | poll 31.8% work 67.8%
ZWL PERF compose frames=89 draw_ms=35.71 (acquire 0.05 submit+present 32.51) frame_ms=36.53
ZWL GLASS moved surface=7 x=980 y=372
ZWL GLASS moved surface=7 x=880 y=332
ZWL WISEVIEW opening key at_ms=1207722
ZWL FIRST_FRAME what=wiseview-open frame=19345 request_ms=1207723 ms=34
ZWL WISEVIEW open windows=10 at_ms=1207924
ZWL WISEVIEW tile client=9 surface=7 x=83 y=86 width=380 height=253
ZWL WISEVIEW tile client=10 surface=1146 x=528 y=90 width=406 height=244
ZWL WISEVIEW tile client=10 surface=14 x=1036 y=90 width=305 height=244
ZWL WISEVIEW tile client=8 surface=7 x=1484 y=90 width=325 height=244
ZWL WISEVIEW tile client=7 surface=14 x=104 y=404 width=338 height=244
ZWL WISEVIEW tile client=6 surface=14 x=570 y=404 width=321 height=244
ZWL WISEVIEW tile client=5 surface=14 x=1012 y=404 width=353 height=244
ZWL WISEVIEW tile client=4 surface=8 x=1467 y=404 width=359 height=244
ZWL WISEVIEW tile client=3 surface=16 x=568 y=718 width=325 height=244
ZWL WISEVIEW tile client=2 surface=8 x=999 y=718 width=379 height=244
ZWL PERF 5006ms: passes=711 timeouts=70 | poll 32.5% work 67.2%
ZWL PERF compose frames=95 draw_ms=32.98 (acquire 0.05 submit+present 30.87) frame_ms=33.56
ZWL WISEVIEW close key at_ms=1209925
ZWL FIRST_FRAME what=wiseview-close frame=19400 request_ms=1209925 ms=24
ZWL WISEVIEW closed at_ms=1210154
ZGEARS FPS run=gears frames=15400 fps=13.7
ZWL HOME open via=launcher at_ms=1212269
ZWL FIRST_FRAME what=home-open frame=19438 request_ms=1212269 ms=33
ZWL HOME opened apps=12 pages=1 page=1 at_ms=1212554
ZWL HOME icon name="Files" x=600 y=386
ZWL HOME icon name="Notes" x=744 y=386
ZWL HOME icon name="Settings" x=888 y=386
ZWL HOME icon name="Terminal" x=1032 y=386
ZWL HOME icon name="PDF Viewer" x=1176 y=386
ZWL HOME icon name="Image Viewer" x=1320 y=386
ZWL HOME icon name="Browser" x=600 y=538
ZWL HOME icon name="Model viewer" x=744 y=538
ZWL HOME icon name="Gears" x=888 y=538
ZWL HOME icon name="X terminal" x=1032 y=538
ZWL HOME icon name="Lock Screen" x=1176 y=538
ZWL HOME icon name="Log Out" x=1320 y=538
ZWL PERF 5035ms: passes=707 timeouts=71 | poll 32.6% work 67.1%
ZWL PERF compose frames=92 draw_ms=34.07 (acquire 0.04 submit+present 31.31) frame_ms=35.08
ZWL HOME close via=escape at_ms=1214515
ZWL FIRST_FRAME what=home-close frame=19481 request_ms=1214515 ms=22
ZWL HOME closed at_ms=1214771
ZWL GLASS moved surface=7 x=980 y=372
ZGEARS FPS run=gears frames=15500 fps=14.6
ZWL GLASS moved surface=7 x=880 y=332
ZWL PERF 5000ms: passes=665 timeouts=70 | poll 31.1% work 68.6%
ZWL PERF compose frames=78 draw_ms=40.80 (acquire 0.05 submit+present 38.03) frame_ms=41.11
ZWL WISEVIEW opening key at_ms=1220312
ZWL FIRST_FRAME what=wiseview-open frame=19571 request_ms=1220312 ms=34
ZWL WISEVIEW open windows=10 at_ms=1220521
ZWL WISEVIEW tile client=9 surface=7 x=83 y=86 width=380 height=253
ZWL WISEVIEW tile client=10 surface=1146 x=528 y=90 width=406 height=244
ZWL WISEVIEW tile client=10 surface=14 x=1036 y=90 width=305 height=244
ZWL WISEVIEW tile client=8 surface=7 x=1484 y=90 width=325 height=244
ZWL WISEVIEW tile client=7 surface=14 x=104 y=404 width=338 height=244
ZWL WISEVIEW tile client=6 surface=14 x=570 y=404 width=321 height=244
ZWL WISEVIEW tile client=5 surface=14 x=1012 y=404 width=353 height=244
ZWL WISEVIEW tile client=4 surface=8 x=1467 y=404 width=359 height=244
ZWL WISEVIEW tile client=3 surface=16 x=568 y=718 width=325 height=244
ZWL WISEVIEW tile client=2 surface=8 x=999 y=718 width=379 height=244
ZWL WISEVIEW close key at_ms=1222537
ZWL FIRST_FRAME what=wiseview-close frame=19628 request_ms=1222537 ms=35
ZWL WISEVIEW closed at_ms=1222751
ZWL PERF 5003ms: passes=697 timeouts=70 | poll 33.3% work 66.3%
ZWL PERF compose frames=100 draw_ms=30.75 (acquire 0.05 submit+present 28.80) frame_ms=31.96
ZWL HOME open via=launcher at_ms=1224935
ZWL FIRST_FRAME what=home-open frame=19666 request_ms=1224935 ms=55
ZWL HOME opened apps=12 pages=1 page=1 at_ms=1225215
ZWL HOME icon name="Files" x=600 y=386
ZWL HOME icon name="Notes" x=744 y=386
ZWL HOME icon name="Settings" x=888 y=386
ZWL HOME icon name="Terminal" x=1032 y=386
ZWL HOME icon name="PDF Viewer" x=1176 y=386
ZWL HOME icon name="Image Viewer" x=1320 y=386
ZWL HOME icon name="Browser" x=600 y=538
ZWL HOME icon name="Model viewer" x=744 y=538
ZWL HOME icon name="Gears" x=888 y=538
ZWL HOME icon name="X terminal" x=1032 y=538
ZWL HOME icon name="Lock Screen" x=1176 y=538
ZWL HOME icon name="Log Out" x=1320 y=538
ZGEARS FPS run=gears frames=15600 fps=13.8
ZWL HOME close via=escape at_ms=1227166
ZWL FIRST_FRAME what=home-close frame=19711 request_ms=1227166 ms=20
ZWL HOME closed at_ms=1227409
ZWL PERF 5042ms: passes=714 timeouts=66 | poll 31.2% work 68.5%
ZWL PERF compose frames=90 draw_ms=35.59 (acquire 0.05 submit+present 32.49) frame_ms=36.39
ZWL GLASS moved surface=7 x=980 y=372
ZWL GLASS moved surface=7 x=880 y=332
ZWL HOME open via=launcher at_ms=1232006
ZGEARS FPS run=gears frames=15700 fps=15.2
ZWL FIRST_FRAME what=home-open frame=19787 request_ms=1232006 ms=39
ZWL HOME opened apps=12 pages=1 page=1 at_ms=1232288
ZWL HOME icon name="Files" x=600 y=386
ZWL HOME icon name="Notes" x=744 y=386
ZWL HOME icon name="Settings" x=888 y=386
ZWL HOME icon name="Terminal" x=1032 y=386
ZWL HOME icon name="PDF Viewer" x=1176 y=386
ZWL HOME icon name="Image Viewer" x=1320 y=386
ZWL HOME icon name="Browser" x=600 y=538
ZWL HOME icon name="Model viewer" x=744 y=538
ZWL HOME icon name="Gears" x=888 y=538
ZWL HOME icon name="X terminal" x=1032 y=538
ZWL HOME icon name="Lock Screen" x=1176 y=538
ZWL HOME icon name="Log Out" x=1320 y=538
ZWL HOME launch name=Terminal pid=68
ZWL HOME close via=launch at_ms=1233670
ZWL FIRST_FRAME what=home-close frame=19819 request_ms=1233670 ms=41
ZWL CLIENT client=19 fd=25
ZWL INSET create client=19 inset=20 toplevel=16
ZWL EDIT create client=19 edit=24 toplevel=16
ZWL BOUNDS client=19 surface=14 width=1896 height=970
ZWL CONFIGURE client=19 surface=14 serial=557 width=0 height=0 fullscreen=0
ZWL SEAT client=19 pointer=1 keyboard=0 touch=0
ZWL SEAT client=19 pointer=1 keyboard=1 touch=0
ZWL IMPORT client=19 buffer=37 width=916 height=632 bytes=2318336
ZWL IMPORT client=19 buffer=38 width=916 height=632 bytes=2318336
ZWL IMPORT client=19 buffer=39 width=916 height=632 bytes=2318336
ZTERM MENU state selection=0 clipboard=0 pixels=16 fullscreen=0
ZWL MENU commit client=19 menu=43 serial=1 items=30 generation=1
ZWL MENU set client=19 place=44 menu=43
ZWL MENU commit client=19 menu=43 serial=2 items=30 generation=2
ZTERM MENU ready items=30
ZTERM TAB active id=1
ZTERM TAB new run=term id=1 count=1
ZTERM START run=term columns=90 rows=28 cell=10x22 window=916x632
ZWL TITLEBAR create client=19 titlebar=48 toplevel=16
ZWL EDIT state client=19 edit=24 actions=0xff flags=0xd
ZTERM TABS count=1 active=1 mode=0
ZTERM TITLE tab=1 title=Terminal
ZWL TITLEBAR commit client=19 titlebar=48 serial=1 mode=0 controls=0 tabs=1 generation=1
ZWL MAP client=19 surface=14 x=348 y=420
ZWL HOME launched waited_ms=177 at_ms=1233847
ZWL GLASS launch surface=14 from=996,350 to=348,420 size=916x632
ZTERM CLIPBOARD selection text=0
ZTERM PRIMARY offer text=0
ZWL HOME closed at_ms=1233935
ZWL MENU bar client=19 surface=14 where=floating item=1 offset=127 top=368 width=55 height=44
ZWL MENU bar client=19 surface=14 where=floating item=2 offset=184 top=368 width=47 height=44
ZWL MENU bar client=19 surface=14 where=floating item=3 offset=233 top=368 width=55 height=44
ZWL MENU bar client=19 surface=14 where=floating item=4 offset=290 top=368 width=76 height=44
ZWL MENU bar client=19 surface=14 where=floating item=5 offset=368 top=368 width=53 height=44
ZWL PERF 5052ms: passes=734 timeouts=67 | poll 30.1% work 69.5%
ZWL PERF compose frames=84 draw_ms=38.68 (acquire 0.07 submit+present 35.45) frame_ms=39.43
ZGEARS FPS run=gears frames=15800 fps=14.7
ZWL PERF 5013ms: passes=682 timeouts=66 | poll 32.2% work 67.4%
ZWL PERF compose frames=72 draw_ms=43.45 (acquire 0.05 submit+present 40.68) frame_ms=44.31
ZTERM TAB closed run=term id=1 count=0
ZTERM DONE run=term reason=shell-exited
ZWL CLIENT gone client=19 reason=read
ZWL CLEANUP client=19 objects=35 unread_fds=0
ZWL HOME ended pid=68 status=0
ZWL WISEVIEW opening key at_ms=1244276
ZWL FIRST_FRAME what=wiseview-open frame=19976 request_ms=1244276 ms=39
ZWL WISEVIEW open windows=10 at_ms=1244477
ZWL WISEVIEW tile client=9 surface=7 x=83 y=86 width=380 height=253
ZWL WISEVIEW tile client=10 surface=1146 x=528 y=90 width=406 height=244
ZWL WISEVIEW tile client=10 surface=14 x=1036 y=90 width=305 height=244
ZWL WISEVIEW tile client=8 surface=7 x=1484 y=90 width=325 height=244
ZWL WISEVIEW tile client=7 surface=14 x=104 y=404 width=338 height=244
ZWL WISEVIEW tile client=6 surface=14 x=570 y=404 width=321 height=244
ZWL WISEVIEW tile client=5 surface=14 x=1012 y=404 width=353 height=244
ZWL WISEVIEW tile client=4 surface=8 x=1467 y=404 width=359 height=244
ZWL WISEVIEW tile client=3 surface=16 x=568 y=718 width=325 height=244
ZWL WISEVIEW tile client=2 surface=8 x=999 y=718 width=379 height=244
ZWL PERF 5013ms: passes=673 timeouts=65 | poll 31.7% work 67.9%
ZWL PERF compose frames=79 draw_ms=40.01 (acquire 0.05 submit+present 37.49) frame_ms=40.88
ZWL WISEVIEW close key at_ms=1246512
ZWL FIRST_FRAME what=wiseview-close frame=20029 request_ms=1246512 ms=28
ZGEARS FPS run=gears frames=15900 fps=12.8
ZWL WISEVIEW closed at_ms=1246714
ZWL HOME open via=launcher at_ms=1248855
ZWL FIRST_FRAME what=home-open frame=20066 request_ms=1248855 ms=53
ZWL HOME opened apps=12 pages=1 page=1 at_ms=1249137
ZWL HOME icon name="Files" x=600 y=386
ZWL HOME icon name="Notes" x=744 y=386
ZWL HOME icon name="Settings" x=888 y=386
ZWL HOME icon name="Terminal" x=1032 y=386
ZWL HOME icon name="PDF Viewer" x=1176 y=386
ZWL HOME icon name="Image Viewer" x=1320 y=386
ZWL HOME icon name="Browser" x=600 y=538
ZWL HOME icon name="Model viewer" x=744 y=538
ZWL HOME icon name="Gears" x=888 y=538
ZWL HOME icon name="X terminal" x=1032 y=538
ZWL HOME icon name="Lock Screen" x=1176 y=538
ZWL HOME icon name="Log Out" x=1320 y=538
ZWL PERF 5062ms: passes=762 timeouts=61 | poll 32.4% work 67.3%
ZWL PERF compose frames=97 draw_ms=32.63 (acquire 0.05 submit+present 30.47) frame_ms=33.47
ZWL HOME close via=escape at_ms=1251082
ZWL FIRST_FRAME what=home-close frame=20107 request_ms=1251082 ms=32
ZWL HOME closed at_ms=1251324
ZGEARS FPS run=gears frames=16000 fps=15.0
ZWL GLASS moved surface=7 x=980 y=372
ZWL PERF 5007ms: passes=696 timeouts=69 | poll 32.4% work 67.3%
ZWL PERF compose frames=83 draw_ms=37.88 (acquire 0.05 submit+present 35.00) frame_ms=38.10
ZWL GLASS moved surface=7 x=880 y=332
ZWL WISEVIEW opening key at_ms=1255910
ZWL FIRST_FRAME what=wiseview-open frame=20184 request_ms=1255910 ms=39
ZWL WISEVIEW open windows=10 at_ms=1256113
ZWL WISEVIEW tile client=9 surface=7 x=83 y=86 width=380 height=253
ZWL WISEVIEW tile client=10 surface=1146 x=528 y=90 width=406 height=244
ZWL WISEVIEW tile client=10 surface=14 x=1036 y=90 width=305 height=244
ZWL WISEVIEW tile client=8 surface=7 x=1484 y=90 width=325 height=244
ZWL WISEVIEW tile client=7 surface=14 x=104 y=404 width=338 height=244
ZWL WISEVIEW tile client=6 surface=14 x=570 y=404 width=321 height=244
ZWL WISEVIEW tile client=5 surface=14 x=1012 y=404 width=353 height=244
ZWL WISEVIEW tile client=4 surface=8 x=1467 y=404 width=359 height=244
ZWL WISEVIEW tile client=3 surface=16 x=568 y=718 width=325 height=244
ZWL WISEVIEW tile client=2 surface=8 x=999 y=718 width=379 height=244
ZWL WISEVIEW close key at_ms=1258129
ZWL FIRST_FRAME what=wiseview-close frame=20240 request_ms=1258129 ms=22
ZWL WISEVIEW closed at_ms=1258388
ZWL PERF 5001ms: passes=679 timeouts=78 | poll 33.4% work 66.2%
ZWL PERF compose frames=99 draw_ms=30.82 (acquire 0.04 submit+present 29.05) frame_ms=32.23
ZWL HOME open via=launcher at_ms=1260493
ZWL FIRST_FRAME what=home-open frame=20276 request_ms=1260493 ms=52
ZGEARS FPS run=gears frames=16100 fps=13.6
ZWL HOME opened apps=12 pages=1 page=1 at_ms=1260801
ZWL HOME icon name="Files" x=600 y=386
ZWL HOME icon name="Notes" x=744 y=386
ZWL HOME icon name="Settings" x=888 y=386
ZWL HOME icon name="Terminal" x=1032 y=386
ZWL HOME icon name="PDF Viewer" x=1176 y=386
ZWL HOME icon name="Image Viewer" x=1320 y=386
ZWL HOME icon name="Browser" x=600 y=538
ZWL HOME icon name="Model viewer" x=744 y=538
ZWL HOME icon name="Gears" x=888 y=538
ZWL HOME icon name="X terminal" x=1032 y=538
ZWL HOME icon name="Lock Screen" x=1176 y=538
ZWL HOME icon name="Log Out" x=1320 y=538
ZWL HOME close via=escape at_ms=1262727
ZWL FIRST_FRAME what=home-close frame=20316 request_ms=1262727 ms=52
ZWL HOME closed at_ms=1262983
ZWL PERF 5025ms: passes=698 timeouts=67 | poll 32.1% work 67.6%
ZWL PERF compose frames=84 draw_ms=37.82 (acquire 0.04 submit+present 34.98) frame_ms=38.51
ZWL GLASS moved surface=7 x=980 y=372
ZWL GLASS moved surface=7 x=880 y=332
ZWL WISEVIEW opening key at_ms=1267508
ZWL FIRST_FRAME what=wiseview-open frame=20389 request_ms=1267508 ms=38
ZGEARS FPS run=gears frames=16200 fps=14.3
ZWL WISEVIEW open windows=10 at_ms=1267711
ZWL WISEVIEW tile client=9 surface=7 x=83 y=86 width=380 height=253
ZWL WISEVIEW tile client=10 surface=1146 x=528 y=90 width=406 height=244
ZWL WISEVIEW tile client=10 surface=14 x=1036 y=90 width=305 height=244
ZWL WISEVIEW tile client=8 surface=7 x=1484 y=90 width=325 height=244
ZWL WISEVIEW tile client=7 surface=14 x=104 y=404 width=338 height=244
ZWL WISEVIEW tile client=6 surface=14 x=570 y=404 width=321 height=244
ZWL WISEVIEW tile client=5 surface=14 x=1012 y=404 width=353 height=244
ZWL WISEVIEW tile client=4 surface=8 x=1467 y=404 width=359 height=244
ZWL WISEVIEW tile client=3 surface=16 x=568 y=718 width=325 height=244
ZWL WISEVIEW tile client=2 surface=8 x=999 y=718 width=379 height=244
ZWL PERF 5023ms: passes=700 timeouts=68 | poll 32.0% work 67.6%
ZWL PERF compose frames=100 draw_ms=31.28 (acquire 0.04 submit+present 29.24) frame_ms=32.18
ZWL WISEVIEW close key at_ms=1269730
ZWL FIRST_FRAME what=wiseview-close frame=20447 request_ms=1269730 ms=21
ZWL WISEVIEW closed at_ms=1269957
ZWL HOME open via=launcher at_ms=1272121
ZWL FIRST_FRAME what=home-open frame=20485 request_ms=1272121 ms=44
ZWL HOME opened apps=12 pages=1 page=1 at_ms=1272403
ZWL HOME icon name="Files" x=600 y=386
ZWL HOME icon name="Notes" x=744 y=386
ZWL HOME icon name="Settings" x=888 y=386
ZWL HOME icon name="Terminal" x=1032 y=386
ZWL HOME icon name="PDF Viewer" x=1176 y=386
ZWL HOME icon name="Image Viewer" x=1320 y=386
ZWL HOME icon name="Browser" x=600 y=538
ZWL HOME icon name="Model viewer" x=744 y=538
ZWL HOME icon name="Gears" x=888 y=538
ZWL HOME icon name="X terminal" x=1032 y=538
ZWL HOME icon name="Lock Screen" x=1176 y=538
ZWL HOME icon name="Log Out" x=1320 y=538
ZWL HOME close via=escape at_ms=1274332
ZWL FIRST_FRAME what=home-close frame=20526 request_ms=1274332 ms=23
ZGEARS FPS run=gears frames=16300 fps=14.6
ZWL HOME closed at_ms=1274619
ZWL PERF 5000ms: passes=682 timeouts=64 | poll 32.4% work 67.3%
ZWL PERF compose frames=86 draw_ms=36.39 (acquire 0.05 submit+present 33.45) frame_ms=37.19
ZWL GLASS moved surface=7 x=980 y=372
ZWL GLASS moved surface=7 x=880 y=332
ZWL WISEVIEW opening key at_ms=1279141
ZWL FIRST_FRAME what=wiseview-open frame=20600 request_ms=1279141 ms=40
ZWL WISEVIEW open windows=10 at_ms=1279361
ZWL WISEVIEW tile client=9 surface=7 x=83 y=86 width=380 height=253
ZWL WISEVIEW tile client=10 surface=1146 x=528 y=90 width=406 height=244
ZWL WISEVIEW tile client=10 surface=14 x=1036 y=90 width=305 height=244
ZWL WISEVIEW tile client=8 surface=7 x=1484 y=90 width=325 height=244
ZWL WISEVIEW tile client=7 surface=14 x=104 y=404 width=338 height=244
ZWL WISEVIEW tile client=6 surface=14 x=570 y=404 width=321 height=244
ZWL WISEVIEW tile client=5 surface=14 x=1012 y=404 width=353 height=244
ZWL WISEVIEW tile client=4 surface=8 x=1467 y=404 width=359 height=244
ZWL WISEVIEW tile client=3 surface=16 x=568 y=718 width=325 height=244
ZWL WISEVIEW tile client=2 surface=8 x=999 y=718 width=379 height=244
ZWL PERF 5007ms: passes=713 timeouts=63 | poll 31.3% work 68.3%
ZWL PERF compose frames=82 draw_ms=38.59 (acquire 0.04 submit+present 36.29) frame_ms=39.43
ZWL WISEVIEW close key at_ms=1281351
ZWL FIRST_FRAME what=wiseview-close frame=20655 request_ms=1281351 ms=28
ZWL WISEVIEW closed at_ms=1281558
ZGEARS FPS run=gears frames=16400 fps=13.8
ZWL HOME open via=launcher at_ms=1283718
ZWL FIRST_FRAME what=home-open frame=20695 request_ms=1283718 ms=56
ZWL HOME opened apps=12 pages=1 page=1 at_ms=1284000
ZWL HOME icon name="Files" x=600 y=386
ZWL HOME icon name="Notes" x=744 y=386
ZWL HOME icon name="Settings" x=888 y=386
ZWL HOME icon name="Terminal" x=1032 y=386
ZWL HOME icon name="PDF Viewer" x=1176 y=386
ZWL HOME icon name="Image Viewer" x=1320 y=386
ZWL HOME icon name="Browser" x=600 y=538
ZWL HOME icon name="Model viewer" x=744 y=538
ZWL HOME icon name="Gears" x=888 y=538
ZWL HOME icon name="X terminal" x=1032 y=538
ZWL HOME icon name="Lock Screen" x=1176 y=538
ZWL HOME icon name="Log Out" x=1320 y=538
ZWL PERF 5028ms: passes=694 timeouts=61 | poll 32.4% work 67.3%
ZWL PERF compose frames=100 draw_ms=31.48 (acquire 0.05 submit+present 29.08) frame_ms=32.22
ZWL HOME close via=escape at_ms=1285965
ZWL FIRST_FRAME what=home-close frame=20737 request_ms=1285965 ms=24
ZWL HOME closed at_ms=1286253
ZWL GLASS moved surface=7 x=980 y=372
ZGEARS FPS run=gears frames=16500 fps=14.4
ZWL PERF 5001ms: passes=701 timeouts=63 | poll 31.5% work 68.2%
ZWL PERF compose frames=83 draw_ms=38.34 (acquire 0.04 submit+present 35.43) frame_ms=39.08
ZWL GLASS moved surface=7 x=880 y=332
ZWL WISEVIEW opening key at_ms=1290784
ZWL FIRST_FRAME what=wiseview-open frame=20813 request_ms=1290784 ms=35
ZWL WISEVIEW open windows=10 at_ms=1291007
ZWL WISEVIEW tile client=9 surface=7 x=83 y=86 width=380 height=253
ZWL WISEVIEW tile client=10 surface=1146 x=528 y=90 width=406 height=244
ZWL WISEVIEW tile client=10 surface=14 x=1036 y=90 width=305 height=244
ZWL WISEVIEW tile client=8 surface=7 x=1484 y=90 width=325 height=244
ZWL WISEVIEW tile client=7 surface=14 x=104 y=404 width=338 height=244
ZWL WISEVIEW tile client=6 surface=14 x=570 y=404 width=321 height=244
ZWL WISEVIEW tile client=5 surface=14 x=1012 y=404 width=353 height=244
ZWL WISEVIEW tile client=4 surface=8 x=1467 y=404 width=359 height=244
ZWL WISEVIEW tile client=3 surface=16 x=568 y=718 width=325 height=244
ZWL WISEVIEW tile client=2 surface=8 x=999 y=718 width=379 height=244
ZWL WISEVIEW close key at_ms=1292980
ZWL FIRST_FRAME what=wiseview-close frame=20869 request_ms=1292980 ms=23
ZWL WISEVIEW closed at_ms=1293210
ZWL PERF 5005ms: passes=682 timeouts=67 | poll 32.0% work 67.7%
ZWL PERF compose frames=101 draw_ms=31.14 (acquire 0.05 submit+present 29.08) frame_ms=31.56
ZWL HOME open via=launcher at_ms=1295344
ZWL FIRST_FRAME what=home-open frame=20908 request_ms=1295344 ms=54
ZWL HOME opened apps=12 pages=1 page=1 at_ms=1295632
ZWL HOME icon name="Files" x=600 y=386
ZWL HOME icon name="Notes" x=744 y=386
ZWL HOME icon name="Settings" x=888 y=386
ZWL HOME icon name="Terminal" x=1032 y=386
ZWL HOME icon name="PDF Viewer" x=1176 y=386
ZWL HOME icon name="Image Viewer" x=1320 y=386
ZWL HOME icon name="Browser" x=600 y=538
ZWL HOME icon name="Model viewer" x=744 y=538
ZWL HOME icon name="Gears" x=888 y=538
ZWL HOME icon name="X terminal" x=1032 y=538
ZWL HOME icon name="Lock Screen" x=1176 y=538
ZWL HOME icon name="Log Out" x=1320 y=538
ZGEARS FPS run=gears frames=16600 fps=13.2
ZWL HOME close via=escape at_ms=1297562
ZWL FIRST_FRAME what=home-close frame=20951 request_ms=1297562 ms=46
ZWL HOME closed at_ms=1297806
ZWL PERF 5024ms: passes=699 timeouts=58 | poll 31.7% work 67.9%
ZWL PERF compose frames=87 draw_ms=36.39 (acquire 0.05 submit+present 32.82) frame_ms=37.52
ZWL GLASS moved surface=7 x=980 y=372
ZWL GLASS moved surface=7 x=880 y=332
ZWL WISEVIEW opening key at_ms=1302321
ZWL FIRST_FRAME what=wiseview-open frame=21024 request_ms=1302321 ms=34
ZWL WISEVIEW open windows=10 at_ms=1302533
ZWL WISEVIEW tile client=9 surface=7 x=83 y=86 width=380 height=253
ZWL WISEVIEW tile client=10 surface=1146 x=528 y=90 width=406 height=244
ZWL WISEVIEW tile client=10 surface=14 x=1036 y=90 width=305 height=244
ZWL WISEVIEW tile client=8 surface=7 x=1484 y=90 width=325 height=244
ZWL WISEVIEW tile client=7 surface=14 x=104 y=404 width=338 height=244
ZWL WISEVIEW tile client=6 surface=14 x=570 y=404 width=321 height=244
ZWL WISEVIEW tile client=5 surface=14 x=1012 y=404 width=353 height=244
ZWL WISEVIEW tile client=4 surface=8 x=1467 y=404 width=359 height=244
ZWL WISEVIEW tile client=3 surface=16 x=568 y=718 width=325 height=244
ZWL WISEVIEW tile client=2 surface=8 x=999 y=718 width=379 height=244
ZGEARS FPS run=gears frames=16700 fps=13.9
ZWL WISEVIEW close key at_ms=1304555
ZWL FIRST_FRAME what=wiseview-close frame=21081 request_ms=1304555 ms=37
ZWL WISEVIEW closed at_ms=1304771
ZWL PERF 5012ms: passes=681 timeouts=68 | poll 32.0% work 67.7%
ZWL PERF compose frames=100 draw_ms=31.36 (acquire 0.04 submit+present 29.52) frame_ms=32.27
ZWL HOME open via=launcher at_ms=1306913
ZWL FIRST_FRAME what=home-open frame=21118 request_ms=1306913 ms=51
ZWL HOME opened apps=12 pages=1 page=1 at_ms=1307195
ZWL HOME icon name="Files" x=600 y=386
ZWL HOME icon name="Notes" x=744 y=386
ZWL HOME icon name="Settings" x=888 y=386
ZWL HOME icon name="Terminal" x=1032 y=386
ZWL HOME icon name="PDF Viewer" x=1176 y=386
ZWL HOME icon name="Image Viewer" x=1320 y=386
ZWL HOME icon name="Browser" x=600 y=538
ZWL HOME icon name="Model viewer" x=744 y=538
ZWL HOME icon name="Gears" x=888 y=538
ZWL HOME icon name="X terminal" x=1032 y=538
ZWL HOME icon name="Lock Screen" x=1176 y=538
ZWL HOME icon name="Log Out" x=1320 y=538
ZWL HOME close via=escape at_ms=1309145
ZWL FIRST_FRAME what=home-close frame=21161 request_ms=1309146 ms=38
ZWL HOME closed at_ms=1309387
ZWL PERF 5000ms: passes=720 timeouts=63 | poll 32.1% work 67.6%
ZWL PERF compose frames=86 draw_ms=36.66 (acquire 0.05 submit+present 33.60) frame_ms=37.41
ZGEARS FPS run=gears frames=16800 fps=14.8
ZWL GLASS moved surface=7 x=980 y=372
ZWL GLASS moved surface=7 x=880 y=332
ZWL WISEVIEW opening key at_ms=1313932
ZWL FIRST_FRAME what=wiseview-open frame=21237 request_ms=1313932 ms=36
ZWL WISEVIEW open windows=10 at_ms=1314137
ZWL WISEVIEW tile client=9 surface=7 x=83 y=86 width=380 height=253
ZWL WISEVIEW tile client=10 surface=1146 x=528 y=90 width=406 height=244
ZWL WISEVIEW tile client=10 surface=14 x=1036 y=90 width=305 height=244
ZWL WISEVIEW tile client=8 surface=7 x=1484 y=90 width=325 height=244
ZWL WISEVIEW tile client=7 surface=14 x=104 y=404 width=338 height=244
ZWL WISEVIEW tile client=6 surface=14 x=570 y=404 width=321 height=244
ZWL WISEVIEW tile client=5 surface=14 x=1012 y=404 width=353 height=244
ZWL WISEVIEW tile client=4 surface=8 x=1467 y=404 width=359 height=244
ZWL WISEVIEW tile client=3 surface=16 x=568 y=718 width=325 height=244
ZWL WISEVIEW tile client=2 surface=8 x=999 y=718 width=379 height=244
ZWL PERF 5011ms: passes=710 timeouts=62 | poll 31.7% work 68.0%
ZWL PERF compose frames=88 draw_ms=35.99 (acquire 0.06 submit+present 33.53) frame_ms=36.73
ZWL WISEVIEW close key at_ms=1316123
ZWL FIRST_FRAME what=wiseview-close frame=21293 request_ms=1316123 ms=16
ZWL WISEVIEW closed at_ms=1316324
ZGEARS FPS run=gears frames=16900 fps=13.5
ZWL HOME open via=launcher at_ms=1318495
ZWL FIRST_FRAME what=home-open frame=21331 request_ms=1318495 ms=58
ZWL HOME opened apps=12 pages=1 page=1 at_ms=1318775
ZWL HOME icon name="Files" x=600 y=386
ZWL HOME icon name="Notes" x=744 y=386
ZWL HOME icon name="Settings" x=888 y=386
ZWL HOME icon name="Terminal" x=1032 y=386
ZWL HOME icon name="PDF Viewer" x=1176 y=386
ZWL HOME icon name="Image Viewer" x=1320 y=386
ZWL HOME icon name="Browser" x=600 y=538
ZWL HOME icon name="Model viewer" x=744 y=538
ZWL HOME icon name="Gears" x=888 y=538
ZWL HOME icon name="X terminal" x=1032 y=538
ZWL HOME icon name="Lock Screen" x=1176 y=538
ZWL HOME icon name="Log Out" x=1320 y=538
ZWL PERF 5009ms: passes=708 timeouts=62 | poll 32.3% work 67.3%
ZWL PERF compose frames=97 draw_ms=32.14 (acquire 0.05 submit+present 29.40) frame_ms=32.89
ZWL HOME close via=escape at_ms=1320712
ZWL FIRST_FRAME what=home-close frame=21374 request_ms=1320712 ms=29
ZWL HOME closed at_ms=1320952
ZWL GLASS moved surface=7 x=980 y=372
ZGEARS FPS run=gears frames=17000 fps=14.8
ZWL GLASS moved surface=7 x=880 y=332
ZWL PERF 5006ms: passes=739 timeouts=62 | poll 32.1% work 67.6%
ZWL PERF compose frames=81 draw_ms=38.86 (acquire 0.05 submit+present 36.22) frame_ms=39.71
ZWL WISEVIEW opening key at_ms=1326196
ZWL FIRST_FRAME what=wiseview-open frame=21458 request_ms=1326196 ms=39
ZWL WISEVIEW open windows=10 at_ms=1326396
ZWL WISEVIEW tile client=9 surface=7 x=83 y=86 width=380 height=253
ZWL WISEVIEW tile client=10 surface=1146 x=528 y=90 width=406 height=244
ZWL WISEVIEW tile client=10 surface=14 x=1036 y=90 width=305 height=244
ZWL WISEVIEW tile client=8 surface=7 x=1484 y=90 width=325 height=244
ZWL WISEVIEW tile client=7 surface=14 x=104 y=404 width=338 height=244
ZWL WISEVIEW tile client=6 surface=14 x=570 y=404 width=321 height=244
ZWL WISEVIEW tile client=5 surface=14 x=1012 y=404 width=353 height=244
ZWL WISEVIEW tile client=4 surface=8 x=1467 y=404 width=359 height=244
ZWL WISEVIEW tile client=3 surface=16 x=568 y=718 width=325 height=244
ZWL WISEVIEW tile client=2 surface=8 x=999 y=718 width=379 height=244
ZWL WISEVIEW close key at_ms=1328434
ZWL FIRST_FRAME what=wiseview-close frame=21515 request_ms=1328434 ms=25
ZWL WISEVIEW closed at_ms=1328657
ZWL PERF 5022ms: passes=739 timeouts=77 | poll 33.1% work 66.6%
ZWL PERF compose frames=101 draw_ms=30.53 (acquire 0.05 submit+present 28.68) frame_ms=31.35
ZWL HOME open via=launcher at_ms=1330817
ZWL FIRST_FRAME what=home-open frame=21554 request_ms=1330817 ms=50
ZWL HOME opened apps=12 pages=1 page=1 at_ms=1331102
ZWL HOME icon name="Files" x=600 y=386
ZWL HOME icon name="Notes" x=744 y=386
ZWL HOME icon name="Settings" x=888 y=386
ZWL HOME icon name="Terminal" x=1032 y=386
ZWL HOME icon name="PDF Viewer" x=1176 y=386
ZWL HOME icon name="Image Viewer" x=1320 y=386
ZWL HOME icon name="Browser" x=600 y=538
ZWL HOME icon name="Model viewer" x=744 y=538
ZWL HOME icon name="Gears" x=888 y=538
ZWL HOME icon name="X terminal" x=1032 y=538
ZWL HOME icon name="Lock Screen" x=1176 y=538
ZWL HOME icon name="Log Out" x=1320 y=538
ZGEARS FPS run=gears frames=17100 fps=14.2
ZWL HOME close via=escape at_ms=1333034
ZWL FIRST_FRAME what=home-close frame=21595 request_ms=1333034 ms=34
ZWL HOME closed at_ms=1333282
ZWL PERF 5028ms: passes=748 timeouts=68 | poll 32.1% work 67.6%
ZWL PERF compose frames=85 draw_ms=37.18 (acquire 0.04 submit+present 34.42) frame_ms=37.94
ZWL GLASS moved surface=7 x=980 y=372
ZWL GLASS moved surface=7 x=880 y=332
ZGEARS FPS run=gears frames=17200 fps=14.5
ZWL WISEVIEW opening key at_ms=1338598
ZWL FIRST_FRAME what=wiseview-open frame=21682 request_ms=1338598 ms=41
ZWL WISEVIEW open windows=10 at_ms=1338845
ZWL WISEVIEW tile client=9 surface=7 x=83 y=86 width=380 height=253
ZWL WISEVIEW tile client=10 surface=1146 x=528 y=90 width=406 height=244
ZWL WISEVIEW tile client=10 surface=14 x=1036 y=90 width=305 height=244
ZWL WISEVIEW tile client=8 surface=7 x=1484 y=90 width=325 height=244
ZWL WISEVIEW tile client=7 surface=14 x=104 y=404 width=338 height=244
ZWL WISEVIEW tile client=6 surface=14 x=570 y=404 width=321 height=244
ZWL WISEVIEW tile client=5 surface=14 x=1012 y=404 width=353 height=244
ZWL WISEVIEW tile client=4 surface=8 x=1467 y=404 width=359 height=244
ZWL WISEVIEW tile client=3 surface=16 x=568 y=718 width=325 height=244
ZWL WISEVIEW tile client=2 surface=8 x=999 y=718 width=379 height=244
ZWL PERF 5036ms: passes=686 timeouts=69 | poll 31.4% work 68.2%
ZWL PERF compose frames=90 draw_ms=35.21 (acquire 0.05 submit+present 33.03) frame_ms=36.06
ZWL WISEVIEW close key at_ms=1340831
ZWL FIRST_FRAME what=wiseview-close frame=21739 request_ms=1340831 ms=25
ZWL WISEVIEW closed at_ms=1341032
ZWL HOME open via=launcher at_ms=1343181
ZWL FIRST_FRAME what=home-open frame=21776 request_ms=1343181 ms=51
ZWL HOME opened apps=12 pages=1 page=1 at_ms=1343463
ZWL HOME icon name="Files" x=600 y=386
ZWL HOME icon name="Notes" x=744 y=386
ZWL HOME icon name="Settings" x=888 y=386
ZWL HOME icon name="Terminal" x=1032 y=386
ZWL HOME icon name="PDF Viewer" x=1176 y=386
ZWL HOME icon name="Image Viewer" x=1320 y=386
ZWL HOME icon name="Browser" x=600 y=538
ZWL HOME icon name="Model viewer" x=744 y=538
ZWL HOME icon name="Gears" x=888 y=538
ZWL HOME icon name="X terminal" x=1032 y=538
ZWL HOME icon name="Lock Screen" x=1176 y=538
ZWL HOME icon name="Log Out" x=1320 y=538
ZWL PERF 5003ms: passes=688 timeouts=76 | poll 31.8% work 67.8%
ZWL PERF compose frames=96 draw_ms=32.87 (acquire 0.05 submit+present 30.15) frame_ms=33.65
ZGEARS FPS run=gears frames=17300 fps=14.7
ZWL HOME close via=escape at_ms=1345430
ZWL FIRST_FRAME what=home-close frame=21821 request_ms=1345430 ms=32
ZWL HOME closed at_ms=1345698
ZWL GLASS moved surface=7 x=980 y=372
ZWL GLASS moved surface=7 x=880 y=332
ZWL PERF 5019ms: passes=700 timeouts=63 | poll 31.4% work 68.2%
ZWL PERF compose frames=81 draw_ms=39.43 (acquire 0.05 submit+present 36.80) frame_ms=40.19
ZWL WISEVIEW opening key at_ms=1350232
ZWL FIRST_FRAME what=wiseview-open frame=21895 request_ms=1350232 ms=34
ZWL WISEVIEW open windows=10 at_ms=1350433
ZWL WISEVIEW tile client=9 surface=7 x=83 y=86 width=380 height=253
ZWL WISEVIEW tile client=10 surface=1146 x=528 y=90 width=406 height=244
ZWL WISEVIEW tile client=10 surface=14 x=1036 y=90 width=305 height=244
ZWL WISEVIEW tile client=8 surface=7 x=1484 y=90 width=325 height=244
ZWL WISEVIEW tile client=7 surface=14 x=104 y=404 width=338 height=244
ZWL WISEVIEW tile client=6 surface=14 x=570 y=404 width=321 height=244
ZWL WISEVIEW tile client=5 surface=14 x=1012 y=404 width=353 height=244
ZWL WISEVIEW tile client=4 surface=8 x=1467 y=404 width=359 height=244
ZWL WISEVIEW tile client=3 surface=16 x=568 y=718 width=325 height=244
ZWL WISEVIEW tile client=2 surface=8 x=999 y=718 width=379 height=244
ZWL WISEVIEW close key at_ms=1352446
ZWL FIRST_FRAME what=wiseview-close frame=21953 request_ms=1352446 ms=24
ZGEARS FPS run=gears frames=17400 fps=13.7
ZWL WISEVIEW closed at_ms=1352647
ZWL HOME open via=launcher at_ms=1354804
ZWL FIRST_FRAME what=home-open frame=21991 request_ms=1354805 ms=49
ZWL PERF 5005ms: passes=707 timeouts=63 | poll 31.3% work 68.3%
ZWL PERF compose frames=103 draw_ms=30.62 (acquire 0.04 submit+present 28.58) frame_ms=31.48
ZWL HOME opened apps=12 pages=1 page=1 at_ms=1355094
ZWL HOME icon name="Files" x=600 y=386
ZWL HOME icon name="Notes" x=744 y=386
ZWL HOME icon name="Settings" x=888 y=386
ZWL HOME icon name="Terminal" x=1032 y=386
ZWL HOME icon name="PDF Viewer" x=1176 y=386
ZWL HOME icon name="Image Viewer" x=1320 y=386
ZWL HOME icon name="Browser" x=600 y=538
ZWL HOME icon name="Model viewer" x=744 y=538
ZWL HOME icon name="Gears" x=888 y=538
ZWL HOME icon name="X terminal" x=1032 y=538
ZWL HOME icon name="Lock Screen" x=1176 y=538
ZWL HOME icon name="Log Out" x=1320 y=538
ZWL HOME close via=escape at_ms=1357005
ZWL FIRST_FRAME what=home-close frame=22034 request_ms=1357006 ms=32
ZWL HOME closed at_ms=1357269
ZGEARS FPS run=gears frames=17500 fps=14.9
ZWL GLASS moved surface=7 x=980 y=372
ZWL PERF 5038ms: passes=711 timeouts=61 | poll 32.0% work 67.7%
ZWL PERF compose frames=88 draw_ms=36.04 (acquire 0.04 submit+present 33.05) frame_ms=36.77
ZWL GLASS moved surface=7 x=880 y=332
ZWL HOME open via=launcher at_ms=1361874
ZWL FIRST_FRAME what=home-open frame=22110 request_ms=1361875 ms=38
ZWL HOME opened apps=12 pages=1 page=1 at_ms=1362158
ZWL HOME icon name="Files" x=600 y=386
ZWL HOME icon name="Notes" x=744 y=386
ZWL HOME icon name="Settings" x=888 y=386
ZWL HOME icon name="Terminal" x=1032 y=386
ZWL HOME icon name="PDF Viewer" x=1176 y=386
ZWL HOME icon name="Image Viewer" x=1320 y=386
ZWL HOME icon name="Browser" x=600 y=538
ZWL HOME icon name="Model viewer" x=744 y=538
ZWL HOME icon name="Gears" x=888 y=538
ZWL HOME icon name="X terminal" x=1032 y=538
ZWL HOME icon name="Lock Screen" x=1176 y=538
ZWL HOME icon name="Log Out" x=1320 y=538
ZWL HOME launch name=Terminal pid=70
ZWL HOME close via=launch at_ms=1363520
ZWL FIRST_FRAME what=home-close frame=22142 request_ms=1363520 ms=35
ZWL CLIENT client=20 fd=25
ZWL INSET create client=20 inset=20 toplevel=16
ZWL EDIT create client=20 edit=24 toplevel=16
ZWL BOUNDS client=20 surface=14 width=1896 height=970
ZWL CONFIGURE client=20 surface=14 serial=618 width=0 height=0 fullscreen=0
ZWL SEAT client=20 pointer=1 keyboard=0 touch=0
ZWL SEAT client=20 pointer=1 keyboard=1 touch=0
ZWL IMPORT client=20 buffer=37 width=916 height=632 bytes=2318336
ZWL IMPORT client=20 buffer=38 width=916 height=632 bytes=2318336
ZWL IMPORT client=20 buffer=39 width=916 height=632 bytes=2318336
ZTERM MENU state selection=0 clipboard=0 pixels=16 fullscreen=0
ZWL MENU commit client=20 menu=43 serial=1 items=30 generation=1
ZWL MENU set client=20 place=44 menu=43
ZWL MENU commit client=20 menu=43 serial=2 items=30 generation=2
ZTERM MENU ready items=30
ZTERM TAB active id=1
ZTERM TAB new run=term id=1 count=1
ZTERM START run=term columns=90 rows=28 cell=10x22 window=916x632
ZWL TITLEBAR create client=20 titlebar=48 toplevel=16
ZTERM TABS count=1 active=1 mode=0
ZTERM TITLE tab=1 title=Terminal
ZWL EDIT state client=20 edit=24 actions=0xff flags=0xd
ZWL TITLEBAR commit client=20 titlebar=48 serial=1 mode=0 controls=0 tabs=1 generation=1
ZWL MAP client=20 surface=14 x=348 y=420
ZWL HOME launched waited_ms=159 at_ms=1363679
ZWL GLASS launch surface=14 from=996,350 to=348,420 size=916x632
ZTERM CLIPBOARD selection text=0
ZTERM PRIMARY offer text=0
ZWL HOME closed at_ms=1363760
ZWL MENU bar client=20 surface=14 where=floating item=1 offset=127 top=368 width=55 height=44
ZWL MENU bar client=20 surface=14 where=floating item=2 offset=184 top=368 width=47 height=44
ZWL MENU bar client=20 surface=14 where=floating item=3 offset=233 top=368 width=55 height=44
ZWL MENU bar client=20 surface=14 where=floating item=4 offset=290 top=368 width=76 height=44
ZWL MENU bar client=20 surface=14 where=floating item=5 offset=368 top=368 width=53 height=44
ZWL PERF 5038ms: passes=684 timeouts=67 | poll 31.7% work 68.0%
ZWL PERF compose frames=83 draw_ms=38.18 (acquire 0.05 submit+present 35.25) frame_ms=39.06
ZGEARS FPS run=gears frames=17600 fps=13.9
ZWL PERF 5046ms: passes=688 timeouts=68 | poll 32.2% work 67.4%
ZWL PERF compose frames=74 draw_ms=42.71 (acquire 0.04 submit+present 40.10) frame_ms=43.51
ZTERM TAB closed run=term id=1 count=0
ZTERM DONE run=term reason=shell-exited
ZWL CLIENT gone client=20 reason=read
ZWL CLEANUP client=20 objects=35 unread_fds=0
ZWL HOME ended pid=70 status=0
ZWL WISEVIEW opening key at_ms=1374018
ZGEARS FPS run=gears frames=17700 fps=13.2
ZWL FIRST_FRAME what=wiseview-open frame=22297 request_ms=1374018 ms=39
ZWL WISEVIEW open windows=10 at_ms=1374220
ZWL WISEVIEW tile client=9 surface=7 x=83 y=86 width=380 height=253
ZWL WISEVIEW tile client=10 surface=1146 x=528 y=90 width=406 height=244
ZWL WISEVIEW tile client=10 surface=14 x=1036 y=90 width=305 height=244
ZWL WISEVIEW tile client=8 surface=7 x=1484 y=90 width=325 height=244
ZWL WISEVIEW tile client=7 surface=14 x=104 y=404 width=338 height=244
ZWL WISEVIEW tile client=6 surface=14 x=570 y=404 width=321 height=244
ZWL WISEVIEW tile client=5 surface=14 x=1012 y=404 width=353 height=244
ZWL WISEVIEW tile client=4 surface=8 x=1467 y=404 width=359 height=244
ZWL WISEVIEW tile client=3 surface=16 x=568 y=718 width=325 height=244
ZWL WISEVIEW tile client=2 surface=8 x=999 y=718 width=379 height=244
ZWL PERF 5004ms: passes=677 timeouts=66 | poll 32.4% work 67.2%
ZWL PERF compose frames=85 draw_ms=36.59 (acquire 0.04 submit+present 34.48) frame_ms=37.39
ZWL WISEVIEW close key at_ms=1376228
ZWL FIRST_FRAME what=wiseview-close frame=22354 request_ms=1376228 ms=33
ZWL WISEVIEW closed at_ms=1376428
ZWL HOME open via=launcher at_ms=1378598
ZWL FIRST_FRAME what=home-open frame=22392 request_ms=1378598 ms=51
ZWL HOME opened apps=12 pages=1 page=1 at_ms=1378887
ZWL HOME icon name="Files" x=600 y=386
ZWL HOME icon name="Notes" x=744 y=386
ZWL HOME icon name="Settings" x=888 y=386
ZWL HOME icon name="Terminal" x=1032 y=386
ZWL HOME icon name="PDF Viewer" x=1176 y=386
ZWL HOME icon name="Image Viewer" x=1320 y=386
ZWL HOME icon name="Browser" x=600 y=538
ZWL HOME icon name="Model viewer" x=744 y=538
ZWL HOME icon name="Gears" x=888 y=538
ZWL HOME icon name="X terminal" x=1032 y=538
ZWL HOME icon name="Lock Screen" x=1176 y=538
ZWL HOME icon name="Log Out" x=1320 y=538
ZWL PERF 5015ms: passes=711 timeouts=64 | poll 32.1% work 67.6%
ZWL PERF compose frames=99 draw_ms=31.94 (acquire 0.04 submit+present 29.47) frame_ms=32.62
ZWL HOME close via=escape at_ms=1380848
ZWL FIRST_FRAME what=home-close frame=22439 request_ms=1380848 ms=27
ZGEARS FPS run=gears frames=17800 fps=14.5
ZWL HOME closed at_ms=1381132
ZWL GLASS moved surface=7 x=980 y=372
ZWL GLASS moved surface=7 x=880 y=332
ZWL PERF 5039ms: passes=683 timeouts=69 | poll 32.0% work 67.7%
ZWL PERF compose frames=82 draw_ms=38.87 (acquire 0.05 submit+present 35.94) frame_ms=39.58
ZWL WISEVIEW opening key at_ms=1385688
ZWL FIRST_FRAME what=wiseview-open frame=22513 request_ms=1385688 ms=33
ZWL WISEVIEW open windows=10 at_ms=1385890
ZWL WISEVIEW tile client=9 surface=7 x=83 y=86 width=380 height=253
ZWL WISEVIEW tile client=10 surface=1146 x=528 y=90 width=406 height=244
ZWL WISEVIEW tile client=10 surface=14 x=1036 y=90 width=305 height=244
ZWL WISEVIEW tile client=8 surface=7 x=1484 y=90 width=325 height=244
ZWL WISEVIEW tile client=7 surface=14 x=104 y=404 width=338 height=244
ZWL WISEVIEW tile client=6 surface=14 x=570 y=404 width=321 height=244
ZWL WISEVIEW tile client=5 surface=14 x=1012 y=404 width=353 height=244
ZWL WISEVIEW tile client=4 surface=8 x=1467 y=404 width=359 height=244
ZWL WISEVIEW tile client=3 surface=16 x=568 y=718 width=325 height=244
ZWL WISEVIEW tile client=2 surface=8 x=999 y=718 width=379 height=244
ZWL WISEVIEW close key at_ms=1387877
ZWL FIRST_FRAME what=wiseview-close frame=22567 request_ms=1387877 ms=31
ZWL WISEVIEW closed at_ms=1388086
ZGEARS FPS run=gears frames=17900 fps=13.4
ZWL PERF 5034ms: passes=709 timeouts=65 | poll 31.7% work 67.9%
ZWL PERF compose frames=100 draw_ms=31.59 (acquire 0.05 submit+present 29.55) frame_ms=32.47
ZWL HOME open via=launcher at_ms=1390239
ZWL FIRST_FRAME what=home-open frame=22606 request_ms=1390239 ms=42
ZWL HOME opened apps=12 pages=1 page=1 at_ms=1390528
ZWL HOME icon name="Files" x=600 y=386
ZWL HOME icon name="Notes" x=744 y=386
ZWL HOME icon name="Settings" x=888 y=386
ZWL HOME icon name="Terminal" x=1032 y=386
ZWL HOME icon name="PDF Viewer" x=1176 y=386
ZWL HOME icon name="Image Viewer" x=1320 y=386
ZWL HOME icon name="Browser" x=600 y=538
ZWL HOME icon name="Model viewer" x=744 y=538
ZWL HOME icon name="Gears" x=888 y=538
ZWL HOME icon name="X terminal" x=1032 y=538
ZWL HOME icon name="Lock Screen" x=1176 y=538
ZWL HOME icon name="Log Out" x=1320 y=538
ZWL HOME close via=escape at_ms=1392495
ZWL FIRST_FRAME what=home-close frame=22650 request_ms=1392495 ms=33
ZWL HOME closed at_ms=1392738
ZWL PERF 5000ms: passes=668 timeouts=72 | poll 32.5% work 67.2%
ZWL PERF compose frames=88 draw_ms=35.69 (acquire 0.05 submit+present 32.36) frame_ms=36.45
ZGEARS FPS run=gears frames=18000 fps=14.8
ZWL GLASS moved surface=7 x=980 y=372
ZWL GLASS moved surface=7 x=880 y=332
ZWL WISEVIEW opening key at_ms=1397307
ZWL FIRST_FRAME what=wiseview-open frame=22726 request_ms=1397308 ms=37
ZWL WISEVIEW open windows=10 at_ms=1397513
ZWL WISEVIEW tile client=9 surface=7 x=83 y=86 width=380 height=253
ZWL WISEVIEW tile client=10 surface=1146 x=528 y=90 width=406 height=244
ZWL WISEVIEW tile client=10 surface=14 x=1036 y=90 width=305 height=244
ZWL WISEVIEW tile client=8 surface=7 x=1484 y=90 width=325 height=244
ZWL WISEVIEW tile client=7 surface=14 x=104 y=404 width=338 height=244
ZWL WISEVIEW tile client=6 surface=14 x=570 y=404 width=321 height=244
ZWL WISEVIEW tile client=5 surface=14 x=1012 y=404 width=353 height=244
ZWL WISEVIEW tile client=4 surface=8 x=1467 y=404 width=359 height=244
ZWL WISEVIEW tile client=3 surface=16 x=568 y=718 width=325 height=244
ZWL WISEVIEW tile client=2 surface=8 x=999 y=718 width=379 height=244
ZWL WISEVIEW close key at_ms=1399550
ZWL FIRST_FRAME what=wiseview-close frame=22785 request_ms=1399550 ms=24
ZWL WISEVIEW closed at_ms=1399756
ZWL PERF 5042ms: passes=695 timeouts=75 | poll 32.7% work 66.9%
ZWL PERF compose frames=104 draw_ms=30.05 (acquire 0.05 submit+present 28.05) frame_ms=30.91
ZWL HOME open via=launcher at_ms=1401876
ZWL FIRST_FRAME what=home-open frame=22823 request_ms=1401876 ms=40
ZWL HOME opened apps=12 pages=1 page=1 at_ms=1402165
ZWL HOME icon name="Files" x=600 y=386
ZWL HOME icon name="Notes" x=744 y=386
ZWL HOME icon name="Settings" x=888 y=386
ZWL HOME icon name="Terminal" x=1032 y=386
ZWL HOME icon name="PDF Viewer" x=1176 y=386
ZWL HOME icon name="Image Viewer" x=1320 y=386
ZWL HOME icon name="Browser" x=600 y=538
ZWL HOME icon name="Model viewer" x=744 y=538
ZWL HOME icon name="Gears" x=888 y=538
ZWL HOME icon name="X terminal" x=1032 y=538
ZWL HOME icon name="Lock Screen" x=1176 y=538
ZWL HOME icon name="Log Out" x=1320 y=538
ZGEARS FPS run=gears frames=18100 fps=13.6
ZWL HOME close via=escape at_ms=1404108
ZWL FIRST_FRAME what=home-close frame=22866 request_ms=1404108 ms=36
ZWL HOME closed at_ms=1404351
ZWL PERF 5001ms: passes=689 timeouts=69 | poll 32.0% work 67.7%
ZWL PERF compose frames=87 draw_ms=36.03 (acquire 0.04 submit+present 33.09) frame_ms=36.94
ZWL GLASS moved surface=7 x=980 y=372
ZWL GLASS moved surface=7 x=880 y=332
ZWL WISEVIEW opening key at_ms=1408912
ZWL FIRST_FRAME what=wiseview-open frame=22943 request_ms=1408913 ms=38
ZWL WISEVIEW open windows=10 at_ms=1409134
ZWL WISEVIEW tile client=9 surface=7 x=83 y=86 width=380 height=253
ZWL WISEVIEW tile client=10 surface=1146 x=528 y=90 width=406 height=244
ZWL WISEVIEW tile client=10 surface=14 x=1036 y=90 width=305 height=244
ZWL WISEVIEW tile client=8 surface=7 x=1484 y=90 width=325 height=244
ZWL WISEVIEW tile client=7 surface=14 x=104 y=404 width=338 height=244
ZWL WISEVIEW tile client=6 surface=14 x=570 y=404 width=321 height=244
ZWL WISEVIEW tile client=5 surface=14 x=1012 y=404 width=353 height=244
ZWL WISEVIEW tile client=4 surface=8 x=1467 y=404 width=359 height=244
ZWL WISEVIEW tile client=3 surface=16 x=568 y=718 width=325 height=244
ZWL WISEVIEW tile client=2 surface=8 x=999 y=718 width=379 height=244
ZGEARS FPS run=gears frames=18200 fps=14.5
ZWL PERF 5000ms: passes=680 timeouts=67 | poll 31.7% work 68.0%
ZWL PERF compose frames=92 draw_ms=34.22 (acquire 0.04 submit+present 31.98) frame_ms=34.81
ZWL WISEVIEW close key at_ms=1411134
ZWL FIRST_FRAME what=wiseview-close frame=23000 request_ms=1411134 ms=29
ZWL WISEVIEW closed at_ms=1411339
ZWL HOME open via=launcher at_ms=1413505
ZWL FIRST_FRAME what=home-open frame=23037 request_ms=1413505 ms=50
ZWL HOME opened apps=12 pages=1 page=1 at_ms=1413793
ZWL HOME icon name="Files" x=600 y=386
ZWL HOME icon name="Notes" x=744 y=386
ZWL HOME icon name="Settings" x=888 y=386
ZWL HOME icon name="Terminal" x=1032 y=386
ZWL HOME icon name="PDF Viewer" x=1176 y=386
ZWL HOME icon name="Image Viewer" x=1320 y=386
ZWL HOME icon name="Browser" x=600 y=538
ZWL HOME icon name="Model viewer" x=744 y=538
ZWL HOME icon name="Gears" x=888 y=538
ZWL HOME icon name="X terminal" x=1032 y=538
ZWL HOME icon name="Lock Screen" x=1176 y=538
ZWL HOME icon name="Log Out" x=1320 y=538
ZWL PERF 5025ms: passes=699 timeouts=74 | poll 32.0% work 67.6%
ZWL PERF compose frames=94 draw_ms=33.60 (acquire 0.06 submit+present 30.81) frame_ms=34.53
ZWL HOME close via=escape at_ms=1415755
ZWL FIRST_FRAME what=home-close frame=23081 request_ms=1415755 ms=30
ZWL HOME closed at_ms=1415995
ZGEARS FPS run=gears frames=18300 fps=14.9
ZWL GLASS moved surface=7 x=980 y=372
ZWL GLASS moved surface=7 x=880 y=332
ZWL PERF 5003ms: passes=718 timeouts=59 | poll 31.5% work 68.1%
ZWL PERF compose frames=83 draw_ms=38.24 (acquire 0.05 submit+present 35.60) frame_ms=39.07
ZWL WISEVIEW opening key at_ms=1420514
ZWL FIRST_FRAME what=wiseview-open frame=23157 request_ms=1420514 ms=44
ZWL WISEVIEW open windows=10 at_ms=1420718
ZWL WISEVIEW tile client=9 surface=7 x=83 y=86 width=380 height=253
ZWL WISEVIEW tile client=10 surface=1146 x=528 y=90 width=406 height=244
ZWL WISEVIEW tile client=10 surface=14 x=1036 y=90 width=305 height=244
ZWL WISEVIEW tile client=8 surface=7 x=1484 y=90 width=325 height=244
ZWL WISEVIEW tile client=7 surface=14 x=104 y=404 width=338 height=244
ZWL WISEVIEW tile client=6 surface=14 x=570 y=404 width=321 height=244
ZWL WISEVIEW tile client=5 surface=14 x=1012 y=404 width=353 height=244
ZWL WISEVIEW tile client=4 surface=8 x=1467 y=404 width=359 height=244
ZWL WISEVIEW tile client=3 surface=16 x=568 y=718 width=325 height=244
ZWL WISEVIEW tile client=2 surface=8 x=999 y=718 width=379 height=244
ZWL WISEVIEW close key at_ms=1422742
ZWL FIRST_FRAME what=wiseview-close frame=23212 request_ms=1422742 ms=26
ZWL WISEVIEW closed at_ms=1422947
ZGEARS FPS run=gears frames=18400 fps=13.8
ZWL HOME open via=launcher at_ms=1425112
ZWL FIRST_FRAME what=home-open frame=23250 request_ms=1425112 ms=53
ZWL PERF 5035ms: passes=687 timeouts=70 | poll 31.6% work 68.0%
ZWL PERF compose frames=100 draw_ms=31.65 (acquire 0.04 submit+present 29.73) frame_ms=32.52
ZWL HOME opened apps=12 pages=1 page=1 at_ms=1425392
ZWL HOME icon name="Files" x=600 y=386
ZWL HOME icon name="Notes" x=744 y=386
ZWL HOME icon name="Settings" x=888 y=386
ZWL HOME icon name="Terminal" x=1032 y=386
ZWL HOME icon name="PDF Viewer" x=1176 y=386
ZWL HOME icon name="Image Viewer" x=1320 y=386
ZWL HOME icon name="Browser" x=600 y=538
ZWL HOME icon name="Model viewer" x=744 y=538
ZWL HOME icon name="Gears" x=888 y=538
ZWL HOME icon name="X terminal" x=1032 y=538
ZWL HOME icon name="Lock Screen" x=1176 y=538
ZWL HOME icon name="Log Out" x=1320 y=538
ZWL HOME close via=escape at_ms=1427328
ZWL FIRST_FRAME what=home-close frame=23293 request_ms=1427328 ms=27
ZWL HOME closed at_ms=1427620
ZGEARS FPS run=gears frames=18500 fps=15.0
ZWL GLASS moved surface=7 x=980 y=372
ZWL PERF 5036ms: passes=708 timeouts=66 | poll 31.9% work 67.8%
ZWL PERF compose frames=89 draw_ms=35.84 (acquire 0.06 submit+present 32.65) frame_ms=36.55
ZWL GLASS moved surface=7 x=880 y=332
ZWL WISEVIEW opening key at_ms=1432297
ZWL FIRST_FRAME what=wiseview-open frame=23373 request_ms=1432297 ms=40
ZWL WISEVIEW open windows=10 at_ms=1432516
ZWL WISEVIEW tile client=9 surface=7 x=83 y=86 width=380 height=253
ZWL WISEVIEW tile client=10 surface=1146 x=528 y=90 width=406 height=244
ZWL WISEVIEW tile client=10 surface=14 x=1036 y=90 width=305 height=244
ZWL WISEVIEW tile client=8 surface=7 x=1484 y=90 width=325 height=244
ZWL WISEVIEW tile client=7 surface=14 x=104 y=404 width=338 height=244
ZWL WISEVIEW tile client=6 surface=14 x=570 y=404 width=321 height=244
ZWL WISEVIEW tile client=5 surface=14 x=1012 y=404 width=353 height=244
ZWL WISEVIEW tile client=4 surface=8 x=1467 y=404 width=359 height=244
ZWL WISEVIEW tile client=3 surface=16 x=568 y=718 width=325 height=244
ZWL WISEVIEW tile client=2 surface=8 x=999 y=718 width=379 height=244
ZWL WISEVIEW close key at_ms=1434556
ZWL FIRST_FRAME what=wiseview-close frame=23429 request_ms=1434556 ms=26
ZWL WISEVIEW closed at_ms=1434756
ZWL PERF 5020ms: passes=695 timeouts=68 | poll 31.8% work 67.8%
ZWL PERF compose frames=100 draw_ms=31.27 (acquire 0.06 submit+present 29.20) frame_ms=32.13
ZWL HOME open via=launcher at_ms=1436900
ZWL FIRST_FRAME what=home-open frame=23467 request_ms=1436900 ms=50
ZWL HOME opened apps=12 pages=1 page=1 at_ms=1437180
ZWL HOME icon name="Files" x=600 y=386
ZWL HOME icon name="Notes" x=744 y=386
ZWL HOME icon name="Settings" x=888 y=386
ZWL HOME icon name="Terminal" x=1032 y=386
ZWL HOME icon name="PDF Viewer" x=1176 y=386
ZWL HOME icon name="Image Viewer" x=1320 y=386
ZWL HOME icon name="Browser" x=600 y=538
ZWL HOME icon name="Model viewer" x=744 y=538
ZWL HOME icon name="Gears" x=888 y=538
ZWL HOME icon name="X terminal" x=1032 y=538
ZWL HOME icon name="Lock Screen" x=1176 y=538
ZWL HOME icon name="Log Out" x=1320 y=538
ZGEARS FPS run=gears frames=18600 fps=13.9
ZWL HOME close via=escape at_ms=1439116
ZWL FIRST_FRAME what=home-close frame=23511 request_ms=1439116 ms=36
ZWL HOME closed at_ms=1439356
ZWL PERF 5047ms: passes=684 timeouts=70 | poll 32.0% work 67.7%
ZWL PERF compose frames=89 draw_ms=35.85 (acquire 0.06 submit+present 32.65) frame_ms=36.59
ZWL GLASS moved surface=7 x=980 y=372
ZWL GLASS moved surface=7 x=880 y=332
ZGEARS FPS run=gears frames=18700 fps=14.5
ZWL WISEVIEW opening key at_ms=1444665
ZWL FIRST_FRAME what=wiseview-open frame=23599 request_ms=1444665 ms=37
ZWL WISEVIEW open windows=10 at_ms=1444869
ZWL WISEVIEW tile client=9 surface=7 x=83 y=86 width=380 height=253
ZWL WISEVIEW tile client=10 surface=1146 x=528 y=90 width=406 height=244
ZWL WISEVIEW tile client=10 surface=14 x=1036 y=90 width=305 height=244
ZWL WISEVIEW tile client=8 surface=7 x=1484 y=90 width=325 height=244
ZWL WISEVIEW tile client=7 surface=14 x=104 y=404 width=338 height=244
ZWL WISEVIEW tile client=6 surface=14 x=570 y=404 width=321 height=244
ZWL WISEVIEW tile client=5 surface=14 x=1012 y=404 width=353 height=244
ZWL WISEVIEW tile client=4 surface=8 x=1467 y=404 width=359 height=244
ZWL WISEVIEW tile client=3 surface=16 x=568 y=718 width=325 height=244
ZWL WISEVIEW tile client=2 surface=8 x=999 y=718 width=379 height=244
ZWL PERF 5000ms: passes=653 timeouts=64 | poll 31.9% work 67.8%
ZWL PERF compose frames=85 draw_ms=36.93 (acquire 0.05 submit+present 34.39) frame_ms=37.80
ZWL WISEVIEW close key at_ms=1446914
ZWL FIRST_FRAME what=wiseview-close frame=23657 request_ms=1446914 ms=26
ZWL WISEVIEW closed at_ms=1447117
ZWL HOME open via=launcher at_ms=1449254
ZWL FIRST_FRAME what=home-open frame=23694 request_ms=1449254 ms=35
ZWL HOME opened apps=12 pages=1 page=1 at_ms=1449536
ZWL HOME icon name="Files" x=600 y=386
ZWL HOME icon name="Notes" x=744 y=386
ZWL HOME icon name="Settings" x=888 y=386
ZWL HOME icon name="Terminal" x=1032 y=386
ZWL HOME icon name="PDF Viewer" x=1176 y=386
ZWL HOME icon name="Image Viewer" x=1320 y=386
ZWL HOME icon name="Browser" x=600 y=538
ZWL HOME icon name="Model viewer" x=744 y=538
ZWL HOME icon name="Gears" x=888 y=538
ZWL HOME icon name="X terminal" x=1032 y=538
ZWL HOME icon name="Lock Screen" x=1176 y=538
ZWL HOME icon name="Log Out" x=1320 y=538
ZWL PERF 5038ms: passes=751 timeouts=66 | poll 32.0% work 67.6%
ZWL PERF compose frames=101 draw_ms=31.07 (acquire 0.04 submit+present 28.80) frame_ms=31.93
ZGEARS FPS run=gears frames=18800 fps=14.6
ZWL HOME close via=escape at_ms=1451483
ZWL FIRST_FRAME what=home-close frame=23738 request_ms=1451483 ms=23
ZWL HOME closed at_ms=1451728
ZWL GLASS moved surface=7 x=980 y=372
ZWL PERF 5024ms: passes=718 timeouts=63 | poll 30.8% work 68.9%
ZWL PERF compose frames=83 draw_ms=38.71 (acquire 0.05 submit+present 35.90) frame_ms=39.54
ZWL GLASS moved surface=7 x=880 y=332
ZWL WISEVIEW opening key at_ms=1456278
ZWL FIRST_FRAME what=wiseview-open frame=23812 request_ms=1456278 ms=42
ZWL WISEVIEW open windows=10 at_ms=1456483
ZWL WISEVIEW tile client=9 surface=7 x=83 y=86 width=380 height=253
ZWL WISEVIEW tile client=10 surface=1146 x=528 y=90 width=406 height=244
ZWL WISEVIEW tile client=10 surface=14 x=1036 y=90 width=305 height=244
ZWL WISEVIEW tile client=8 surface=7 x=1484 y=90 width=325 height=244
ZWL WISEVIEW tile client=7 surface=14 x=104 y=404 width=338 height=244
ZWL WISEVIEW tile client=6 surface=14 x=570 y=404 width=321 height=244
ZWL WISEVIEW tile client=5 surface=14 x=1012 y=404 width=353 height=244
ZWL WISEVIEW tile client=4 surface=8 x=1467 y=404 width=359 height=244
ZWL WISEVIEW tile client=3 surface=16 x=568 y=718 width=325 height=244
ZWL WISEVIEW tile client=2 surface=8 x=999 y=718 width=379 height=244
ZGEARS FPS run=gears frames=18900 fps=14.3
ZWL WISEVIEW close key at_ms=1458501
ZWL FIRST_FRAME what=wiseview-close frame=23868 request_ms=1458501 ms=17
ZWL WISEVIEW closed at_ms=1458709
ZWL PERF 5000ms: passes=680 timeouts=76 | poll 33.3% work 66.3%
ZWL PERF compose frames=100 draw_ms=30.62 (acquire 0.06 submit+present 28.62) frame_ms=31.50
ZWL HOME open via=launcher at_ms=1460857
ZWL FIRST_FRAME what=home-open frame=23906 request_ms=1460857 ms=50
ZWL HOME opened apps=12 pages=1 page=1 at_ms=1461143
ZWL HOME icon name="Files" x=600 y=386
ZWL HOME icon name="Notes" x=744 y=386
ZWL HOME icon name="Settings" x=888 y=386
ZWL HOME icon name="Terminal" x=1032 y=386
ZWL HOME icon name="PDF Viewer" x=1176 y=386
ZWL HOME icon name="Image Viewer" x=1320 y=386
ZWL HOME icon name="Browser" x=600 y=538
ZWL HOME icon name="Model viewer" x=744 y=538
ZWL HOME icon name="Gears" x=888 y=538
ZWL HOME icon name="X terminal" x=1032 y=538
ZWL HOME icon name="Lock Screen" x=1176 y=538
ZWL HOME icon name="Log Out" x=1320 y=538
ZWL HOME close via=escape at_ms=1463112
ZWL FIRST_FRAME what=home-close frame=23950 request_ms=1463112 ms=28
ZWL HOME closed at_ms=1463385
ZGEARS FPS run=gears frames=19000 fps=15.3
ZWL PERF 5040ms: passes=689 timeouts=73 | poll 31.6% work 68.1%
ZWL PERF compose frames=88 draw_ms=36.38 (acquire 0.05 submit+present 33.27) frame_ms=37.10
ZWL GLASS moved surface=7 x=980 y=372
ZWL GLASS moved surface=7 x=880 y=332
ZWL WISEVIEW opening key at_ms=1467859
ZWL FIRST_FRAME what=wiseview-open frame=24026 request_ms=1467859 ms=42
ZWL WISEVIEW open windows=10 at_ms=1468065
ZWL WISEVIEW tile client=9 surface=7 x=83 y=86 width=380 height=253
ZWL WISEVIEW tile client=10 surface=1146 x=528 y=90 width=406 height=244
ZWL WISEVIEW tile client=10 surface=14 x=1036 y=90 width=305 height=244
ZWL WISEVIEW tile client=8 surface=7 x=1484 y=90 width=325 height=244
ZWL WISEVIEW tile client=7 surface=14 x=104 y=404 width=338 height=244
ZWL WISEVIEW tile client=6 surface=14 x=570 y=404 width=321 height=244
ZWL WISEVIEW tile client=5 surface=14 x=1012 y=404 width=353 height=244
ZWL WISEVIEW tile client=4 surface=8 x=1467 y=404 width=359 height=244
ZWL WISEVIEW tile client=3 surface=16 x=568 y=718 width=325 height=244
ZWL WISEVIEW tile client=2 surface=8 x=999 y=718 width=379 height=244
ZWL WISEVIEW close key at_ms=1470096
ZWL FIRST_FRAME what=wiseview-close frame=24083 request_ms=1470097 ms=27
ZWL WISEVIEW closed at_ms=1470325
ZWL PERF 5019ms: passes=687 timeouts=64 | poll 31.8% work 67.8%
ZWL PERF compose frames=102 draw_ms=30.97 (acquire 0.05 submit+present 29.13) frame_ms=31.72
ZGEARS FPS run=gears frames=19100 fps=13.0
ZWL HOME open via=launcher at_ms=1472445
ZWL FIRST_FRAME what=home-open frame=24121 request_ms=1472445 ms=48
ZWL HOME opened apps=12 pages=1 page=1 at_ms=1472753
ZWL HOME icon name="Files" x=600 y=386
ZWL HOME icon name="Notes" x=744 y=386
ZWL HOME icon name="Settings" x=888 y=386
ZWL HOME icon name="Terminal" x=1032 y=386
ZWL HOME icon name="PDF Viewer" x=1176 y=386
ZWL HOME icon name="Image Viewer" x=1320 y=386
ZWL HOME icon name="Browser" x=600 y=538
ZWL HOME icon name="Model viewer" x=744 y=538
ZWL HOME icon name="Gears" x=888 y=538
ZWL HOME icon name="X terminal" x=1032 y=538
ZWL HOME icon name="Lock Screen" x=1176 y=538
ZWL HOME icon name="Log Out" x=1320 y=538
ZWL HOME close via=escape at_ms=1474697
ZWL FIRST_FRAME what=home-close frame=24166 request_ms=1474697 ms=36
ZWL HOME closed at_ms=1474943
ZWL PERF 5043ms: passes=687 timeouts=69 | poll 32.0% work 67.6%
ZWL PERF compose frames=90 draw_ms=35.27 (acquire 0.08 submit+present 31.79) frame_ms=36.04
ZWL GLASS moved surface=7 x=980 y=372
ZWL GLASS moved surface=7 x=880 y=332
ZGEARS FPS run=gears frames=19200 fps=14.9
ZWL WISEVIEW opening key at_ms=1479922
ZWL FIRST_FRAME what=wiseview-open frame=24247 request_ms=1479922 ms=36
ZWL WISEVIEW open windows=10 at_ms=1480127
ZWL WISEVIEW tile client=9 surface=7 x=83 y=86 width=380 height=253
ZWL WISEVIEW tile client=10 surface=1146 x=528 y=90 width=406 height=244
ZWL WISEVIEW tile client=10 surface=14 x=1036 y=90 width=305 height=244
ZWL WISEVIEW tile client=8 surface=7 x=1484 y=90 width=325 height=244
ZWL WISEVIEW tile client=7 surface=14 x=104 y=404 width=338 height=244
ZWL WISEVIEW tile client=6 surface=14 x=570 y=404 width=321 height=244
ZWL WISEVIEW tile client=5 surface=14 x=1012 y=404 width=353 height=244
ZWL WISEVIEW tile client=4 surface=8 x=1467 y=404 width=359 height=244
ZWL WISEVIEW tile client=3 surface=16 x=568 y=718 width=325 height=244
ZWL WISEVIEW tile client=2 surface=8 x=999 y=718 width=379 height=244
ZWL PERF 5031ms: passes=696 timeouts=67 | poll 31.9% work 67.7%
ZWL PERF compose frames=84 draw_ms=37.74 (acquire 0.05 submit+present 35.45) frame_ms=38.63
ZWL WISEVIEW close key at_ms=1482149
ZWL FIRST_FRAME what=wiseview-close frame=24305 request_ms=1482149 ms=22
ZWL WISEVIEW closed at_ms=1482350
ZWL HOME open via=launcher at_ms=1484527
ZWL FIRST_FRAME what=home-open frame=24344 request_ms=1484527 ms=54
ZWL HOME opened apps=12 pages=1 page=1 at_ms=1484808
ZWL HOME icon name="Files" x=600 y=386
ZWL HOME icon name="Notes" x=744 y=386
ZWL HOME icon name="Settings" x=888 y=386
ZWL HOME icon name="Terminal" x=1032 y=386
ZWL HOME icon name="PDF Viewer" x=1176 y=386
ZWL HOME icon name="Image Viewer" x=1320 y=386
ZWL HOME icon name="Browser" x=600 y=538
ZWL HOME icon name="Model viewer" x=744 y=538
ZWL HOME icon name="Gears" x=888 y=538
ZWL HOME icon name="X terminal" x=1032 y=538
ZWL HOME icon name="Lock Screen" x=1176 y=538
ZWL HOME icon name="Log Out" x=1320 y=538
ZWL PERF 5001ms: passes=716 timeouts=65 | poll 31.9% work 67.7%
ZWL PERF compose frames=100 draw_ms=31.49 (acquire 0.05 submit+present 29.44) frame_ms=32.28
ZGEARS FPS run=gears frames=19300 fps=13.8
ZWL HOME close via=escape at_ms=1486720
ZWL FIRST_FRAME what=home-close frame=24387 request_ms=1486720 ms=34
ZWL HOME closed at_ms=1487000
ZWL GLASS moved surface=7 x=980 y=372
ZWL PERF 5020ms: passes=683 timeouts=73 | poll 32.4% work 67.2%
ZWL PERF compose frames=83 draw_ms=37.82 (acquire 0.04 submit+present 35.02) frame_ms=38.66
ZWL GLASS moved surface=7 x=880 y=332
ZWL HOME open via=launcher at_ms=1491614
ZWL FIRST_FRAME what=home-open frame=24462 request_ms=1491614 ms=50
ZWL HOME opened apps=12 pages=1 page=1 at_ms=1491913
ZWL HOME icon name="Files" x=600 y=386
ZWL HOME icon name="Notes" x=744 y=386
ZWL HOME icon name="Settings" x=888 y=386
ZWL HOME icon name="Terminal" x=1032 y=386
ZWL HOME icon name="PDF Viewer" x=1176 y=386
ZWL HOME icon name="Image Viewer" x=1320 y=386
ZWL HOME icon name="Browser" x=600 y=538
ZWL HOME icon name="Model viewer" x=744 y=538
ZWL HOME icon name="Gears" x=888 y=538
ZWL HOME icon name="X terminal" x=1032 y=538
ZWL HOME icon name="Lock Screen" x=1176 y=538
ZWL HOME icon name="Log Out" x=1320 y=538
ZGEARS FPS run=gears frames=19400 fps=15.2
ZWL HOME launch name=Terminal pid=72
ZWL HOME close via=launch at_ms=1493241
ZWL FIRST_FRAME what=home-close frame=24493 request_ms=1493241 ms=28
ZWL CLIENT client=21 fd=25
ZWL INSET create client=21 inset=20 toplevel=16
ZWL EDIT create client=21 edit=24 toplevel=16
ZWL BOUNDS client=21 surface=14 width=1896 height=970
ZWL CONFIGURE client=21 surface=14 serial=679 width=0 height=0 fullscreen=0
ZWL SEAT client=21 pointer=1 keyboard=0 touch=0
ZWL SEAT client=21 pointer=1 keyboard=1 touch=0
ZWL IMPORT client=21 buffer=37 width=916 height=632 bytes=2318336
ZWL IMPORT client=21 buffer=38 width=916 height=632 bytes=2318336
ZWL IMPORT client=21 buffer=39 width=916 height=632 bytes=2318336
ZTERM MENU state selection=0 clipboard=0 pixels=16 fullscreen=0
ZWL MENU commit client=21 menu=43 serial=1 items=30 generation=1
ZWL MENU set client=21 place=44 menu=43
ZWL MENU commit client=21 menu=43 serial=2 items=30 generation=2
ZTERM MENU ready items=30
ZTERM TAB active id=1
ZTERM TAB new run=term id=1 count=1
ZTERM START run=term columns=90 rows=28 cell=10x22 window=916x632
ZWL TITLEBAR create client=21 titlebar=48 toplevel=16
ZTERM TABS count=1 active=1 mode=0
ZTERM TITLE tab=1 title=Terminal
ZWL EDIT state client=21 edit=24 actions=0xff flags=0xd
ZWL TITLEBAR commit client=21 titlebar=48 serial=1 mode=0 controls=0 tabs=1 generation=1
ZWL MAP client=21 surface=14 x=348 y=420
ZWL HOME launched waited_ms=141 at_ms=1493382
ZWL GLASS launch surface=14 from=996,350 to=348,420 size=916x632
ZTERM CLIPBOARD selection text=0
ZTERM PRIMARY offer text=0
ZWL HOME closed at_ms=1493524
ZWL MENU bar client=21 surface=14 where=floating item=1 offset=127 top=368 width=55 height=44
ZWL MENU bar client=21 surface=14 where=floating item=2 offset=184 top=368 width=47 height=44
ZWL MENU bar client=21 surface=14 where=floating item=3 offset=233 top=368 width=55 height=44
ZWL MENU bar client=21 surface=14 where=floating item=4 offset=290 top=368 width=76 height=44
ZWL MENU bar client=21 surface=14 where=floating item=5 offset=368 top=368 width=53 height=44
ZWL PERF 5040ms: passes=708 timeouts=75 | poll 31.7% work 67.9%
ZWL PERF compose frames=81 draw_ms=39.06 (acquire 0.05 submit+present 36.04) frame_ms=39.90
ZTERM TAB closed run=term id=1 count=0
ZTERM DONE run=term reason=shell-exited
ZWL CLIENT gone client=21 reason=read
ZWL CLEANUP client=21 objects=35 unread_fds=0
ZWL HOME ended pid=72 status=0
ZGEARS FPS run=gears frames=19500 fps=13.3
ZWL PERF 5042ms: passes=733 timeouts=65 | poll 32.8% work 66.8%
ZWL PERF compose frames=72 draw_ms=43.22 (acquire 0.04 submit+present 40.59) frame_ms=44.12
ZWL WISEVIEW opening key at_ms=1503790
ZWL FIRST_FRAME what=wiseview-open frame=24647 request_ms=1503790 ms=36
ZWL WISEVIEW open windows=10 at_ms=1503991
ZWL WISEVIEW tile client=9 surface=7 x=83 y=86 width=380 height=253
ZWL WISEVIEW tile client=10 surface=1146 x=528 y=90 width=406 height=244
ZWL WISEVIEW tile client=10 surface=14 x=1036 y=90 width=305 height=244
ZWL WISEVIEW tile client=8 surface=7 x=1484 y=90 width=325 height=244
ZWL WISEVIEW tile client=7 surface=14 x=104 y=404 width=338 height=244
ZWL WISEVIEW tile client=6 surface=14 x=570 y=404 width=321 height=244
ZWL WISEVIEW tile client=5 surface=14 x=1012 y=404 width=353 height=244
ZWL WISEVIEW tile client=4 surface=8 x=1467 y=404 width=359 height=244
ZWL WISEVIEW tile client=3 surface=16 x=568 y=718 width=325 height=244
ZWL WISEVIEW tile client=2 surface=8 x=999 y=718 width=379 height=244
ZWL PERF 5000ms: passes=727 timeouts=65 | poll 32.5% work 67.1%
ZWL PERF compose frames=95 draw_ms=32.57 (acquire 0.04 submit+present 30.57) frame_ms=33.41
ZWL WISEVIEW close key at_ms=1505999
ZWL FIRST_FRAME what=wiseview-close frame=24703 request_ms=1505999 ms=27
ZWL WISEVIEW closed at_ms=1506216
ZGEARS FPS run=gears frames=19600 fps=13.8
ZWL HOME open via=launcher at_ms=1508369
ZWL FIRST_FRAME what=home-open frame=24740 request_ms=1508370 ms=49
ZWL HOME opened apps=12 pages=1 page=1 at_ms=1508680
ZWL HOME icon name="Files" x=600 y=386
ZWL HOME icon name="Notes" x=744 y=386
ZWL HOME icon name="Settings" x=888 y=386
ZWL HOME icon name="Terminal" x=1032 y=386
ZWL HOME icon name="PDF Viewer" x=1176 y=386
ZWL HOME icon name="Image Viewer" x=1320 y=386
ZWL HOME icon name="Browser" x=600 y=538
ZWL HOME icon name="Model viewer" x=744 y=538
ZWL HOME icon name="Gears" x=888 y=538
ZWL HOME icon name="X terminal" x=1032 y=538
ZWL HOME icon name="Lock Screen" x=1176 y=538
ZWL HOME icon name="Log Out" x=1320 y=538
ZWL HOME close via=escape at_ms=1510658
ZWL FIRST_FRAME what=home-close frame=24785 request_ms=1510658 ms=24
ZWL PERF 5026ms: passes=718 timeouts=73 | poll 32.8% work 66.8%
ZWL PERF compose frames=91 draw_ms=34.32 (acquire 0.06 submit+present 31.42) frame_ms=34.85
ZWL HOME closed at_ms=1510903
ZWL GLASS moved surface=7 x=980 y=372
ZGEARS FPS run=gears frames=19700 fps=15.0
ZWL GLASS moved surface=7 x=880 y=332
ZWL WISEVIEW opening key at_ms=1515449
ZWL FIRST_FRAME what=wiseview-open frame=24861 request_ms=1515449 ms=39
ZWL WISEVIEW open windows=10 at_ms=1515667
ZWL WISEVIEW tile client=9 surface=7 x=83 y=86 width=380 height=253
ZWL WISEVIEW tile client=10 surface=1146 x=528 y=90 width=406 height=244
ZWL WISEVIEW tile client=10 surface=14 x=1036 y=90 width=305 height=244
ZWL WISEVIEW tile client=8 surface=7 x=1484 y=90 width=325 height=244
ZWL WISEVIEW tile client=7 surface=14 x=104 y=404 width=338 height=244
ZWL WISEVIEW tile client=6 surface=14 x=570 y=404 width=321 height=244
ZWL WISEVIEW tile client=5 surface=14 x=1012 y=404 width=353 height=244
ZWL WISEVIEW tile client=4 surface=8 x=1467 y=404 width=359 height=244
ZWL WISEVIEW tile client=3 surface=16 x=568 y=718 width=325 height=244
ZWL WISEVIEW tile client=2 surface=8 x=999 y=718 width=379 height=244
ZWL PERF 5007ms: passes=669 timeouts=64 | poll 31.3% work 68.3%
ZWL PERF compose frames=80 draw_ms=39.64 (acquire 0.06 submit+present 36.97) frame_ms=40.87
ZWL WISEVIEW close key at_ms=1517636
ZWL FIRST_FRAME what=wiseview-close frame=24917 request_ms=1517636 ms=25
ZWL WISEVIEW closed at_ms=1517867
ZWL HOME open via=launcher at_ms=1520014
ZWL FIRST_FRAME what=home-open frame=24956 request_ms=1520014 ms=59
ZWL HOME opened apps=12 pages=1 page=1 at_ms=1520295
ZWL HOME icon name="Files" x=600 y=386
ZWL HOME icon name="Notes" x=744 y=386
ZWL HOME icon name="Settings" x=888 y=386
ZWL HOME icon name="Terminal" x=1032 y=386
ZWL HOME icon name="PDF Viewer" x=1176 y=386
ZWL HOME icon name="Image Viewer" x=1320 y=386
ZWL HOME icon name="Browser" x=600 y=538
ZWL HOME icon name="Model viewer" x=744 y=538
ZWL HOME icon name="Gears" x=888 y=538
ZWL HOME icon name="X terminal" x=1032 y=538
ZWL HOME icon name="Lock Screen" x=1176 y=538
ZWL HOME icon name="Log Out" x=1320 y=538
ZWL PERF 5020ms: passes=666 timeouts=70 | poll 32.1% work 67.5%
ZWL PERF compose frames=103 draw_ms=30.37 (acquire 0.06 submit+present 28.13) frame_ms=31.14
ZGEARS FPS run=gears frames=19800 fps=14.2
ZWL HOME close via=escape at_ms=1522222
ZWL FIRST_FRAME what=home-close frame=25000 request_ms=1522222 ms=23
ZWL HOME closed at_ms=1522463
ZWL GLASS moved surface=7 x=980 y=372
ZWL PERF 5023ms: passes=725 timeouts=64 | poll 31.7% work 67.9%
ZWL PERF compose frames=87 draw_ms=36.46 (acquire 0.04 submit+present 33.66) frame_ms=37.17
ZWL GLASS moved surface=7 x=880 y=332
ZWL WISEVIEW opening key at_ms=1527041
ZWL FIRST_FRAME what=wiseview-open frame=25076 request_ms=1527041 ms=37
ZWL WISEVIEW open windows=10 at_ms=1527247
ZWL WISEVIEW tile client=9 surface=7 x=83 y=86 width=380 height=253
ZWL WISEVIEW tile client=10 surface=1146 x=528 y=90 width=406 height=244
ZWL WISEVIEW tile client=10 surface=14 x=1036 y=90 width=305 height=244
ZWL WISEVIEW tile client=8 surface=7 x=1484 y=90 width=325 height=244
ZWL WISEVIEW tile client=7 surface=14 x=104 y=404 width=338 height=244
ZWL WISEVIEW tile client=6 surface=14 x=570 y=404 width=321 height=244
ZWL WISEVIEW tile client=5 surface=14 x=1012 y=404 width=353 height=244
ZWL WISEVIEW tile client=4 surface=8 x=1467 y=404 width=359 height=244
ZWL WISEVIEW tile client=3 surface=16 x=568 y=718 width=325 height=244
ZWL WISEVIEW tile client=2 surface=8 x=999 y=718 width=379 height=244
ZGEARS FPS run=gears frames=19900 fps=14.0
ZWL WISEVIEW close key at_ms=1529234
ZWL FIRST_FRAME what=wiseview-close frame=25131 request_ms=1529235 ms=16
ZWL WISEVIEW closed at_ms=1529437
ZWL PERF 5008ms: passes=655 timeouts=64 | poll 32.4% work 67.3%
ZWL PERF compose frames=100 draw_ms=31.34 (acquire 0.04 submit+present 29.31) frame_ms=32.10
ZWL HOME open via=launcher at_ms=1531592
ZWL FIRST_FRAME what=home-open frame=25170 request_ms=1531592 ms=47
ZWL HOME opened apps=12 pages=1 page=1 at_ms=1531878
ZWL HOME icon name="Files" x=600 y=386
ZWL HOME icon name="Notes" x=744 y=386
ZWL HOME icon name="Settings" x=888 y=386
ZWL HOME icon name="Terminal" x=1032 y=386
ZWL HOME icon name="PDF Viewer" x=1176 y=386
ZWL HOME icon name="Image Viewer" x=1320 y=386
ZWL HOME icon name="Browser" x=600 y=538
ZWL HOME icon name="Model viewer" x=744 y=538
ZWL HOME icon name="Gears" x=888 y=538
ZWL HOME icon name="X terminal" x=1032 y=538
ZWL HOME icon name="Lock Screen" x=1176 y=538
ZWL HOME icon name="Log Out" x=1320 y=538
ZWL HOME close via=escape at_ms=1533877
ZWL FIRST_FRAME what=home-close frame=25215 request_ms=1533877 ms=35
ZWL HOME closed at_ms=1534121
ZGEARS FPS run=gears frames=20000 fps=15.3
ZWL PERF 5036ms: passes=741 timeouts=76 | poll 32.8% work 66.9%
ZWL PERF compose frames=88 draw_ms=35.64 (acquire 0.04 submit+present 32.56) frame_ms=36.44
ZWL GLASS moved surface=7 x=980 y=372
ZWL GLASS moved surface=7 x=880 y=332
ZWL WISEVIEW opening key at_ms=1538648
ZWL FIRST_FRAME what=wiseview-open frame=25290 request_ms=1538648 ms=37
ZWL WISEVIEW open windows=10 at_ms=1538850
ZWL WISEVIEW tile client=9 surface=7 x=83 y=86 width=380 height=253
ZWL WISEVIEW tile client=10 surface=1146 x=528 y=90 width=406 height=244
ZWL WISEVIEW tile client=10 surface=14 x=1036 y=90 width=305 height=244
ZWL WISEVIEW tile client=8 surface=7 x=1484 y=90 width=325 height=244
ZWL WISEVIEW tile client=7 surface=14 x=104 y=404 width=338 height=244
ZWL WISEVIEW tile client=6 surface=14 x=570 y=404 width=321 height=244
ZWL WISEVIEW tile client=5 surface=14 x=1012 y=404 width=353 height=244
ZWL WISEVIEW tile client=4 surface=8 x=1467 y=404 width=359 height=244
ZWL WISEVIEW tile client=3 surface=16 x=568 y=718 width=325 height=244
ZWL WISEVIEW tile client=2 surface=8 x=999 y=718 width=379 height=244
ZWL PERF 5006ms: passes=725 timeouts=60 | poll 32.1% work 67.6%
ZWL PERF compose frames=99 draw_ms=31.65 (acquire 0.05 submit+present 29.48) frame_ms=32.46
ZWL WISEVIEW close key at_ms=1540887
ZWL FIRST_FRAME what=wiseview-close frame=25345 request_ms=1540887 ms=24
ZWL WISEVIEW closed at_ms=1541101
ZGEARS FPS run=gears frames=20100 fps=13.5
ZWL HOME open via=launcher at_ms=1543229
ZWL FIRST_FRAME what=home-open frame=25382 request_ms=1543230 ms=52
ZWL HOME opened apps=12 pages=1 page=1 at_ms=1543514
ZWL HOME icon name="Files" x=600 y=386
ZWL HOME icon name="Notes" x=744 y=386
ZWL HOME icon name="Settings" x=888 y=386
ZWL HOME icon name="Terminal" x=1032 y=386
ZWL HOME icon name="PDF Viewer" x=1176 y=386
ZWL HOME icon name="Image Viewer" x=1320 y=386
ZWL HOME icon name="Browser" x=600 y=538
ZWL HOME icon name="Model viewer" x=744 y=538
ZWL HOME icon name="Gears" x=888 y=538
ZWL HOME icon name="X terminal" x=1032 y=538
ZWL HOME icon name="Lock Screen" x=1176 y=538
ZWL HOME icon name="Log Out" x=1320 y=538
ZWL HOME close via=escape at_ms=1545458
ZWL FIRST_FRAME what=home-close frame=25425 request_ms=1545458 ms=37
ZWL HOME closed at_ms=1545701
ZWL PERF 5031ms: passes=735 timeouts=55 | poll 31.7% work 68.1%
ZWL PERF compose frames=88 draw_ms=36.11 (acquire 0.05 submit+present 33.07) frame_ms=36.91
ZWL GLASS moved surface=7 x=980 y=372
ZGEARS FPS run=gears frames=20200 fps=14.7
ZWL GLASS moved surface=7 x=880 y=332
ZWL WISEVIEW opening key at_ms=1550276
ZWL FIRST_FRAME what=wiseview-open frame=25498 request_ms=1550276 ms=40
ZWL WISEVIEW open windows=10 at_ms=1550498
ZWL WISEVIEW tile client=9 surface=7 x=83 y=86 width=380 height=253
ZWL WISEVIEW tile client=10 surface=1146 x=528 y=90 width=406 height=244
ZWL WISEVIEW tile client=10 surface=14 x=1036 y=90 width=305 height=244
ZWL WISEVIEW tile client=8 surface=7 x=1484 y=90 width=325 height=244
ZWL WISEVIEW tile client=7 surface=14 x=104 y=404 width=338 height=244
ZWL WISEVIEW tile client=6 surface=14 x=570 y=404 width=321 height=244
ZWL WISEVIEW tile client=5 surface=14 x=1012 y=404 width=353 height=244
ZWL WISEVIEW tile client=4 surface=8 x=1467 y=404 width=359 height=244
ZWL WISEVIEW tile client=3 surface=16 x=568 y=718 width=325 height=244
ZWL WISEVIEW tile client=2 surface=8 x=999 y=718 width=379 height=244
ZWL PERF 5022ms: passes=710 timeouts=69 | poll 32.4% work 67.2%
ZWL PERF compose frames=79 draw_ms=39.58 (acquire 0.04 submit+present 37.19) frame_ms=40.51
ZWL WISEVIEW close key at_ms=1552497
ZWL FIRST_FRAME what=wiseview-close frame=25553 request_ms=1552497 ms=25
ZWL WISEVIEW closed at_ms=1552744
ZWL HOME open via=launcher at_ms=1554844
ZWL FIRST_FRAME what=home-open frame=25591 request_ms=1554844 ms=52
ZWL HOME opened apps=12 pages=1 page=1 at_ms=1555124
ZWL HOME icon name="Files" x=600 y=386
ZWL HOME icon name="Notes" x=744 y=386
ZWL HOME icon name="Settings" x=888 y=386
ZWL HOME icon name="Terminal" x=1032 y=386
ZWL HOME icon name="PDF Viewer" x=1176 y=386
ZWL HOME icon name="Image Viewer" x=1320 y=386
ZWL HOME icon name="Browser" x=600 y=538
ZWL HOME icon name="Model viewer" x=744 y=538
ZWL HOME icon name="Gears" x=888 y=538
ZWL HOME icon name="X terminal" x=1032 y=538
ZWL HOME icon name="Lock Screen" x=1176 y=538
ZWL HOME icon name="Log Out" x=1320 y=538
ZWL PERF 5025ms: passes=688 timeouts=71 | poll 32.3% work 67.3%
ZWL PERF compose frames=100 draw_ms=31.24 (acquire 0.05 submit+present 28.83) frame_ms=32.08
ZGEARS FPS run=gears frames=20300 fps=14.4
ZWL HOME close via=escape at_ms=1557085
ZWL FIRST_FRAME what=home-close frame=25636 request_ms=1557086 ms=30
ZWL HOME closed at_ms=1557328
ZWL GLASS moved surface=7 x=980 y=372
ZWL PERF 5008ms: passes=713 timeouts=63 | poll 31.4% work 68.2%
ZWL PERF compose frames=86 draw_ms=36.92 (acquire 0.06 submit+present 34.09) frame_ms=37.35
ZWL GLASS moved surface=7 x=880 y=332
ZWL WISEVIEW opening key at_ms=1561873
ZWL FIRST_FRAME what=wiseview-open frame=25711 request_ms=1561873 ms=41
ZWL WISEVIEW open windows=10 at_ms=1562083
ZWL WISEVIEW tile client=9 surface=7 x=83 y=86 width=380 height=253
ZWL WISEVIEW tile client=10 surface=1146 x=528 y=90 width=406 height=244
ZWL WISEVIEW tile client=10 surface=14 x=1036 y=90 width=305 height=244
ZWL WISEVIEW tile client=8 surface=7 x=1484 y=90 width=325 height=244
ZWL WISEVIEW tile client=7 surface=14 x=104 y=404 width=338 height=244
ZWL WISEVIEW tile client=6 surface=14 x=570 y=404 width=321 height=244
ZWL WISEVIEW tile client=5 surface=14 x=1012 y=404 width=353 height=244
ZWL WISEVIEW tile client=4 surface=8 x=1467 y=404 width=359 height=244
ZWL WISEVIEW tile client=3 surface=16 x=568 y=718 width=325 height=244
ZWL WISEVIEW tile client=2 surface=8 x=999 y=718 width=379 height=244
ZGEARS FPS run=gears frames=20400 fps=14.1
ZWL WISEVIEW close key at_ms=1564120
ZWL FIRST_FRAME what=wiseview-close frame=25767 request_ms=1564120 ms=22
ZWL WISEVIEW closed at_ms=1564357
ZWL PERF 5027ms: passes=691 timeouts=76 | poll 33.1% work 66.6%
ZWL PERF compose frames=100 draw_ms=30.87 (acquire 0.05 submit+present 28.94) frame_ms=32.10
ZWL HOME open via=launcher at_ms=1566500
ZWL FIRST_FRAME what=home-open frame=25805 request_ms=1566500 ms=52
ZWL HOME opened apps=12 pages=1 page=1 at_ms=1566792
ZWL HOME icon name="Files" x=600 y=386
ZWL HOME icon name="Notes" x=744 y=386
ZWL HOME icon name="Settings" x=888 y=386
ZWL HOME icon name="Terminal" x=1032 y=386
ZWL HOME icon name="PDF Viewer" x=1176 y=386
ZWL HOME icon name="Image Viewer" x=1320 y=386
ZWL HOME icon name="Browser" x=600 y=538
ZWL HOME icon name="Model viewer" x=744 y=538
ZWL HOME icon name="Gears" x=888 y=538
ZWL HOME icon name="X terminal" x=1032 y=538
ZWL HOME icon name="Lock Screen" x=1176 y=538
ZWL HOME icon name="Log Out" x=1320 y=538
ZWL HOME close via=escape at_ms=1568693
ZWL FIRST_FRAME what=home-close frame=25846 request_ms=1568693 ms=30
ZWL HOME closed at_ms=1568940
ZGEARS FPS run=gears frames=20500 fps=15.1
ZWL PERF 5005ms: passes=720 timeouts=58 | poll 31.7% work 68.0%
ZWL PERF compose frames=85 draw_ms=37.49 (acquire 0.05 submit+present 34.19) frame_ms=38.18
ZWL GLASS moved surface=7 x=980 y=372
ZWL GLASS moved surface=7 x=880 y=332
ZWL WISEVIEW opening key at_ms=1573537
ZWL FIRST_FRAME what=wiseview-open frame=25921 request_ms=1573537 ms=38
ZWL WISEVIEW open windows=10 at_ms=1573737
ZWL WISEVIEW tile client=9 surface=7 x=83 y=86 width=380 height=253
ZWL WISEVIEW tile client=10 surface=1146 x=528 y=90 width=406 height=244
ZWL WISEVIEW tile client=10 surface=14 x=1036 y=90 width=305 height=244
ZWL WISEVIEW tile client=8 surface=7 x=1484 y=90 width=325 height=244
ZWL WISEVIEW tile client=7 surface=14 x=104 y=404 width=338 height=244
ZWL WISEVIEW tile client=6 surface=14 x=570 y=404 width=321 height=244
ZWL WISEVIEW tile client=5 surface=14 x=1012 y=404 width=353 height=244
ZWL WISEVIEW tile client=4 surface=8 x=1467 y=404 width=359 height=244
ZWL WISEVIEW tile client=3 surface=16 x=568 y=718 width=325 height=244
ZWL WISEVIEW tile client=2 surface=8 x=999 y=718 width=379 height=244
ZWL WISEVIEW close key at_ms=1575731
ZWL FIRST_FRAME what=wiseview-close frame=25976 request_ms=1575731 ms=33
ZWL PERF 5003ms: passes=710 timeouts=66 | poll 31.7% work 67.9%
ZWL PERF compose frames=99 draw_ms=31.66 (acquire 0.04 submit+present 29.75) frame_ms=32.50
ZWL WISEVIEW closed at_ms=1575939
ZGEARS FPS run=gears frames=20600 fps=13.6
ZWL HOME open via=launcher at_ms=1578128
ZWL FIRST_FRAME what=home-open frame=26013 request_ms=1578128 ms=51
ZWL HOME opened apps=12 pages=1 page=1 at_ms=1578436
ZWL HOME icon name="Files" x=600 y=386
ZWL HOME icon name="Notes" x=744 y=386
ZWL HOME icon name="Settings" x=888 y=386
ZWL HOME icon name="Terminal" x=1032 y=386
ZWL HOME icon name="PDF Viewer" x=1176 y=386
ZWL HOME icon name="Image Viewer" x=1320 y=386
ZWL HOME icon name="Browser" x=600 y=538
ZWL HOME icon name="Model viewer" x=744 y=538
ZWL HOME icon name="Gears" x=888 y=538
ZWL HOME icon name="X terminal" x=1032 y=538
ZWL HOME icon name="Lock Screen" x=1176 y=538
ZWL HOME icon name="Log Out" x=1320 y=538
ZWL HOME close via=escape at_ms=1580335
ZWL FIRST_FRAME what=home-close frame=26057 request_ms=1580335 ms=27
ZWL HOME closed at_ms=1580576
ZWL PERF 5036ms: passes=704 timeouts=67 | poll 31.6% work 68.1%
ZWL PERF compose frames=88 draw_ms=36.15 (acquire 0.04 submit+present 32.71) frame_ms=37.02
ZWL GLASS moved surface=7 x=980 y=372
ZGEARS FPS run=gears frames=20700 fps=15.2
ZWL GLASS moved surface=7 x=880 y=332
ZWL WISEVIEW opening key at_ms=1585165
ZWL FIRST_FRAME what=wiseview-open frame=26133 request_ms=1585165 ms=46
ZWL WISEVIEW open windows=10 at_ms=1585370
ZWL WISEVIEW tile client=9 surface=7 x=83 y=86 width=380 height=253
ZWL WISEVIEW tile client=10 surface=1146 x=528 y=90 width=406 height=244
ZWL WISEVIEW tile client=10 surface=14 x=1036 y=90 width=305 height=244
ZWL WISEVIEW tile client=8 surface=7 x=1484 y=90 width=325 height=244
ZWL WISEVIEW tile client=7 surface=14 x=104 y=404 width=338 height=244
ZWL WISEVIEW tile client=6 surface=14 x=570 y=404 width=321 height=244
ZWL WISEVIEW tile client=5 surface=14 x=1012 y=404 width=353 height=244
ZWL WISEVIEW tile client=4 surface=8 x=1467 y=404 width=359 height=244
ZWL WISEVIEW tile client=3 surface=16 x=568 y=718 width=325 height=244
ZWL WISEVIEW tile client=2 surface=8 x=999 y=718 width=379 height=244
ZWL PERF 5014ms: passes=675 timeouts=70 | poll 32.4% work 67.2%
ZWL PERF compose frames=82 draw_ms=38.14 (acquire 0.04 submit+present 35.73) frame_ms=38.99
ZWL WISEVIEW close key at_ms=1587384
ZWL FIRST_FRAME what=wiseview-close frame=26188 request_ms=1587385 ms=36
ZWL WISEVIEW closed at_ms=1587591
ZWL HOME open via=launcher at_ms=1589746
ZWL FIRST_FRAME what=home-open frame=26225 request_ms=1589746 ms=55
ZWL HOME opened apps=12 pages=1 page=1 at_ms=1590040
ZWL HOME icon name="Files" x=600 y=386
ZWL HOME icon name="Notes" x=744 y=386
ZWL HOME icon name="Settings" x=888 y=386
ZWL HOME icon name="Terminal" x=1032 y=386
ZWL HOME icon name="PDF Viewer" x=1176 y=386
ZWL HOME icon name="Image Viewer" x=1320 y=386
ZWL HOME icon name="Browser" x=600 y=538
ZWL HOME icon name="Model viewer" x=744 y=538
ZWL HOME icon name="Gears" x=888 y=538
ZWL HOME icon name="X terminal" x=1032 y=538
ZWL HOME icon name="Lock Screen" x=1176 y=538
ZWL HOME icon name="Log Out" x=1320 y=538
ZGEARS FPS run=gears frames=20800 fps=13.9
ZWL PERF 5010ms: passes=687 timeouts=65 | poll 31.8% work 67.8%
ZWL PERF compose frames=101 draw_ms=31.26 (acquire 0.05 submit+present 28.89) frame_ms=32.07
ZWL HOME close via=escape at_ms=1591957
ZWL FIRST_FRAME what=home-close frame=26269 request_ms=1591957 ms=31
ZWL HOME closed at_ms=1592215
ZWL GLASS moved surface=7 x=980 y=372
ZWL PERF 5020ms: passes=727 timeouts=66 | poll 32.0% work 67.6%
ZWL PERF compose frames=82 draw_ms=38.49 (acquire 0.06 submit+present 35.91) frame_ms=39.36
ZWL GLASS moved surface=7 x=880 y=332
ZWL WISEVIEW opening key at_ms=1596782
ZWL FIRST_FRAME what=wiseview-open frame=26344 request_ms=1596783 ms=37
ZWL WISEVIEW open windows=10 at_ms=1597009
ZWL WISEVIEW tile client=9 surface=7 x=83 y=86 width=380 height=253
ZWL WISEVIEW tile client=10 surface=1146 x=528 y=90 width=406 height=244
ZWL WISEVIEW tile client=10 surface=14 x=1036 y=90 width=305 height=244
ZWL WISEVIEW tile client=8 surface=7 x=1484 y=90 width=325 height=244
ZWL WISEVIEW tile client=7 surface=14 x=104 y=404 width=338 height=244
ZWL WISEVIEW tile client=6 surface=14 x=570 y=404 width=321 height=244
ZWL WISEVIEW tile client=5 surface=14 x=1012 y=404 width=353 height=244
ZWL WISEVIEW tile client=4 surface=8 x=1467 y=404 width=359 height=244
ZWL WISEVIEW tile client=3 surface=16 x=568 y=718 width=325 height=244
ZWL WISEVIEW tile client=2 surface=8 x=999 y=718 width=379 height=244
ZGEARS FPS run=gears frames=20900 fps=14.4
ZWL WISEVIEW close key at_ms=1598973
ZWL FIRST_FRAME what=wiseview-close frame=26400 request_ms=1598973 ms=29
ZWL WISEVIEW closed at_ms=1599177
ZWL PERF 5034ms: passes=695 timeouts=78 | poll 33.3% work 66.4%
ZWL PERF compose frames=99 draw_ms=31.25 (acquire 0.05 submit+present 29.27) frame_ms=32.00
ZWL HOME open via=launcher at_ms=1601330
ZWL FIRST_FRAME what=home-open frame=26436 request_ms=1601330 ms=55
ZWL HOME opened apps=12 pages=1 page=1 at_ms=1601611
ZWL HOME icon name="Files" x=600 y=386
ZWL HOME icon name="Notes" x=744 y=386
ZWL HOME icon name="Settings" x=888 y=386
ZWL HOME icon name="Terminal" x=1032 y=386
ZWL HOME icon name="PDF Viewer" x=1176 y=386
ZWL HOME icon name="Image Viewer" x=1320 y=386
ZWL HOME icon name="Browser" x=600 y=538
ZWL HOME icon name="Model viewer" x=744 y=538
ZWL HOME icon name="Gears" x=888 y=538
ZWL HOME icon name="X terminal" x=1032 y=538
ZWL HOME icon name="Lock Screen" x=1176 y=538
ZWL HOME icon name="Log Out" x=1320 y=538
ZWL HOME close via=escape at_ms=1603584
ZWL FIRST_FRAME what=home-close frame=26480 request_ms=1603584 ms=32
ZWL HOME closed at_ms=1603829
ZGEARS FPS run=gears frames=21000 fps=15.1
ZWL PERF 5020ms: passes=682 timeouts=65 | poll 31.8% work 67.9%
ZWL PERF compose frames=88 draw_ms=36.11 (acquire 0.06 submit+present 32.73) frame_ms=36.80
ZWL GLASS moved surface=7 x=980 y=372
ZWL GLASS moved surface=7 x=880 y=332
ZWL WISEVIEW opening key at_ms=1608366
ZWL FIRST_FRAME what=wiseview-open frame=26556 request_ms=1608366 ms=39
ZWL WISEVIEW open windows=10 at_ms=1608567
ZWL WISEVIEW tile client=9 surface=7 x=83 y=86 width=380 height=253
ZWL WISEVIEW tile client=10 surface=1146 x=528 y=90 width=406 height=244
ZWL WISEVIEW tile client=10 surface=14 x=1036 y=90 width=305 height=244
ZWL WISEVIEW tile client=8 surface=7 x=1484 y=90 width=325 height=244
ZWL WISEVIEW tile client=7 surface=14 x=104 y=404 width=338 height=244
ZWL WISEVIEW tile client=6 surface=14 x=570 y=404 width=321 height=244
ZWL WISEVIEW tile client=5 surface=14 x=1012 y=404 width=353 height=244
ZWL WISEVIEW tile client=4 surface=8 x=1467 y=404 width=359 height=244
ZWL WISEVIEW tile client=3 surface=16 x=568 y=718 width=325 height=244
ZWL WISEVIEW tile client=2 surface=8 x=999 y=718 width=379 height=244
ZWL WISEVIEW close key at_ms=1610596
ZWL FIRST_FRAME what=wiseview-close frame=26610 request_ms=1610597 ms=22
ZWL WISEVIEW closed at_ms=1610800
ZWL PERF 5045ms: passes=766 timeouts=70 | poll 32.4% work 67.2%
ZWL PERF compose frames=99 draw_ms=31.43 (acquire 0.04 submit+present 29.59) frame_ms=32.29
ZGEARS FPS run=gears frames=21100 fps=13.5
ZWL HOME open via=launcher at_ms=1612961
ZWL FIRST_FRAME what=home-open frame=26647 request_ms=1612961 ms=50
ZWL HOME opened apps=12 pages=1 page=1 at_ms=1613263
ZWL HOME icon name="Files" x=600 y=386
ZWL HOME icon name="Notes" x=744 y=386
ZWL HOME icon name="Settings" x=888 y=386
ZWL HOME icon name="Terminal" x=1032 y=386
ZWL HOME icon name="PDF Viewer" x=1176 y=386
ZWL HOME icon name="Image Viewer" x=1320 y=386
ZWL HOME icon name="Browser" x=600 y=538
ZWL HOME icon name="Model viewer" x=744 y=538
ZWL HOME icon name="Gears" x=888 y=538
ZWL HOME icon name="X terminal" x=1032 y=538
ZWL HOME icon name="Lock Screen" x=1176 y=538
ZWL HOME icon name="Log Out" x=1320 y=538
ZWL HOME close via=escape at_ms=1615171
ZWL FIRST_FRAME what=home-close frame=26690 request_ms=1615171 ms=27
ZWL HOME closed at_ms=1615413
ZWL PERF 5014ms: passes=695 timeouts=60 | poll 32.4% work 67.3%
ZWL PERF compose frames=86 draw_ms=36.53 (acquire 0.05 submit+present 33.55) frame_ms=37.31
ZWL GLASS moved surface=7 x=980 y=372
ZGEARS FPS run=gears frames=21200 fps=14.7
ZWL GLASS moved surface=7 x=880 y=332
ZWL HOME open via=launcher at_ms=1620065
ZWL FIRST_FRAME what=home-open frame=26767 request_ms=1620065 ms=44
ZWL HOME opened apps=12 pages=1 page=1 at_ms=1620346
ZWL HOME icon name="Files" x=600 y=386
ZWL HOME icon name="Notes" x=744 y=386
ZWL HOME icon name="Settings" x=888 y=386
ZWL HOME icon name="Terminal" x=1032 y=386
ZWL HOME icon name="PDF Viewer" x=1176 y=386
ZWL HOME icon name="Image Viewer" x=1320 y=386
ZWL HOME icon name="Browser" x=600 y=538
ZWL HOME icon name="Model viewer" x=744 y=538
ZWL HOME icon name="Gears" x=888 y=538
ZWL HOME icon name="X terminal" x=1032 y=538
ZWL HOME icon name="Lock Screen" x=1176 y=538
ZWL HOME icon name="Log Out" x=1320 y=538
ZWL PERF 5032ms: passes=666 timeouts=66 | poll 30.9% work 68.7%
ZWL PERF compose frames=85 draw_ms=37.72 (acquire 0.05 submit+present 34.65) frame_ms=38.55
ZWL HOME launch name=Terminal pid=74
ZWL HOME close via=launch at_ms=1621689
ZWL FIRST_FRAME what=home-close frame=26801 request_ms=1621689 ms=38
ZWL CLIENT client=22 fd=25
ZWL INSET create client=22 inset=20 toplevel=16
ZWL EDIT create client=22 edit=24 toplevel=16
ZWL BOUNDS client=22 surface=14 width=1896 height=970
ZWL CONFIGURE client=22 surface=14 serial=740 width=0 height=0 fullscreen=0
ZWL SEAT client=22 pointer=1 keyboard=0 touch=0
ZWL SEAT client=22 pointer=1 keyboard=1 touch=0
ZWL IMPORT client=22 buffer=37 width=916 height=632 bytes=2318336
ZWL IMPORT client=22 buffer=38 width=916 height=632 bytes=2318336
ZWL IMPORT client=22 buffer=39 width=916 height=632 bytes=2318336
ZTERM MENU state selection=0 clipboard=0 pixels=16 fullscreen=0
ZWL MENU commit client=22 menu=43 serial=1 items=30 generation=1
ZWL MENU set client=22 place=44 menu=43
ZWL MENU commit client=22 menu=43 serial=2 items=30 generation=2
ZTERM MENU ready items=30
ZTERM TAB active id=1
ZTERM TAB new run=term id=1 count=1
ZTERM START run=term columns=90 rows=28 cell=10x22 window=916x632
ZWL TITLEBAR create client=22 titlebar=48 toplevel=16
ZWL EDIT state client=22 edit=24 actions=0xff flags=0xd
ZTERM TABS count=1 active=1 mode=0
ZTERM TITLE tab=1 title=Terminal
ZWL TITLEBAR commit client=22 titlebar=48 serial=1 mode=0 controls=0 tabs=1 generation=1
ZWL MAP client=22 surface=14 x=348 y=420
ZWL HOME launched waited_ms=152 at_ms=1621841
ZWL GLASS launch surface=14 from=996,350 to=348,420 size=916x632
ZTERM CLIPBOARD selection text=0
ZTERM PRIMARY offer text=0
ZWL HOME closed at_ms=1621932
ZWL MENU bar client=22 surface=14 where=floating item=1 offset=127 top=368 width=55 height=44
ZWL MENU bar client=22 surface=14 where=floating item=2 offset=184 top=368 width=47 height=44
ZWL MENU bar client=22 surface=14 where=floating item=3 offset=233 top=368 width=55 height=44
ZWL MENU bar client=22 surface=14 where=floating item=4 offset=290 top=368 width=76 height=44
ZWL MENU bar client=22 surface=14 where=floating item=5 offset=368 top=368 width=53 height=44
ZGEARS FPS run=gears frames=21300 fps=14.1
ZWL PERF 5001ms: passes=731 timeouts=65 | poll 31.8% work 67.8%
ZWL PERF compose frames=76 draw_ms=41.25 (acquire 0.05 submit+present 38.46) frame_ms=41.58
ZTERM TAB closed run=term id=1 count=0
ZTERM DONE run=term reason=shell-exited
ZWL CLIENT gone client=22 reason=read
ZWL CLEANUP client=22 objects=35 unread_fds=0
ZWL HOME ended pid=74 status=0
ZWL PERF 5029ms: passes=694 timeouts=73 | poll 32.1% work 67.6%
ZWL PERF compose frames=74 draw_ms=42.33 (acquire 0.06 submit+present 39.66) frame_ms=43.84
ZWL WISEVIEW opening key at_ms=1632260
ZWL FIRST_FRAME what=wiseview-open frame=26956 request_ms=1632260 ms=41
ZWL WISEVIEW open windows=10 at_ms=1632462
ZWL WISEVIEW tile client=9 surface=7 x=83 y=86 width=380 height=253
ZWL WISEVIEW tile client=10 surface=1146 x=528 y=90 width=406 height=244
ZWL WISEVIEW tile client=10 surface=14 x=1036 y=90 width=305 height=244
ZWL WISEVIEW tile client=8 surface=7 x=1484 y=90 width=325 height=244
ZWL WISEVIEW tile client=7 surface=14 x=104 y=404 width=338 height=244
ZWL WISEVIEW tile client=6 surface=14 x=570 y=404 width=321 height=244
ZWL WISEVIEW tile client=5 surface=14 x=1012 y=404 width=353 height=244
ZWL WISEVIEW tile client=4 surface=8 x=1467 y=404 width=359 height=244
ZWL WISEVIEW tile client=3 surface=16 x=568 y=718 width=325 height=244
ZWL WISEVIEW tile client=2 surface=8 x=999 y=718 width=379 height=244
ZGEARS FPS run=gears frames=21400 fps=13.8
ZWL WISEVIEW close key at_ms=1634516
ZWL FIRST_FRAME what=wiseview-close frame=27011 request_ms=1634517 ms=17
ZWL WISEVIEW closed at_ms=1634747
ZWL PERF 5035ms: passes=705 timeouts=65 | poll 32.7% work 66.9%
ZWL PERF compose frames=99 draw_ms=31.67 (acquire 0.03 submit+present 29.91) frame_ms=32.47
ZWL HOME open via=launcher at_ms=1636879
ZWL FIRST_FRAME what=home-open frame=27049 request_ms=1636879 ms=53
ZWL HOME opened apps=12 pages=1 page=1 at_ms=1637187
ZWL HOME icon name="Files" x=600 y=386
ZWL HOME icon name="Notes" x=744 y=386
ZWL HOME icon name="Settings" x=888 y=386
ZWL HOME icon name="Terminal" x=1032 y=386
ZWL HOME icon name="PDF Viewer" x=1176 y=386
ZWL HOME icon name="Image Viewer" x=1320 y=386
ZWL HOME icon name="Browser" x=600 y=538
ZWL HOME icon name="Model viewer" x=744 y=538
ZWL HOME icon name="Gears" x=888 y=538
ZWL HOME icon name="X terminal" x=1032 y=538
ZWL HOME icon name="Lock Screen" x=1176 y=538
ZWL HOME icon name="Log Out" x=1320 y=538
ZWL HOME close via=escape at_ms=1639086
ZWL FIRST_FRAME what=home-close frame=27095 request_ms=1639086 ms=30
ZWL HOME closed at_ms=1639329
ZGEARS FPS run=gears frames=21500 fps=14.8
ZWL PERF 5044ms: passes=717 timeouts=66 | poll 31.6% work 68.0%
ZWL PERF compose frames=91 draw_ms=35.06 (acquire 0.07 submit+present 31.57) frame_ms=35.84
ZWL GLASS moved surface=7 x=980 y=372
ZWL GLASS moved surface=7 x=880 y=332
ZWL WISEVIEW opening key at_ms=1643917
ZWL FIRST_FRAME what=wiseview-open frame=27171 request_ms=1643917 ms=38
ZWL WISEVIEW open windows=10 at_ms=1644143
ZWL WISEVIEW tile client=9 surface=7 x=83 y=86 width=380 height=253
ZWL WISEVIEW tile client=10 surface=1146 x=528 y=90 width=406 height=244
ZWL WISEVIEW tile client=10 surface=14 x=1036 y=90 width=305 height=244
ZWL WISEVIEW tile client=8 surface=7 x=1484 y=90 width=325 height=244
ZWL WISEVIEW tile client=7 surface=14 x=104 y=404 width=338 height=244
ZWL WISEVIEW tile client=6 surface=14 x=570 y=404 width=321 height=244
ZWL WISEVIEW tile client=5 surface=14 x=1012 y=404 width=353 height=244
ZWL WISEVIEW tile client=4 surface=8 x=1467 y=404 width=359 height=244
ZWL WISEVIEW tile client=3 surface=16 x=568 y=718 width=325 height=244
ZWL WISEVIEW tile client=2 surface=8 x=999 y=718 width=379 height=244
ZWL WISEVIEW close key at_ms=1646121
ZWL FIRST_FRAME what=wiseview-close frame=27227 request_ms=1646121 ms=21
ZWL PERF 5029ms: passes=657 timeouts=71 | poll 32.4% work 67.2%
ZWL PERF compose frames=101 draw_ms=31.00 (acquire 0.05 submit+present 28.89) frame_ms=31.82
ZWL WISEVIEW closed at_ms=1646321
ZGEARS FPS run=gears frames=21600 fps=13.6
ZWL HOME open via=launcher at_ms=1648481
ZWL FIRST_FRAME what=home-open frame=27265 request_ms=1648481 ms=32
ZWL HOME opened apps=12 pages=1 page=1 at_ms=1648769
ZWL HOME icon name="Files" x=600 y=386
ZWL HOME icon name="Notes" x=744 y=386
ZWL HOME icon name="Settings" x=888 y=386
ZWL HOME icon name="Terminal" x=1032 y=386
ZWL HOME icon name="PDF Viewer" x=1176 y=386
ZWL HOME icon name="Image Viewer" x=1320 y=386
ZWL HOME icon name="Browser" x=600 y=538
ZWL HOME icon name="Model viewer" x=744 y=538
ZWL HOME icon name="Gears" x=888 y=538
ZWL HOME icon name="X terminal" x=1032 y=538
ZWL HOME icon name="Lock Screen" x=1176 y=538
ZWL HOME icon name="Log Out" x=1320 y=538
ZWL HOME close via=escape at_ms=1650714
ZWL FIRST_FRAME what=home-close frame=27306 request_ms=1650715 ms=29
ZWL HOME closed at_ms=1650958
ZWL PERF 5010ms: passes=707 timeouts=54 | poll 31.3% work 68.4%
ZWL PERF compose frames=85 draw_ms=37.59 (acquire 0.04 submit+present 34.36) frame_ms=38.37
ZWL GLASS moved surface=7 x=980 y=372
ZGEARS FPS run=gears frames=21700 fps=14.1
ZWL GLASS moved surface=7 x=880 y=332
ZWL WISEVIEW opening key at_ms=1655491
ZWL FIRST_FRAME what=wiseview-open frame=27382 request_ms=1655491 ms=41
ZWL WISEVIEW open windows=10 at_ms=1655739
ZWL WISEVIEW tile client=9 surface=7 x=83 y=86 width=380 height=253
ZWL WISEVIEW tile client=10 surface=1146 x=528 y=90 width=406 height=244
ZWL WISEVIEW tile client=10 surface=14 x=1036 y=90 width=305 height=244
ZWL WISEVIEW tile client=8 surface=7 x=1484 y=90 width=325 height=244
ZWL WISEVIEW tile client=7 surface=14 x=104 y=404 width=338 height=244
ZWL WISEVIEW tile client=6 surface=14 x=570 y=404 width=321 height=244
ZWL WISEVIEW tile client=5 surface=14 x=1012 y=404 width=353 height=244
ZWL WISEVIEW tile client=4 surface=8 x=1467 y=404 width=359 height=244
ZWL WISEVIEW tile client=3 surface=16 x=568 y=718 width=325 height=244
ZWL WISEVIEW tile client=2 surface=8 x=999 y=718 width=379 height=244
ZWL PERF 5009ms: passes=703 timeouts=66 | poll 32.4% work 67.3%
ZWL PERF compose frames=85 draw_ms=36.87 (acquire 0.05 submit+present 34.41) frame_ms=37.72
ZWL WISEVIEW close key at_ms=1657729
ZWL FIRST_FRAME what=wiseview-close frame=27438 request_ms=1657730 ms=32
ZWL WISEVIEW closed at_ms=1657939
ZWL HOME open via=launcher at_ms=1660106
ZWL FIRST_FRAME what=home-open frame=27476 request_ms=1660106 ms=48
ZWL HOME opened apps=12 pages=1 page=1 at_ms=1660410
ZWL HOME icon name="Files" x=600 y=386
ZWL HOME icon name="Notes" x=744 y=386
ZWL HOME icon name="Settings" x=888 y=386
ZWL HOME icon name="Terminal" x=1032 y=386
ZWL HOME icon name="PDF Viewer" x=1176 y=386
ZWL HOME icon name="Image Viewer" x=1320 y=386
ZWL HOME icon name="Browser" x=600 y=538
ZWL HOME icon name="Model viewer" x=744 y=538
ZWL HOME icon name="Gears" x=888 y=538
ZWL HOME icon name="X terminal" x=1032 y=538
ZWL HOME icon name="Lock Screen" x=1176 y=538
ZWL HOME icon name="Log Out" x=1320 y=538
ZWL PERF 5023ms: passes=671 timeouts=81 | poll 32.9% work 66.8%
ZWL PERF compose frames=99 draw_ms=31.39 (acquire 0.05 submit+present 29.07) frame_ms=32.23
ZGEARS FPS run=gears frames=21800 fps=14.2
ZWL HOME close via=escape at_ms=1662319
ZWL FIRST_FRAME what=home-close frame=27519 request_ms=1662319 ms=25
ZWL HOME closed at_ms=1662559
ZWL GLASS moved surface=7 x=980 y=372
ZWL GLASS moved surface=7 x=880 y=332
ZWL PERF 5042ms: passes=725 timeouts=56 | poll 31.4% work 68.3%
ZWL PERF compose frames=81 draw_ms=39.67 (acquire 0.04 submit+present 37.05) frame_ms=40.42
ZWL WISEVIEW opening key at_ms=1667101
ZWL FIRST_FRAME what=wiseview-open frame=27592 request_ms=1667101 ms=34
ZWL WISEVIEW open windows=10 at_ms=1667303
ZWL WISEVIEW tile client=9 surface=7 x=83 y=86 width=380 height=253
ZWL WISEVIEW tile client=10 surface=1146 x=528 y=90 width=406 height=244
ZWL WISEVIEW tile client=10 surface=14 x=1036 y=90 width=305 height=244
ZWL WISEVIEW tile client=8 surface=7 x=1484 y=90 width=325 height=244
ZWL WISEVIEW tile client=7 surface=14 x=104 y=404 width=338 height=244
ZWL WISEVIEW tile client=6 surface=14 x=570 y=404 width=321 height=244
ZWL WISEVIEW tile client=5 surface=14 x=1012 y=404 width=353 height=244
ZWL WISEVIEW tile client=4 surface=8 x=1467 y=404 width=359 height=244
ZWL WISEVIEW tile client=3 surface=16 x=568 y=718 width=325 height=244
ZWL WISEVIEW tile client=2 surface=8 x=999 y=718 width=379 height=244
ZGEARS FPS run=gears frames=21900 fps=13.6
ZWL WISEVIEW close key at_ms=1669326
ZWL FIRST_FRAME what=wiseview-close frame=27647 request_ms=1669326 ms=31
ZWL WISEVIEW closed at_ms=1669558
ZWL PERF 5027ms: passes=714 timeouts=74 | poll 32.5% work 67.1%
ZWL PERF compose frames=98 draw_ms=31.97 (acquire 0.04 submit+present 30.09) frame_ms=32.71
ZWL HOME open via=launcher at_ms=1671676
ZWL FIRST_FRAME what=home-open frame=27683 request_ms=1671676 ms=49
ZWL HOME opened apps=12 pages=1 page=1 at_ms=1671956
ZWL HOME icon name="Files" x=600 y=386
ZWL HOME icon name="Notes" x=744 y=386
ZWL HOME icon name="Settings" x=888 y=386
ZWL HOME icon name="Terminal" x=1032 y=386
ZWL HOME icon name="PDF Viewer" x=1176 y=386
ZWL HOME icon name="Image Viewer" x=1320 y=386
ZWL HOME icon name="Browser" x=600 y=538
ZWL HOME icon name="Model viewer" x=744 y=538
ZWL HOME icon name="Gears" x=888 y=538
ZWL HOME icon name="X terminal" x=1032 y=538
ZWL HOME icon name="Lock Screen" x=1176 y=538
ZWL HOME icon name="Log Out" x=1320 y=538
ZWL HOME close via=escape at_ms=1673901
ZWL FIRST_FRAME what=home-close frame=27726 request_ms=1673901 ms=23
ZWL HOME closed at_ms=1674141
ZGEARS FPS run=gears frames=22000 fps=14.8
ZWL PERF 5017ms: passes=697 timeouts=63 | poll 31.8% work 67.9%
ZWL PERF compose frames=85 draw_ms=37.23 (acquire 0.04 submit+present 34.27) frame_ms=37.99
ZWL GLASS moved surface=7 x=980 y=372
ZWL GLASS moved surface=7 x=880 y=332
ZWL WISEVIEW opening key at_ms=1678665
ZWL FIRST_FRAME what=wiseview-open frame=27798 request_ms=1678665 ms=40
ZWL WISEVIEW open windows=10 at_ms=1678865
ZWL WISEVIEW tile client=9 surface=7 x=83 y=86 width=380 height=253
ZWL WISEVIEW tile client=10 surface=1146 x=528 y=90 width=406 height=244
ZWL WISEVIEW tile client=10 surface=14 x=1036 y=90 width=305 height=244
ZWL WISEVIEW tile client=8 surface=7 x=1484 y=90 width=325 height=244
ZWL WISEVIEW tile client=7 surface=14 x=104 y=404 width=338 height=244
ZWL WISEVIEW tile client=6 surface=14 x=570 y=404 width=321 height=244
ZWL WISEVIEW tile client=5 surface=14 x=1012 y=404 width=353 height=244
ZWL WISEVIEW tile client=4 surface=8 x=1467 y=404 width=359 height=244
ZWL WISEVIEW tile client=3 surface=16 x=568 y=718 width=325 height=244
ZWL WISEVIEW tile client=2 surface=8 x=999 y=718 width=379 height=244
ZWL WISEVIEW close key at_ms=1680898
ZWL FIRST_FRAME what=wiseview-close frame=27853 request_ms=1680899 ms=16
ZWL WISEVIEW closed at_ms=1681100
ZWL PERF 5000ms: passes=674 timeouts=75 | poll 32.0% work 67.7%
ZWL PERF compose frames=98 draw_ms=32.07 (acquire 0.05 submit+present 30.02) frame_ms=32.86
ZGEARS FPS run=gears frames=22100 fps=13.6
ZWL HOME open via=launcher at_ms=1683282
ZWL FIRST_FRAME what=home-open frame=27891 request_ms=1683282 ms=48
ZWL HOME opened apps=12 pages=1 page=1 at_ms=1683569
ZWL HOME icon name="Files" x=600 y=386
ZWL HOME icon name="Notes" x=744 y=386
ZWL HOME icon name="Settings" x=888 y=386
ZWL HOME icon name="Terminal" x=1032 y=386
ZWL HOME icon name="PDF Viewer" x=1176 y=386
ZWL HOME icon name="Image Viewer" x=1320 y=386
ZWL HOME icon name="Browser" x=600 y=538
ZWL HOME icon name="Model viewer" x=744 y=538
ZWL HOME icon name="Gears" x=888 y=538
ZWL HOME icon name="X terminal" x=1032 y=538
ZWL HOME icon name="Lock Screen" x=1176 y=538
ZWL HOME icon name="Log Out" x=1320 y=538
ZWL HOME close via=escape at_ms=1685498
ZWL FIRST_FRAME what=home-close frame=27934 request_ms=1685498 ms=28
ZWL HOME closed at_ms=1685753
ZWL PERF 5045ms: passes=731 timeouts=63 | poll 31.2% work 68.4%
ZWL PERF compose frames=87 draw_ms=36.98 (acquire 0.10 submit+present 33.80) frame_ms=37.76
ZWL GLASS moved surface=7 x=980 y=372
ZGEARS FPS run=gears frames=22200 fps=14.9
ZWL GLASS moved surface=7 x=880 y=332
ZWL WISEVIEW opening key at_ms=1690262
ZWL FIRST_FRAME what=wiseview-open frame=28007 request_ms=1690263 ms=41
ZWL WISEVIEW open windows=10 at_ms=1690474
ZWL WISEVIEW tile client=9 surface=7 x=83 y=86 width=380 height=253
ZWL WISEVIEW tile client=10 surface=1146 x=528 y=90 width=406 height=244
ZWL WISEVIEW tile client=10 surface=14 x=1036 y=90 width=305 height=244
ZWL WISEVIEW tile client=8 surface=7 x=1484 y=90 width=325 height=244
ZWL WISEVIEW tile client=7 surface=14 x=104 y=404 width=338 height=244
ZWL WISEVIEW tile client=6 surface=14 x=570 y=404 width=321 height=244
ZWL WISEVIEW tile client=5 surface=14 x=1012 y=404 width=353 height=244
ZWL WISEVIEW tile client=4 surface=8 x=1467 y=404 width=359 height=244
ZWL WISEVIEW tile client=3 surface=16 x=568 y=718 width=325 height=244
ZWL WISEVIEW tile client=2 surface=8 x=999 y=718 width=379 height=244
ZWL PERF 5000ms: passes=680 timeouts=71 | poll 32.8% work 66.9%
ZWL PERF compose frames=86 draw_ms=36.07 (acquire 0.04 submit+present 33.89) frame_ms=36.94
ZWL WISEVIEW close key at_ms=1692489
ZWL FIRST_FRAME what=wiseview-close frame=28061 request_ms=1692489 ms=22
ZWL WISEVIEW closed at_ms=1692692
ZWL HOME open via=launcher at_ms=1694877
ZWL FIRST_FRAME what=home-open frame=28100 request_ms=1694878 ms=47
ZWL HOME opened apps=12 pages=1 page=1 at_ms=1695184
ZWL HOME icon name="Files" x=600 y=386
ZWL HOME icon name="Notes" x=744 y=386
ZWL HOME icon name="Settings" x=888 y=386
ZWL HOME icon name="Terminal" x=1032 y=386
ZWL HOME icon name="PDF Viewer" x=1176 y=386
ZWL HOME icon name="Image Viewer" x=1320 y=386
ZWL HOME icon name="Browser" x=600 y=538
ZWL HOME icon name="Model viewer" x=744 y=538
ZWL HOME icon name="Gears" x=888 y=538
ZWL HOME icon name="X terminal" x=1032 y=538
ZWL HOME icon name="Lock Screen" x=1176 y=538
ZWL HOME icon name="Log Out" x=1320 y=538
ZWL PERF 5030ms: passes=690 timeouts=70 | poll 32.2% work 67.5%
ZWL PERF compose frames=97 draw_ms=32.68 (acquire 0.05 submit+present 29.97) frame_ms=33.47
ZGEARS FPS run=gears frames=22300 fps=14.2
ZWL HOME close via=escape at_ms=1697073
ZWL FIRST_FRAME what=home-close frame=28143 request_ms=1697074 ms=27
ZWL HOME closed at_ms=1697359
ZWL GLASS moved surface=7 x=980 y=372
ZWL GLASS moved surface=7 x=880 y=332
ZWL PERF 5019ms: passes=712 timeouts=57 | poll 31.4% work 68.2%
ZWL PERF compose frames=81 draw_ms=39.16 (acquire 0.05 submit+present 36.47) frame_ms=39.99
ZWL WISEVIEW opening key at_ms=1701875
ZWL FIRST_FRAME what=wiseview-open frame=28218 request_ms=1701875 ms=45
ZWL WISEVIEW open windows=10 at_ms=1702082
ZWL WISEVIEW tile client=9 surface=7 x=83 y=86 width=380 height=253
ZWL WISEVIEW tile client=10 surface=1146 x=528 y=90 width=406 height=244
ZWL WISEVIEW tile client=10 surface=14 x=1036 y=90 width=305 height=244
ZWL WISEVIEW tile client=8 surface=7 x=1484 y=90 width=325 height=244
ZWL WISEVIEW tile client=7 surface=14 x=104 y=404 width=338 height=244
ZWL WISEVIEW tile client=6 surface=14 x=570 y=404 width=321 height=244
ZWL WISEVIEW tile client=5 surface=14 x=1012 y=404 width=353 height=244
ZWL WISEVIEW tile client=4 surface=8 x=1467 y=404 width=359 height=244
ZWL WISEVIEW tile client=3 surface=16 x=568 y=718 width=325 height=244
ZWL WISEVIEW tile client=2 surface=8 x=999 y=718 width=379 height=244
ZGEARS FPS run=gears frames=22400 fps=13.6
ZWL WISEVIEW close key at_ms=1704097
ZWL FIRST_FRAME what=wiseview-close frame=28272 request_ms=1704097 ms=35
ZWL WISEVIEW closed at_ms=1704307
ZWL HOME open via=launcher at_ms=1706464
ZWL FIRST_FRAME what=home-open frame=28310 request_ms=1706464 ms=61
ZWL PERF 5001ms: passes=697 timeouts=71 | poll 32.6% work 67.0%
ZWL PERF compose frames=98 draw_ms=31.62 (acquire 0.05 submit+present 29.68) frame_ms=31.87
ZWL HOME opened apps=12 pages=1 page=1 at_ms=1706770
ZWL HOME icon name="Files" x=600 y=386
ZWL HOME icon name="Notes" x=744 y=386
ZWL HOME icon name="Settings" x=888 y=386
ZWL HOME icon name="Terminal" x=1032 y=386
ZWL HOME icon name="PDF Viewer" x=1176 y=386
ZWL HOME icon name="Image Viewer" x=1320 y=386
ZWL HOME icon name="Browser" x=600 y=538
ZWL HOME icon name="Model viewer" x=744 y=538
ZWL HOME icon name="Gears" x=888 y=538
ZWL HOME icon name="X terminal" x=1032 y=538
ZWL HOME icon name="Lock Screen" x=1176 y=538
ZWL HOME icon name="Log Out" x=1320 y=538
ZWL HOME close via=escape at_ms=1708715
ZWL FIRST_FRAME what=home-close frame=28354 request_ms=1708715 ms=24
ZWL HOME closed at_ms=1708991
ZGEARS FPS run=gears frames=22500 fps=15.3
ZWL GLASS moved surface=7 x=980 y=372
ZWL PERF 5005ms: passes=689 timeouts=69 | poll 31.8% work 67.8%
ZWL PERF compose frames=87 draw_ms=36.14 (acquire 0.05 submit+present 32.94) frame_ms=37.24
ZWL GLASS moved surface=7 x=880 y=332
ZWL WISEVIEW opening key at_ms=1713532
ZWL FIRST_FRAME what=wiseview-open frame=28430 request_ms=1713532 ms=39
ZWL WISEVIEW open windows=10 at_ms=1713748
ZWL WISEVIEW tile client=9 surface=7 x=83 y=86 width=380 height=253
ZWL WISEVIEW tile client=10 surface=1146 x=528 y=90 width=406 height=244
ZWL WISEVIEW tile client=10 surface=14 x=1036 y=90 width=305 height=244
ZWL WISEVIEW tile client=8 surface=7 x=1484 y=90 width=325 height=244
ZWL WISEVIEW tile client=7 surface=14 x=104 y=404 width=338 height=244
ZWL WISEVIEW tile client=6 surface=14 x=570 y=404 width=321 height=244
ZWL WISEVIEW tile client=5 surface=14 x=1012 y=404 width=353 height=244
ZWL WISEVIEW tile client=4 surface=8 x=1467 y=404 width=359 height=244
ZWL WISEVIEW tile client=3 surface=16 x=568 y=718 width=325 height=244
ZWL WISEVIEW tile client=2 surface=8 x=999 y=718 width=379 height=244
ZWL WISEVIEW close key at_ms=1715742
ZWL FIRST_FRAME what=wiseview-close frame=28487 request_ms=1715742 ms=27
ZWL WISEVIEW closed at_ms=1715971
ZWL PERF 5001ms: passes=694 timeouts=61 | poll 31.8% work 67.8%
ZWL PERF compose frames=102 draw_ms=30.57 (acquire 0.04 submit+present 28.64) frame_ms=31.74
ZGEARS FPS run=gears frames=22600 fps=13.8
ZWL HOME open via=launcher at_ms=1718082
ZWL FIRST_FRAME what=home-open frame=28525 request_ms=1718082 ms=51
ZWL HOME opened apps=12 pages=1 page=1 at_ms=1718362
ZWL HOME icon name="Files" x=600 y=386
ZWL HOME icon name="Notes" x=744 y=386
ZWL HOME icon name="Settings" x=888 y=386
ZWL HOME icon name="Terminal" x=1032 y=386
ZWL HOME icon name="PDF Viewer" x=1176 y=386
ZWL HOME icon name="Image Viewer" x=1320 y=386
ZWL HOME icon name="Browser" x=600 y=538
ZWL HOME icon name="Model viewer" x=744 y=538
ZWL HOME icon name="Gears" x=888 y=538
ZWL HOME icon name="X terminal" x=1032 y=538
ZWL HOME icon name="Lock Screen" x=1176 y=538
ZWL HOME icon name="Log Out" x=1320 y=538
ZWL HOME close via=escape at_ms=1720320
ZWL FIRST_FRAME what=home-close frame=28571 request_ms=1720320 ms=38
ZWL HOME closed at_ms=1720596
ZWL PERF 5021ms: passes=727 timeouts=61 | poll 31.9% work 67.8%
ZWL PERF compose frames=89 draw_ms=35.61 (acquire 0.04 submit+present 32.45) frame_ms=36.36
ZWL GLASS moved surface=7 x=980 y=372
ZGEARS FPS run=gears frames=22700 fps=14.9
ZWL GLASS moved surface=7 x=880 y=332
ZWL WISEVIEW opening key at_ms=1725102
ZWL FIRST_FRAME what=wiseview-open frame=28644 request_ms=1725102 ms=37
ZWL WISEVIEW open windows=10 at_ms=1725302
ZWL WISEVIEW tile client=9 surface=7 x=83 y=86 width=380 height=253
ZWL WISEVIEW tile client=10 surface=1146 x=528 y=90 width=406 height=244
ZWL WISEVIEW tile client=10 surface=14 x=1036 y=90 width=305 height=244
ZWL WISEVIEW tile client=8 surface=7 x=1484 y=90 width=325 height=244
ZWL WISEVIEW tile client=7 surface=14 x=104 y=404 width=338 height=244
ZWL WISEVIEW tile client=6 surface=14 x=570 y=404 width=321 height=244
ZWL WISEVIEW tile client=5 surface=14 x=1012 y=404 width=353 height=244
ZWL WISEVIEW tile client=4 surface=8 x=1467 y=404 width=359 height=244
ZWL WISEVIEW tile client=3 surface=16 x=568 y=718 width=325 height=244
ZWL WISEVIEW tile client=2 surface=8 x=999 y=718 width=379 height=244
ZWL PERF 5001ms: passes=715 timeouts=69 | poll 32.4% work 67.2%
ZWL PERF compose frames=92 draw_ms=33.77 (acquire 0.05 submit+present 31.70) frame_ms=34.65
ZWL WISEVIEW close key at_ms=1727351
ZWL FIRST_FRAME what=wiseview-close frame=28702 request_ms=1727351 ms=24
ZWL WISEVIEW closed at_ms=1727579
ZWL HOME open via=launcher at_ms=1729698
ZWL FIRST_FRAME what=home-open frame=28739 request_ms=1729698 ms=52
ZWL HOME opened apps=12 pages=1 page=1 at_ms=1729982
ZWL HOME icon name="Files" x=600 y=386
ZWL HOME icon name="Notes" x=744 y=386
ZWL HOME icon name="Settings" x=888 y=386
ZWL HOME icon name="Terminal" x=1032 y=386
ZWL HOME icon name="PDF Viewer" x=1176 y=386
ZWL HOME icon name="Image Viewer" x=1320 y=386
ZWL HOME icon name="Browser" x=600 y=538
ZWL HOME icon name="Model viewer" x=744 y=538
ZWL HOME icon name="Gears" x=888 y=538
ZWL HOME icon name="X terminal" x=1032 y=538
ZWL HOME icon name="Lock Screen" x=1176 y=538
ZWL HOME icon name="Log Out" x=1320 y=538
ZGEARS FPS run=gears frames=22800 fps=14.6
ZWL PERF 5036ms: passes=688 timeouts=79 | poll 32.2% work 67.5%
ZWL PERF compose frames=95 draw_ms=33.36 (acquire 0.06 submit+present 30.64) frame_ms=34.10
ZWL HOME close via=escape at_ms=1731900
ZWL FIRST_FRAME what=home-close frame=28782 request_ms=1731900 ms=24
ZWL HOME closed at_ms=1732175
ZWL GLASS moved surface=7 x=980 y=372
ZWL GLASS moved surface=7 x=880 y=332
ZWL PERF 5002ms: passes=665 timeouts=64 | poll 31.1% work 68.6%
ZWL PERF compose frames=81 draw_ms=39.51 (acquire 0.06 submit+present 36.66) frame_ms=40.30
ZWL WISEVIEW opening key at_ms=1737021
ZWL FIRST_FRAME what=wiseview-open frame=28863 request_ms=1737021 ms=37
ZWL WISEVIEW open windows=10 at_ms=1737229
ZWL WISEVIEW tile client=9 surface=7 x=83 y=86 width=380 height=253
ZWL WISEVIEW tile client=10 surface=1146 x=528 y=90 width=406 height=244
ZWL WISEVIEW tile client=10 surface=14 x=1036 y=90 width=305 height=244
ZWL WISEVIEW tile client=8 surface=7 x=1484 y=90 width=325 height=244
ZWL WISEVIEW tile client=7 surface=14 x=104 y=404 width=338 height=244
ZWL WISEVIEW tile client=6 surface=14 x=570 y=404 width=321 height=244
ZWL WISEVIEW tile client=5 surface=14 x=1012 y=404 width=353 height=244
ZWL WISEVIEW tile client=4 surface=8 x=1467 y=404 width=359 height=244
ZWL WISEVIEW tile client=3 surface=16 x=568 y=718 width=325 height=244
ZWL WISEVIEW tile client=2 surface=8 x=999 y=718 width=379 height=244
ZGEARS FPS run=gears frames=22900 fps=14.1
ZWL WISEVIEW close key at_ms=1739249
ZWL FIRST_FRAME what=wiseview-close frame=28919 request_ms=1739249 ms=25
ZWL WISEVIEW closed at_ms=1739455
ZWL PERF 5015ms: passes=697 timeouts=72 | poll 31.7% work 67.8%
ZWL PERF compose frames=99 draw_ms=31.72 (acquire 0.04 submit+present 29.95) frame_ms=32.58
ZWL HOME open via=launcher at_ms=1741628
ZWL FIRST_FRAME what=home-open frame=28956 request_ms=1741629 ms=63
ZWL HOME opened apps=12 pages=1 page=1 at_ms=1741909
ZWL HOME icon name="Files" x=600 y=386
ZWL HOME icon name="Notes" x=744 y=386
ZWL HOME icon name="Settings" x=888 y=386
ZWL HOME icon name="Terminal" x=1032 y=386
ZWL HOME icon name="PDF Viewer" x=1176 y=386
ZWL HOME icon name="Image Viewer" x=1320 y=386
ZWL HOME icon name="Browser" x=600 y=538
ZWL HOME icon name="Model viewer" x=744 y=538
ZWL HOME icon name="Gears" x=888 y=538
ZWL HOME icon name="X terminal" x=1032 y=538
ZWL HOME icon name="Lock Screen" x=1176 y=538
ZWL HOME icon name="Log Out" x=1320 y=538
ZWL HOME close via=escape at_ms=1743853
ZWL FIRST_FRAME what=home-close frame=28999 request_ms=1743853 ms=30
ZWL HOME closed at_ms=1744139
ZGEARS FPS run=gears frames=23000 fps=14.9
ZWL PERF 5030ms: passes=691 timeouts=68 | poll 31.5% work 68.1%
ZWL PERF compose frames=86 draw_ms=36.99 (acquire 0.05 submit+present 33.87) frame_ms=37.83
ZWL GLASS moved surface=7 x=980 y=372
ZWL GLASS moved surface=7 x=880 y=332
ZWL HOME open via=launcher at_ms=1748723
ZWL FIRST_FRAME what=home-open frame=29073 request_ms=1748723 ms=48
ZWL HOME opened apps=12 pages=1 page=1 at_ms=1749012
ZWL HOME icon name="Files" x=600 y=386
ZWL HOME icon name="Notes" x=744 y=386
ZWL HOME icon name="Settings" x=888 y=386
ZWL HOME icon name="Terminal" x=1032 y=386
ZWL HOME icon name="PDF Viewer" x=1176 y=386
ZWL HOME icon name="Image Viewer" x=1320 y=386
ZWL HOME icon name="Browser" x=600 y=538
ZWL HOME icon name="Model viewer" x=744 y=538
ZWL HOME icon name="Gears" x=888 y=538
ZWL HOME icon name="X terminal" x=1032 y=538
ZWL HOME icon name="Lock Screen" x=1176 y=538
ZWL HOME icon name="Log Out" x=1320 y=538
ZWL HOME launch name=Terminal pid=76
ZWL HOME close via=launch at_ms=1750339
ZWL FIRST_FRAME what=home-close frame=29105 request_ms=1750339 ms=33
ZWL CLIENT client=23 fd=25
ZWL INSET create client=23 inset=20 toplevel=16
ZWL EDIT create client=23 edit=24 toplevel=16
ZWL BOUNDS client=23 surface=14 width=1896 height=970
ZWL CONFIGURE client=23 surface=14 serial=801 width=0 height=0 fullscreen=0
ZWL SEAT client=23 pointer=1 keyboard=0 touch=0
ZWL SEAT client=23 pointer=1 keyboard=1 touch=0
ZWL IMPORT client=23 buffer=37 width=916 height=632 bytes=2318336
ZWL IMPORT client=23 buffer=38 width=916 height=632 bytes=2318336
ZWL IMPORT client=23 buffer=39 width=916 height=632 bytes=2318336
ZTERM MENU state selection=0 clipboard=0 pixels=16 fullscreen=0
ZWL MENU commit client=23 menu=43 serial=1 items=30 generation=1
ZWL MENU set client=23 place=44 menu=43
ZWL MENU commit client=23 menu=43 serial=2 items=30 generation=2
ZTERM MENU ready items=30
ZTERM TAB active id=1
ZTERM TAB new run=term id=1 count=1
ZTERM START run=term columns=90 rows=28 cell=10x22 window=916x632
ZTERM TABS count=1 active=1 mode=0
ZTERM TITLE tab=1 title=Terminal
ZWL TITLEBAR create client=23 titlebar=48 toplevel=16
ZWL EDIT state client=23 edit=24 actions=0xff flags=0xd
ZWL TITLEBAR commit client=23 titlebar=48 serial=1 mode=0 controls=0 tabs=1 generation=1
ZWL MAP client=23 surface=14 x=348 y=420
ZWL HOME launched waited_ms=146 at_ms=1750485
ZWL GLASS launch surface=14 from=996,350 to=348,420 size=916x632
ZTERM CLIPBOARD selection text=0
ZTERM PRIMARY offer text=0
ZWL HOME closed at_ms=1750586
ZWL MENU bar client=23 surface=14 where=floating item=1 offset=127 top=368 width=55 height=44
ZWL MENU bar client=23 surface=14 where=floating item=2 offset=184 top=368 width=47 height=44
ZWL MENU bar client=23 surface=14 where=floating item=3 offset=233 top=368 width=55 height=44
ZWL MENU bar client=23 surface=14 where=floating item=4 offset=290 top=368 width=76 height=44
ZWL MENU bar client=23 surface=14 where=floating item=5 offset=368 top=368 width=53 height=44
ZWL PERF 5008ms: passes=722 timeouts=64 | poll 31.2% work 68.4%
ZWL PERF compose frames=83 draw_ms=38.09 (acquire 0.05 submit+present 35.07) frame_ms=38.91
ZGEARS FPS run=gears frames=23100 fps=14.2
ZWL PERF 5000ms: passes=657 timeouts=63 | poll 32.5% work 67.2%
ZWL PERF compose frames=73 draw_ms=42.72 (acquire 0.05 submit+present 39.97) frame_ms=43.57
ZTERM TAB closed run=term id=1 count=0
ZTERM DONE run=term reason=shell-exited
ZWL CLIENT gone client=23 reason=flush
ZWL CLEANUP client=23 objects=35 unread_fds=0
ZWL HOME ended pid=76 status=0
ZGEARS FPS run=gears frames=23200 fps=13.3
ZWL WISEVIEW opening key at_ms=1760915
ZWL FIRST_FRAME what=wiseview-open frame=29263 request_ms=1760915 ms=38
ZWL WISEVIEW open windows=10 at_ms=1761118
ZWL WISEVIEW tile client=9 surface=7 x=83 y=86 width=380 height=253
ZWL WISEVIEW tile client=10 surface=1146 x=528 y=90 width=406 height=244
ZWL WISEVIEW tile client=10 surface=14 x=1036 y=90 width=305 height=244
ZWL WISEVIEW tile client=8 surface=7 x=1484 y=90 width=325 height=244
ZWL WISEVIEW tile client=7 surface=14 x=104 y=404 width=338 height=244
ZWL WISEVIEW tile client=6 surface=14 x=570 y=404 width=321 height=244
ZWL WISEVIEW tile client=5 surface=14 x=1012 y=404 width=353 height=244
ZWL WISEVIEW tile client=4 surface=8 x=1467 y=404 width=359 height=244
ZWL WISEVIEW tile client=3 surface=16 x=568 y=718 width=325 height=244
ZWL WISEVIEW tile client=2 surface=8 x=999 y=718 width=379 height=244
ZWL PERF 5023ms: passes=663 timeouts=66 | poll 32.3% work 67.4%
ZWL PERF compose frames=81 draw_ms=38.69 (acquire 0.05 submit+present 36.02) frame_ms=39.56
ZWL WISEVIEW close key at_ms=1763139
ZWL FIRST_FRAME what=wiseview-close frame=29318 request_ms=1763139 ms=25
ZWL WISEVIEW closed at_ms=1763346
ZWL HOME open via=launcher at_ms=1765483
ZWL FIRST_FRAME what=home-open frame=29355 request_ms=1765483 ms=56
ZWL HOME opened apps=12 pages=1 page=1 at_ms=1765765
ZWL HOME icon name="Files" x=600 y=386
ZWL HOME icon name="Notes" x=744 y=386
ZWL HOME icon name="Settings" x=888 y=386
ZWL HOME icon name="Terminal" x=1032 y=386
ZWL HOME icon name="PDF Viewer" x=1176 y=386
ZWL HOME icon name="Image Viewer" x=1320 y=386
ZWL HOME icon name="Browser" x=600 y=538
ZWL HOME icon name="Model viewer" x=744 y=538
ZWL HOME icon name="Gears" x=888 y=538
ZWL HOME icon name="X terminal" x=1032 y=538
ZWL HOME icon name="Lock Screen" x=1176 y=538
ZWL HOME icon name="Log Out" x=1320 y=538
ZWL PERF 5016ms: passes=706 timeouts=67 | poll 31.9% work 67.7%
ZWL PERF compose frames=100 draw_ms=31.33 (acquire 0.05 submit+present 28.91) frame_ms=32.17
ZGEARS FPS run=gears frames=23300 fps=14.1
ZWL HOME close via=escape at_ms=1767707
ZWL FIRST_FRAME what=home-close frame=29398 request_ms=1767707 ms=31
ZWL HOME closed at_ms=1767949
ZWL GLASS moved surface=7 x=980 y=372
ZWL PERF 5048ms: passes=689 timeouts=64 | poll 31.2% work 68.4%
ZWL PERF compose frames=84 draw_ms=38.18 (acquire 0.06 submit+present 35.08) frame_ms=38.95
ZWL GLASS moved surface=7 x=880 y=332
ZWL WISEVIEW opening key at_ms=1772496
ZWL FIRST_FRAME what=wiseview-open frame=29475 request_ms=1772496 ms=39
ZWL WISEVIEW open windows=10 at_ms=1772705
ZWL WISEVIEW tile client=9 surface=7 x=83 y=86 width=380 height=253
ZWL WISEVIEW tile client=10 surface=1146 x=528 y=90 width=406 height=244
ZWL WISEVIEW tile client=10 surface=14 x=1036 y=90 width=305 height=244
ZWL WISEVIEW tile client=8 surface=7 x=1484 y=90 width=325 height=244
ZWL WISEVIEW tile client=7 surface=14 x=104 y=404 width=338 height=244
ZWL WISEVIEW tile client=6 surface=14 x=570 y=404 width=321 height=244
ZWL WISEVIEW tile client=5 surface=14 x=1012 y=404 width=353 height=244
ZWL WISEVIEW tile client=4 surface=8 x=1467 y=404 width=359 height=244
ZWL WISEVIEW tile client=3 surface=16 x=568 y=718 width=325 height=244
ZWL WISEVIEW tile client=2 surface=8 x=999 y=718 width=379 height=244
ZGEARS FPS run=gears frames=23400 fps=14.1
ZWL WISEVIEW close key at_ms=1774712
ZWL FIRST_FRAME what=wiseview-close frame=29531 request_ms=1774712 ms=27
ZWL WISEVIEW closed at_ms=1774913
ZWL PERF 5038ms: passes=709 timeouts=68 | poll 32.2% work 67.5%
ZWL PERF compose frames=101 draw_ms=31.14 (acquire 0.04 submit+present 29.18) frame_ms=32.01
ZWL HOME open via=launcher at_ms=1777061
ZWL FIRST_FRAME what=home-open frame=29569 request_ms=1777061 ms=53
ZWL HOME opened apps=12 pages=1 page=1 at_ms=1777342
ZWL HOME icon name="Files" x=600 y=386
ZWL HOME icon name="Notes" x=744 y=386
ZWL HOME icon name="Settings" x=888 y=386
ZWL HOME icon name="Terminal" x=1032 y=386
ZWL HOME icon name="PDF Viewer" x=1176 y=386
ZWL HOME icon name="Image Viewer" x=1320 y=386
ZWL HOME icon name="Browser" x=600 y=538
ZWL HOME icon name="Model viewer" x=744 y=538
ZWL HOME icon name="Gears" x=888 y=538
ZWL HOME icon name="X terminal" x=1032 y=538
ZWL HOME icon name="Lock Screen" x=1176 y=538
ZWL HOME icon name="Log Out" x=1320 y=538
ZWL HOME close via=escape at_ms=1779319
ZWL FIRST_FRAME what=home-close frame=29614 request_ms=1779319 ms=36
ZWL HOME closed at_ms=1779584
ZGEARS FPS run=gears frames=23500 fps=15.0
ZWL PERF 5000ms: passes=682 timeouts=66 | poll 31.5% work 68.2%
ZWL PERF compose frames=88 draw_ms=36.00 (acquire 0.03 submit+present 32.70) frame_ms=36.76
ZWL GLASS moved surface=7 x=980 y=372
ZWL GLASS moved surface=7 x=880 y=332
ZWL WISEVIEW opening key at_ms=1784109
ZWL FIRST_FRAME what=wiseview-open frame=29688 request_ms=1784110 ms=39
ZWL WISEVIEW open windows=10 at_ms=1784330
ZWL WISEVIEW tile client=9 surface=7 x=83 y=86 width=380 height=253
ZWL WISEVIEW tile client=10 surface=1146 x=528 y=90 width=406 height=244
ZWL WISEVIEW tile client=10 surface=14 x=1036 y=90 width=305 height=244
ZWL WISEVIEW tile client=8 surface=7 x=1484 y=90 width=325 height=244
ZWL WISEVIEW tile client=7 surface=14 x=104 y=404 width=338 height=244
ZWL WISEVIEW tile client=6 surface=14 x=570 y=404 width=321 height=244
ZWL WISEVIEW tile client=5 surface=14 x=1012 y=404 width=353 height=244
ZWL WISEVIEW tile client=4 surface=8 x=1467 y=404 width=359 height=244
ZWL WISEVIEW tile client=3 surface=16 x=568 y=718 width=325 height=244
ZWL WISEVIEW tile client=2 surface=8 x=999 y=718 width=379 height=244
ZWL WISEVIEW close key at_ms=1786346
ZWL FIRST_FRAME what=wiseview-close frame=29745 request_ms=1786346 ms=25
ZWL WISEVIEW closed at_ms=1786548
ZWL PERF 5026ms: passes=761 timeouts=64 | poll 32.3% work 67.4%
ZWL PERF compose frames=101 draw_ms=30.90 (acquire 0.05 submit+present 29.04) frame_ms=31.79
ZGEARS FPS run=gears frames=23600 fps=13.8
ZWL HOME open via=launcher at_ms=1788722
ZWL FIRST_FRAME what=home-open frame=29783 request_ms=1788723 ms=42
ZWL HOME opened apps=12 pages=1 page=1 at_ms=1789010
ZWL HOME icon name="Files" x=600 y=386
ZWL HOME icon name="Notes" x=744 y=386
ZWL HOME icon name="Settings" x=888 y=386
ZWL HOME icon name="Terminal" x=1032 y=386
ZWL HOME icon name="PDF Viewer" x=1176 y=386
ZWL HOME icon name="Image Viewer" x=1320 y=386
ZWL HOME icon name="Browser" x=600 y=538
ZWL HOME icon name="Model viewer" x=744 y=538
ZWL HOME icon name="Gears" x=888 y=538
ZWL HOME icon name="X terminal" x=1032 y=538
ZWL HOME icon name="Lock Screen" x=1176 y=538
ZWL HOME icon name="Log Out" x=1320 y=538
ZWL HOME close via=escape at_ms=1790953
ZWL FIRST_FRAME what=home-close frame=29826 request_ms=1790953 ms=37
ZWL HOME closed at_ms=1791195
ZWL PERF 5024ms: passes=674 timeouts=66 | poll 32.2% work 67.5%
ZWL PERF compose frames=87 draw_ms=35.97 (acquire 0.05 submit+present 32.98) frame_ms=36.81
ZWL GLASS moved surface=7 x=980 y=372
ZGEARS FPS run=gears frames=23700 fps=14.8
ZWL GLASS moved surface=7 x=880 y=332
ZWL WISEVIEW opening key at_ms=1795737
ZWL FIRST_FRAME what=wiseview-open frame=29901 request_ms=1795737 ms=35
ZWL WISEVIEW open windows=10 at_ms=1795970
ZWL WISEVIEW tile client=9 surface=7 x=83 y=86 width=380 height=253
ZWL WISEVIEW tile client=10 surface=1146 x=528 y=90 width=406 height=244
ZWL WISEVIEW tile client=10 surface=14 x=1036 y=90 width=305 height=244
ZWL WISEVIEW tile client=8 surface=7 x=1484 y=90 width=325 height=244
ZWL WISEVIEW tile client=7 surface=14 x=104 y=404 width=338 height=244
ZWL WISEVIEW tile client=6 surface=14 x=570 y=404 width=321 height=244
ZWL WISEVIEW tile client=5 surface=14 x=1012 y=404 width=353 height=244
ZWL WISEVIEW tile client=4 surface=8 x=1467 y=404 width=359 height=244
ZWL WISEVIEW tile client=3 surface=16 x=568 y=718 width=325 height=244
ZWL WISEVIEW tile client=2 surface=8 x=999 y=718 width=379 height=244
ZWL PERF 5029ms: passes=733 timeouts=64 | poll 31.5% work 68.1%
ZWL PERF compose frames=86 draw_ms=36.72 (acquire 0.04 submit+present 34.54) frame_ms=37.66
ZWL WISEVIEW close key at_ms=1797979
ZWL FIRST_FRAME what=wiseview-close frame=29955 request_ms=1797980 ms=33
ZWL WISEVIEW closed at_ms=1798223
ZWL HOME open via=launcher at_ms=1800310
ZWL FIRST_FRAME what=home-open frame=29992 request_ms=1800310 ms=60
ZWL HOME opened apps=12 pages=1 page=1 at_ms=1800597
ZWL HOME icon name="Files" x=600 y=386
ZWL HOME icon name="Notes" x=744 y=386
ZWL HOME icon name="Settings" x=888 y=386
ZWL HOME icon name="Terminal" x=1032 y=386
ZWL HOME icon name="PDF Viewer" x=1176 y=386
ZWL HOME icon name="Image Viewer" x=1320 y=386
ZWL HOME icon name="Browser" x=600 y=538
ZWL HOME icon name="Model viewer" x=744 y=538
ZWL HOME icon name="Gears" x=888 y=538
ZWL HOME icon name="X terminal" x=1032 y=538
ZWL HOME icon name="Lock Screen" x=1176 y=538
ZWL HOME icon name="Log Out" x=1320 y=538
ZGEARS FPS run=gears frames=23800 fps=13.9
ZWL PERF 5002ms: passes=717 timeouts=65 | poll 32.4% work 67.3%
ZWL PERF compose frames=93 draw_ms=33.56 (acquire 0.05 submit+present 31.03) frame_ms=34.38
ZWL HOME close via=escape at_ms=1802550
ZWL FIRST_FRAME what=home-close frame=30033 request_ms=1802550 ms=23
ZWL HOME closed at_ms=1802794
ZWL GLASS moved surface=7 x=980 y=372
ZWL GLASS moved surface=7 x=880 y=332
ZWL PERF 5009ms: passes=707 timeouts=63 | poll 31.9% work 67.8%
ZWL PERF compose frames=81 draw_ms=38.89 (acquire 0.05 submit+present 36.12) frame_ms=39.64
ZWL WISEVIEW opening key at_ms=1807362
ZWL FIRST_FRAME what=wiseview-open frame=30108 request_ms=1807362 ms=35
ZWL WISEVIEW open windows=10 at_ms=1807566
ZWL WISEVIEW tile client=9 surface=7 x=83 y=86 width=380 height=253
ZWL WISEVIEW tile client=10 surface=1146 x=528 y=90 width=406 height=244
ZWL WISEVIEW tile client=10 surface=14 x=1036 y=90 width=305 height=244
ZWL WISEVIEW tile client=8 surface=7 x=1484 y=90 width=325 height=244
ZWL WISEVIEW tile client=7 surface=14 x=104 y=404 width=338 height=244
ZWL WISEVIEW tile client=6 surface=14 x=570 y=404 width=321 height=244
ZWL WISEVIEW tile client=5 surface=14 x=1012 y=404 width=353 height=244
ZWL WISEVIEW tile client=4 surface=8 x=1467 y=404 width=359 height=244
ZWL WISEVIEW tile client=3 surface=16 x=568 y=718 width=325 height=244
ZWL WISEVIEW tile client=2 surface=8 x=999 y=718 width=379 height=244
ZGEARS FPS run=gears frames=23900 fps=14.2
ZWL WISEVIEW close key at_ms=1809577
ZWL FIRST_FRAME what=wiseview-close frame=30165 request_ms=1809577 ms=28
ZWL WISEVIEW closed at_ms=1809779
ZWL PERF 5018ms: passes=658 timeouts=68 | poll 32.4% work 67.3%
ZWL PERF compose frames=101 draw_ms=30.96 (acquire 0.06 submit+present 28.85) frame_ms=31.80
ZWL HOME open via=launcher at_ms=1811927
ZWL FIRST_FRAME what=home-open frame=30202 request_ms=1811927 ms=36
ZWL HOME opened apps=12 pages=1 page=1 at_ms=1812212
ZWL HOME icon name="Files" x=600 y=386
ZWL HOME icon name="Notes" x=744 y=386
ZWL HOME icon name="Settings" x=888 y=386
ZWL HOME icon name="Terminal" x=1032 y=386
ZWL HOME icon name="PDF Viewer" x=1176 y=386
ZWL HOME icon name="Image Viewer" x=1320 y=386
ZWL HOME icon name="Browser" x=600 y=538
ZWL HOME icon name="Model viewer" x=744 y=538
ZWL HOME icon name="Gears" x=888 y=538
ZWL HOME icon name="X terminal" x=1032 y=538
ZWL HOME icon name="Lock Screen" x=1176 y=538
ZWL HOME icon name="Log Out" x=1320 y=538
ZWL HOME close via=escape at_ms=1814157
ZWL FIRST_FRAME what=home-close frame=30248 request_ms=1814157 ms=34
ZWL HOME closed at_ms=1814405
ZGEARS FPS run=gears frames=24000 fps=14.6
ZWL PERF 5042ms: passes=659 timeouts=70 | poll 31.5% work 68.2%
ZWL PERF compose frames=91 draw_ms=35.15 (acquire 0.05 submit+present 32.15) frame_ms=36.00
ZWL GLASS moved surface=7 x=980 y=372
ZWL GLASS moved surface=7 x=880 y=332
ZWL WISEVIEW opening key at_ms=1818947
ZWL FIRST_FRAME what=wiseview-open frame=30323 request_ms=1818947 ms=39
ZWL WISEVIEW open windows=10 at_ms=1819170
ZWL WISEVIEW tile client=9 surface=7 x=83 y=86 width=380 height=253
ZWL WISEVIEW tile client=10 surface=1146 x=528 y=90 width=406 height=244
ZWL WISEVIEW tile client=10 surface=14 x=1036 y=90 width=305 height=244
ZWL WISEVIEW tile client=8 surface=7 x=1484 y=90 width=325 height=244
ZWL WISEVIEW tile client=7 surface=14 x=104 y=404 width=338 height=244
ZWL WISEVIEW tile client=6 surface=14 x=570 y=404 width=321 height=244
ZWL WISEVIEW tile client=5 surface=14 x=1012 y=404 width=353 height=244
ZWL WISEVIEW tile client=4 surface=8 x=1467 y=404 width=359 height=244
ZWL WISEVIEW tile client=3 surface=16 x=568 y=718 width=325 height=244
ZWL WISEVIEW tile client=2 surface=8 x=999 y=718 width=379 height=244
ZWL WISEVIEW close key at_ms=1821176
ZWL FIRST_FRAME what=wiseview-close frame=30379 request_ms=1821176 ms=18
ZWL WISEVIEW closed at_ms=1821377
ZWL PERF 5008ms: passes=698 timeouts=73 | poll 32.5% work 67.1%
ZWL PERF compose frames=99 draw_ms=31.19 (acquire 0.04 submit+present 29.24) frame_ms=32.08
ZGEARS FPS run=gears frames=24100 fps=13.9
ZWL HOME open via=launcher at_ms=1823569
ZWL FIRST_FRAME what=home-open frame=30416 request_ms=1823569 ms=51
ZWL HOME opened apps=12 pages=1 page=1 at_ms=1823869
ZWL HOME icon name="Files" x=600 y=386
ZWL HOME icon name="Notes" x=744 y=386
ZWL HOME icon name="Settings" x=888 y=386
ZWL HOME icon name="Terminal" x=1032 y=386
ZWL HOME icon name="PDF Viewer" x=1176 y=386
ZWL HOME icon name="Image Viewer" x=1320 y=386
ZWL HOME icon name="Browser" x=600 y=538
ZWL HOME icon name="Model viewer" x=744 y=538
ZWL HOME icon name="Gears" x=888 y=538
ZWL HOME icon name="X terminal" x=1032 y=538
ZWL HOME icon name="Lock Screen" x=1176 y=538
ZWL HOME icon name="Log Out" x=1320 y=538
ZWL HOME close via=escape at_ms=1825796
ZWL FIRST_FRAME what=home-close frame=30456 request_ms=1825796 ms=33
ZWL HOME closed at_ms=1826050
ZWL PERF 5006ms: passes=701 timeouts=66 | poll 32.5% work 67.2%
ZWL PERF compose frames=82 draw_ms=38.19 (acquire 0.04 submit+present 35.38) frame_ms=39.01
ZWL GLASS moved surface=7 x=980 y=372
ZGEARS FPS run=gears frames=24200 fps=14.6
ZWL GLASS moved surface=7 x=880 y=332
ZWL WISEVIEW opening key at_ms=1830584
ZWL FIRST_FRAME what=wiseview-open frame=30530 request_ms=1830584 ms=48
ZWL WISEVIEW open windows=10 at_ms=1830786
ZWL WISEVIEW tile client=9 surface=7 x=83 y=86 width=380 height=253
ZWL WISEVIEW tile client=10 surface=1146 x=528 y=90 width=406 height=244
ZWL WISEVIEW tile client=10 surface=14 x=1036 y=90 width=305 height=244
ZWL WISEVIEW tile client=8 surface=7 x=1484 y=90 width=325 height=244
ZWL WISEVIEW tile client=7 surface=14 x=104 y=404 width=338 height=244
ZWL WISEVIEW tile client=6 surface=14 x=570 y=404 width=321 height=244
ZWL WISEVIEW tile client=5 surface=14 x=1012 y=404 width=353 height=244
ZWL WISEVIEW tile client=4 surface=8 x=1467 y=404 width=359 height=244
ZWL WISEVIEW tile client=3 surface=16 x=568 y=718 width=325 height=244
ZWL WISEVIEW tile client=2 surface=8 x=999 y=718 width=379 height=244
ZWL PERF 5001ms: passes=645 timeouts=70 | poll 32.2% work 67.5%
ZWL PERF compose frames=90 draw_ms=34.87 (acquire 0.04 submit+present 32.52) frame_ms=35.69
ZWL WISEVIEW close key at_ms=1832791
ZWL FIRST_FRAME what=wiseview-close frame=30586 request_ms=1832791 ms=18
ZWL WISEVIEW closed at_ms=1832996
ZWL HOME open via=launcher at_ms=1835210
ZWL FIRST_FRAME what=home-open frame=30624 request_ms=1835210 ms=33
ZWL HOME opened apps=12 pages=1 page=1 at_ms=1835490
ZWL HOME icon name="Files" x=600 y=386
ZWL HOME icon name="Notes" x=744 y=386
ZWL HOME icon name="Settings" x=888 y=386
ZWL HOME icon name="Terminal" x=1032 y=386
ZWL HOME icon name="PDF Viewer" x=1176 y=386
ZWL HOME icon name="Image Viewer" x=1320 y=386
ZWL HOME icon name="Browser" x=600 y=538
ZWL HOME icon name="Model viewer" x=744 y=538
ZWL HOME icon name="Gears" x=888 y=538
ZWL HOME icon name="X terminal" x=1032 y=538
ZWL HOME icon name="Lock Screen" x=1176 y=538
ZWL HOME icon name="Log Out" x=1320 y=538
ZGEARS FPS run=gears frames=24300 fps=14.2
ZWL PERF 5000ms: passes=718 timeouts=64 | poll 32.2% work 67.4%
ZWL PERF compose frames=95 draw_ms=32.81 (acquire 0.04 submit+present 30.27) frame_ms=33.42
ZWL HOME close via=escape at_ms=1837403
ZWL FIRST_FRAME what=home-close frame=30668 request_ms=1837403 ms=32
ZWL HOME closed at_ms=1837643
ZWL GLASS moved surface=7 x=980 y=372
ZWL GLASS moved surface=7 x=880 y=332
ZWL PERF 5028ms: passes=699 timeouts=70 | poll 31.9% work 67.8%
ZWL PERF compose frames=80 draw_ms=39.70 (acquire 0.04 submit+present 37.06) frame_ms=40.84
ZWL WISEVIEW opening key at_ms=1842188
ZWL FIRST_FRAME what=wiseview-open frame=30741 request_ms=1842188 ms=33
ZWL WISEVIEW open windows=10 at_ms=1842395
ZWL WISEVIEW tile client=9 surface=7 x=83 y=86 width=380 height=253
ZWL WISEVIEW tile client=10 surface=1146 x=528 y=90 width=406 height=244
ZWL WISEVIEW tile client=10 surface=14 x=1036 y=90 width=305 height=244
ZWL WISEVIEW tile client=8 surface=7 x=1484 y=90 width=325 height=244
ZWL WISEVIEW tile client=7 surface=14 x=104 y=404 width=338 height=244
ZWL WISEVIEW tile client=6 surface=14 x=570 y=404 width=321 height=244
ZWL WISEVIEW tile client=5 surface=14 x=1012 y=404 width=353 height=244
ZWL WISEVIEW tile client=4 surface=8 x=1467 y=404 width=359 height=244
ZWL WISEVIEW tile client=3 surface=16 x=568 y=718 width=325 height=244
ZWL WISEVIEW tile client=2 surface=8 x=999 y=718 width=379 height=244
ZGEARS FPS run=gears frames=24400 fps=14.1
ZWL WISEVIEW close key at_ms=1844417
ZWL FIRST_FRAME what=wiseview-close frame=30801 request_ms=1844417 ms=28
ZWL WISEVIEW closed at_ms=1844620
ZWL HOME open via=launcher at_ms=1846776
ZWL FIRST_FRAME what=home-open frame=30838 request_ms=1846776 ms=61
ZWL PERF 5019ms: passes=671 timeouts=74 | poll 32.5% work 67.1%
ZWL PERF compose frames=103 draw_ms=30.28 (acquire 0.05 submit+present 28.20) frame_ms=31.10
ZWL HOME opened apps=12 pages=1 page=1 at_ms=1847087
ZWL HOME icon name="Files" x=600 y=386
ZWL HOME icon name="Notes" x=744 y=386
ZWL HOME icon name="Settings" x=888 y=386
ZWL HOME icon name="Terminal" x=1032 y=386
ZWL HOME icon name="PDF Viewer" x=1176 y=386
ZWL HOME icon name="Image Viewer" x=1320 y=386
ZWL HOME icon name="Browser" x=600 y=538
ZWL HOME icon name="Model viewer" x=744 y=538
ZWL HOME icon name="Gears" x=888 y=538
ZWL HOME icon name="X terminal" x=1032 y=538
ZWL HOME icon name="Lock Screen" x=1176 y=538
ZWL HOME icon name="Log Out" x=1320 y=538
ZWL HOME close via=escape at_ms=1848984
ZWL FIRST_FRAME what=home-close frame=30881 request_ms=1848984 ms=30
ZWL HOME closed at_ms=1849232
ZGEARS FPS run=gears frames=24500 fps=14.9
ZWL GLASS moved surface=7 x=980 y=372
ZWL PERF 5005ms: passes=676 timeouts=69 | poll 32.6% work 67.1%
ZWL PERF compose frames=87 draw_ms=36.00 (acquire 0.07 submit+present 32.75) frame_ms=36.41
ZWL GLASS moved surface=7 x=880 y=332
ZWL WISEVIEW opening key at_ms=1853842
ZWL FIRST_FRAME what=wiseview-open frame=30958 request_ms=1853842 ms=39
ZWL WISEVIEW open windows=10 at_ms=1854071
ZWL WISEVIEW tile client=9 surface=7 x=83 y=86 width=380 height=253
ZWL WISEVIEW tile client=10 surface=1146 x=528 y=90 width=406 height=244
ZWL WISEVIEW tile client=10 surface=14 x=1036 y=90 width=305 height=244
ZWL WISEVIEW tile client=8 surface=7 x=1484 y=90 width=325 height=244
ZWL WISEVIEW tile client=7 surface=14 x=104 y=404 width=338 height=244
ZWL WISEVIEW tile client=6 surface=14 x=570 y=404 width=321 height=244
ZWL WISEVIEW tile client=5 surface=14 x=1012 y=404 width=353 height=244
ZWL WISEVIEW tile client=4 surface=8 x=1467 y=404 width=359 height=244
ZWL WISEVIEW tile client=3 surface=16 x=568 y=718 width=325 height=244
ZWL WISEVIEW tile client=2 surface=8 x=999 y=718 width=379 height=244
ZWL WISEVIEW close key at_ms=1856022
ZWL FIRST_FRAME what=wiseview-close frame=31012 request_ms=1856022 ms=21
ZWL WISEVIEW closed at_ms=1856226
ZWL PERF 5000ms: passes=700 timeouts=56 | poll 31.8% work 67.8%
ZWL PERF compose frames=100 draw_ms=31.48 (acquire 0.04 submit+present 29.45) frame_ms=32.56
ZGEARS FPS run=gears frames=24600 fps=13.5
ZWL HOME open via=launcher at_ms=1858394
ZWL FIRST_FRAME what=home-open frame=31050 request_ms=1858394 ms=50
ZWL HOME opened apps=12 pages=1 page=1 at_ms=1858724
ZWL HOME icon name="Files" x=600 y=386
ZWL HOME icon name="Notes" x=744 y=386
ZWL HOME icon name="Settings" x=888 y=386
ZWL HOME icon name="Terminal" x=1032 y=386
ZWL HOME icon name="PDF Viewer" x=1176 y=386
ZWL HOME icon name="Image Viewer" x=1320 y=386
ZWL HOME icon name="Browser" x=600 y=538
ZWL HOME icon name="Model viewer" x=744 y=538
ZWL HOME icon name="Gears" x=888 y=538
ZWL HOME icon name="X terminal" x=1032 y=538
ZWL HOME icon name="Lock Screen" x=1176 y=538
ZWL HOME icon name="Log Out" x=1320 y=538
ZWL HOME close via=escape at_ms=1860612
ZWL FIRST_FRAME what=home-close frame=31092 request_ms=1860612 ms=25
ZWL HOME closed at_ms=1860852
ZWL PERF 5002ms: passes=713 timeouts=75 | poll 32.6% work 67.0%
ZWL PERF compose frames=86 draw_ms=36.16 (acquire 0.07 submit+present 33.04) frame_ms=36.98
ZWL GLASS moved surface=7 x=980 y=372
ZGEARS FPS run=gears frames=24700 fps=14.8
ZWL GLASS moved surface=7 x=880 y=332
ZWL WISEVIEW opening key at_ms=1865406
ZWL FIRST_FRAME what=wiseview-open frame=31170 request_ms=1865406 ms=46
ZWL WISEVIEW open windows=10 at_ms=1865611
ZWL WISEVIEW tile client=9 surface=7 x=83 y=86 width=380 height=253
ZWL WISEVIEW tile client=10 surface=1146 x=528 y=90 width=406 height=244
ZWL WISEVIEW tile client=10 surface=14 x=1036 y=90 width=305 height=244
ZWL WISEVIEW tile client=8 surface=7 x=1484 y=90 width=325 height=244
ZWL WISEVIEW tile client=7 surface=14 x=104 y=404 width=338 height=244
ZWL WISEVIEW tile client=6 surface=14 x=570 y=404 width=321 height=244
ZWL WISEVIEW tile client=5 surface=14 x=1012 y=404 width=353 height=244
ZWL WISEVIEW tile client=4 surface=8 x=1467 y=404 width=359 height=244
ZWL WISEVIEW tile client=3 surface=16 x=568 y=718 width=325 height=244
ZWL WISEVIEW tile client=2 surface=8 x=999 y=718 width=379 height=244
ZWL PERF 5018ms: passes=685 timeouts=65 | poll 32.4% work 67.3%
ZWL PERF compose frames=94 draw_ms=33.51 (acquire 0.04 submit+present 31.40) frame_ms=34.25
ZWL WISEVIEW close key at_ms=1867640
ZWL FIRST_FRAME what=wiseview-close frame=31225 request_ms=1867640 ms=19
ZWL WISEVIEW closed at_ms=1867844
ZWL HOME open via=launcher at_ms=1870024
ZWL FIRST_FRAME what=home-open frame=31262 request_ms=1870024 ms=53
ZWL HOME opened apps=12 pages=1 page=1 at_ms=1870307
ZWL HOME icon name="Files" x=600 y=386
ZWL HOME icon name="Notes" x=744 y=386
ZWL HOME icon name="Settings" x=888 y=386
ZWL HOME icon name="Terminal" x=1032 y=386
ZWL HOME icon name="PDF Viewer" x=1176 y=386
ZWL HOME icon name="Image Viewer" x=1320 y=386
ZWL HOME icon name="Browser" x=600 y=538
ZWL HOME icon name="Model viewer" x=744 y=538
ZWL HOME icon name="Gears" x=888 y=538
ZWL HOME icon name="X terminal" x=1032 y=538
ZWL HOME icon name="Lock Screen" x=1176 y=538
ZWL HOME icon name="Log Out" x=1320 y=538
ZGEARS FPS run=gears frames=24800 fps=14.3
ZWL PERF 5014ms: passes=750 timeouts=66 | poll 32.0% work 67.7%
ZWL PERF compose frames=93 draw_ms=33.87 (acquire 0.05 submit+present 30.89) frame_ms=34.63
ZWL HOME close via=escape at_ms=1872253
ZWL FIRST_FRAME what=home-close frame=31306 request_ms=1872253 ms=36
ZWL HOME closed at_ms=1872503
ZWL GLASS moved surface=7 x=980 y=372
ZWL GLASS moved surface=7 x=880 y=332
ZWL PERF 5041ms: passes=695 timeouts=64 | poll 31.5% work 68.1%
ZWL PERF compose frames=80 draw_ms=40.03 (acquire 0.05 submit+present 37.24) frame_ms=40.80
ZWL HOME open via=launcher at_ms=1877123
ZWL FIRST_FRAME what=home-open frame=31382 request_ms=1877124 ms=52
ZWL HOME opened apps=12 pages=1 page=1 at_ms=1877407
ZWL HOME icon name="Files" x=600 y=386
ZWL HOME icon name="Notes" x=744 y=386
ZWL HOME icon name="Settings" x=888 y=386
ZWL HOME icon name="Terminal" x=1032 y=386
ZWL HOME icon name="PDF Viewer" x=1176 y=386
ZWL HOME icon name="Image Viewer" x=1320 y=386
ZWL HOME icon name="Browser" x=600 y=538
ZWL HOME icon name="Model viewer" x=744 y=538
ZWL HOME icon name="Gears" x=888 y=538
ZWL HOME icon name="X terminal" x=1032 y=538
ZWL HOME icon name="Lock Screen" x=1176 y=538
ZWL HOME icon name="Log Out" x=1320 y=538
ZGEARS FPS run=gears frames=24900 fps=14.8
ZWL HOME launch name=Terminal pid=78
ZWL HOME close via=launch at_ms=1878759
ZWL FIRST_FRAME what=home-close frame=31414 request_ms=1878759 ms=30
ZWL CLIENT client=24 fd=25
ZWL INSET create client=24 inset=20 toplevel=16
ZWL EDIT create client=24 edit=24 toplevel=16
ZWL BOUNDS client=24 surface=14 width=1896 height=970
ZWL CONFIGURE client=24 surface=14 serial=862 width=0 height=0 fullscreen=0
ZWL SEAT client=24 pointer=1 keyboard=0 touch=0
ZWL SEAT client=24 pointer=1 keyboard=1 touch=0
ZWL IMPORT client=24 buffer=37 width=916 height=632 bytes=2318336
ZWL IMPORT client=24 buffer=38 width=916 height=632 bytes=2318336
ZWL IMPORT client=24 buffer=39 width=916 height=632 bytes=2318336
ZTERM MENU state selection=0 clipboard=0 pixels=16 fullscreen=0
ZWL MENU commit client=24 menu=43 serial=1 items=30 generation=1
ZWL MENU set client=24 place=44 menu=43
ZWL MENU commit client=24 menu=43 serial=2 items=30 generation=2
ZTERM MENU ready items=30
ZTERM TAB active id=1
ZTERM TAB new run=term id=1 count=1
ZTERM START run=term columns=90 rows=28 cell=10x22 window=916x632
ZWL TITLEBAR create client=24 titlebar=48 toplevel=16
ZTERM TABS count=1 active=1 mode=0
ZTERM TITLE tab=1 title=Terminal
ZWL EDIT state client=24 edit=24 actions=0xff flags=0xd
ZWL TITLEBAR commit client=24 titlebar=48 serial=1 mode=0 controls=0 tabs=1 generation=1
ZWL MAP client=24 surface=14 x=348 y=420
ZWL HOME launched waited_ms=148 at_ms=1878907
ZWL GLASS launch surface=14 from=996,350 to=348,420 size=916x632
ZTERM CLIPBOARD selection text=0
ZTERM PRIMARY offer text=0
ZWL HOME closed at_ms=1879003
ZWL MENU bar client=24 surface=14 where=floating item=1 offset=127 top=368 width=55 height=44
ZWL MENU bar client=24 surface=14 where=floating item=2 offset=184 top=368 width=47 height=44
ZWL MENU bar client=24 surface=14 where=floating item=3 offset=233 top=368 width=55 height=44
ZWL MENU bar client=24 surface=14 where=floating item=4 offset=290 top=368 width=76 height=44
ZWL MENU bar client=24 surface=14 where=floating item=5 offset=368 top=368 width=53 height=44
ZWL PERF 5005ms: passes=696 timeouts=58 | poll 30.9% work 68.7%
ZWL PERF compose frames=82 draw_ms=38.62 (acquire 0.06 submit+present 35.49) frame_ms=39.44
ZTERM TAB closed run=term id=1 count=0
ZTERM DONE run=term reason=shell-exited
ZWL CLIENT gone client=24 reason=read
ZWL CLEANUP client=24 objects=35 unread_fds=0
ZWL HOME ended pid=78 status=0
ZGEARS FPS run=gears frames=25000 fps=13.4
ZWL PERF 5001ms: passes=708 timeouts=59 | poll 32.5% work 67.2%
ZWL PERF compose frames=73 draw_ms=42.60 (acquire 0.04 submit+present 39.93) frame_ms=43.45
ZWL WISEVIEW opening key at_ms=1889311
ZWL FIRST_FRAME what=wiseview-open frame=31571 request_ms=1889312 ms=36
ZWL WISEVIEW open windows=10 at_ms=1889512
ZWL WISEVIEW tile client=9 surface=7 x=83 y=86 width=380 height=253
ZWL WISEVIEW tile client=10 surface=1146 x=528 y=90 width=406 height=244
ZWL WISEVIEW tile client=10 surface=14 x=1036 y=90 width=305 height=244
ZWL WISEVIEW tile client=8 surface=7 x=1484 y=90 width=325 height=244
ZWL WISEVIEW tile client=7 surface=14 x=104 y=404 width=338 height=244
ZWL WISEVIEW tile client=6 surface=14 x=570 y=404 width=321 height=244
ZWL WISEVIEW tile client=5 surface=14 x=1012 y=404 width=353 height=244
ZWL WISEVIEW tile client=4 surface=8 x=1467 y=404 width=359 height=244
ZWL WISEVIEW tile client=3 surface=16 x=568 y=718 width=325 height=244
ZWL WISEVIEW tile client=2 surface=8 x=999 y=718 width=379 height=244
ZWL WISEVIEW close key at_ms=1891513
ZWL FIRST_FRAME what=wiseview-close frame=31627 request_ms=1891513 ms=19
ZWL WISEVIEW closed at_ms=1891716
ZWL PERF 5035ms: passes=675 timeouts=67 | poll 32.4% work 67.3%
ZWL PERF compose frames=101 draw_ms=31.12 (acquire 0.04 submit+present 29.32) frame_ms=31.94
ZGEARS FPS run=gears frames=25100 fps=13.3
ZWL HOME open via=launcher at_ms=1893871
ZWL FIRST_FRAME what=home-open frame=31664 request_ms=1893871 ms=40
ZWL HOME opened apps=12 pages=1 page=1 at_ms=1894172
ZWL HOME icon name="Files" x=600 y=386
ZWL HOME icon name="Notes" x=744 y=386
ZWL HOME icon name="Settings" x=888 y=386
ZWL HOME icon name="Terminal" x=1032 y=386
ZWL HOME icon name="PDF Viewer" x=1176 y=386
ZWL HOME icon name="Image Viewer" x=1320 y=386
ZWL HOME icon name="Browser" x=600 y=538
ZWL HOME icon name="Model viewer" x=744 y=538
ZWL HOME icon name="Gears" x=888 y=538
ZWL HOME icon name="X terminal" x=1032 y=538
ZWL HOME icon name="Lock Screen" x=1176 y=538
ZWL HOME icon name="Log Out" x=1320 y=538
ZWL HOME close via=escape at_ms=1896140
ZWL FIRST_FRAME what=home-close frame=31707 request_ms=1896140 ms=41
ZWL HOME closed at_ms=1896382
ZWL PERF 5002ms: passes=696 timeouts=73 | poll 32.0% work 67.7%
ZWL PERF compose frames=85 draw_ms=37.16 (acquire 0.06 submit+present 34.09) frame_ms=37.94
ZWL GLASS moved surface=7 x=980 y=372
ZGEARS FPS run=gears frames=25200 fps=14.9
ZWL GLASS moved surface=7 x=880 y=332
ZWL WISEVIEW opening key at_ms=1900898
ZWL FIRST_FRAME what=wiseview-open frame=31781 request_ms=1900898 ms=48
ZWL WISEVIEW open windows=10 at_ms=1901130
ZWL WISEVIEW tile client=9 surface=7 x=83 y=86 width=380 height=253
ZWL WISEVIEW tile client=10 surface=1146 x=528 y=90 width=406 height=244
ZWL WISEVIEW tile client=10 surface=14 x=1036 y=90 width=305 height=244
ZWL WISEVIEW tile client=8 surface=7 x=1484 y=90 width=325 height=244
ZWL WISEVIEW tile client=7 surface=14 x=104 y=404 width=338 height=244
ZWL WISEVIEW tile client=6 surface=14 x=570 y=404 width=321 height=244
ZWL WISEVIEW tile client=5 surface=14 x=1012 y=404 width=353 height=244
ZWL WISEVIEW tile client=4 surface=8 x=1467 y=404 width=359 height=244
ZWL WISEVIEW tile client=3 surface=16 x=568 y=718 width=325 height=244
ZWL WISEVIEW tile client=2 surface=8 x=999 y=718 width=379 height=244
ZWL PERF 5012ms: passes=686 timeouts=65 | poll 31.8% work 67.9%
ZWL PERF compose frames=88 draw_ms=35.81 (acquire 0.05 submit+present 33.48) frame_ms=36.68
ZWL WISEVIEW close key at_ms=1903135
ZWL FIRST_FRAME what=wiseview-close frame=31836 request_ms=1903135 ms=26
ZWL WISEVIEW closed at_ms=1903336
ZWL HOME open via=launcher at_ms=1905489
ZWL FIRST_FRAME what=home-open frame=31873 request_ms=1905489 ms=56
ZWL HOME opened apps=12 pages=1 page=1 at_ms=1905786
ZWL HOME icon name="Files" x=600 y=386
ZWL HOME icon name="Notes" x=744 y=386
ZWL HOME icon name="Settings" x=888 y=386
ZWL HOME icon name="Terminal" x=1032 y=386
ZWL HOME icon name="PDF Viewer" x=1176 y=386
ZWL HOME icon name="Image Viewer" x=1320 y=386
ZWL HOME icon name="Browser" x=600 y=538
ZWL HOME icon name="Model viewer" x=744 y=538
ZWL HOME icon name="Gears" x=888 y=538
ZWL HOME icon name="X terminal" x=1032 y=538
ZWL HOME icon name="Lock Screen" x=1176 y=538
ZWL HOME icon name="Log Out" x=1320 y=538
ZWL PERF 5027ms: passes=700 timeouts=68 | poll 32.5% work 67.1%
ZWL PERF compose frames=94 draw_ms=33.31 (acquire 0.05 submit+present 30.92) frame_ms=34.15
ZGEARS FPS run=gears frames=25300 fps=13.8
ZWL HOME close via=escape at_ms=1907720
ZWL FIRST_FRAME what=home-close frame=31915 request_ms=1907720 ms=29
ZWL HOME closed at_ms=1907961
ZWL GLASS moved surface=7 x=980 y=372
ZWL GLASS moved surface=7 x=880 y=332
ZWL PERF 5005ms: passes=689 timeouts=59 | poll 31.2% work 68.4%
ZWL PERF compose frames=80 draw_ms=39.54 (acquire 0.05 submit+present 36.88) frame_ms=40.40
ZWL WISEVIEW opening key at_ms=1912507
ZWL FIRST_FRAME what=wiseview-open frame=31989 request_ms=1912507 ms=35
ZWL WISEVIEW open windows=10 at_ms=1912708
ZWL WISEVIEW tile client=9 surface=7 x=83 y=86 width=380 height=253
ZWL WISEVIEW tile client=10 surface=1146 x=528 y=90 width=406 height=244
ZWL WISEVIEW tile client=10 surface=14 x=1036 y=90 width=305 height=244
ZWL WISEVIEW tile client=8 surface=7 x=1484 y=90 width=325 height=244
ZWL WISEVIEW tile client=7 surface=14 x=104 y=404 width=338 height=244
ZWL WISEVIEW tile client=6 surface=14 x=570 y=404 width=321 height=244
ZWL WISEVIEW tile client=5 surface=14 x=1012 y=404 width=353 height=244
ZWL WISEVIEW tile client=4 surface=8 x=1467 y=404 width=359 height=244
ZWL WISEVIEW tile client=3 surface=16 x=568 y=718 width=325 height=244
ZWL WISEVIEW tile client=2 surface=8 x=999 y=718 width=379 height=244
ZGEARS FPS run=gears frames=25400 fps=13.4
ZWL WISEVIEW close key at_ms=1914736
ZWL FIRST_FRAME what=wiseview-close frame=32045 request_ms=1914736 ms=24
ZWL WISEVIEW closed at_ms=1914941
ZWL PERF 5001ms: passes=686 timeouts=71 | poll 32.9% work 66.8%
ZWL PERF compose frames=99 draw_ms=31.15 (acquire 0.05 submit+present 29.20) frame_ms=31.90
ZWL HOME open via=launcher at_ms=1917087
ZWL FIRST_FRAME what=home-open frame=32082 request_ms=1917087 ms=61
ZWL HOME opened apps=12 pages=1 page=1 at_ms=1917396
ZWL HOME icon name="Files" x=600 y=386
ZWL HOME icon name="Notes" x=744 y=386
ZWL HOME icon name="Settings" x=888 y=386
ZWL HOME icon name="Terminal" x=1032 y=386
ZWL HOME icon name="PDF Viewer" x=1176 y=386
ZWL HOME icon name="Image Viewer" x=1320 y=386
ZWL HOME icon name="Browser" x=600 y=538
ZWL HOME icon name="Model viewer" x=744 y=538
ZWL HOME icon name="Gears" x=888 y=538
ZWL HOME icon name="X terminal" x=1032 y=538
ZWL HOME icon name="Lock Screen" x=1176 y=538
ZWL HOME icon name="Log Out" x=1320 y=538
ZWL HOME close via=escape at_ms=1919350
ZWL FIRST_FRAME what=home-close frame=32125 request_ms=1919350 ms=34
ZWL HOME closed at_ms=1919590
ZGEARS FPS run=gears frames=25500 fps=15.4
ZWL GLASS moved surface=7 x=980 y=372
ZWL PERF 5000ms: passes=688 timeouts=67 | poll 31.4% work 68.3%
ZWL PERF compose frames=86 draw_ms=36.82 (acquire 0.05 submit+present 33.68) frame_ms=37.63
ZWL GLASS moved surface=7 x=880 y=332
ZWL WISEVIEW opening key at_ms=1924101
ZWL FIRST_FRAME what=wiseview-open frame=32198 request_ms=1924101 ms=33
ZWL WISEVIEW open windows=10 at_ms=1924313
ZWL WISEVIEW tile client=9 surface=7 x=83 y=86 width=380 height=253
ZWL WISEVIEW tile client=10 surface=1146 x=528 y=90 width=406 height=244
ZWL WISEVIEW tile client=10 surface=14 x=1036 y=90 width=305 height=244
ZWL WISEVIEW tile client=8 surface=7 x=1484 y=90 width=325 height=244
ZWL WISEVIEW tile client=7 surface=14 x=104 y=404 width=338 height=244
ZWL WISEVIEW tile client=6 surface=14 x=570 y=404 width=321 height=244
ZWL WISEVIEW tile client=5 surface=14 x=1012 y=404 width=353 height=244
ZWL WISEVIEW tile client=4 surface=8 x=1467 y=404 width=359 height=244
ZWL WISEVIEW tile client=3 surface=16 x=568 y=718 width=325 height=244
ZWL WISEVIEW tile client=2 surface=8 x=999 y=718 width=379 height=244
ZWL WISEVIEW close key at_ms=1926342
ZWL FIRST_FRAME what=wiseview-close frame=32256 request_ms=1926342 ms=27
ZWL WISEVIEW closed at_ms=1926544
ZWL PERF 5007ms: passes=698 timeouts=68 | poll 32.5% work 67.2%
ZWL PERF compose frames=100 draw_ms=31.10 (acquire 0.04 submit+present 29.20) frame_ms=31.90
ZGEARS FPS run=gears frames=25600 fps=13.7
ZWL HOME open via=launcher at_ms=1928710
ZWL FIRST_FRAME what=home-open frame=32294 request_ms=1928710 ms=50
ZWL HOME opened apps=12 pages=1 page=1 at_ms=1929013
ZWL HOME icon name="Files" x=600 y=386
ZWL HOME icon name="Notes" x=744 y=386
ZWL HOME icon name="Settings" x=888 y=386
ZWL HOME icon name="Terminal" x=1032 y=386
ZWL HOME icon name="PDF Viewer" x=1176 y=386
ZWL HOME icon name="Image Viewer" x=1320 y=386
ZWL HOME icon name="Browser" x=600 y=538
ZWL HOME icon name="Model viewer" x=744 y=538
ZWL HOME icon name="Gears" x=888 y=538
ZWL HOME icon name="X terminal" x=1032 y=538
ZWL HOME icon name="Lock Screen" x=1176 y=538
ZWL HOME icon name="Log Out" x=1320 y=538
ZWL HOME close via=escape at_ms=1930943
ZWL FIRST_FRAME what=home-close frame=32335 request_ms=1930943 ms=33
ZWL HOME closed at_ms=1931219
ZWL PERF 5026ms: passes=726 timeouts=58 | poll 31.2% work 68.5%
ZWL PERF compose frames=86 draw_ms=37.42 (acquire 0.05 submit+present 34.30) frame_ms=38.12
ZWL GLASS moved surface=7 x=980 y=372
ZWL GLASS moved surface=7 x=880 y=332
ZGEARS FPS run=gears frames=25700 fps=14.9
ZWL WISEVIEW opening key at_ms=1935741
ZWL FIRST_FRAME what=wiseview-open frame=32411 request_ms=1935741 ms=48
ZWL WISEVIEW open windows=10 at_ms=1935958
ZWL WISEVIEW tile client=9 surface=7 x=83 y=86 width=380 height=253
ZWL WISEVIEW tile client=10 surface=1146 x=528 y=90 width=406 height=244
ZWL WISEVIEW tile client=10 surface=14 x=1036 y=90 width=305 height=244
ZWL WISEVIEW tile client=8 surface=7 x=1484 y=90 width=325 height=244
ZWL WISEVIEW tile client=7 surface=14 x=104 y=404 width=338 height=244
ZWL WISEVIEW tile client=6 surface=14 x=570 y=404 width=321 height=244
ZWL WISEVIEW tile client=5 surface=14 x=1012 y=404 width=353 height=244
ZWL WISEVIEW tile client=4 surface=8 x=1467 y=404 width=359 height=244
ZWL WISEVIEW tile client=3 surface=16 x=568 y=718 width=325 height=244
ZWL WISEVIEW tile client=2 surface=8 x=999 y=718 width=379 height=244
ZWL PERF 5003ms: passes=675 timeouts=61 | poll 31.4% work 68.3%
ZWL PERF compose frames=92 draw_ms=34.24 (acquire 0.05 submit+present 31.85) frame_ms=35.15
ZWL WISEVIEW close key at_ms=1938010
ZWL FIRST_FRAME what=wiseview-close frame=32470 request_ms=1938010 ms=36
ZWL WISEVIEW closed at_ms=1938210
ZWL HOME open via=launcher at_ms=1940375
ZWL FIRST_FRAME what=home-open frame=32508 request_ms=1940375 ms=59
ZWL HOME opened apps=12 pages=1 page=1 at_ms=1940658
ZWL HOME icon name="Files" x=600 y=386
ZWL HOME icon name="Notes" x=744 y=386
ZWL HOME icon name="Settings" x=888 y=386
ZWL HOME icon name="Terminal" x=1032 y=386
ZWL HOME icon name="PDF Viewer" x=1176 y=386
ZWL HOME icon name="Image Viewer" x=1320 y=386
ZWL HOME icon name="Browser" x=600 y=538
ZWL HOME icon name="Model viewer" x=744 y=538
ZWL HOME icon name="Gears" x=888 y=538
ZWL HOME icon name="X terminal" x=1032 y=538
ZWL HOME icon name="Lock Screen" x=1176 y=538
ZWL HOME icon name="Log Out" x=1320 y=538
ZGEARS FPS run=gears frames=25800 fps=14.6
ZWL PERF 5025ms: passes=688 timeouts=68 | poll 31.5% work 68.2%
ZWL PERF compose frames=97 draw_ms=32.70 (acquire 0.06 submit+present 29.94) frame_ms=33.50
ZWL HOME close via=escape at_ms=1942590
ZWL FIRST_FRAME what=home-close frame=32551 request_ms=1942590 ms=23
ZWL HOME closed at_ms=1942835
ZWL GLASS moved surface=7 x=980 y=372
ZWL GLASS moved surface=7 x=880 y=332
ZWL PERF 5000ms: passes=706 timeouts=72 | poll 31.8% work 67.8%
ZWL PERF compose frames=78 draw_ms=40.59 (acquire 0.05 submit+present 37.97) frame_ms=41.00
ZWL WISEVIEW opening key at_ms=1947343
ZWL FIRST_FRAME what=wiseview-open frame=32624 request_ms=1947343 ms=45
ZWL WISEVIEW open windows=10 at_ms=1947555
ZWL WISEVIEW tile client=9 surface=7 x=83 y=86 width=380 height=253
ZWL WISEVIEW tile client=10 surface=1146 x=528 y=90 width=406 height=244
ZWL WISEVIEW tile client=10 surface=14 x=1036 y=90 width=305 height=244
ZWL WISEVIEW tile client=8 surface=7 x=1484 y=90 width=325 height=244
ZWL WISEVIEW tile client=7 surface=14 x=104 y=404 width=338 height=244
ZWL WISEVIEW tile client=6 surface=14 x=570 y=404 width=321 height=244
ZWL WISEVIEW tile client=5 surface=14 x=1012 y=404 width=353 height=244
ZWL WISEVIEW tile client=4 surface=8 x=1467 y=404 width=359 height=244
ZWL WISEVIEW tile client=3 surface=16 x=568 y=718 width=325 height=244
ZWL WISEVIEW tile client=2 surface=8 x=999 y=718 width=379 height=244
ZGEARS FPS run=gears frames=25900 fps=13.8
ZWL WISEVIEW close key at_ms=1949549
ZWL FIRST_FRAME what=wiseview-close frame=32678 request_ms=1949549 ms=18
ZWL WISEVIEW closed at_ms=1949783
ZWL HOME open via=launcher at_ms=1951949
ZWL FIRST_FRAME what=home-open frame=32717 request_ms=1951949 ms=52
ZWL PERF 5000ms: passes=706 timeouts=70 | poll 32.3% work 67.4%
ZWL PERF compose frames=99 draw_ms=31.39 (acquire 0.04 submit+present 29.47) frame_ms=32.70
ZWL HOME opened apps=12 pages=1 page=1 at_ms=1952265
ZWL HOME icon name="Files" x=600 y=386
ZWL HOME icon name="Notes" x=744 y=386
ZWL HOME icon name="Settings" x=888 y=386
ZWL HOME icon name="Terminal" x=1032 y=386
ZWL HOME icon name="PDF Viewer" x=1176 y=386
ZWL HOME icon name="Image Viewer" x=1320 y=386
ZWL HOME icon name="Browser" x=600 y=538
ZWL HOME icon name="Model viewer" x=744 y=538
ZWL HOME icon name="Gears" x=888 y=538
ZWL HOME icon name="X terminal" x=1032 y=538
ZWL HOME icon name="Lock Screen" x=1176 y=538
ZWL HOME icon name="Log Out" x=1320 y=538
ZWL HOME close via=escape at_ms=1954144
ZWL FIRST_FRAME what=home-close frame=32758 request_ms=1954144 ms=31
ZWL HOME closed at_ms=1954428
ZGEARS FPS run=gears frames=26000 fps=14.5
ZWL GLASS moved surface=7 x=980 y=372
ZWL PERF 5035ms: passes=691 timeouts=65 | poll 32.8% work 66.9%
ZWL PERF compose frames=85 draw_ms=36.93 (acquire 0.04 submit+present 34.20) frame_ms=37.69
ZWL GLASS moved surface=7 x=880 y=332
ZWL WISEVIEW opening key at_ms=1958960
ZWL FIRST_FRAME what=wiseview-open frame=32833 request_ms=1958960 ms=37
ZWL WISEVIEW open windows=10 at_ms=1959163
ZWL WISEVIEW tile client=9 surface=7 x=83 y=86 width=380 height=253
ZWL WISEVIEW tile client=10 surface=1146 x=528 y=90 width=406 height=244
ZWL WISEVIEW tile client=10 surface=14 x=1036 y=90 width=305 height=244
ZWL WISEVIEW tile client=8 surface=7 x=1484 y=90 width=325 height=244
ZWL WISEVIEW tile client=7 surface=14 x=104 y=404 width=338 height=244
ZWL WISEVIEW tile client=6 surface=14 x=570 y=404 width=321 height=244
ZWL WISEVIEW tile client=5 surface=14 x=1012 y=404 width=353 height=244
ZWL WISEVIEW tile client=4 surface=8 x=1467 y=404 width=359 height=244
ZWL WISEVIEW tile client=3 surface=16 x=568 y=718 width=325 height=244
ZWL WISEVIEW tile client=2 surface=8 x=999 y=718 width=379 height=244
ZWL WISEVIEW close key at_ms=1961205
ZWL FIRST_FRAME what=wiseview-close frame=32890 request_ms=1961205 ms=25
ZWL WISEVIEW closed at_ms=1961407
ZWL PERF 5001ms: passes=657 timeouts=68 | poll 32.1% work 67.5%
ZWL PERF compose frames=102 draw_ms=30.65 (acquire 0.04 submit+present 28.60) frame_ms=31.46
ZWL HOME open via=launcher at_ms=1963556
ZGEARS FPS run=gears frames=26100 fps=13.5
ZWL FIRST_FRAME what=home-open frame=32928 request_ms=1963556 ms=52
ZWL HOME opened apps=12 pages=1 page=1 at_ms=1963841
ZWL HOME icon name="Files" x=600 y=386
ZWL HOME icon name="Notes" x=744 y=386
ZWL HOME icon name="Settings" x=888 y=386
ZWL HOME icon name="Terminal" x=1032 y=386
ZWL HOME icon name="PDF Viewer" x=1176 y=386
ZWL HOME icon name="Image Viewer" x=1320 y=386
ZWL HOME icon name="Browser" x=600 y=538
ZWL HOME icon name="Model viewer" x=744 y=538
ZWL HOME icon name="Gears" x=888 y=538
ZWL HOME icon name="X terminal" x=1032 y=538
ZWL HOME icon name="Lock Screen" x=1176 y=538
ZWL HOME icon name="Log Out" x=1320 y=538
ZWL HOME close via=escape at_ms=1965798
ZWL FIRST_FRAME what=home-close frame=32971 request_ms=1965798 ms=36
ZWL HOME closed at_ms=1966038
ZWL PERF 5001ms: passes=696 timeouts=65 | poll 32.3% work 67.4%
ZWL PERF compose frames=86 draw_ms=36.45 (acquire 0.08 submit+present 33.22) frame_ms=37.23
ZWL GLASS moved surface=7 x=980 y=372
ZWL GLASS moved surface=7 x=880 y=332
ZGEARS FPS run=gears frames=26200 fps=15.3
ZWL WISEVIEW opening key at_ms=1970566
ZWL FIRST_FRAME what=wiseview-open frame=33046 request_ms=1970566 ms=41
ZWL WISEVIEW open windows=10 at_ms=1970784
ZWL WISEVIEW tile client=9 surface=7 x=83 y=86 width=380 height=253
ZWL WISEVIEW tile client=10 surface=1146 x=528 y=90 width=406 height=244
ZWL WISEVIEW tile client=10 surface=14 x=1036 y=90 width=305 height=244
ZWL WISEVIEW tile client=8 surface=7 x=1484 y=90 width=325 height=244
ZWL WISEVIEW tile client=7 surface=14 x=104 y=404 width=338 height=244
ZWL WISEVIEW tile client=6 surface=14 x=570 y=404 width=321 height=244
ZWL WISEVIEW tile client=5 surface=14 x=1012 y=404 width=353 height=244
ZWL WISEVIEW tile client=4 surface=8 x=1467 y=404 width=359 height=244
ZWL WISEVIEW tile client=3 surface=16 x=568 y=718 width=325 height=244
ZWL WISEVIEW tile client=2 surface=8 x=999 y=718 width=379 height=244
ZWL PERF 5015ms: passes=696 timeouts=70 | poll 31.7% work 67.9%
ZWL PERF compose frames=96 draw_ms=32.80 (acquire 0.05 submit+present 30.63) frame_ms=33.62
ZWL WISEVIEW close key at_ms=1972805
ZWL FIRST_FRAME what=wiseview-close frame=33103 request_ms=1972805 ms=23
ZWL WISEVIEW closed at_ms=1973009
ZWL HOME open via=launcher at_ms=1975157
ZWL FIRST_FRAME what=home-open frame=33141 request_ms=1975157 ms=53
ZWL HOME opened apps=12 pages=1 page=1 at_ms=1975442
ZWL HOME icon name="Files" x=600 y=386
ZWL HOME icon name="Notes" x=744 y=386
ZWL HOME icon name="Settings" x=888 y=386
ZWL HOME icon name="Terminal" x=1032 y=386
ZWL HOME icon name="PDF Viewer" x=1176 y=386
ZWL HOME icon name="Image Viewer" x=1320 y=386
ZWL HOME icon name="Browser" x=600 y=538
ZWL HOME icon name="Model viewer" x=744 y=538
ZWL HOME icon name="Gears" x=888 y=538
ZWL HOME icon name="X terminal" x=1032 y=538
ZWL HOME icon name="Lock Screen" x=1176 y=538
ZWL HOME icon name="Log Out" x=1320 y=538
ZGEARS FPS run=gears frames=26300 fps=14.7
ZWL PERF 5038ms: passes=712 timeouts=65 | poll 32.3% work 67.4%
ZWL PERF compose frames=89 draw_ms=35.44 (acquire 0.05 submit+present 32.47) frame_ms=36.27
ZWL HOME close via=escape at_ms=1977400
ZWL FIRST_FRAME what=home-close frame=33181 request_ms=1977400 ms=35
ZWL HOME closed at_ms=1977640
ZWL GLASS moved surface=7 x=980 y=372
ZWL GLASS moved surface=7 x=880 y=332
ZWL WISEVIEW opening key at_ms=1982174
ZWL FIRST_FRAME what=wiseview-open frame=33255 request_ms=1982174 ms=36
ZWL PERF 5018ms: passes=735 timeouts=57 | poll 31.4% work 68.2%
ZWL PERF compose frames=79 draw_ms=40.12 (acquire 0.05 submit+present 37.57) frame_ms=41.00
ZWL WISEVIEW open windows=10 at_ms=1982390
ZWL WISEVIEW tile client=9 surface=7 x=83 y=86 width=380 height=253
ZWL WISEVIEW tile client=10 surface=1146 x=528 y=90 width=406 height=244
ZWL WISEVIEW tile client=10 surface=14 x=1036 y=90 width=305 height=244
ZWL WISEVIEW tile client=8 surface=7 x=1484 y=90 width=325 height=244
ZWL WISEVIEW tile client=7 surface=14 x=104 y=404 width=338 height=244
ZWL WISEVIEW tile client=6 surface=14 x=570 y=404 width=321 height=244
ZWL WISEVIEW tile client=5 surface=14 x=1012 y=404 width=353 height=244
ZWL WISEVIEW tile client=4 surface=8 x=1467 y=404 width=359 height=244
ZWL WISEVIEW tile client=3 surface=16 x=568 y=718 width=325 height=244
ZWL WISEVIEW tile client=2 surface=8 x=999 y=718 width=379 height=244
ZGEARS FPS run=gears frames=26400 fps=14.2
ZWL WISEVIEW close key at_ms=1984406
ZWL FIRST_FRAME what=wiseview-close frame=33312 request_ms=1984406 ms=18
ZWL WISEVIEW closed at_ms=1984623
ZWL HOME open via=launcher at_ms=1986737
ZWL FIRST_FRAME what=home-open frame=33351 request_ms=1986737 ms=56
ZWL HOME opened apps=12 pages=1 page=1 at_ms=1987042
ZWL HOME icon name="Files" x=600 y=386
ZWL HOME icon name="Notes" x=744 y=386
ZWL HOME icon name="Settings" x=888 y=386
ZWL HOME icon name="Terminal" x=1032 y=386
ZWL HOME icon name="PDF Viewer" x=1176 y=386
ZWL HOME icon name="Image Viewer" x=1320 y=386
ZWL HOME icon name="Browser" x=600 y=538
ZWL HOME icon name="Model viewer" x=744 y=538
ZWL HOME icon name="Gears" x=888 y=538
ZWL HOME icon name="X terminal" x=1032 y=538
ZWL HOME icon name="Lock Screen" x=1176 y=538
ZWL HOME icon name="Log Out" x=1320 y=538
ZWL PERF 5012ms: passes=717 timeouts=72 | poll 32.0% work 67.6%
ZWL PERF compose frames=104 draw_ms=29.93 (acquire 0.05 submit+present 27.76) frame_ms=30.81
ZWL HOME close via=escape at_ms=1988981
ZWL FIRST_FRAME what=home-close frame=33394 request_ms=1988981 ms=28
ZWL HOME closed at_ms=1989222
ZGEARS FPS run=gears frames=26500 fps=14.9
ZWL GLASS moved surface=7 x=980 y=372
ZWL PERF 5001ms: passes=767 timeouts=65 | poll 32.1% work 67.6%
ZWL PERF compose frames=84 draw_ms=37.30 (acquire 0.05 submit+present 34.43) frame_ms=38.09
ZWL GLASS moved surface=7 x=880 y=332
ZWL WISEVIEW opening key at_ms=1994121
ZWL FIRST_FRAME what=wiseview-open frame=33474 request_ms=1994121 ms=44
ZWL WISEVIEW open windows=10 at_ms=1994323
ZWL WISEVIEW tile client=9 surface=7 x=83 y=86 width=380 height=253
ZWL WISEVIEW tile client=10 surface=1146 x=528 y=90 width=406 height=244
ZWL WISEVIEW tile client=10 surface=14 x=1036 y=90 width=305 height=244
ZWL WISEVIEW tile client=8 surface=7 x=1484 y=90 width=325 height=244
ZWL WISEVIEW tile client=7 surface=14 x=104 y=404 width=338 height=244
ZWL WISEVIEW tile client=6 surface=14 x=570 y=404 width=321 height=244
ZWL WISEVIEW tile client=5 surface=14 x=1012 y=404 width=353 height=244
ZWL WISEVIEW tile client=4 surface=8 x=1467 y=404 width=359 height=244
ZWL WISEVIEW tile client=3 surface=16 x=568 y=718 width=325 height=244
ZWL WISEVIEW tile client=2 surface=8 x=999 y=718 width=379 height=244
ZWL WISEVIEW close key at_ms=1996381
ZWL FIRST_FRAME what=wiseview-close frame=33532 request_ms=1996381 ms=29
ZWL WISEVIEW closed at_ms=1996592
ZWL PERF 5036ms: passes=698 timeouts=70 | poll 32.1% work 67.5%
ZWL PERF compose frames=102 draw_ms=30.87 (acquire 0.06 submit+present 28.79) frame_ms=31.69
ZGEARS FPS run=gears frames=26600 fps=13.8
ZWL HOME open via=launcher at_ms=1998725
ZWL FIRST_FRAME what=home-open frame=33569 request_ms=1998725 ms=53
ZWL HOME opened apps=12 pages=1 page=1 at_ms=1999010
ZWL HOME icon name="Files" x=600 y=386
ZWL HOME icon name="Notes" x=744 y=386
ZWL HOME icon name="Settings" x=888 y=386
ZWL HOME icon name="Terminal" x=1032 y=386
ZWL HOME icon name="PDF Viewer" x=1176 y=386
ZWL HOME icon name="Image Viewer" x=1320 y=386
ZWL HOME icon name="Browser" x=600 y=538
ZWL HOME icon name="Model viewer" x=744 y=538
ZWL HOME icon name="Gears" x=888 y=538
ZWL HOME icon name="X terminal" x=1032 y=538
ZWL HOME icon name="Lock Screen" x=1176 y=538
ZWL HOME icon name="Log Out" x=1320 y=538
ZWL HOME close via=escape at_ms=2000978
ZWL FIRST_FRAME what=home-close frame=33613 request_ms=2000978 ms=37
ZWL HOME closed at_ms=2001231
ZWL PERF 5027ms: passes=732 timeouts=69 | poll 32.5% work 67.2%
ZWL PERF compose frames=87 draw_ms=36.28 (acquire 0.04 submit+present 33.21) frame_ms=36.98
ZWL GLASS moved surface=7 x=980 y=372
ZGEARS FPS run=gears frames=26700 fps=14.7
ZWL GLASS moved surface=7 x=880 y=332
ZWL HOME open via=launcher at_ms=2005824
ZWL FIRST_FRAME what=home-open frame=33689 request_ms=2005824 ms=44
ZWL HOME opened apps=12 pages=1 page=1 at_ms=2006128
ZWL HOME icon name="Files" x=600 y=386
ZWL HOME icon name="Notes" x=744 y=386
ZWL HOME icon name="Settings" x=888 y=386
ZWL HOME icon name="Terminal" x=1032 y=386
ZWL HOME icon name="PDF Viewer" x=1176 y=386
ZWL HOME icon name="Image Viewer" x=1320 y=386
ZWL HOME icon name="Browser" x=600 y=538
ZWL HOME icon name="Model viewer" x=744 y=538
ZWL HOME icon name="Gears" x=888 y=538
ZWL HOME icon name="X terminal" x=1032 y=538
ZWL HOME icon name="Lock Screen" x=1176 y=538
ZWL HOME icon name="Log Out" x=1320 y=538
ZWL PERF 5006ms: passes=736 timeouts=62 | poll 32.0% work 67.7%
ZWL PERF compose frames=84 draw_ms=37.52 (acquire 0.05 submit+present 34.66) frame_ms=38.00
ZWL HOME launch name=Terminal pid=80
ZWL HOME close via=launch at_ms=2007491
ZWL FIRST_FRAME what=home-close frame=33722 request_ms=2007491 ms=38
ZWL CLIENT client=25 fd=25
ZWL INSET create client=25 inset=20 toplevel=16
ZWL EDIT create client=25 edit=24 toplevel=16
ZWL BOUNDS client=25 surface=14 width=1896 height=970
ZWL CONFIGURE client=25 surface=14 serial=923 width=0 height=0 fullscreen=0
ZWL SEAT client=25 pointer=1 keyboard=0 touch=0
ZWL SEAT client=25 pointer=1 keyboard=1 touch=0
ZWL IMPORT client=25 buffer=37 width=916 height=632 bytes=2318336
ZWL IMPORT client=25 buffer=38 width=916 height=632 bytes=2318336
ZWL IMPORT client=25 buffer=39 width=916 height=632 bytes=2318336
ZTERM MENU state selection=0 clipboard=0 pixels=16 fullscreen=0
ZWL MENU commit client=25 menu=43 serial=1 items=30 generation=1
ZWL MENU set client=25 place=44 menu=43
ZWL MENU commit client=25 menu=43 serial=2 items=30 generation=2
ZTERM MENU ready items=30
ZTERM TAB active id=1
ZTERM TAB new run=term id=1 count=1
ZTERM START run=term columns=90 rows=28 cell=10x22 window=916x632
ZWL TITLEBAR create client=25 titlebar=48 toplevel=16
ZTERM TABS count=1 active=1 mode=0
ZTERM TITLE tab=1 title=Terminal
ZWL EDIT state client=25 edit=24 actions=0xff flags=0xd
ZWL TITLEBAR commit client=25 titlebar=48 serial=1 mode=0 controls=0 tabs=1 generation=1
ZWL MAP client=25 surface=14 x=348 y=420
ZWL HOME launched waited_ms=178 at_ms=2007669
ZWL GLASS launch surface=14 from=996,350 to=348,420 size=916x632
ZTERM CLIPBOARD selection text=0
ZTERM PRIMARY offer text=0
ZWL HOME closed at_ms=2007756
ZWL MENU bar client=25 surface=14 where=floating item=1 offset=127 top=368 width=55 height=44
ZWL MENU bar client=25 surface=14 where=floating item=2 offset=184 top=368 width=47 height=44
ZWL MENU bar client=25 surface=14 where=floating item=3 offset=233 top=368 width=55 height=44
ZWL MENU bar client=25 surface=14 where=floating item=4 offset=290 top=368 width=76 height=44
ZWL MENU bar client=25 surface=14 where=floating item=5 offset=368 top=368 width=53 height=44
ZGEARS FPS run=gears frames=26800 fps=14.2
ZWL PERF 5027ms: passes=717 timeouts=63 | poll 31.4% work 68.2%
ZWL PERF compose frames=75 draw_ms=41.94 (acquire 0.05 submit+present 39.05) frame_ms=43.11
ZTERM TAB closed run=term id=1 count=0
ZTERM DONE run=term reason=shell-exited
ZWL CLIENT gone client=25 reason=read
ZWL CLEANUP client=25 objects=35 unread_fds=0
ZWL HOME ended pid=80 status=0
ZWL PERF 5001ms: passes=710 timeouts=60 | poll 32.4% work 67.2%
ZWL PERF compose frames=74 draw_ms=41.98 (acquire 0.05 submit+present 39.60) frame_ms=42.90
ZWL WISEVIEW opening key at_ms=2018097
ZWL FIRST_FRAME what=wiseview-open frame=33877 request_ms=2018097 ms=39
ZWL WISEVIEW open windows=10 at_ms=2018299
ZWL WISEVIEW tile client=9 surface=7 x=83 y=86 width=380 height=253
ZWL WISEVIEW tile client=10 surface=1146 x=528 y=90 width=406 height=244
ZWL WISEVIEW tile client=10 surface=14 x=1036 y=90 width=305 height=244
ZWL WISEVIEW tile client=8 surface=7 x=1484 y=90 width=325 height=244
ZWL WISEVIEW tile client=7 surface=14 x=104 y=404 width=338 height=244
ZWL WISEVIEW tile client=6 surface=14 x=570 y=404 width=321 height=244
ZWL WISEVIEW tile client=5 surface=14 x=1012 y=404 width=353 height=244
ZWL WISEVIEW tile client=4 surface=8 x=1467 y=404 width=359 height=244
ZWL WISEVIEW tile client=3 surface=16 x=568 y=718 width=325 height=244
ZWL WISEVIEW tile client=2 surface=8 x=999 y=718 width=379 height=244
ZGEARS FPS run=gears frames=26900 fps=13.4
ZWL WISEVIEW close key at_ms=2020318
ZWL FIRST_FRAME what=wiseview-close frame=33932 request_ms=2020319 ms=18
ZWL WISEVIEW closed at_ms=2020546
ZWL PERF 5028ms: passes=703 timeouts=70 | poll 32.7% work 66.9%
ZWL PERF compose frames=99 draw_ms=31.50 (acquire 0.06 submit+present 29.46) frame_ms=32.28
ZWL HOME open via=launcher at_ms=2022695
ZWL FIRST_FRAME what=home-open frame=33971 request_ms=2022695 ms=59
ZWL HOME opened apps=12 pages=1 page=1 at_ms=2022982
ZWL HOME icon name="Files" x=600 y=386
ZWL HOME icon name="Notes" x=744 y=386
ZWL HOME icon name="Settings" x=888 y=386
ZWL HOME icon name="Terminal" x=1032 y=386
ZWL HOME icon name="PDF Viewer" x=1176 y=386
ZWL HOME icon name="Image Viewer" x=1320 y=386
ZWL HOME icon name="Browser" x=600 y=538
ZWL HOME icon name="Model viewer" x=744 y=538
ZWL HOME icon name="Gears" x=888 y=538
ZWL HOME icon name="X terminal" x=1032 y=538
ZWL HOME icon name="Lock Screen" x=1176 y=538
ZWL HOME icon name="Log Out" x=1320 y=538
ZWL HOME close via=escape at_ms=2024923
ZWL FIRST_FRAME what=home-close frame=34016 request_ms=2024923 ms=22
ZWL HOME closed at_ms=2025167
ZGEARS FPS run=gears frames=27000 fps=14.6
ZWL PERF 5033ms: passes=704 timeouts=68 | poll 32.8% work 66.9%
ZWL PERF compose frames=88 draw_ms=35.50 (acquire 0.06 submit+present 32.29) frame_ms=36.29
ZWL GLASS moved surface=7 x=980 y=372
ZWL GLASS moved surface=7 x=880 y=332
ZWL WISEVIEW opening key at_ms=2029717
ZWL FIRST_FRAME what=wiseview-open frame=34089 request_ms=2029717 ms=49
ZWL WISEVIEW open windows=10 at_ms=2029952
ZWL WISEVIEW tile client=9 surface=7 x=83 y=86 width=380 height=253
ZWL WISEVIEW tile client=10 surface=1146 x=528 y=90 width=406 height=244
ZWL WISEVIEW tile client=10 surface=14 x=1036 y=90 width=305 height=244
ZWL WISEVIEW tile client=8 surface=7 x=1484 y=90 width=325 height=244
ZWL WISEVIEW tile client=7 surface=14 x=104 y=404 width=338 height=244
ZWL WISEVIEW tile client=6 surface=14 x=570 y=404 width=321 height=244
ZWL WISEVIEW tile client=5 surface=14 x=1012 y=404 width=353 height=244
ZWL WISEVIEW tile client=4 surface=8 x=1467 y=404 width=359 height=244
ZWL WISEVIEW tile client=3 surface=16 x=568 y=718 width=325 height=244
ZWL WISEVIEW tile client=2 surface=8 x=999 y=718 width=379 height=244
ZWL WISEVIEW close key at_ms=2031965
ZWL FIRST_FRAME what=wiseview-close frame=34147 request_ms=2031965 ms=28
ZWL WISEVIEW closed at_ms=2032181
ZWL PERF 5025ms: passes=702 timeouts=69 | poll 32.6% work 67.0%
ZWL PERF compose frames=101 draw_ms=30.92 (acquire 0.06 submit+present 28.84) frame_ms=31.69
ZGEARS FPS run=gears frames=27100 fps=13.2
ZWL HOME open via=launcher at_ms=2034369
ZWL FIRST_FRAME what=home-open frame=34185 request_ms=2034369 ms=48
ZWL HOME opened apps=12 pages=1 page=1 at_ms=2034669
ZWL HOME icon name="Files" x=600 y=386
ZWL HOME icon name="Notes" x=744 y=386
ZWL HOME icon name="Settings" x=888 y=386
ZWL HOME icon name="Terminal" x=1032 y=386
ZWL HOME icon name="PDF Viewer" x=1176 y=386
ZWL HOME icon name="Image Viewer" x=1320 y=386
ZWL HOME icon name="Browser" x=600 y=538
ZWL HOME icon name="Model viewer" x=744 y=538
ZWL HOME icon name="Gears" x=888 y=538
ZWL HOME icon name="X terminal" x=1032 y=538
ZWL HOME icon name="Lock Screen" x=1176 y=538
ZWL HOME icon name="Log Out" x=1320 y=538
ZWL HOME close via=escape at_ms=2036575
ZWL FIRST_FRAME what=home-close frame=34227 request_ms=2036575 ms=36
ZWL HOME closed at_ms=2036825
ZWL PERF 5009ms: passes=728 timeouts=66 | poll 31.6% work 68.0%
ZWL PERF compose frames=86 draw_ms=36.82 (acquire 0.04 submit+present 33.71) frame_ms=37.59
ZWL GLASS moved surface=7 x=980 y=372
ZGEARS FPS run=gears frames=27200 fps=15.3
ZWL GLASS moved surface=7 x=880 y=332
ZWL WISEVIEW opening key at_ms=2041389
ZWL FIRST_FRAME what=wiseview-open frame=34302 request_ms=2041389 ms=39
ZWL WISEVIEW open windows=10 at_ms=2041589
ZWL WISEVIEW tile client=9 surface=7 x=83 y=86 width=380 height=253
ZWL WISEVIEW tile client=10 surface=1146 x=528 y=90 width=406 height=244
ZWL WISEVIEW tile client=10 surface=14 x=1036 y=90 width=305 height=244
ZWL WISEVIEW tile client=8 surface=7 x=1484 y=90 width=325 height=244
ZWL WISEVIEW tile client=7 surface=14 x=104 y=404 width=338 height=244
ZWL WISEVIEW tile client=6 surface=14 x=570 y=404 width=321 height=244
ZWL WISEVIEW tile client=5 surface=14 x=1012 y=404 width=353 height=244
ZWL WISEVIEW tile client=4 surface=8 x=1467 y=404 width=359 height=244
ZWL WISEVIEW tile client=3 surface=16 x=568 y=718 width=325 height=244
ZWL WISEVIEW tile client=2 surface=8 x=999 y=718 width=379 height=244
ZWL PERF 5001ms: passes=698 timeouts=70 | poll 31.0% work 68.6%
ZWL PERF compose frames=88 draw_ms=36.01 (acquire 0.06 submit+present 33.68) frame_ms=36.83
ZWL WISEVIEW close key at_ms=2043632
ZWL FIRST_FRAME what=wiseview-close frame=34360 request_ms=2043632 ms=20
ZWL WISEVIEW closed at_ms=2043838
ZWL HOME open via=launcher at_ms=2045995
ZWL FIRST_FRAME what=home-open frame=34399 request_ms=2045995 ms=52
ZWL HOME opened apps=12 pages=1 page=1 at_ms=2046275
ZWL HOME icon name="Files" x=600 y=386
ZWL HOME icon name="Notes" x=744 y=386
ZWL HOME icon name="Settings" x=888 y=386
ZWL HOME icon name="Terminal" x=1032 y=386
ZWL HOME icon name="PDF Viewer" x=1176 y=386
ZWL HOME icon name="Image Viewer" x=1320 y=386
ZWL HOME icon name="Browser" x=600 y=538
ZWL HOME icon name="Model viewer" x=744 y=538
ZWL HOME icon name="Gears" x=888 y=538
ZWL HOME icon name="X terminal" x=1032 y=538
ZWL HOME icon name="Lock Screen" x=1176 y=538
ZWL HOME icon name="Log Out" x=1320 y=538
ZGEARS FPS run=gears frames=27300 fps=14.0
ZWL PERF 5024ms: passes=661 timeouts=70 | poll 32.0% work 67.7%
ZWL PERF compose frames=99 draw_ms=31.88 (acquire 0.05 submit+present 29.28) frame_ms=32.65
ZWL HOME close via=escape at_ms=2048246
ZWL FIRST_FRAME what=home-close frame=34443 request_ms=2048246 ms=25
ZWL HOME closed at_ms=2048538
ZWL GLASS moved surface=7 x=980 y=372
ZWL GLASS moved surface=7 x=880 y=332
ZWL PERF 5000ms: passes=748 timeouts=62 | poll 31.9% work 67.7%
ZWL PERF compose frames=82 draw_ms=38.25 (acquire 0.05 submit+present 35.75) frame_ms=39.08
ZWL WISEVIEW opening key at_ms=2053027
ZWL FIRST_FRAME what=wiseview-open frame=34518 request_ms=2053027 ms=58
ZWL WISEVIEW open windows=10 at_ms=2053230
ZWL WISEVIEW tile client=9 surface=7 x=83 y=86 width=380 height=253
ZWL WISEVIEW tile client=10 surface=1146 x=528 y=90 width=406 height=244
ZWL WISEVIEW tile client=10 surface=14 x=1036 y=90 width=305 height=244
ZWL WISEVIEW tile client=8 surface=7 x=1484 y=90 width=325 height=244
ZWL WISEVIEW tile client=7 surface=14 x=104 y=404 width=338 height=244
ZWL WISEVIEW tile client=6 surface=14 x=570 y=404 width=321 height=244
ZWL WISEVIEW tile client=5 surface=14 x=1012 y=404 width=353 height=244
ZWL WISEVIEW tile client=4 surface=8 x=1467 y=404 width=359 height=244
ZWL WISEVIEW tile client=3 surface=16 x=568 y=718 width=325 height=244
ZWL WISEVIEW tile client=2 surface=8 x=999 y=718 width=379 height=244
ZGEARS FPS run=gears frames=27400 fps=14.0
ZWL WISEVIEW close key at_ms=2055268
ZWL FIRST_FRAME what=wiseview-close frame=34577 request_ms=2055268 ms=30
ZWL WISEVIEW closed at_ms=2055478
ZWL PERF 5000ms: passes=708 timeouts=70 | poll 32.9% work 66.8%
ZWL PERF compose frames=102 draw_ms=30.07 (acquire 0.04 submit+present 28.21) frame_ms=30.97
ZWL HOME open via=launcher at_ms=2057634
ZWL FIRST_FRAME what=home-open frame=34615 request_ms=2057634 ms=53
ZWL HOME opened apps=12 pages=1 page=1 at_ms=2057924
ZWL HOME icon name="Files" x=600 y=386
ZWL HOME icon name="Notes" x=744 y=386
ZWL HOME icon name="Settings" x=888 y=386
ZWL HOME icon name="Terminal" x=1032 y=386
ZWL HOME icon name="PDF Viewer" x=1176 y=386
ZWL HOME icon name="Image Viewer" x=1320 y=386
ZWL HOME icon name="Browser" x=600 y=538
ZWL HOME icon name="Model viewer" x=744 y=538
ZWL HOME icon name="Gears" x=888 y=538
ZWL HOME icon name="X terminal" x=1032 y=538
ZWL HOME icon name="Lock Screen" x=1176 y=538
ZWL HOME icon name="Log Out" x=1320 y=538
ZWL HOME close via=escape at_ms=2059931
ZWL FIRST_FRAME what=home-close frame=34660 request_ms=2059931 ms=26
ZWL HOME closed at_ms=2060178
ZGEARS FPS run=gears frames=27500 fps=15.5
ZWL PERF 5012ms: passes=692 timeouts=74 | poll 30.9% work 68.7%
ZWL PERF compose frames=89 draw_ms=36.03 (acquire 0.03 submit+present 32.84) frame_ms=36.86
ZWL GLASS moved surface=7 x=980 y=372
ZWL GLASS moved surface=7 x=880 y=332
ZWL WISEVIEW opening key at_ms=2064658
ZWL FIRST_FRAME what=wiseview-open frame=34734 request_ms=2064658 ms=35
ZWL WISEVIEW open windows=10 at_ms=2064865
ZWL WISEVIEW tile client=9 surface=7 x=83 y=86 width=380 height=253
ZWL WISEVIEW tile client=10 surface=1146 x=528 y=90 width=406 height=244
ZWL WISEVIEW tile client=10 surface=14 x=1036 y=90 width=305 height=244
ZWL WISEVIEW tile client=8 surface=7 x=1484 y=90 width=325 height=244
ZWL WISEVIEW tile client=7 surface=14 x=104 y=404 width=338 height=244
ZWL WISEVIEW tile client=6 surface=14 x=570 y=404 width=321 height=244
ZWL WISEVIEW tile client=5 surface=14 x=1012 y=404 width=353 height=244
ZWL WISEVIEW tile client=4 surface=8 x=1467 y=404 width=359 height=244
ZWL WISEVIEW tile client=3 surface=16 x=568 y=718 width=325 height=244
ZWL WISEVIEW tile client=2 surface=8 x=999 y=718 width=379 height=244
ZWL WISEVIEW close key at_ms=2066873
ZWL FIRST_FRAME what=wiseview-close frame=34792 request_ms=2066873 ms=28
ZWL WISEVIEW closed at_ms=2067075
ZWL PERF 5002ms: passes=696 timeouts=70 | poll 32.4% work 67.2%
ZWL PERF compose frames=102 draw_ms=30.37 (acquire 0.06 submit+present 28.47) frame_ms=31.23
ZGEARS FPS run=gears frames=27600 fps=13.8
ZWL HOME open via=launcher at_ms=2069221
ZWL FIRST_FRAME what=home-open frame=34831 request_ms=2069221 ms=52
ZWL HOME opened apps=12 pages=1 page=1 at_ms=2069503
ZWL HOME icon name="Files" x=600 y=386
ZWL HOME icon name="Notes" x=744 y=386
ZWL HOME icon name="Settings" x=888 y=386
ZWL HOME icon name="Terminal" x=1032 y=386
ZWL HOME icon name="PDF Viewer" x=1176 y=386
ZWL HOME icon name="Image Viewer" x=1320 y=386
ZWL HOME icon name="Browser" x=600 y=538
ZWL HOME icon name="Model viewer" x=744 y=538
ZWL HOME icon name="Gears" x=888 y=538
ZWL HOME icon name="X terminal" x=1032 y=538
ZWL HOME icon name="Lock Screen" x=1176 y=538
ZWL HOME icon name="Log Out" x=1320 y=538
ZWL HOME close via=escape at_ms=2071433
ZWL FIRST_FRAME what=home-close frame=34873 request_ms=2071433 ms=36
ZWL HOME closed at_ms=2071689
ZWL PERF 5037ms: passes=680 timeouts=68 | poll 31.9% work 67.9%
ZWL PERF compose frames=87 draw_ms=36.79 (acquire 0.04 submit+present 33.56) frame_ms=37.47
ZWL GLASS moved surface=7 x=980 y=372
ZGEARS FPS run=gears frames=27700 fps=14.3
ZWL GLASS moved surface=7 x=880 y=332
ZWL WISEVIEW opening key at_ms=2076198
ZWL FIRST_FRAME what=wiseview-open frame=34946 request_ms=2076198 ms=49
ZWL WISEVIEW open windows=10 at_ms=2076399
ZWL WISEVIEW tile client=9 surface=7 x=83 y=86 width=380 height=253
ZWL WISEVIEW tile client=10 surface=1146 x=528 y=90 width=406 height=244
ZWL WISEVIEW tile client=10 surface=14 x=1036 y=90 width=305 height=244
ZWL WISEVIEW tile client=8 surface=7 x=1484 y=90 width=325 height=244
ZWL WISEVIEW tile client=7 surface=14 x=104 y=404 width=338 height=244
ZWL WISEVIEW tile client=6 surface=14 x=570 y=404 width=321 height=244
ZWL WISEVIEW tile client=5 surface=14 x=1012 y=404 width=353 height=244
ZWL WISEVIEW tile client=4 surface=8 x=1467 y=404 width=359 height=244
ZWL WISEVIEW tile client=3 surface=16 x=568 y=718 width=325 height=244
ZWL WISEVIEW tile client=2 surface=8 x=999 y=718 width=379 height=244
ZWL PERF 5016ms: passes=724 timeouts=66 | poll 32.0% work 67.7%
ZWL PERF compose frames=89 draw_ms=35.38 (acquire 0.06 submit+present 33.13) frame_ms=36.24
ZWL WISEVIEW close key at_ms=2078451
ZWL FIRST_FRAME what=wiseview-close frame=35001 request_ms=2078451 ms=24
ZWL WISEVIEW closed at_ms=2078695
ZWL HOME open via=launcher at_ms=2080808
ZWL FIRST_FRAME what=home-open frame=35040 request_ms=2080808 ms=36
ZWL HOME opened apps=12 pages=1 page=1 at_ms=2081124
ZWL HOME icon name="Files" x=600 y=386
ZWL HOME icon name="Notes" x=744 y=386
ZWL HOME icon name="Settings" x=888 y=386
ZWL HOME icon name="Terminal" x=1032 y=386
ZWL HOME icon name="PDF Viewer" x=1176 y=386
ZWL HOME icon name="Image Viewer" x=1320 y=386
ZWL HOME icon name="Browser" x=600 y=538
ZWL HOME icon name="Model viewer" x=744 y=538
ZWL HOME icon name="Gears" x=888 y=538
ZWL HOME icon name="X terminal" x=1032 y=538
ZWL HOME icon name="Lock Screen" x=1176 y=538
ZWL HOME icon name="Log Out" x=1320 y=538
ZGEARS FPS run=gears frames=27800 fps=14.2
ZWL PERF 5001ms: passes=724 timeouts=75 | poll 33.0% work 66.7%
ZWL PERF compose frames=95 draw_ms=32.67 (acquire 0.04 submit+present 30.22) frame_ms=33.50
ZWL HOME close via=escape at_ms=2083044
ZWL FIRST_FRAME what=home-close frame=35083 request_ms=2083044 ms=24
ZWL HOME closed at_ms=2083323
ZWL GLASS moved surface=7 x=980 y=372
ZWL GLASS moved surface=7 x=880 y=332
ZWL PERF 5012ms: passes=719 timeouts=58 | poll 31.5% work 68.2%
ZWL PERF compose frames=80 draw_ms=39.71 (acquire 0.05 submit+present 37.14) frame_ms=40.55
ZWL WISEVIEW opening key at_ms=2087847
ZWL FIRST_FRAME what=wiseview-open frame=35158 request_ms=2087847 ms=37
ZWL WISEVIEW open windows=10 at_ms=2088047
ZWL WISEVIEW tile client=9 surface=7 x=83 y=86 width=380 height=253
ZWL WISEVIEW tile client=10 surface=1146 x=528 y=90 width=406 height=244
ZWL WISEVIEW tile client=10 surface=14 x=1036 y=90 width=305 height=244
ZWL WISEVIEW tile client=8 surface=7 x=1484 y=90 width=325 height=244
ZWL WISEVIEW tile client=7 surface=14 x=104 y=404 width=338 height=244
ZWL WISEVIEW tile client=6 surface=14 x=570 y=404 width=321 height=244
ZWL WISEVIEW tile client=5 surface=14 x=1012 y=404 width=353 height=244
ZWL WISEVIEW tile client=4 surface=8 x=1467 y=404 width=359 height=244
ZWL WISEVIEW tile client=3 surface=16 x=568 y=718 width=325 height=244
ZWL WISEVIEW tile client=2 surface=8 x=999 y=718 width=379 height=244
ZGEARS FPS run=gears frames=27900 fps=13.8
ZWL WISEVIEW close key at_ms=2090063
ZWL FIRST_FRAME what=wiseview-close frame=35214 request_ms=2090063 ms=23
ZWL WISEVIEW closed at_ms=2090264
ZWL HOME open via=launcher at_ms=2092408
ZWL FIRST_FRAME what=home-open frame=35250 request_ms=2092408 ms=56
ZWL PERF 5029ms: passes=709 timeouts=73 | poll 32.0% work 67.6%
ZWL PERF compose frames=99 draw_ms=31.66 (acquire 0.04 submit+present 29.62) frame_ms=32.60
ZWL HOME opened apps=12 pages=1 page=1 at_ms=2092725
ZWL HOME icon name="Files" x=600 y=386
ZWL HOME icon name="Notes" x=744 y=386
ZWL HOME icon name="Settings" x=888 y=386
ZWL HOME icon name="Terminal" x=1032 y=386
ZWL HOME icon name="PDF Viewer" x=1176 y=386
ZWL HOME icon name="Image Viewer" x=1320 y=386
ZWL HOME icon name="Browser" x=600 y=538
ZWL HOME icon name="Model viewer" x=744 y=538
ZWL HOME icon name="Gears" x=888 y=538
ZWL HOME icon name="X terminal" x=1032 y=538
ZWL HOME icon name="Lock Screen" x=1176 y=538
ZWL HOME icon name="Log Out" x=1320 y=538
ZWL HOME close via=escape at_ms=2094643
ZWL FIRST_FRAME what=home-close frame=35292 request_ms=2094643 ms=25
ZWL HOME closed at_ms=2094891
ZGEARS FPS run=gears frames=28000 fps=14.8
ZWL GLASS moved surface=7 x=980 y=372
ZWL PERF 5001ms: passes=720 timeouts=56 | poll 32.1% work 67.6%
ZWL PERF compose frames=85 draw_ms=37.10 (acquire 0.04 submit+present 33.93) frame_ms=37.84
ZWL GLASS moved surface=7 x=880 y=332
ZWL WISEVIEW opening key at_ms=2099429
ZWL FIRST_FRAME what=wiseview-open frame=35367 request_ms=2099429 ms=37
ZWL WISEVIEW open windows=10 at_ms=2099637
ZWL WISEVIEW tile client=9 surface=7 x=83 y=86 width=380 height=253
ZWL WISEVIEW tile client=10 surface=1146 x=528 y=90 width=406 height=244
ZWL WISEVIEW tile client=10 surface=14 x=1036 y=90 width=305 height=244
ZWL WISEVIEW tile client=8 surface=7 x=1484 y=90 width=325 height=244
ZWL WISEVIEW tile client=7 surface=14 x=104 y=404 width=338 height=244
ZWL WISEVIEW tile client=6 surface=14 x=570 y=404 width=321 height=244
ZWL WISEVIEW tile client=5 surface=14 x=1012 y=404 width=353 height=244
ZWL WISEVIEW tile client=4 surface=8 x=1467 y=404 width=359 height=244
ZWL WISEVIEW tile client=3 surface=16 x=568 y=718 width=325 height=244
ZWL WISEVIEW tile client=2 surface=8 x=999 y=718 width=379 height=244
ZWL WISEVIEW close key at_ms=2101682
ZWL FIRST_FRAME what=wiseview-close frame=35424 request_ms=2101682 ms=25
ZWL WISEVIEW closed at_ms=2101886
ZWL PERF 5025ms: passes=693 timeouts=72 | poll 31.8% work 67.8%
ZWL PERF compose frames=102 draw_ms=31.01 (acquire 0.05 submit+present 28.86) frame_ms=31.72
ZGEARS FPS run=gears frames=28100 fps=13.8
ZWL HOME open via=launcher at_ms=2104057
ZWL FIRST_FRAME what=home-open frame=35463 request_ms=2104057 ms=51
ZWL HOME opened apps=12 pages=1 page=1 at_ms=2104357
ZWL HOME icon name="Files" x=600 y=386
ZWL HOME icon name="Notes" x=744 y=386
ZWL HOME icon name="Settings" x=888 y=386
ZWL HOME icon name="Terminal" x=1032 y=386
ZWL HOME icon name="PDF Viewer" x=1176 y=386
ZWL HOME icon name="Image Viewer" x=1320 y=386
ZWL HOME icon name="Browser" x=600 y=538
ZWL HOME icon name="Model viewer" x=744 y=538
ZWL HOME icon name="Gears" x=888 y=538
ZWL HOME icon name="X terminal" x=1032 y=538
ZWL HOME icon name="Lock Screen" x=1176 y=538
ZWL HOME icon name="Log Out" x=1320 y=538
ZWL HOME close via=escape at_ms=2106264
ZWL FIRST_FRAME what=home-close frame=35505 request_ms=2106264 ms=55
ZWL HOME closed at_ms=2106506
ZWL PERF 5031ms: passes=731 timeouts=69 | poll 32.4% work 67.3%
ZWL PERF compose frames=86 draw_ms=36.68 (acquire 0.05 submit+present 33.67) frame_ms=37.46
ZWL GLASS moved surface=7 x=980 y=372
ZGEARS FPS run=gears frames=28200 fps=14.9
ZWL GLASS moved surface=7 x=880 y=332
ZWL WISEVIEW opening key at_ms=2111052
ZWL FIRST_FRAME what=wiseview-open frame=35579 request_ms=2111052 ms=40
ZWL WISEVIEW open windows=10 at_ms=2111259
ZWL WISEVIEW tile client=9 surface=7 x=83 y=86 width=380 height=253
ZWL WISEVIEW tile client=10 surface=1146 x=528 y=90 width=406 height=244
ZWL WISEVIEW tile client=10 surface=14 x=1036 y=90 width=305 height=244
ZWL WISEVIEW tile client=8 surface=7 x=1484 y=90 width=325 height=244
ZWL WISEVIEW tile client=7 surface=14 x=104 y=404 width=338 height=244
ZWL WISEVIEW tile client=6 surface=14 x=570 y=404 width=321 height=244
ZWL WISEVIEW tile client=5 surface=14 x=1012 y=404 width=353 height=244
ZWL WISEVIEW tile client=4 surface=8 x=1467 y=404 width=359 height=244
ZWL WISEVIEW tile client=3 surface=16 x=568 y=718 width=325 height=244
ZWL WISEVIEW tile client=2 surface=8 x=999 y=718 width=379 height=244
ZWL PERF 5016ms: passes=639 timeouts=69 | poll 31.4% work 68.3%
ZWL PERF compose frames=93 draw_ms=34.05 (acquire 0.04 submit+present 31.85) frame_ms=35.00
ZWL WISEVIEW close key at_ms=2113289
ZWL FIRST_FRAME what=wiseview-close frame=35634 request_ms=2113289 ms=26
ZWL WISEVIEW closed at_ms=2113490
ZWL HOME open via=launcher at_ms=2115658
ZWL FIRST_FRAME what=home-open frame=35672 request_ms=2115658 ms=50
ZWL HOME opened apps=12 pages=1 page=1 at_ms=2115943
ZWL HOME icon name="Files" x=600 y=386
ZWL HOME icon name="Notes" x=744 y=386
ZWL HOME icon name="Settings" x=888 y=386
ZWL HOME icon name="Terminal" x=1032 y=386
ZWL HOME icon name="PDF Viewer" x=1176 y=386
ZWL HOME icon name="Image Viewer" x=1320 y=386
ZWL HOME icon name="Browser" x=600 y=538
ZWL HOME icon name="Model viewer" x=744 y=538
ZWL HOME icon name="Gears" x=888 y=538
ZWL HOME icon name="X terminal" x=1032 y=538
ZWL HOME icon name="Lock Screen" x=1176 y=538
ZWL HOME icon name="Log Out" x=1320 y=538
ZGEARS FPS run=gears frames=28300 fps=14.0
ZWL PERF 5003ms: passes=696 timeouts=70 | poll 32.7% work 67.0%
ZWL PERF compose frames=93 draw_ms=33.44 (acquire 0.06 submit+present 30.50) frame_ms=34.20
ZWL HOME close via=escape at_ms=2117883
ZWL FIRST_FRAME what=home-close frame=35716 request_ms=2117883 ms=28
ZWL HOME closed at_ms=2118124
ZWL GLASS moved surface=7 x=980 y=372
ZWL GLASS moved surface=7 x=880 y=332
ZWL WISEVIEW opening key at_ms=2122660
ZWL FIRST_FRAME what=wiseview-open frame=35792 request_ms=2122660 ms=54
ZWL PERF 5043ms: passes=664 timeouts=59 | poll 31.5% work 68.2%
ZWL PERF compose frames=81 draw_ms=39.57 (acquire 0.04 submit+present 37.16) frame_ms=40.36
ZWL WISEVIEW open windows=10 at_ms=2122862
ZWL WISEVIEW tile client=9 surface=7 x=83 y=86 width=380 height=253
ZWL WISEVIEW tile client=10 surface=1146 x=528 y=90 width=406 height=244
ZWL WISEVIEW tile client=10 surface=14 x=1036 y=90 width=305 height=244
ZWL WISEVIEW tile client=8 surface=7 x=1484 y=90 width=325 height=244
ZWL WISEVIEW tile client=7 surface=14 x=104 y=404 width=338 height=244
ZWL WISEVIEW tile client=6 surface=14 x=570 y=404 width=321 height=244
ZWL WISEVIEW tile client=5 surface=14 x=1012 y=404 width=353 height=244
ZWL WISEVIEW tile client=4 surface=8 x=1467 y=404 width=359 height=244
ZWL WISEVIEW tile client=3 surface=16 x=568 y=718 width=325 height=244
ZWL WISEVIEW tile client=2 surface=8 x=999 y=718 width=379 height=244
ZGEARS FPS run=gears frames=28400 fps=13.6
ZWL WISEVIEW close key at_ms=2124870
ZWL FIRST_FRAME what=wiseview-close frame=35848 request_ms=2124870 ms=19
ZWL WISEVIEW closed at_ms=2125078
ZWL HOME open via=launcher at_ms=2127230
ZWL FIRST_FRAME what=home-open frame=35887 request_ms=2127230 ms=51
ZWL HOME opened apps=12 pages=1 page=1 at_ms=2127511
ZWL HOME icon name="Files" x=600 y=386
ZWL HOME icon name="Notes" x=744 y=386
ZWL HOME icon name="Settings" x=888 y=386
ZWL HOME icon name="Terminal" x=1032 y=386
ZWL HOME icon name="PDF Viewer" x=1176 y=386
ZWL HOME icon name="Image Viewer" x=1320 y=386
ZWL HOME icon name="Browser" x=600 y=538
ZWL HOME icon name="Model viewer" x=744 y=538
ZWL HOME icon name="Gears" x=888 y=538
ZWL HOME icon name="X terminal" x=1032 y=538
ZWL HOME icon name="Lock Screen" x=1176 y=538
ZWL HOME icon name="Log Out" x=1320 y=538
ZWL PERF 5036ms: passes=718 timeouts=62 | poll 32.0% work 67.6%
ZWL PERF compose frames=104 draw_ms=30.23 (acquire 0.06 submit+present 28.05) frame_ms=31.04
ZWL HOME close via=escape at_ms=2129461
ZWL FIRST_FRAME what=home-close frame=35932 request_ms=2129461 ms=32
ZWL HOME closed at_ms=2129706
ZGEARS FPS run=gears frames=28500 fps=14.6
ZWL GLASS moved surface=7 x=980 y=372
ZWL PERF 5018ms: passes=737 timeouts=64 | poll 32.3% work 67.3%
ZWL PERF compose frames=87 draw_ms=36.09 (acquire 0.04 submit+present 33.44) frame_ms=36.85
ZWL GLASS moved surface=7 x=880 y=332
ZWL HOME open via=launcher at_ms=2134319
ZWL FIRST_FRAME what=home-open frame=36008 request_ms=2134319 ms=51
ZWL HOME opened apps=12 pages=1 page=1 at_ms=2134602
ZWL HOME icon name="Files" x=600 y=386
ZWL HOME icon name="Notes" x=744 y=386
ZWL HOME icon name="Settings" x=888 y=386
ZWL HOME icon name="Terminal" x=1032 y=386
ZWL HOME icon name="PDF Viewer" x=1176 y=386
ZWL HOME icon name="Image Viewer" x=1320 y=386
ZWL HOME icon name="Browser" x=600 y=538
ZWL HOME icon name="Model viewer" x=744 y=538
ZWL HOME icon name="Gears" x=888 y=538
ZWL HOME icon name="X terminal" x=1032 y=538
ZWL HOME icon name="Lock Screen" x=1176 y=538
ZWL HOME icon name="Log Out" x=1320 y=538
ZWL HOME launch name=Terminal pid=82
ZWL HOME close via=launch at_ms=2135984
ZWL FIRST_FRAME what=home-close frame=36041 request_ms=2135984 ms=24
ZWL CLIENT client=26 fd=25
ZWL INSET create client=26 inset=20 toplevel=16
ZWL EDIT create client=26 edit=24 toplevel=16
ZWL BOUNDS client=26 surface=14 width=1896 height=970
ZWL CONFIGURE client=26 surface=14 serial=984 width=0 height=0 fullscreen=0
ZWL SEAT client=26 pointer=1 keyboard=0 touch=0
ZWL SEAT client=26 pointer=1 keyboard=1 touch=0
ZWL IMPORT client=26 buffer=37 width=916 height=632 bytes=2318336
ZWL IMPORT client=26 buffer=38 width=916 height=632 bytes=2318336
ZWL IMPORT client=26 buffer=39 width=916 height=632 bytes=2318336
ZTERM MENU state selection=0 clipboard=0 pixels=16 fullscreen=0
ZWL MENU commit client=26 menu=43 serial=1 items=30 generation=1
ZWL MENU set client=26 place=44 menu=43
ZWL MENU commit client=26 menu=43 serial=2 items=30 generation=2
ZTERM MENU ready items=30
ZTERM TAB active id=1
ZTERM TAB new run=term id=1 count=1
ZTERM START run=term columns=90 rows=28 cell=10x22 window=916x632
ZTERM TABS count=1 active=1 mode=0
ZTERM TITLE tab=1 title=Terminal
ZWL TITLEBAR create client=26 titlebar=48 toplevel=16
ZWL EDIT state client=26 edit=24 actions=0xff flags=0xd
ZWL TITLEBAR commit client=26 titlebar=48 serial=1 mode=0 controls=0 tabs=1 generation=1
ZWL MAP client=26 surface=14 x=348 y=420
ZWL HOME launched waited_ms=130 at_ms=2136114
ZWL GLASS launch surface=14 from=996,350 to=348,420 size=916x632
ZTERM CLIPBOARD selection text=0
ZTERM PRIMARY offer text=0
ZWL HOME closed at_ms=2136233
ZWL MENU bar client=26 surface=14 where=floating item=1 offset=127 top=368 width=55 height=44
ZWL MENU bar client=26 surface=14 where=floating item=2 offset=184 top=368 width=47 height=44
ZWL MENU bar client=26 surface=14 where=floating item=3 offset=233 top=368 width=55 height=44
ZWL MENU bar client=26 surface=14 where=floating item=4 offset=290 top=368 width=76 height=44
ZWL MENU bar client=26 surface=14 where=floating item=5 offset=368 top=368 width=53 height=44
ZWL PERF 5032ms: passes=709 timeouts=54 | poll 30.9% work 68.8%
ZWL PERF compose frames=84 draw_ms=38.33 (acquire 0.06 submit+present 35.27) frame_ms=39.03
ZGEARS FPS run=gears frames=28600 fps=14.0
ZWL PERF 5016ms: passes=657 timeouts=64 | poll 31.8% work 67.9%
ZWL PERF compose frames=73 draw_ms=43.31 (acquire 0.04 submit+present 40.58) frame_ms=44.12
ZTERM TAB closed run=term id=1 count=0
ZTERM DONE run=term reason=shell-exited
ZWL CLIENT gone client=26 reason=flush
ZWL CLEANUP client=26 objects=35 unread_fds=0
ZWL HOME ended pid=82 status=0
ZGEARS FPS run=gears frames=28700 fps=13.5
ZWL WISEVIEW opening key at_ms=2146567
ZWL FIRST_FRAME what=wiseview-open frame=36199 request_ms=2146567 ms=36
ZWL WISEVIEW open windows=10 at_ms=2146777
ZWL WISEVIEW tile client=9 surface=7 x=83 y=86 width=380 height=253
ZWL WISEVIEW tile client=10 surface=1146 x=528 y=90 width=406 height=244
ZWL WISEVIEW tile client=10 surface=14 x=1036 y=90 width=305 height=244
ZWL WISEVIEW tile client=8 surface=7 x=1484 y=90 width=325 height=244
ZWL WISEVIEW tile client=7 surface=14 x=104 y=404 width=338 height=244
ZWL WISEVIEW tile client=6 surface=14 x=570 y=404 width=321 height=244
ZWL WISEVIEW tile client=5 surface=14 x=1012 y=404 width=353 height=244
ZWL WISEVIEW tile client=4 surface=8 x=1467 y=404 width=359 height=244
ZWL WISEVIEW tile client=3 surface=16 x=568 y=718 width=325 height=244
ZWL WISEVIEW tile client=2 surface=8 x=999 y=718 width=379 height=244
ZWL PERF 5032ms: passes=688 timeouts=77 | poll 32.4% work 67.2%
ZWL PERF compose frames=89 draw_ms=34.97 (acquire 0.05 submit+present 32.60) frame_ms=35.88
ZWL WISEVIEW close key at_ms=2148824
ZWL FIRST_FRAME what=wiseview-close frame=36256 request_ms=2148824 ms=28
ZWL WISEVIEW closed at_ms=2149062
ZWL HOME open via=launcher at_ms=2151170
ZWL FIRST_FRAME what=home-open frame=36292 request_ms=2151170 ms=52
ZWL HOME opened apps=12 pages=1 page=1 at_ms=2151459
ZWL HOME icon name="Files" x=600 y=386
ZWL HOME icon name="Notes" x=744 y=386
ZWL HOME icon name="Settings" x=888 y=386
ZWL HOME icon name="Terminal" x=1032 y=386
ZWL HOME icon name="PDF Viewer" x=1176 y=386
ZWL HOME icon name="Image Viewer" x=1320 y=386
ZWL HOME icon name="Browser" x=600 y=538
ZWL HOME icon name="Model viewer" x=744 y=538
ZWL HOME icon name="Gears" x=888 y=538
ZWL HOME icon name="X terminal" x=1032 y=538
ZWL HOME icon name="Lock Screen" x=1176 y=538
ZWL HOME icon name="Log Out" x=1320 y=538
ZWL PERF 5009ms: passes=697 timeouts=65 | poll 31.6% work 68.0%
ZWL PERF compose frames=92 draw_ms=34.25 (acquire 0.04 submit+present 31.75) frame_ms=35.10
ZGEARS FPS run=gears frames=28800 fps=14.4
ZWL HOME close via=escape at_ms=2153403
ZWL FIRST_FRAME what=home-close frame=36333 request_ms=2153403 ms=27
ZWL HOME closed at_ms=2153645
ZWL GLASS moved surface=7 x=980 y=372
ZWL GLASS moved surface=7 x=880 y=332
ZWL PERF 5031ms: passes=671 timeouts=59 | poll 31.4% work 68.3%
ZWL PERF compose frames=82 draw_ms=38.92 (acquire 0.05 submit+present 36.13) frame_ms=39.71
ZWL WISEVIEW opening key at_ms=2158235
ZWL FIRST_FRAME what=wiseview-open frame=36409 request_ms=2158235 ms=39
ZWL WISEVIEW open windows=10 at_ms=2158438
ZWL WISEVIEW tile client=9 surface=7 x=83 y=86 width=380 height=253
ZWL WISEVIEW tile client=10 surface=1146 x=528 y=90 width=406 height=244
ZWL WISEVIEW tile client=10 surface=14 x=1036 y=90 width=305 height=244
ZWL WISEVIEW tile client=8 surface=7 x=1484 y=90 width=325 height=244
ZWL WISEVIEW tile client=7 surface=14 x=104 y=404 width=338 height=244
ZWL WISEVIEW tile client=6 surface=14 x=570 y=404 width=321 height=244
ZWL WISEVIEW tile client=5 surface=14 x=1012 y=404 width=353 height=244
ZWL WISEVIEW tile client=4 surface=8 x=1467 y=404 width=359 height=244
ZWL WISEVIEW tile client=3 surface=16 x=568 y=718 width=325 height=244
ZWL WISEVIEW tile client=2 surface=8 x=999 y=718 width=379 height=244
ZGEARS FPS run=gears frames=28900 fps=13.9
ZWL WISEVIEW close key at_ms=2160440
ZWL FIRST_FRAME what=wiseview-close frame=36467 request_ms=2160441 ms=30
ZWL WISEVIEW closed at_ms=2160649
ZWL HOME open via=launcher at_ms=2162791
ZWL FIRST_FRAME what=home-open frame=36505 request_ms=2162791 ms=53
ZWL PERF 5013ms: passes=684 timeouts=66 | poll 32.4% work 67.3%
ZWL PERF compose frames=103 draw_ms=30.36 (acquire 0.05 submit+present 28.32) frame_ms=31.08
ZWL HOME opened apps=12 pages=1 page=1 at_ms=2163071
ZWL HOME icon name="Files" x=600 y=386
ZWL HOME icon name="Notes" x=744 y=386
ZWL HOME icon name="Settings" x=888 y=386
ZWL HOME icon name="Terminal" x=1032 y=386
ZWL HOME icon name="PDF Viewer" x=1176 y=386
ZWL HOME icon name="Image Viewer" x=1320 y=386
ZWL HOME icon name="Browser" x=600 y=538
ZWL HOME icon name="Model viewer" x=744 y=538
ZWL HOME icon name="Gears" x=888 y=538
ZWL HOME icon name="X terminal" x=1032 y=538
ZWL HOME icon name="Lock Screen" x=1176 y=538
ZWL HOME icon name="Log Out" x=1320 y=538
ZWL HOME close via=escape at_ms=2165043
ZWL FIRST_FRAME what=home-close frame=36552 request_ms=2165043 ms=27
ZWL HOME closed at_ms=2165284
ZGEARS FPS run=gears frames=29000 fps=14.7
ZWL GLASS moved surface=7 x=980 y=372
ZWL PERF 5029ms: passes=722 timeouts=64 | poll 32.0% work 67.6%
ZWL PERF compose frames=91 draw_ms=34.77 (acquire 0.05 submit+present 31.69) frame_ms=35.56
ZWL GLASS moved surface=7 x=880 y=332
ZWL WISEVIEW opening key at_ms=2169805
ZWL FIRST_FRAME what=wiseview-open frame=36627 request_ms=2169805 ms=41
ZWL WISEVIEW open windows=10 at_ms=2170008
ZWL WISEVIEW tile client=9 surface=7 x=83 y=86 width=380 height=253
ZWL WISEVIEW tile client=10 surface=1146 x=528 y=90 width=406 height=244
ZWL WISEVIEW tile client=10 surface=14 x=1036 y=90 width=305 height=244
ZWL WISEVIEW tile client=8 surface=7 x=1484 y=90 width=325 height=244
ZWL WISEVIEW tile client=7 surface=14 x=104 y=404 width=338 height=244
ZWL WISEVIEW tile client=6 surface=14 x=570 y=404 width=321 height=244
ZWL WISEVIEW tile client=5 surface=14 x=1012 y=404 width=353 height=244
ZWL WISEVIEW tile client=4 surface=8 x=1467 y=404 width=359 height=244
ZWL WISEVIEW tile client=3 surface=16 x=568 y=718 width=325 height=244
ZWL WISEVIEW tile client=2 surface=8 x=999 y=718 width=379 height=244
ZWL WISEVIEW close key at_ms=2172053
ZWL FIRST_FRAME what=wiseview-close frame=36684 request_ms=2172054 ms=17
ZWL WISEVIEW closed at_ms=2172256
ZWL PERF 5024ms: passes=663 timeouts=73 | poll 32.2% work 67.5%
ZWL PERF compose frames=101 draw_ms=31.08 (acquire 0.05 submit+present 28.96) frame_ms=31.96
ZWL HOME open via=launcher at_ms=2174419
ZGEARS FPS run=gears frames=29100 fps=13.5
ZWL FIRST_FRAME what=home-open frame=36722 request_ms=2174419 ms=49
ZWL HOME opened apps=12 pages=1 page=1 at_ms=2174700
ZWL HOME icon name="Files" x=600 y=386
ZWL HOME icon name="Notes" x=744 y=386
ZWL HOME icon name="Settings" x=888 y=386
ZWL HOME icon name="Terminal" x=1032 y=386
ZWL HOME icon name="PDF Viewer" x=1176 y=386
ZWL HOME icon name="Image Viewer" x=1320 y=386
ZWL HOME icon name="Browser" x=600 y=538
ZWL HOME icon name="Model viewer" x=744 y=538
ZWL HOME icon name="Gears" x=888 y=538
ZWL HOME icon name="X terminal" x=1032 y=538
ZWL HOME icon name="Lock Screen" x=1176 y=538
ZWL HOME icon name="Log Out" x=1320 y=538
ZWL HOME close via=escape at_ms=2176630
ZWL FIRST_FRAME what=home-close frame=36765 request_ms=2176630 ms=25
ZWL HOME closed at_ms=2176926
ZWL PERF 5007ms: passes=726 timeouts=63 | poll 32.0% work 67.7%
ZWL PERF compose frames=87 draw_ms=36.22 (acquire 0.05 submit+present 33.08) frame_ms=36.43
ZWL GLASS moved surface=7 x=980 y=372
ZWL GLASS moved surface=7 x=880 y=332
ZGEARS FPS run=gears frames=29200 fps=15.1
ZWL WISEVIEW opening key at_ms=2181411
ZWL FIRST_FRAME what=wiseview-open frame=36839 request_ms=2181411 ms=43
ZWL WISEVIEW open windows=10 at_ms=2181611
ZWL WISEVIEW tile client=9 surface=7 x=83 y=86 width=380 height=253
ZWL WISEVIEW tile client=10 surface=1146 x=528 y=90 width=406 height=244
ZWL WISEVIEW tile client=10 surface=14 x=1036 y=90 width=305 height=244
ZWL WISEVIEW tile client=8 surface=7 x=1484 y=90 width=325 height=244
ZWL WISEVIEW tile client=7 surface=14 x=104 y=404 width=338 height=244
ZWL WISEVIEW tile client=6 surface=14 x=570 y=404 width=321 height=244
ZWL WISEVIEW tile client=5 surface=14 x=1012 y=404 width=353 height=244
ZWL WISEVIEW tile client=4 surface=8 x=1467 y=404 width=359 height=244
ZWL WISEVIEW tile client=3 surface=16 x=568 y=718 width=325 height=244
ZWL WISEVIEW tile client=2 surface=8 x=999 y=718 width=379 height=244
ZWL PERF 5015ms: passes=695 timeouts=65 | poll 31.5% work 68.1%
ZWL PERF compose frames=92 draw_ms=34.30 (acquire 0.05 submit+present 32.04) frame_ms=35.72
ZWL WISEVIEW close key at_ms=2183633
ZWL FIRST_FRAME what=wiseview-close frame=36895 request_ms=2183633 ms=26
ZWL WISEVIEW closed at_ms=2183846
ZWL HOME open via=launcher at_ms=2186024
ZWL FIRST_FRAME what=home-open frame=36933 request_ms=2186024 ms=61
ZWL HOME opened apps=12 pages=1 page=1 at_ms=2186312
ZWL HOME icon name="Files" x=600 y=386
ZWL HOME icon name="Notes" x=744 y=386
ZWL HOME icon name="Settings" x=888 y=386
ZWL HOME icon name="Terminal" x=1032 y=386
ZWL HOME icon name="PDF Viewer" x=1176 y=386
ZWL HOME icon name="Image Viewer" x=1320 y=386
ZWL HOME icon name="Browser" x=600 y=538
ZWL HOME icon name="Model viewer" x=744 y=538
ZWL HOME icon name="Gears" x=888 y=538
ZWL HOME icon name="X terminal" x=1032 y=538
ZWL HOME icon name="Lock Screen" x=1176 y=538
ZWL HOME icon name="Log Out" x=1320 y=538
ZGEARS FPS run=gears frames=29300 fps=14.6
ZWL PERF 5001ms: passes=709 timeouts=68 | poll 32.3% work 67.4%
ZWL PERF compose frames=92 draw_ms=34.02 (acquire 0.04 submit+present 31.15) frame_ms=34.79
ZWL HOME close via=escape at_ms=2188227
ZWL FIRST_FRAME what=home-close frame=36975 request_ms=2188227 ms=31
ZWL HOME closed at_ms=2188467
ZWL GLASS moved surface=7 x=980 y=372
ZWL GLASS moved surface=7 x=880 y=332
ZWL PERF 5010ms: passes=667 timeouts=59 | poll 31.1% work 68.5%
ZWL PERF compose frames=81 draw_ms=39.34 (acquire 0.05 submit+present 36.49) frame_ms=40.26
ZWL WISEVIEW opening key at_ms=2193066
ZWL FIRST_FRAME what=wiseview-open frame=37052 request_ms=2193066 ms=38
ZWL WISEVIEW open windows=10 at_ms=2193292
ZWL WISEVIEW tile client=9 surface=7 x=83 y=86 width=380 height=253
ZWL WISEVIEW tile client=10 surface=1146 x=528 y=90 width=406 height=244
ZWL WISEVIEW tile client=10 surface=14 x=1036 y=90 width=305 height=244
ZWL WISEVIEW tile client=8 surface=7 x=1484 y=90 width=325 height=244
ZWL WISEVIEW tile client=7 surface=14 x=104 y=404 width=338 height=244
ZWL WISEVIEW tile client=6 surface=14 x=570 y=404 width=321 height=244
ZWL WISEVIEW tile client=5 surface=14 x=1012 y=404 width=353 height=244
ZWL WISEVIEW tile client=4 surface=8 x=1467 y=404 width=359 height=244
ZWL WISEVIEW tile client=3 surface=16 x=568 y=718 width=325 height=244
ZWL WISEVIEW tile client=2 surface=8 x=999 y=718 width=379 height=244
ZGEARS FPS run=gears frames=29400 fps=13.8
ZWL WISEVIEW close key at_ms=2195275
ZWL FIRST_FRAME what=wiseview-close frame=37109 request_ms=2195275 ms=32
ZWL WISEVIEW closed at_ms=2195483
ZWL HOME open via=launcher at_ms=2197639
ZWL FIRST_FRAME what=home-open frame=37147 request_ms=2197639 ms=51
ZWL HOME opened apps=12 pages=1 page=1 at_ms=2197927
ZWL HOME icon name="Files" x=600 y=386
ZWL HOME icon name="Notes" x=744 y=386
ZWL HOME icon name="Settings" x=888 y=386
ZWL HOME icon name="Terminal" x=1032 y=386
ZWL HOME icon name="PDF Viewer" x=1176 y=386
ZWL HOME icon name="Image Viewer" x=1320 y=386
ZWL HOME icon name="Browser" x=600 y=538
ZWL HOME icon name="Model viewer" x=744 y=538
ZWL HOME icon name="Gears" x=888 y=538
ZWL HOME icon name="X terminal" x=1032 y=538
ZWL HOME icon name="Lock Screen" x=1176 y=538
ZWL HOME icon name="Log Out" x=1320 y=538
ZWL PERF 5028ms: passes=693 timeouts=64 | poll 31.9% work 67.7%
ZWL PERF compose frames=103 draw_ms=30.56 (acquire 0.04 submit+present 28.47) frame_ms=31.36
ZWL HOME close via=escape at_ms=2199858
ZWL FIRST_FRAME what=home-close frame=37190 request_ms=2199858 ms=28
ZWL HOME closed at_ms=2200101
ZGEARS FPS run=gears frames=29500 fps=14.8
ZWL GLASS moved surface=7 x=980 y=372
ZWL PERF 5031ms: passes=649 timeouts=61 | poll 31.2% work 68.5%
ZWL PERF compose frames=85 draw_ms=37.76 (acquire 0.05 submit+present 34.60) frame_ms=38.52
ZWL GLASS moved surface=7 x=880 y=332
ZWL WISEVIEW opening key at_ms=2204640
ZWL FIRST_FRAME what=wiseview-open frame=37263 request_ms=2204640 ms=36
ZWL WISEVIEW open windows=10 at_ms=2204858
ZWL WISEVIEW tile client=9 surface=7 x=83 y=86 width=380 height=253
ZWL WISEVIEW tile client=10 surface=1146 x=528 y=90 width=406 height=244
ZWL WISEVIEW tile client=10 surface=14 x=1036 y=90 width=305 height=244
ZWL WISEVIEW tile client=8 surface=7 x=1484 y=90 width=325 height=244
ZWL WISEVIEW tile client=7 surface=14 x=104 y=404 width=338 height=244
ZWL WISEVIEW tile client=6 surface=14 x=570 y=404 width=321 height=244
ZWL WISEVIEW tile client=5 surface=14 x=1012 y=404 width=353 height=244
ZWL WISEVIEW tile client=4 surface=8 x=1467 y=404 width=359 height=244
ZWL WISEVIEW tile client=3 surface=16 x=568 y=718 width=325 height=244
ZWL WISEVIEW tile client=2 surface=8 x=999 y=718 width=379 height=244
ZWL WISEVIEW close key at_ms=2206869
ZWL FIRST_FRAME what=wiseview-close frame=37320 request_ms=2206870 ms=17
ZWL WISEVIEW closed at_ms=2207097
ZWL PERF 5028ms: passes=702 timeouts=65 | poll 31.8% work 67.8%
ZWL PERF compose frames=101 draw_ms=31.23 (acquire 0.05 submit+present 29.26) frame_ms=32.04
ZWL HOME open via=launcher at_ms=2209203
ZWL FIRST_FRAME what=home-open frame=37357 request_ms=2209204 ms=52
ZGEARS FPS run=gears frames=29600 fps=13.5
ZWL HOME opened apps=12 pages=1 page=1 at_ms=2209489
ZWL HOME icon name="Files" x=600 y=386
ZWL HOME icon name="Notes" x=744 y=386
ZWL HOME icon name="Settings" x=888 y=386
ZWL HOME icon name="Terminal" x=1032 y=386
ZWL HOME icon name="PDF Viewer" x=1176 y=386
ZWL HOME icon name="Image Viewer" x=1320 y=386
ZWL HOME icon name="Browser" x=600 y=538
ZWL HOME icon name="Model viewer" x=744 y=538
ZWL HOME icon name="Gears" x=888 y=538
ZWL HOME icon name="X terminal" x=1032 y=538
ZWL HOME icon name="Lock Screen" x=1176 y=538
ZWL HOME icon name="Log Out" x=1320 y=538
ZWL HOME close via=escape at_ms=2211448
ZWL FIRST_FRAME what=home-close frame=37400 request_ms=2211448 ms=28
ZWL HOME closed at_ms=2211720
ZWL PERF 5001ms: passes=710 timeouts=76 | poll 32.7% work 67.0%
ZWL PERF compose frames=85 draw_ms=36.66 (acquire 0.05 submit+present 33.58) frame_ms=37.34
ZWL GLASS moved surface=7 x=980 y=372
ZWL GLASS moved surface=7 x=880 y=332
ZGEARS FPS run=gears frames=29700 fps=14.8
ZWL WISEVIEW opening key at_ms=2216238
ZWL FIRST_FRAME what=wiseview-open frame=37474 request_ms=2216239 ms=57
ZWL WISEVIEW open windows=10 at_ms=2216452
ZWL WISEVIEW tile client=9 surface=7 x=83 y=86 width=380 height=253
ZWL WISEVIEW tile client=10 surface=1146 x=528 y=90 width=406 height=244
ZWL WISEVIEW tile client=10 surface=14 x=1036 y=90 width=305 height=244
ZWL WISEVIEW tile client=8 surface=7 x=1484 y=90 width=325 height=244
ZWL WISEVIEW tile client=7 surface=14 x=104 y=404 width=338 height=244
ZWL WISEVIEW tile client=6 surface=14 x=570 y=404 width=321 height=244
ZWL WISEVIEW tile client=5 surface=14 x=1012 y=404 width=353 height=244
ZWL WISEVIEW tile client=4 surface=8 x=1467 y=404 width=359 height=244
ZWL WISEVIEW tile client=3 surface=16 x=568 y=718 width=325 height=244
ZWL WISEVIEW tile client=2 surface=8 x=999 y=718 width=379 height=244
ZWL PERF 5002ms: passes=679 timeouts=63 | poll 31.6% work 68.0%
ZWL PERF compose frames=95 draw_ms=33.07 (acquire 0.04 submit+present 31.05) frame_ms=34.02
ZWL WISEVIEW close key at_ms=2218500
ZWL FIRST_FRAME what=wiseview-close frame=37531 request_ms=2218500 ms=37
ZWL WISEVIEW closed at_ms=2218731
ZWL HOME open via=launcher at_ms=2220857
ZWL FIRST_FRAME what=home-open frame=37568 request_ms=2220857 ms=52
ZWL HOME opened apps=12 pages=1 page=1 at_ms=2221142
ZWL HOME icon name="Files" x=600 y=386
ZWL HOME icon name="Notes" x=744 y=386
ZWL HOME icon name="Settings" x=888 y=386
ZWL HOME icon name="Terminal" x=1032 y=386
ZWL HOME icon name="PDF Viewer" x=1176 y=386
ZWL HOME icon name="Image Viewer" x=1320 y=386
ZWL HOME icon name="Browser" x=600 y=538
ZWL HOME icon name="Model viewer" x=744 y=538
ZWL HOME icon name="Gears" x=888 y=538
ZWL HOME icon name="X terminal" x=1032 y=538
ZWL HOME icon name="Lock Screen" x=1176 y=538
ZWL HOME icon name="Log Out" x=1320 y=538
ZGEARS FPS run=gears frames=29800 fps=14.8
ZWL HOME close via=escape at_ms=2223092
ZWL FIRST_FRAME what=home-close frame=37613 request_ms=2223092 ms=25
ZWL PERF 5014ms: passes=695 timeouts=73 | poll 31.9% work 67.8%
ZWL PERF compose frames=93 draw_ms=34.08 (acquire 0.04 submit+present 30.98) frame_ms=34.57
ZWL HOME closed at_ms=2223377
ZWL GLASS moved surface=7 x=980 y=372
ZWL GLASS moved surface=7 x=880 y=332
ZWL WISEVIEW opening key at_ms=2227877
ZWL FIRST_FRAME what=wiseview-open frame=37687 request_ms=2227878 ms=36
ZWL WISEVIEW open windows=10 at_ms=2228107
ZWL WISEVIEW tile client=9 surface=7 x=83 y=86 width=380 height=253
ZWL WISEVIEW tile client=10 surface=1146 x=528 y=90 width=406 height=244
ZWL WISEVIEW tile client=10 surface=14 x=1036 y=90 width=305 height=244
ZWL WISEVIEW tile client=8 surface=7 x=1484 y=90 width=325 height=244
ZWL WISEVIEW tile client=7 surface=14 x=104 y=404 width=338 height=244
ZWL WISEVIEW tile client=6 surface=14 x=570 y=404 width=321 height=244
ZWL WISEVIEW tile client=5 surface=14 x=1012 y=404 width=353 height=244
ZWL WISEVIEW tile client=4 surface=8 x=1467 y=404 width=359 height=244
ZWL WISEVIEW tile client=3 surface=16 x=568 y=718 width=325 height=244
ZWL WISEVIEW tile client=2 surface=8 x=999 y=718 width=379 height=244
ZWL PERF 5014ms: passes=692 timeouts=68 | poll 31.0% work 68.6%
ZWL PERF compose frames=79 draw_ms=40.26 (acquire 0.08 submit+present 37.50) frame_ms=41.51
ZGEARS FPS run=gears frames=29900 fps=14.2
ZWL WISEVIEW close key at_ms=2230099
ZWL FIRST_FRAME what=wiseview-close frame=37742 request_ms=2230099 ms=24
ZWL WISEVIEW closed at_ms=2230300
ZWL HOME open via=launcher at_ms=2232480
ZWL FIRST_FRAME what=home-open frame=37779 request_ms=2232480 ms=55
ZWL HOME opened apps=12 pages=1 page=1 at_ms=2232760
ZWL HOME icon name="Files" x=600 y=386
ZWL HOME icon name="Notes" x=744 y=386
ZWL HOME icon name="Settings" x=888 y=386
ZWL HOME icon name="Terminal" x=1032 y=386
ZWL HOME icon name="PDF Viewer" x=1176 y=386
ZWL HOME icon name="Image Viewer" x=1320 y=386
ZWL HOME icon name="Browser" x=600 y=538
ZWL HOME icon name="Model viewer" x=744 y=538
ZWL HOME icon name="Gears" x=888 y=538
ZWL HOME icon name="X terminal" x=1032 y=538
ZWL HOME icon name="Lock Screen" x=1176 y=538
ZWL HOME icon name="Log Out" x=1320 y=538
ZWL PERF 5005ms: passes=716 timeouts=65 | poll 32.4% work 67.1%
ZWL PERF compose frames=99 draw_ms=31.21 (acquire 0.05 submit+present 29.08) frame_ms=32.10
ZWL HOME close via=escape at_ms=2234691
ZWL FIRST_FRAME what=home-close frame=37822 request_ms=2234691 ms=24
ZWL HOME closed at_ms=2234964
ZGEARS FPS run=gears frames=30000 fps=14.8
ZWL GLASS moved surface=7 x=980 y=372
ZWL PERF 5051ms: passes=695 timeouts=68 | poll 31.4% work 68.2%
ZWL PERF compose frames=87 draw_ms=36.92 (acquire 0.05 submit+present 33.74) frame_ms=37.67
ZWL GLASS moved surface=7 x=880 y=332
ZWL WISEVIEW opening key at_ms=2239505
ZWL FIRST_FRAME what=wiseview-open frame=37898 request_ms=2239505 ms=37
ZWL WISEVIEW open windows=10 at_ms=2239725
ZWL WISEVIEW tile client=9 surface=7 x=83 y=86 width=380 height=253
ZWL WISEVIEW tile client=10 surface=1146 x=528 y=90 width=406 height=244
ZWL WISEVIEW tile client=10 surface=14 x=1036 y=90 width=305 height=244
ZWL WISEVIEW tile client=8 surface=7 x=1484 y=90 width=325 height=244
ZWL WISEVIEW tile client=7 surface=14 x=104 y=404 width=338 height=244
ZWL WISEVIEW tile client=6 surface=14 x=570 y=404 width=321 height=244
ZWL WISEVIEW tile client=5 surface=14 x=1012 y=404 width=353 height=244
ZWL WISEVIEW tile client=4 surface=8 x=1467 y=404 width=359 height=244
ZWL WISEVIEW tile client=3 surface=16 x=568 y=718 width=325 height=244
ZWL WISEVIEW tile client=2 surface=8 x=999 y=718 width=379 height=244
ZWL WISEVIEW close key at_ms=2241711
ZWL FIRST_FRAME what=wiseview-close frame=37953 request_ms=2241711 ms=24
ZWL WISEVIEW closed at_ms=2241911
ZWL PERF 5038ms: passes=703 timeouts=68 | poll 32.2% work 67.4%
ZWL PERF compose frames=99 draw_ms=31.79 (acquire 0.06 submit+present 29.83) frame_ms=32.60
ZWL HOME open via=launcher at_ms=2244076
ZGEARS FPS run=gears frames=30100 fps=13.6
ZWL FIRST_FRAME what=home-open frame=37991 request_ms=2244076 ms=55
ZWL HOME opened apps=12 pages=1 page=1 at_ms=2244361
ZWL HOME icon name="Files" x=600 y=386
ZWL HOME icon name="Notes" x=744 y=386
ZWL HOME icon name="Settings" x=888 y=386
ZWL HOME icon name="Terminal" x=1032 y=386
ZWL HOME icon name="PDF Viewer" x=1176 y=386
ZWL HOME icon name="Image Viewer" x=1320 y=386
ZWL HOME icon name="Browser" x=600 y=538
ZWL HOME icon name="Model viewer" x=744 y=538
ZWL HOME icon name="Gears" x=888 y=538
ZWL HOME icon name="X terminal" x=1032 y=538
ZWL HOME icon name="Lock Screen" x=1176 y=538
ZWL HOME icon name="Log Out" x=1320 y=538
ZWL HOME close via=escape at_ms=2246306
ZWL FIRST_FRAME what=home-close frame=38031 request_ms=2246306 ms=37
ZWL HOME closed at_ms=2246550
ZWL PERF 5001ms: passes=670 timeouts=72 | poll 32.3% work 67.4%
ZWL PERF compose frames=84 draw_ms=37.30 (acquire 0.04 submit+present 34.06) frame_ms=38.13
ZWL GLASS moved surface=7 x=980 y=372
ZWL GLASS moved surface=7 x=880 y=332
ZGEARS FPS run=gears frames=30200 fps=13.9
ZWL WISEVIEW opening key at_ms=2251426
ZWL FIRST_FRAME what=wiseview-open frame=38111 request_ms=2251426 ms=40
ZWL WISEVIEW open windows=10 at_ms=2251643
ZWL WISEVIEW tile client=9 surface=7 x=83 y=86 width=380 height=253
ZWL WISEVIEW tile client=10 surface=1146 x=528 y=90 width=406 height=244
ZWL WISEVIEW tile client=10 surface=14 x=1036 y=90 width=305 height=244
ZWL WISEVIEW tile client=8 surface=7 x=1484 y=90 width=325 height=244
ZWL WISEVIEW tile client=7 surface=14 x=104 y=404 width=338 height=244
ZWL WISEVIEW tile client=6 surface=14 x=570 y=404 width=321 height=244
ZWL WISEVIEW tile client=5 surface=14 x=1012 y=404 width=353 height=244
ZWL WISEVIEW tile client=4 surface=8 x=1467 y=404 width=359 height=244
ZWL WISEVIEW tile client=3 surface=16 x=568 y=718 width=325 height=244
ZWL WISEVIEW tile client=2 surface=8 x=999 y=718 width=379 height=244
ZWL PERF 5005ms: passes=685 timeouts=62 | poll 32.0% work 67.7%
ZWL PERF compose frames=95 draw_ms=32.99 (acquire 0.05 submit+present 30.86) frame_ms=33.85
ZWL WISEVIEW close key at_ms=2253673
ZWL FIRST_FRAME what=wiseview-close frame=38168 request_ms=2253673 ms=37
ZWL WISEVIEW closed at_ms=2253880
ZWL HOME open via=launcher at_ms=2256019
ZWL FIRST_FRAME what=home-open frame=38205 request_ms=2256019 ms=37
ZWL HOME opened apps=12 pages=1 page=1 at_ms=2256310
ZWL HOME icon name="Files" x=600 y=386
ZWL HOME icon name="Notes" x=744 y=386
ZWL HOME icon name="Settings" x=888 y=386
ZWL HOME icon name="Terminal" x=1032 y=386
ZWL HOME icon name="PDF Viewer" x=1176 y=386
ZWL HOME icon name="Image Viewer" x=1320 y=386
ZWL HOME icon name="Browser" x=600 y=538
ZWL HOME icon name="Model viewer" x=744 y=538
ZWL HOME icon name="Gears" x=888 y=538
ZWL HOME icon name="X terminal" x=1032 y=538
ZWL HOME icon name="Lock Screen" x=1176 y=538
ZWL HOME icon name="Log Out" x=1320 y=538
ZGEARS FPS run=gears frames=30300 fps=14.6
ZWL PERF 5028ms: passes=700 timeouts=75 | poll 31.8% work 67.8%
ZWL PERF compose frames=93 draw_ms=33.80 (acquire 0.05 submit+present 30.83) frame_ms=34.67
ZWL HOME close via=escape at_ms=2258291
ZWL FIRST_FRAME what=home-close frame=38250 request_ms=2258291 ms=27
ZWL HOME closed at_ms=2258535
ZWL GLASS moved surface=7 x=980 y=372
ZWL GLASS moved surface=7 x=880 y=332
ZWL HOME open via=launcher at_ms=2263114
ZWL FIRST_FRAME what=home-open frame=38324 request_ms=2263114 ms=35
ZWL PERF 5001ms: passes=706 timeouts=65 | poll 31.2% work 68.4%
ZWL PERF compose frames=77 draw_ms=41.08 (acquire 0.05 submit+present 38.52) frame_ms=41.96
ZWL HOME opened apps=12 pages=1 page=1 at_ms=2263436
ZWL HOME icon name="Files" x=600 y=386
ZWL HOME icon name="Notes" x=744 y=386
ZWL HOME icon name="Settings" x=888 y=386
ZWL HOME icon name="Terminal" x=1032 y=386
ZWL HOME icon name="PDF Viewer" x=1176 y=386
ZWL HOME icon name="Image Viewer" x=1320 y=386
ZWL HOME icon name="Browser" x=600 y=538
ZWL HOME icon name="Model viewer" x=744 y=538
ZWL HOME icon name="Gears" x=888 y=538
ZWL HOME icon name="X terminal" x=1032 y=538
ZWL HOME icon name="Lock Screen" x=1176 y=538
ZWL HOME icon name="Log Out" x=1320 y=538
ZWL HOME launch name=Terminal pid=84
ZWL HOME close via=launch at_ms=2264799
ZWL FIRST_FRAME what=home-close frame=38356 request_ms=2264799 ms=27
ZWL CLIENT client=27 fd=25
ZWL INSET create client=27 inset=20 toplevel=16
ZWL EDIT create client=27 edit=24 toplevel=16
ZWL BOUNDS client=27 surface=14 width=1896 height=970
ZWL CONFIGURE client=27 surface=14 serial=1045 width=0 height=0 fullscreen=0
ZWL SEAT client=27 pointer=1 keyboard=0 touch=0
ZWL SEAT client=27 pointer=1 keyboard=1 touch=0
ZGEARS FPS run=gears frames=30400 fps=14.8
ZWL IMPORT client=27 buffer=37 width=916 height=632 bytes=2318336
ZWL IMPORT client=27 buffer=38 width=916 height=632 bytes=2318336
ZWL IMPORT client=27 buffer=39 width=916 height=632 bytes=2318336
ZTERM MENU state selection=0 clipboard=0 pixels=16 fullscreen=0
ZWL MENU commit client=27 menu=43 serial=1 items=30 generation=1
ZWL MENU set client=27 place=44 menu=43
ZWL MENU commit client=27 menu=43 serial=2 items=30 generation=2
ZTERM MENU ready items=30
ZTERM TAB active id=1
ZTERM TAB new run=term id=1 count=1
ZTERM START run=term columns=90 rows=28 cell=10x22 window=916x632
ZWL TITLEBAR create client=27 titlebar=48 toplevel=16
ZTERM TABS count=1 active=1 mode=0
ZTERM TITLE tab=1 title=Terminal
ZWL EDIT state client=27 edit=24 actions=0xff flags=0xd
ZWL TITLEBAR commit client=27 titlebar=48 serial=1 mode=0 controls=0 tabs=1 generation=1
ZWL MAP client=27 surface=14 x=348 y=420
ZWL HOME launched waited_ms=210 at_ms=2265009
ZWL GLASS launch surface=14 from=996,350 to=348,420 size=916x632
ZTERM CLIPBOARD selection text=0
ZTERM PRIMARY offer text=0
ZWL HOME closed at_ms=2265086
ZWL MENU bar client=27 surface=14 where=floating item=1 offset=127 top=368 width=55 height=44
ZWL MENU bar client=27 surface=14 where=floating item=2 offset=184 top=368 width=47 height=44
ZWL MENU bar client=27 surface=14 where=floating item=3 offset=233 top=368 width=55 height=44
ZWL MENU bar client=27 surface=14 where=floating item=4 offset=290 top=368 width=76 height=44
ZWL MENU bar client=27 surface=14 where=floating item=5 offset=368 top=368 width=53 height=44
ZWL PERF 5019ms: passes=733 timeouts=61 | poll 31.7% work 67.9%
ZWL PERF compose frames=82 draw_ms=38.28 (acquire 0.05 submit+present 35.05) frame_ms=39.06
ZTERM TAB closed run=term id=1 count=0
ZTERM DONE run=term reason=shell-exited
ZWL CLIENT gone client=27 reason=read
ZWL CLEANUP client=27 objects=35 unread_fds=0
ZWL HOME ended pid=84 status=0
ZGEARS FPS run=gears frames=30500 fps=13.0
ZWL PERF 5001ms: passes=682 timeouts=59 | poll 31.6% work 68.0%
ZWL PERF compose frames=73 draw_ms=43.03 (acquire 0.04 submit+present 40.09) frame_ms=43.90
ZWL WISEVIEW opening key at_ms=2275287
ZWL FIRST_FRAME what=wiseview-open frame=38511 request_ms=2275287 ms=42
ZWL WISEVIEW open windows=10 at_ms=2275489
ZWL WISEVIEW tile client=9 surface=7 x=83 y=86 width=380 height=253
ZWL WISEVIEW tile client=10 surface=1146 x=528 y=90 width=406 height=244
ZWL WISEVIEW tile client=10 surface=14 x=1036 y=90 width=305 height=244
ZWL WISEVIEW tile client=8 surface=7 x=1484 y=90 width=325 height=244
ZWL WISEVIEW tile client=7 surface=14 x=104 y=404 width=338 height=244
ZWL WISEVIEW tile client=6 surface=14 x=570 y=404 width=321 height=244
ZWL WISEVIEW tile client=5 surface=14 x=1012 y=404 width=353 height=244
ZWL WISEVIEW tile client=4 surface=8 x=1467 y=404 width=359 height=244
ZWL WISEVIEW tile client=3 surface=16 x=568 y=718 width=325 height=244
ZWL WISEVIEW tile client=2 surface=8 x=999 y=718 width=379 height=244
ZWL WISEVIEW close key at_ms=2277529
ZWL FIRST_FRAME what=wiseview-close frame=38568 request_ms=2277529 ms=24
ZWL WISEVIEW closed at_ms=2277768
ZWL PERF 5029ms: passes=710 timeouts=71 | poll 32.3% work 67.3%
ZWL PERF compose frames=100 draw_ms=31.31 (acquire 0.05 submit+present 29.36) frame_ms=32.20
ZGEARS FPS run=gears frames=30600 fps=13.9
ZWL HOME open via=launcher at_ms=2279867
ZWL FIRST_FRAME what=home-open frame=38605 request_ms=2279867 ms=40
ZWL HOME opened apps=12 pages=1 page=1 at_ms=2280157
ZWL HOME icon name="Files" x=600 y=386
ZWL HOME icon name="Notes" x=744 y=386
ZWL HOME icon name="Settings" x=888 y=386
ZWL HOME icon name="Terminal" x=1032 y=386
ZWL HOME icon name="PDF Viewer" x=1176 y=386
ZWL HOME icon name="Image Viewer" x=1320 y=386
ZWL HOME icon name="Browser" x=600 y=538
ZWL HOME icon name="Model viewer" x=744 y=538
ZWL HOME icon name="Gears" x=888 y=538
ZWL HOME icon name="X terminal" x=1032 y=538
ZWL HOME icon name="Lock Screen" x=1176 y=538
ZWL HOME icon name="Log Out" x=1320 y=538
ZWL HOME close via=escape at_ms=2282112
ZWL FIRST_FRAME what=home-close frame=38650 request_ms=2282112 ms=28
ZWL HOME closed at_ms=2282354
ZWL PERF 5048ms: passes=700 timeouts=74 | poll 32.0% work 67.7%
ZWL PERF compose frames=88 draw_ms=36.10 (acquire 0.06 submit+present 32.92) frame_ms=36.86
ZWL GLASS moved surface=7 x=980 y=372
ZWL GLASS moved surface=7 x=880 y=332
ZGEARS FPS run=gears frames=30700 fps=14.4
ZWL WISEVIEW opening key at_ms=2286901
ZWL FIRST_FRAME what=wiseview-open frame=38725 request_ms=2286901 ms=41
ZWL WISEVIEW open windows=10 at_ms=2287101
ZWL WISEVIEW tile client=9 surface=7 x=83 y=86 width=380 height=253
ZWL WISEVIEW tile client=10 surface=1146 x=528 y=90 width=406 height=244
ZWL WISEVIEW tile client=10 surface=14 x=1036 y=90 width=305 height=244
ZWL WISEVIEW tile client=8 surface=7 x=1484 y=90 width=325 height=244
ZWL WISEVIEW tile client=7 surface=14 x=104 y=404 width=338 height=244
ZWL WISEVIEW tile client=6 surface=14 x=570 y=404 width=321 height=244
ZWL WISEVIEW tile client=5 surface=14 x=1012 y=404 width=353 height=244
ZWL WISEVIEW tile client=4 surface=8 x=1467 y=404 width=359 height=244
ZWL WISEVIEW tile client=3 surface=16 x=568 y=718 width=325 height=244
ZWL WISEVIEW tile client=2 surface=8 x=999 y=718 width=379 height=244
ZWL PERF 5001ms: passes=693 timeouts=56 | poll 31.6% work 68.0%
ZWL PERF compose frames=91 draw_ms=34.64 (acquire 0.05 submit+present 32.34) frame_ms=35.50
ZWL WISEVIEW close key at_ms=2289136
ZWL FIRST_FRAME what=wiseview-close frame=38782 request_ms=2289136 ms=23
ZWL WISEVIEW closed at_ms=2289337
ZWL HOME open via=launcher at_ms=2291484
ZWL FIRST_FRAME what=home-open frame=38819 request_ms=2291484 ms=50
ZWL HOME opened apps=12 pages=1 page=1 at_ms=2291774
ZWL HOME icon name="Files" x=600 y=386
ZWL HOME icon name="Notes" x=744 y=386
ZWL HOME icon name="Settings" x=888 y=386
ZWL HOME icon name="Terminal" x=1032 y=386
ZWL HOME icon name="PDF Viewer" x=1176 y=386
ZWL HOME icon name="Image Viewer" x=1320 y=386
ZWL HOME icon name="Browser" x=600 y=538
ZWL HOME icon name="Model viewer" x=744 y=538
ZWL HOME icon name="Gears" x=888 y=538
ZWL HOME icon name="X terminal" x=1032 y=538
ZWL HOME icon name="Lock Screen" x=1176 y=538
ZWL HOME icon name="Log Out" x=1320 y=538
ZWL PERF 5001ms: passes=707 timeouts=70 | poll 32.5% work 67.2%
ZWL PERF compose frames=94 draw_ms=33.14 (acquire 0.04 submit+present 30.62) frame_ms=33.97
ZGEARS FPS run=gears frames=30800 fps=14.4
ZWL HOME close via=escape at_ms=2293735
ZWL FIRST_FRAME what=home-close frame=38862 request_ms=2293735 ms=35
ZWL HOME closed at_ms=2293985
ZWL GLASS moved surface=7 x=980 y=372
ZWL GLASS moved surface=7 x=880 y=332
ZWL PERF 5029ms: passes=686 timeouts=67 | poll 31.1% work 68.6%
ZWL PERF compose frames=81 draw_ms=39.65 (acquire 0.07 submit+present 36.80) frame_ms=40.52
ZWL WISEVIEW opening key at_ms=2298524
ZWL FIRST_FRAME what=wiseview-open frame=38937 request_ms=2298524 ms=41
ZWL WISEVIEW open windows=10 at_ms=2298755
ZWL WISEVIEW tile client=9 surface=7 x=83 y=86 width=380 height=253
ZWL WISEVIEW tile client=10 surface=1146 x=528 y=90 width=406 height=244
ZWL WISEVIEW tile client=10 surface=14 x=1036 y=90 width=305 height=244
ZWL WISEVIEW tile client=8 surface=7 x=1484 y=90 width=325 height=244
ZWL WISEVIEW tile client=7 surface=14 x=104 y=404 width=338 height=244
ZWL WISEVIEW tile client=6 surface=14 x=570 y=404 width=321 height=244
ZWL WISEVIEW tile client=5 surface=14 x=1012 y=404 width=353 height=244
ZWL WISEVIEW tile client=4 surface=8 x=1467 y=404 width=359 height=244
ZWL WISEVIEW tile client=3 surface=16 x=568 y=718 width=325 height=244
ZWL WISEVIEW tile client=2 surface=8 x=999 y=718 width=379 height=244
ZWL WISEVIEW close key at_ms=2300760
ZWL FIRST_FRAME what=wiseview-close frame=38991 request_ms=2300760 ms=37
ZGEARS FPS run=gears frames=30900 fps=13.7
ZWL WISEVIEW closed at_ms=2300960
ZWL HOME open via=launcher at_ms=2303096
ZWL FIRST_FRAME what=home-open frame=39028 request_ms=2303096 ms=32
ZWL PERF 5002ms: passes=702 timeouts=70 | poll 33.3% work 66.3%
ZWL PERF compose frames=99 draw_ms=31.13 (acquire 0.04 submit+present 29.18) frame_ms=31.92
ZWL HOME opened apps=12 pages=1 page=1 at_ms=2303380
ZWL HOME icon name="Files" x=600 y=386
ZWL HOME icon name="Notes" x=744 y=386
ZWL HOME icon name="Settings" x=888 y=386
ZWL HOME icon name="Terminal" x=1032 y=386
ZWL HOME icon name="PDF Viewer" x=1176 y=386
ZWL HOME icon name="Image Viewer" x=1320 y=386
ZWL HOME icon name="Browser" x=600 y=538
ZWL HOME icon name="Model viewer" x=744 y=538
ZWL HOME icon name="Gears" x=888 y=538
ZWL HOME icon name="X terminal" x=1032 y=538
ZWL HOME icon name="Lock Screen" x=1176 y=538
ZWL HOME icon name="Log Out" x=1320 y=538
ZWL HOME close via=escape at_ms=2305331
ZWL FIRST_FRAME what=home-close frame=39073 request_ms=2305331 ms=23
ZWL HOME closed at_ms=2305572
ZGEARS FPS run=gears frames=31000 fps=14.8
ZWL GLASS moved surface=7 x=980 y=372
ZWL PERF 5022ms: passes=656 timeouts=72 | poll 32.4% work 67.3%
ZWL PERF compose frames=86 draw_ms=36.56 (acquire 0.06 submit+present 33.39) frame_ms=37.32
ZWL GLASS moved surface=7 x=880 y=332
ZWL WISEVIEW opening key at_ms=2310131
ZWL FIRST_FRAME what=wiseview-open frame=39146 request_ms=2310132 ms=40
ZWL WISEVIEW open windows=10 at_ms=2310332
ZWL WISEVIEW tile client=9 surface=7 x=83 y=86 width=380 height=253
ZWL WISEVIEW tile client=10 surface=1146 x=528 y=90 width=406 height=244
ZWL WISEVIEW tile client=10 surface=14 x=1036 y=90 width=305 height=244
ZWL WISEVIEW tile client=8 surface=7 x=1484 y=90 width=325 height=244
ZWL WISEVIEW tile client=7 surface=14 x=104 y=404 width=338 height=244
ZWL WISEVIEW tile client=6 surface=14 x=570 y=404 width=321 height=244
ZWL WISEVIEW tile client=5 surface=14 x=1012 y=404 width=353 height=244
ZWL WISEVIEW tile client=4 surface=8 x=1467 y=404 width=359 height=244
ZWL WISEVIEW tile client=3 surface=16 x=568 y=718 width=325 height=244
ZWL WISEVIEW tile client=2 surface=8 x=999 y=718 width=379 height=244
ZWL WISEVIEW close key at_ms=2312347
ZWL FIRST_FRAME what=wiseview-close frame=39202 request_ms=2312347 ms=26
ZWL WISEVIEW closed at_ms=2312555
ZWL PERF 5011ms: passes=730 timeouts=68 | poll 32.5% work 67.2%
ZWL PERF compose frames=98 draw_ms=31.78 (acquire 0.04 submit+present 29.98) frame_ms=32.57
ZWL HOME open via=launcher at_ms=2314706
ZWL FIRST_FRAME what=home-open frame=39238 request_ms=2314707 ms=32
ZWL HOME opened apps=12 pages=1 page=1 at_ms=2315011
ZWL HOME icon name="Files" x=600 y=386
ZWL HOME icon name="Notes" x=744 y=386
ZWL HOME icon name="Settings" x=888 y=386
ZWL HOME icon name="Terminal" x=1032 y=386
ZWL HOME icon name="PDF Viewer" x=1176 y=386
ZWL HOME icon name="Image Viewer" x=1320 y=386
ZWL HOME icon name="Browser" x=600 y=538
ZWL HOME icon name="Model viewer" x=744 y=538
ZWL HOME icon name="Gears" x=888 y=538
ZWL HOME icon name="X terminal" x=1032 y=538
ZWL HOME icon name="Lock Screen" x=1176 y=538
ZWL HOME icon name="Log Out" x=1320 y=538
ZGEARS FPS run=gears frames=31100 fps=13.5
ZWL HOME close via=escape at_ms=2316960
ZWL FIRST_FRAME what=home-close frame=39283 request_ms=2316960 ms=34
ZWL HOME closed at_ms=2317200
ZWL PERF 5002ms: passes=724 timeouts=59 | poll 31.8% work 67.9%
ZWL PERF compose frames=88 draw_ms=36.03 (acquire 0.06 submit+present 33.02) frame_ms=36.76
ZWL GLASS moved surface=7 x=980 y=372
ZWL GLASS moved surface=7 x=880 y=332
ZGEARS FPS run=gears frames=31200 fps=15.1
ZWL WISEVIEW opening key at_ms=2321738
ZWL FIRST_FRAME what=wiseview-open frame=39359 request_ms=2321738 ms=34
ZWL WISEVIEW open windows=10 at_ms=2321946
ZWL WISEVIEW tile client=9 surface=7 x=83 y=86 width=380 height=253
ZWL WISEVIEW tile client=10 surface=1146 x=528 y=90 width=406 height=244
ZWL WISEVIEW tile client=10 surface=14 x=1036 y=90 width=305 height=244
ZWL WISEVIEW tile client=8 surface=7 x=1484 y=90 width=325 height=244
ZWL WISEVIEW tile client=7 surface=14 x=104 y=404 width=338 height=244
ZWL WISEVIEW tile client=6 surface=14 x=570 y=404 width=321 height=244
ZWL WISEVIEW tile client=5 surface=14 x=1012 y=404 width=353 height=244
ZWL WISEVIEW tile client=4 surface=8 x=1467 y=404 width=359 height=244
ZWL WISEVIEW tile client=3 surface=16 x=568 y=718 width=325 height=244
ZWL WISEVIEW tile client=2 surface=8 x=999 y=718 width=379 height=244
ZWL PERF 5002ms: passes=700 timeouts=69 | poll 32.3% work 67.3%
ZWL PERF compose frames=93 draw_ms=33.55 (acquire 0.04 submit+present 31.32) frame_ms=34.14
ZWL WISEVIEW close key at_ms=2323963
ZWL FIRST_FRAME what=wiseview-close frame=39414 request_ms=2323963 ms=26
ZWL WISEVIEW closed at_ms=2324168
ZWL HOME open via=launcher at_ms=2326326
ZWL FIRST_FRAME what=home-open frame=39453 request_ms=2326326 ms=49
ZWL HOME opened apps=12 pages=1 page=1 at_ms=2326608
ZWL HOME icon name="Files" x=600 y=386
ZWL HOME icon name="Notes" x=744 y=386
ZWL HOME icon name="Settings" x=888 y=386
ZWL HOME icon name="Terminal" x=1032 y=386
ZWL HOME icon name="PDF Viewer" x=1176 y=386
ZWL HOME icon name="Image Viewer" x=1320 y=386
ZWL HOME icon name="Browser" x=600 y=538
ZWL HOME icon name="Model viewer" x=744 y=538
ZWL HOME icon name="Gears" x=888 y=538
ZWL HOME icon name="X terminal" x=1032 y=538
ZWL HOME icon name="Lock Screen" x=1176 y=538
ZWL HOME icon name="Log Out" x=1320 y=538
ZWL PERF 5010ms: passes=671 timeouts=62 | poll 31.7% work 68.0%
ZWL PERF compose frames=94 draw_ms=33.77 (acquire 0.05 submit+present 31.07) frame_ms=34.72
ZGEARS FPS run=gears frames=31300 fps=14.8
ZWL HOME close via=escape at_ms=2328562
ZWL FIRST_FRAME what=home-close frame=39496 request_ms=2328562 ms=34
ZWL HOME closed at_ms=2328809
ZWL GLASS moved surface=7 x=980 y=372
ZWL GLASS moved surface=7 x=880 y=332
ZWL WISEVIEW opening key at_ms=2333365
ZWL FIRST_FRAME what=wiseview-open frame=39571 request_ms=2333365 ms=38
ZWL PERF 5001ms: passes=667 timeouts=65 | poll 31.7% work 67.9%
ZWL PERF compose frames=79 draw_ms=39.89 (acquire 0.05 submit+present 37.19) frame_ms=40.46
ZWL WISEVIEW open windows=10 at_ms=2333582
ZWL WISEVIEW tile client=9 surface=7 x=83 y=86 width=380 height=253
ZWL WISEVIEW tile client=10 surface=1146 x=528 y=90 width=406 height=244
ZWL WISEVIEW tile client=10 surface=14 x=1036 y=90 width=305 height=244
ZWL WISEVIEW tile client=8 surface=7 x=1484 y=90 width=325 height=244
ZWL WISEVIEW tile client=7 surface=14 x=104 y=404 width=338 height=244
ZWL WISEVIEW tile client=6 surface=14 x=570 y=404 width=321 height=244
ZWL WISEVIEW tile client=5 surface=14 x=1012 y=404 width=353 height=244
ZWL WISEVIEW tile client=4 surface=8 x=1467 y=404 width=359 height=244
ZWL WISEVIEW tile client=3 surface=16 x=568 y=718 width=325 height=244
ZWL WISEVIEW tile client=2 surface=8 x=999 y=718 width=379 height=244
ZWL WISEVIEW close key at_ms=2335595
ZWL FIRST_FRAME what=wiseview-close frame=39627 request_ms=2335595 ms=24
ZWL WISEVIEW closed at_ms=2335795
ZGEARS FPS run=gears frames=31400 fps=13.6
ZWL HOME open via=launcher at_ms=2337944
ZWL FIRST_FRAME what=home-open frame=39666 request_ms=2337944 ms=49
ZWL HOME opened apps=12 pages=1 page=1 at_ms=2338224
ZWL HOME icon name="Files" x=600 y=386
ZWL HOME icon name="Notes" x=744 y=386
ZWL HOME icon name="Settings" x=888 y=386
ZWL HOME icon name="Terminal" x=1032 y=386
ZWL HOME icon name="PDF Viewer" x=1176 y=386
ZWL HOME icon name="Image Viewer" x=1320 y=386
ZWL HOME icon name="Browser" x=600 y=538
ZWL HOME icon name="Model viewer" x=744 y=538
ZWL HOME icon name="Gears" x=888 y=538
ZWL HOME icon name="X terminal" x=1032 y=538
ZWL HOME icon name="Lock Screen" x=1176 y=538
ZWL HOME icon name="Log Out" x=1320 y=538
ZWL PERF 5031ms: passes=679 timeouts=72 | poll 32.4% work 67.3%
ZWL PERF compose frames=104 draw_ms=30.17 (acquire 0.05 submit+present 28.07) frame_ms=31.22
ZWL HOME close via=escape at_ms=2340184
ZWL FIRST_FRAME what=home-close frame=39713 request_ms=2340184 ms=37
ZWL HOME closed at_ms=2340424
ZGEARS FPS run=gears frames=31500 fps=14.8
ZWL GLASS moved surface=7 x=980 y=372
ZWL PERF 5001ms: passes=711 timeouts=62 | poll 32.1% work 67.6%
ZWL PERF compose frames=88 draw_ms=35.73 (acquire 0.06 submit+present 32.44) frame_ms=36.53
ZWL GLASS moved surface=7 x=880 y=332
ZWL WISEVIEW opening key at_ms=2344928
ZWL FIRST_FRAME what=wiseview-open frame=39786 request_ms=2344928 ms=36
ZWL WISEVIEW open windows=10 at_ms=2345129
ZWL WISEVIEW tile client=9 surface=7 x=83 y=86 width=380 height=253
ZWL WISEVIEW tile client=10 surface=1146 x=528 y=90 width=406 height=244
ZWL WISEVIEW tile client=10 surface=14 x=1036 y=90 width=305 height=244
ZWL WISEVIEW tile client=8 surface=7 x=1484 y=90 width=325 height=244
ZWL WISEVIEW tile client=7 surface=14 x=104 y=404 width=338 height=244
ZWL WISEVIEW tile client=6 surface=14 x=570 y=404 width=321 height=244
ZWL WISEVIEW tile client=5 surface=14 x=1012 y=404 width=353 height=244
ZWL WISEVIEW tile client=4 surface=8 x=1467 y=404 width=359 height=244
ZWL WISEVIEW tile client=3 surface=16 x=568 y=718 width=325 height=244
ZWL WISEVIEW tile client=2 surface=8 x=999 y=718 width=379 height=244
ZWL WISEVIEW close key at_ms=2347180
ZWL FIRST_FRAME what=wiseview-close frame=39844 request_ms=2347180 ms=23
ZWL WISEVIEW closed at_ms=2347419
ZWL PERF 5024ms: passes=670 timeouts=75 | poll 32.4% work 67.2%
ZWL PERF compose frames=101 draw_ms=31.16 (acquire 0.04 submit+present 29.37) frame_ms=31.89
ZWL HOME open via=launcher at_ms=2349512
ZWL FIRST_FRAME what=home-open frame=39880 request_ms=2349513 ms=32
ZWL HOME opened apps=12 pages=1 page=1 at_ms=2349810
ZWL HOME icon name="Files" x=600 y=386
ZWL HOME icon name="Notes" x=744 y=386
ZWL HOME icon name="Settings" x=888 y=386
ZWL HOME icon name="Terminal" x=1032 y=386
ZWL HOME icon name="PDF Viewer" x=1176 y=386
ZWL HOME icon name="Image Viewer" x=1320 y=386
ZWL HOME icon name="Browser" x=600 y=538
ZWL HOME icon name="Model viewer" x=744 y=538
ZWL HOME icon name="Gears" x=888 y=538
ZWL HOME icon name="X terminal" x=1032 y=538
ZWL HOME icon name="Lock Screen" x=1176 y=538
ZWL HOME icon name="Log Out" x=1320 y=538
ZGEARS FPS run=gears frames=31600 fps=13.8
ZWL HOME close via=escape at_ms=2351754
ZWL FIRST_FRAME what=home-close frame=39924 request_ms=2351754 ms=35
ZWL HOME closed at_ms=2351996
ZWL PERF 5000ms: passes=709 timeouts=74 | poll 32.3% work 67.3%
ZWL PERF compose frames=85 draw_ms=36.76 (acquire 0.04 submit+present 33.89) frame_ms=37.54
ZWL GLASS moved surface=7 x=980 y=372
ZWL GLASS moved surface=7 x=880 y=332
ZWL WISEVIEW opening key at_ms=2356556
ZWL FIRST_FRAME what=wiseview-open frame=40000 request_ms=2356556 ms=38
ZWL WISEVIEW open windows=10 at_ms=2356766
ZWL WISEVIEW tile client=9 surface=7 x=83 y=86 width=380 height=253
ZWL WISEVIEW tile client=10 surface=1146 x=528 y=90 width=406 height=244
ZWL WISEVIEW tile client=10 surface=14 x=1036 y=90 width=305 height=244
ZWL WISEVIEW tile client=8 surface=7 x=1484 y=90 width=325 height=244
ZWL WISEVIEW tile client=7 surface=14 x=104 y=404 width=338 height=244
ZWL WISEVIEW tile client=6 surface=14 x=570 y=404 width=321 height=244
ZWL WISEVIEW tile client=5 surface=14 x=1012 y=404 width=353 height=244
ZWL WISEVIEW tile client=4 surface=8 x=1467 y=404 width=359 height=244
ZWL WISEVIEW tile client=3 surface=16 x=568 y=718 width=325 height=244
ZWL WISEVIEW tile client=2 surface=8 x=999 y=718 width=379 height=244
ZGEARS FPS run=gears frames=31700 fps=14.4
ZWL PERF 5003ms: passes=670 timeouts=68 | poll 31.2% work 68.4%
ZWL PERF compose frames=99 draw_ms=32.12 (acquire 0.05 submit+present 30.00) frame_ms=32.91
ZWL WISEVIEW close key at_ms=2358790
ZWL FIRST_FRAME what=wiseview-close frame=40058 request_ms=2358790 ms=19
ZWL WISEVIEW closed at_ms=2358996
ZWL HOME open via=launcher at_ms=2361182
ZWL FIRST_FRAME what=home-open frame=40096 request_ms=2361182 ms=54
ZWL HOME opened apps=12 pages=1 page=1 at_ms=2361464
ZWL HOME icon name="Files" x=600 y=386
ZWL HOME icon name="Notes" x=744 y=386
ZWL HOME icon name="Settings" x=888 y=386
ZWL HOME icon name="Terminal" x=1032 y=386
ZWL HOME icon name="PDF Viewer" x=1176 y=386
ZWL HOME icon name="Image Viewer" x=1320 y=386
ZWL HOME icon name="Browser" x=600 y=538
ZWL HOME icon name="Model viewer" x=744 y=538
ZWL HOME icon name="Gears" x=888 y=538
ZWL HOME icon name="X terminal" x=1032 y=538
ZWL HOME icon name="Lock Screen" x=1176 y=538
ZWL HOME icon name="Log Out" x=1320 y=538
ZWL HOME close via=escape at_ms=2363414
ZGEARS FPS run=gears frames=31800 fps=15.1
ZWL FIRST_FRAME what=home-close frame=40139 request_ms=2363414 ms=28
ZWL PERF 5030ms: passes=671 timeouts=72 | poll 31.7% work 68.0%
ZWL PERF compose frames=92 draw_ms=34.60 (acquire 0.04 submit+present 31.31) frame_ms=35.34
ZWL HOME closed at_ms=2363672
ZWL GLASS moved surface=7 x=980 y=372
ZWL GLASS moved surface=7 x=880 y=332
ZWL WISEVIEW opening key at_ms=2368171
ZWL FIRST_FRAME what=wiseview-open frame=40213 request_ms=2368171 ms=37
ZWL WISEVIEW open windows=10 at_ms=2368375
ZWL WISEVIEW tile client=9 surface=7 x=83 y=86 width=380 height=253
ZWL WISEVIEW tile client=10 surface=1146 x=528 y=90 width=406 height=244
ZWL WISEVIEW tile client=10 surface=14 x=1036 y=90 width=305 height=244
ZWL WISEVIEW tile client=8 surface=7 x=1484 y=90 width=325 height=244
ZWL WISEVIEW tile client=7 surface=14 x=104 y=404 width=338 height=244
ZWL WISEVIEW tile client=6 surface=14 x=570 y=404 width=321 height=244
ZWL WISEVIEW tile client=5 surface=14 x=1012 y=404 width=353 height=244
ZWL WISEVIEW tile client=4 surface=8 x=1467 y=404 width=359 height=244
ZWL WISEVIEW tile client=3 surface=16 x=568 y=718 width=325 height=244
ZWL WISEVIEW tile client=2 surface=8 x=999 y=718 width=379 height=244
ZWL PERF 5000ms: passes=683 timeouts=65 | poll 31.5% work 68.2%
ZWL PERF compose frames=78 draw_ms=40.59 (acquire 0.06 submit+present 38.04) frame_ms=41.45
ZWL WISEVIEW close key at_ms=2370453
ZWL FIRST_FRAME what=wiseview-close frame=40269 request_ms=2370453 ms=26
ZWL WISEVIEW closed at_ms=2370681
ZGEARS FPS run=gears frames=31900 fps=13.7
ZWL HOME open via=launcher at_ms=2372788
ZWL FIRST_FRAME what=home-open frame=40306 request_ms=2372788 ms=51
ZWL HOME opened apps=12 pages=1 page=1 at_ms=2373072
ZWL HOME icon name="Files" x=600 y=386
ZWL HOME icon name="Notes" x=744 y=386
ZWL HOME icon name="Settings" x=888 y=386
ZWL HOME icon name="Terminal" x=1032 y=386
ZWL HOME icon name="PDF Viewer" x=1176 y=386
ZWL HOME icon name="Image Viewer" x=1320 y=386
ZWL HOME icon name="Browser" x=600 y=538
ZWL HOME icon name="Model viewer" x=744 y=538
ZWL HOME icon name="Gears" x=888 y=538
ZWL HOME icon name="X terminal" x=1032 y=538
ZWL HOME icon name="Lock Screen" x=1176 y=538
ZWL HOME icon name="Log Out" x=1320 y=538
ZWL PERF 5000ms: passes=724 timeouts=59 | poll 31.5% work 68.1%
ZWL PERF compose frames=100 draw_ms=31.47 (acquire 0.04 submit+present 29.42) frame_ms=32.32
ZWL HOME close via=escape at_ms=2374984
ZWL FIRST_FRAME what=home-close frame=40347 request_ms=2374984 ms=31
ZWL HOME closed at_ms=2375225
ZGEARS FPS run=gears frames=32000 fps=14.4
ZWL GLASS moved surface=7 x=980 y=372
ZWL PERF 5003ms: passes=701 timeouts=65 | poll 32.1% work 67.6%
ZWL PERF compose frames=83 draw_ms=37.75 (acquire 0.06 submit+present 34.91) frame_ms=38.53
ZWL GLASS moved surface=7 x=880 y=332
ZWL WISEVIEW opening key at_ms=2379797
ZWL FIRST_FRAME what=wiseview-open frame=40422 request_ms=2379797 ms=37
ZWL WISEVIEW open windows=10 at_ms=2379998
ZWL WISEVIEW tile client=9 surface=7 x=83 y=86 width=380 height=253
ZWL WISEVIEW tile client=10 surface=1146 x=528 y=90 width=406 height=244
ZWL WISEVIEW tile client=10 surface=14 x=1036 y=90 width=305 height=244
ZWL WISEVIEW tile client=8 surface=7 x=1484 y=90 width=325 height=244
ZWL WISEVIEW tile client=7 surface=14 x=104 y=404 width=338 height=244
ZWL WISEVIEW tile client=6 surface=14 x=570 y=404 width=321 height=244
ZWL WISEVIEW tile client=5 surface=14 x=1012 y=404 width=353 height=244
ZWL WISEVIEW tile client=4 surface=8 x=1467 y=404 width=359 height=244
ZWL WISEVIEW tile client=3 surface=16 x=568 y=718 width=325 height=244
ZWL WISEVIEW tile client=2 surface=8 x=999 y=718 width=379 height=244
ZWL WISEVIEW close key at_ms=2382037
ZWL FIRST_FRAME what=wiseview-close frame=40478 request_ms=2382037 ms=27
ZWL WISEVIEW closed at_ms=2382272
ZWL PERF 5000ms: passes=706 timeouts=74 | poll 32.8% work 66.9%
ZWL PERF compose frames=100 draw_ms=30.97 (acquire 0.05 submit+present 29.11) frame_ms=31.79
ZWL HOME open via=launcher at_ms=2384425
ZWL FIRST_FRAME what=home-open frame=40517 request_ms=2384425 ms=51
ZWL HOME opened apps=12 pages=1 page=1 at_ms=2384729
ZWL HOME icon name="Files" x=600 y=386
ZWL HOME icon name="Notes" x=744 y=386
ZWL HOME icon name="Settings" x=888 y=386
ZWL HOME icon name="Terminal" x=1032 y=386
ZWL HOME icon name="PDF Viewer" x=1176 y=386
ZWL HOME icon name="Image Viewer" x=1320 y=386
ZWL HOME icon name="Browser" x=600 y=538
ZWL HOME icon name="Model viewer" x=744 y=538
ZWL HOME icon name="Gears" x=888 y=538
ZWL HOME icon name="X terminal" x=1032 y=538
ZWL HOME icon name="Lock Screen" x=1176 y=538
ZWL HOME icon name="Log Out" x=1320 y=538
ZGEARS FPS run=gears frames=32100 fps=13.5
ZWL HOME close via=escape at_ms=2386623
ZWL FIRST_FRAME what=home-close frame=40560 request_ms=2386623 ms=43
ZWL HOME closed at_ms=2386881
ZWL PERF 5001ms: passes=704 timeouts=70 | poll 31.9% work 67.8%
ZWL PERF compose frames=87 draw_ms=36.25 (acquire 0.06 submit+present 33.06) frame_ms=37.07
ZWL GLASS moved surface=7 x=980 y=372
ZWL GLASS moved surface=7 x=880 y=332
ZWL HOME open via=launcher at_ms=2391534
ZWL FIRST_FRAME what=home-open frame=40638 request_ms=2391534 ms=51
ZWL HOME opened apps=12 pages=1 page=1 at_ms=2391848
ZWL HOME icon name="Files" x=600 y=386
ZWL HOME icon name="Notes" x=744 y=386
ZWL HOME icon name="Settings" x=888 y=386
ZWL HOME icon name="Terminal" x=1032 y=386
ZWL HOME icon name="PDF Viewer" x=1176 y=386
ZWL HOME icon name="Image Viewer" x=1320 y=386
ZWL HOME icon name="Browser" x=600 y=538
ZWL HOME icon name="Model viewer" x=744 y=538
ZWL HOME icon name="Gears" x=888 y=538
ZWL HOME icon name="X terminal" x=1032 y=538
ZWL HOME icon name="Lock Screen" x=1176 y=538
ZWL HOME icon name="Log Out" x=1320 y=538
ZGEARS FPS run=gears frames=32200 fps=14.1
ZWL HOME launch name=Terminal pid=86
ZWL HOME close via=launch at_ms=2393191
ZWL FIRST_FRAME what=home-close frame=40670 request_ms=2393191 ms=47
ZWL CLIENT client=28 fd=25
ZWL INSET create client=28 inset=20 toplevel=16
ZWL EDIT create client=28 edit=24 toplevel=16
ZWL BOUNDS client=28 surface=14 width=1896 height=970
ZWL CONFIGURE client=28 surface=14 serial=1106 width=0 height=0 fullscreen=0
ZWL SEAT client=28 pointer=1 keyboard=0 touch=0
ZWL SEAT client=28 pointer=1 keyboard=1 touch=0
ZWL IMPORT client=28 buffer=37 width=916 height=632 bytes=2318336
ZWL IMPORT client=28 buffer=38 width=916 height=632 bytes=2318336
ZWL IMPORT client=28 buffer=39 width=916 height=632 bytes=2318336
ZTERM MENU state selection=0 clipboard=0 pixels=16 fullscreen=0
ZWL MENU commit client=28 menu=43 serial=1 items=30 generation=1
ZWL MENU set client=28 place=44 menu=43
ZWL MENU commit client=28 menu=43 serial=2 items=30 generation=2
ZTERM MENU ready items=30
ZTERM TAB active id=1
ZTERM TAB new run=term id=1 count=1
ZTERM START run=term columns=90 rows=28 cell=10x22 window=916x632
ZWL TITLEBAR create client=28 titlebar=48 toplevel=16
ZTERM TABS count=1 active=1 mode=0
ZTERM TITLE tab=1 title=Terminal
ZWL EDIT state client=28 edit=24 actions=0xff flags=0xd
ZWL TITLEBAR commit client=28 titlebar=48 serial=1 mode=0 controls=0 tabs=1 generation=1
ZWL MAP client=28 surface=14 x=348 y=420
ZWL HOME launched waited_ms=207 at_ms=2393398
ZWL GLASS launch surface=14 from=996,350 to=348,420 size=916x632
ZTERM CLIPBOARD selection text=0
ZTERM PRIMARY offer text=0
ZWL HOME closed at_ms=2393477
ZWL PERF 5034ms: passes=690 timeouts=61 | poll 30.5% work 69.1%
ZWL PERF compose frames=86 draw_ms=37.34 (acquire 0.05 submit+present 34.37) frame_ms=38.15
ZWL MENU bar client=28 surface=14 where=floating item=1 offset=127 top=368 width=55 height=44
ZWL MENU bar client=28 surface=14 where=floating item=2 offset=184 top=368 width=47 height=44
ZWL MENU bar client=28 surface=14 where=floating item=3 offset=233 top=368 width=55 height=44
ZWL MENU bar client=28 surface=14 where=floating item=4 offset=290 top=368 width=76 height=44
ZWL MENU bar client=28 surface=14 where=floating item=5 offset=368 top=368 width=53 height=44
ZWL PERF 5000ms: passes=646 timeouts=60 | poll 31.4% work 68.3%
ZWL PERF compose frames=72 draw_ms=44.01 (acquire 0.05 submit+present 40.87) frame_ms=44.81
ZGEARS FPS run=gears frames=32300 fps=13.5
ZTERM TAB closed run=term id=1 count=0
ZTERM DONE run=term reason=shell-exited
ZWL CLIENT gone client=28 reason=flush
ZWL CLEANUP client=28 objects=35 unread_fds=0
ZWL HOME ended pid=86 status=0
ZWL PERF 5003ms: passes=671 timeouts=64 | poll 31.5% work 68.0%
ZWL PERF compose frames=75 draw_ms=41.89 (acquire 0.06 submit+present 39.06) frame_ms=42.69
ZWL WISEVIEW opening key at_ms=2403791
ZWL FIRST_FRAME what=wiseview-open frame=40826 request_ms=2403791 ms=49
ZWL WISEVIEW open windows=10 at_ms=2403996
ZWL WISEVIEW tile client=9 surface=7 x=83 y=86 width=380 height=253
ZWL WISEVIEW tile client=10 surface=1146 x=528 y=90 width=406 height=244
ZWL WISEVIEW tile client=10 surface=14 x=1036 y=90 width=305 height=244
ZWL WISEVIEW tile client=8 surface=7 x=1484 y=90 width=325 height=244
ZWL WISEVIEW tile client=7 surface=14 x=104 y=404 width=338 height=244
ZWL WISEVIEW tile client=6 surface=14 x=570 y=404 width=321 height=244
ZWL WISEVIEW tile client=5 surface=14 x=1012 y=404 width=353 height=244
ZWL WISEVIEW tile client=4 surface=8 x=1467 y=404 width=359 height=244
ZWL WISEVIEW tile client=3 surface=16 x=568 y=718 width=325 height=244
ZWL WISEVIEW tile client=2 surface=8 x=999 y=718 width=379 height=244
ZWL WISEVIEW close key at_ms=2405980
ZWL FIRST_FRAME what=wiseview-close frame=40882 request_ms=2405980 ms=22
ZWL WISEVIEW closed at_ms=2406182
ZGEARS FPS run=gears frames=32400 fps=13.5
ZWL HOME open via=launcher at_ms=2408342
ZWL FIRST_FRAME what=home-open frame=40920 request_ms=2408342 ms=60
ZWL PERF 5003ms: passes=723 timeouts=69 | poll 32.0% work 67.7%
ZWL PERF compose frames=101 draw_ms=31.02 (acquire 0.04 submit+present 29.07) frame_ms=31.87
ZWL HOME opened apps=12 pages=1 page=1 at_ms=2408627
ZWL HOME icon name="Files" x=600 y=386
ZWL HOME icon name="Notes" x=744 y=386
ZWL HOME icon name="Settings" x=888 y=386
ZWL HOME icon name="Terminal" x=1032 y=386
ZWL HOME icon name="PDF Viewer" x=1176 y=386
ZWL HOME icon name="Image Viewer" x=1320 y=386
ZWL HOME icon name="Browser" x=600 y=538
ZWL HOME icon name="Model viewer" x=744 y=538
ZWL HOME icon name="Gears" x=888 y=538
ZWL HOME icon name="X terminal" x=1032 y=538
ZWL HOME icon name="Lock Screen" x=1176 y=538
ZWL HOME icon name="Log Out" x=1320 y=538
ZWL HOME close via=escape at_ms=2410573
ZWL FIRST_FRAME what=home-close frame=40966 request_ms=2410574 ms=32
ZWL HOME closed at_ms=2410857
ZWL GLASS moved surface=7 x=980 y=372
ZWL PERF 5016ms: passes=743 timeouts=66 | poll 32.2% work 67.4%
ZWL PERF compose frames=89 draw_ms=35.37 (acquire 0.04 submit+present 32.43) frame_ms=36.14
ZGEARS FPS run=gears frames=32500 fps=14.7
ZWL GLASS moved surface=7 x=880 y=332
ZWL WISEVIEW opening key at_ms=2415335
ZWL FIRST_FRAME what=wiseview-open frame=41038 request_ms=2415335 ms=49
ZWL WISEVIEW open windows=10 at_ms=2415540
ZWL WISEVIEW tile client=9 surface=7 x=83 y=86 width=380 height=253
ZWL WISEVIEW tile client=10 surface=1146 x=528 y=90 width=406 height=244
ZWL WISEVIEW tile client=10 surface=14 x=1036 y=90 width=305 height=244
ZWL WISEVIEW tile client=8 surface=7 x=1484 y=90 width=325 height=244
ZWL WISEVIEW tile client=7 surface=14 x=104 y=404 width=338 height=244
ZWL WISEVIEW tile client=6 surface=14 x=570 y=404 width=321 height=244
ZWL WISEVIEW tile client=5 surface=14 x=1012 y=404 width=353 height=244
ZWL WISEVIEW tile client=4 surface=8 x=1467 y=404 width=359 height=244
ZWL WISEVIEW tile client=3 surface=16 x=568 y=718 width=325 height=244
ZWL WISEVIEW tile client=2 surface=8 x=999 y=718 width=379 height=244
ZWL WISEVIEW close key at_ms=2417570
ZWL FIRST_FRAME what=wiseview-close frame=41096 request_ms=2417570 ms=24
ZWL WISEVIEW closed at_ms=2417796
ZWL PERF 5012ms: passes=713 timeouts=66 | poll 32.2% work 67.4%
ZWL PERF compose frames=101 draw_ms=30.93 (acquire 0.05 submit+present 29.05) frame_ms=31.74
ZWL HOME open via=launcher at_ms=2419926
ZWL FIRST_FRAME what=home-open frame=41134 request_ms=2419927 ms=47
ZWL HOME opened apps=12 pages=1 page=1 at_ms=2420207
ZWL HOME icon name="Files" x=600 y=386
ZWL HOME icon name="Notes" x=744 y=386
ZWL HOME icon name="Settings" x=888 y=386
ZWL HOME icon name="Terminal" x=1032 y=386
ZWL HOME icon name="PDF Viewer" x=1176 y=386
ZWL HOME icon name="Image Viewer" x=1320 y=386
ZWL HOME icon name="Browser" x=600 y=538
ZWL HOME icon name="Model viewer" x=744 y=538
ZWL HOME icon name="Gears" x=888 y=538
ZWL HOME icon name="X terminal" x=1032 y=538
ZWL HOME icon name="Lock Screen" x=1176 y=538
ZWL HOME icon name="Log Out" x=1320 y=538
ZGEARS FPS run=gears frames=32600 fps=13.9
ZWL HOME close via=escape at_ms=2422143
ZWL FIRST_FRAME what=home-close frame=41176 request_ms=2422143 ms=34
ZWL HOME closed at_ms=2422388
ZWL PERF 5063ms: passes=690 timeouts=74 | poll 32.7% work 66.9%
ZWL PERF compose frames=86 draw_ms=36.75 (acquire 0.04 submit+present 33.79) frame_ms=37.55
ZWL GLASS moved surface=7 x=980 y=372
ZWL GLASS moved surface=7 x=880 y=332
ZWL WISEVIEW opening key at_ms=2426934
ZWL FIRST_FRAME what=wiseview-open frame=41251 request_ms=2426934 ms=41
ZWL WISEVIEW open windows=10 at_ms=2427160
ZWL WISEVIEW tile client=9 surface=7 x=83 y=86 width=380 height=253
ZWL WISEVIEW tile client=10 surface=1146 x=528 y=90 width=406 height=244
ZWL WISEVIEW tile client=10 surface=14 x=1036 y=90 width=305 height=244
ZWL WISEVIEW tile client=8 surface=7 x=1484 y=90 width=325 height=244
ZWL WISEVIEW tile client=7 surface=14 x=104 y=404 width=338 height=244
ZWL WISEVIEW tile client=6 surface=14 x=570 y=404 width=321 height=244
ZWL WISEVIEW tile client=5 surface=14 x=1012 y=404 width=353 height=244
ZWL WISEVIEW tile client=4 surface=8 x=1467 y=404 width=359 height=244
ZWL WISEVIEW tile client=3 surface=16 x=568 y=718 width=325 height=244
ZWL WISEVIEW tile client=2 surface=8 x=999 y=718 width=379 height=244
ZGEARS FPS run=gears frames=32700 fps=14.5
ZWL PERF 5002ms: passes=682 timeouts=67 | poll 32.0% work 67.7%
ZWL PERF compose frames=95 draw_ms=32.99 (acquire 0.06 submit+present 30.81) frame_ms=33.84
ZWL WISEVIEW close key at_ms=2429181
ZWL FIRST_FRAME what=wiseview-close frame=41309 request_ms=2429181 ms=24
ZWL WISEVIEW closed at_ms=2429390
ZWL HOME open via=launcher at_ms=2431536
ZWL FIRST_FRAME what=home-open frame=41347 request_ms=2431536 ms=47
ZWL HOME opened apps=12 pages=1 page=1 at_ms=2431833
ZWL HOME icon name="Files" x=600 y=386
ZWL HOME icon name="Notes" x=744 y=386
ZWL HOME icon name="Settings" x=888 y=386
ZWL HOME icon name="Terminal" x=1032 y=386
ZWL HOME icon name="PDF Viewer" x=1176 y=386
ZWL HOME icon name="Image Viewer" x=1320 y=386
ZWL HOME icon name="Browser" x=600 y=538
ZWL HOME icon name="Model viewer" x=744 y=538
ZWL HOME icon name="Gears" x=888 y=538
ZWL HOME icon name="X terminal" x=1032 y=538
ZWL HOME icon name="Lock Screen" x=1176 y=538
ZWL HOME icon name="Log Out" x=1320 y=538
ZWL PERF 5001ms: passes=674 timeouts=64 | poll 32.3% work 67.4%
ZWL PERF compose frames=94 draw_ms=33.38 (acquire 0.05 submit+present 30.52) frame_ms=34.15
ZWL HOME close via=escape at_ms=2433795
ZWL FIRST_FRAME what=home-close frame=41391 request_ms=2433795 ms=29
ZWL HOME closed at_ms=2434050
ZGEARS FPS run=gears frames=32800 fps=14.9
ZWL GLASS moved surface=7 x=980 y=372
ZWL GLASS moved surface=7 x=880 y=332
ZWL WISEVIEW opening key at_ms=2438593
ZWL FIRST_FRAME what=wiseview-open frame=41466 request_ms=2438593 ms=38
ZWL PERF 5000ms: passes=682 timeouts=66 | poll 31.2% work 68.5%
ZWL PERF compose frames=79 draw_ms=40.40 (acquire 0.05 submit+present 37.62) frame_ms=41.23
ZWL WISEVIEW open windows=10 at_ms=2438793
ZWL WISEVIEW tile client=9 surface=7 x=83 y=86 width=380 height=253
ZWL WISEVIEW tile client=10 surface=1146 x=528 y=90 width=406 height=244
ZWL WISEVIEW tile client=10 surface=14 x=1036 y=90 width=305 height=244
ZWL WISEVIEW tile client=8 surface=7 x=1484 y=90 width=325 height=244
ZWL WISEVIEW tile client=7 surface=14 x=104 y=404 width=338 height=244
ZWL WISEVIEW tile client=6 surface=14 x=570 y=404 width=321 height=244
ZWL WISEVIEW tile client=5 surface=14 x=1012 y=404 width=353 height=244
ZWL WISEVIEW tile client=4 surface=8 x=1467 y=404 width=359 height=244
ZWL WISEVIEW tile client=3 surface=16 x=568 y=718 width=325 height=244
ZWL WISEVIEW tile client=2 surface=8 x=999 y=718 width=379 height=244
ZWL WISEVIEW close key at_ms=2440799
ZWL FIRST_FRAME what=wiseview-close frame=41525 request_ms=2440799 ms=25
ZWL WISEVIEW closed at_ms=2441009
ZGEARS FPS run=gears frames=32900 fps=13.6
ZWL HOME open via=launcher at_ms=2443159
ZWL FIRST_FRAME what=home-open frame=41564 request_ms=2443159 ms=50
ZWL HOME opened apps=12 pages=1 page=1 at_ms=2443461
ZWL HOME icon name="Files" x=600 y=386
ZWL HOME icon name="Notes" x=744 y=386
ZWL HOME icon name="Settings" x=888 y=386
ZWL HOME icon name="Terminal" x=1032 y=386
ZWL HOME icon name="PDF Viewer" x=1176 y=386
ZWL HOME icon name="Image Viewer" x=1320 y=386
ZWL HOME icon name="Browser" x=600 y=538
ZWL HOME icon name="Model viewer" x=744 y=538
ZWL HOME icon name="Gears" x=888 y=538
ZWL HOME icon name="X terminal" x=1032 y=538
ZWL HOME icon name="Lock Screen" x=1176 y=538
ZWL HOME icon name="Log Out" x=1320 y=538
ZWL PERF 5007ms: passes=693 timeouts=66 | poll 31.7% work 68.0%
ZWL PERF compose frames=106 draw_ms=29.60 (acquire 0.05 submit+present 27.48) frame_ms=30.44
ZWL HOME close via=escape at_ms=2445390
ZWL FIRST_FRAME what=home-close frame=41607 request_ms=2445390 ms=29
ZWL HOME closed at_ms=2445631
ZWL GLASS moved surface=7 x=980 y=372
ZGEARS FPS run=gears frames=33000 fps=14.9
ZWL PERF 5036ms: passes=699 timeouts=73 | poll 31.8% work 67.9%
ZWL PERF compose frames=85 draw_ms=37.26 (acquire 0.04 submit+present 34.37) frame_ms=38.11
ZWL GLASS moved surface=7 x=880 y=332
ZWL WISEVIEW opening key at_ms=2450154
ZWL FIRST_FRAME what=wiseview-open frame=41681 request_ms=2450154 ms=45
ZWL WISEVIEW open windows=10 at_ms=2450355
ZWL WISEVIEW tile client=9 surface=7 x=83 y=86 width=380 height=253
ZWL WISEVIEW tile client=10 surface=1146 x=528 y=90 width=406 height=244
ZWL WISEVIEW tile client=10 surface=14 x=1036 y=90 width=305 height=244
ZWL WISEVIEW tile client=8 surface=7 x=1484 y=90 width=325 height=244
ZWL WISEVIEW tile client=7 surface=14 x=104 y=404 width=338 height=244
ZWL WISEVIEW tile client=6 surface=14 x=570 y=404 width=321 height=244
ZWL WISEVIEW tile client=5 surface=14 x=1012 y=404 width=353 height=244
ZWL WISEVIEW tile client=4 surface=8 x=1467 y=404 width=359 height=244
ZWL WISEVIEW tile client=3 surface=16 x=568 y=718 width=325 height=244
ZWL WISEVIEW tile client=2 surface=8 x=999 y=718 width=379 height=244
ZWL WISEVIEW close key at_ms=2452400
ZWL FIRST_FRAME what=wiseview-close frame=41736 request_ms=2452400 ms=38
ZWL WISEVIEW closed at_ms=2452604
ZWL PERF 5009ms: passes=722 timeouts=71 | poll 32.8% work 66.7%
ZWL PERF compose frames=98 draw_ms=31.50 (acquire 0.04 submit+present 29.63) frame_ms=32.40
ZWL HOME open via=launcher at_ms=2454748
ZWL FIRST_FRAME what=home-open frame=41773 request_ms=2454748 ms=52
ZWL HOME opened apps=12 pages=1 page=1 at_ms=2455030
ZWL HOME icon name="Files" x=600 y=386
ZWL HOME icon name="Notes" x=744 y=386
ZWL HOME icon name="Settings" x=888 y=386
ZWL HOME icon name="Terminal" x=1032 y=386
ZWL HOME icon name="PDF Viewer" x=1176 y=386
ZWL HOME icon name="Image Viewer" x=1320 y=386
ZWL HOME icon name="Browser" x=600 y=538
ZWL HOME icon name="Model viewer" x=744 y=538
ZWL HOME icon name="Gears" x=888 y=538
ZWL HOME icon name="X terminal" x=1032 y=538
ZWL HOME icon name="Lock Screen" x=1176 y=538
ZWL HOME icon name="Log Out" x=1320 y=538
ZGEARS FPS run=gears frames=33100 fps=14.0
ZWL HOME close via=escape at_ms=2457004
ZWL FIRST_FRAME what=home-close frame=41817 request_ms=2457004 ms=32
ZWL HOME closed at_ms=2457245
ZWL PERF 5047ms: passes=699 timeouts=64 | poll 31.9% work 67.8%
ZWL PERF compose frames=88 draw_ms=36.21 (acquire 0.04 submit+present 32.82) frame_ms=37.05
ZWL GLASS moved surface=7 x=980 y=372
ZWL GLASS moved surface=7 x=880 y=332
ZWL WISEVIEW opening key at_ms=2461751
ZWL FIRST_FRAME what=wiseview-open frame=41891 request_ms=2461751 ms=45
ZWL WISEVIEW open windows=10 at_ms=2461953
ZWL WISEVIEW tile client=9 surface=7 x=83 y=86 width=380 height=253
ZWL WISEVIEW tile client=10 surface=1146 x=528 y=90 width=406 height=244
ZWL WISEVIEW tile client=10 surface=14 x=1036 y=90 width=305 height=244
ZWL WISEVIEW tile client=8 surface=7 x=1484 y=90 width=325 height=244
ZWL WISEVIEW tile client=7 surface=14 x=104 y=404 width=338 height=244
ZWL WISEVIEW tile client=6 surface=14 x=570 y=404 width=321 height=244
ZWL WISEVIEW tile client=5 surface=14 x=1012 y=404 width=353 height=244
ZWL WISEVIEW tile client=4 surface=8 x=1467 y=404 width=359 height=244
ZWL WISEVIEW tile client=3 surface=16 x=568 y=718 width=325 height=244
ZWL WISEVIEW tile client=2 surface=8 x=999 y=718 width=379 height=244
ZGEARS FPS run=gears frames=33200 fps=14.3
ZWL PERF 5008ms: passes=712 timeouts=71 | poll 32.5% work 67.3%
ZWL PERF compose frames=98 draw_ms=31.85 (acquire 0.04 submit+present 29.87) frame_ms=32.62
ZWL WISEVIEW close key at_ms=2464014
ZWL FIRST_FRAME what=wiseview-close frame=41949 request_ms=2464014 ms=23
ZWL WISEVIEW closed at_ms=2464218
ZWL HOME open via=launcher at_ms=2466355
ZWL FIRST_FRAME what=home-open frame=41986 request_ms=2466355 ms=50
ZWL HOME opened apps=12 pages=1 page=1 at_ms=2466635
ZWL HOME icon name="Files" x=600 y=386
ZWL HOME icon name="Notes" x=744 y=386
ZWL HOME icon name="Settings" x=888 y=386
ZWL HOME icon name="Terminal" x=1032 y=386
ZWL HOME icon name="PDF Viewer" x=1176 y=386
ZWL HOME icon name="Image Viewer" x=1320 y=386
ZWL HOME icon name="Browser" x=600 y=538
ZWL HOME icon name="Model viewer" x=744 y=538
ZWL HOME icon name="Gears" x=888 y=538
ZWL HOME icon name="X terminal" x=1032 y=538
ZWL HOME icon name="Lock Screen" x=1176 y=538
ZWL HOME icon name="Log Out" x=1320 y=538
ZWL HOME close via=escape at_ms=2468594
ZWL FIRST_FRAME what=home-close frame=42032 request_ms=2468594 ms=23
ZWL PERF 5020ms: passes=724 timeouts=71 | poll 32.1% work 67.6%
ZWL PERF compose frames=93 draw_ms=33.88 (acquire 0.05 submit+present 30.72) frame_ms=34.64
ZWL HOME closed at_ms=2468864
ZGEARS FPS run=gears frames=33300 fps=15.1
ZWL GLASS moved surface=7 x=980 y=372
ZWL GLASS moved surface=7 x=880 y=332
ZWL WISEVIEW opening key at_ms=2473410
ZWL FIRST_FRAME what=wiseview-open frame=42107 request_ms=2473410 ms=38
ZWL WISEVIEW open windows=10 at_ms=2473617
ZWL WISEVIEW tile client=9 surface=7 x=83 y=86 width=380 height=253
ZWL WISEVIEW tile client=10 surface=1146 x=528 y=90 width=406 height=244
ZWL WISEVIEW tile client=10 surface=14 x=1036 y=90 width=305 height=244
ZWL WISEVIEW tile client=8 surface=7 x=1484 y=90 width=325 height=244
ZWL WISEVIEW tile client=7 surface=14 x=104 y=404 width=338 height=244
ZWL WISEVIEW tile client=6 surface=14 x=570 y=404 width=321 height=244
ZWL WISEVIEW tile client=5 surface=14 x=1012 y=404 width=353 height=244
ZWL WISEVIEW tile client=4 surface=8 x=1467 y=404 width=359 height=244
ZWL WISEVIEW tile client=3 surface=16 x=568 y=718 width=325 height=244
ZWL WISEVIEW tile client=2 surface=8 x=999 y=718 width=379 height=244
ZWL PERF 5010ms: passes=659 timeouts=56 | poll 31.0% work 68.7%
ZWL PERF compose frames=80 draw_ms=39.75 (acquire 0.07 submit+present 37.27) frame_ms=40.72
ZWL WISEVIEW close key at_ms=2475589
ZWL FIRST_FRAME what=wiseview-close frame=42159 request_ms=2475589 ms=28
ZWL WISEVIEW closed at_ms=2475797
ZGEARS FPS run=gears frames=33400 fps=13.5
ZWL HOME open via=launcher at_ms=2477990
ZWL FIRST_FRAME what=home-open frame=42197 request_ms=2477990 ms=62
ZWL HOME opened apps=12 pages=1 page=1 at_ms=2478287
ZWL HOME icon name="Files" x=600 y=386
ZWL HOME icon name="Notes" x=744 y=386
ZWL HOME icon name="Settings" x=888 y=386
ZWL HOME icon name="Terminal" x=1032 y=386
ZWL HOME icon name="PDF Viewer" x=1176 y=386
ZWL HOME icon name="Image Viewer" x=1320 y=386
ZWL HOME icon name="Browser" x=600 y=538
ZWL HOME icon name="Model viewer" x=744 y=538
ZWL HOME icon name="Gears" x=888 y=538
ZWL HOME icon name="X terminal" x=1032 y=538
ZWL HOME icon name="Lock Screen" x=1176 y=538
ZWL HOME icon name="Log Out" x=1320 y=538
ZWL PERF 5002ms: passes=701 timeouts=67 | poll 33.0% work 66.7%
ZWL PERF compose frames=96 draw_ms=32.15 (acquire 0.05 submit+present 29.80) frame_ms=32.95
ZWL HOME close via=escape at_ms=2480183
ZWL FIRST_FRAME what=home-close frame=42240 request_ms=2480183 ms=39
ZWL HOME closed at_ms=2480442
ZWL GLASS moved surface=7 x=980 y=372
ZGEARS FPS run=gears frames=33500 fps=15.2
ZWL PERF 5001ms: passes=728 timeouts=73 | poll 32.6% work 67.1%
ZWL PERF compose frames=84 draw_ms=36.99 (acquire 0.05 submit+present 34.28) frame_ms=37.80
ZWL GLASS moved surface=7 x=880 y=332
ZWL WISEVIEW opening key at_ms=2484971
ZWL FIRST_FRAME what=wiseview-open frame=42314 request_ms=2484971 ms=43
ZWL WISEVIEW open windows=10 at_ms=2485199
ZWL WISEVIEW tile client=9 surface=7 x=83 y=86 width=380 height=253
ZWL WISEVIEW tile client=10 surface=1146 x=528 y=90 width=406 height=244
ZWL WISEVIEW tile client=10 surface=14 x=1036 y=90 width=305 height=244
ZWL WISEVIEW tile client=8 surface=7 x=1484 y=90 width=325 height=244
ZWL WISEVIEW tile client=7 surface=14 x=104 y=404 width=338 height=244
ZWL WISEVIEW tile client=6 surface=14 x=570 y=404 width=321 height=244
ZWL WISEVIEW tile client=5 surface=14 x=1012 y=404 width=353 height=244
ZWL WISEVIEW tile client=4 surface=8 x=1467 y=404 width=359 height=244
ZWL WISEVIEW tile client=3 surface=16 x=568 y=718 width=325 height=244
ZWL WISEVIEW tile client=2 surface=8 x=999 y=718 width=379 height=244
ZWL WISEVIEW close key at_ms=2487211
ZWL FIRST_FRAME what=wiseview-close frame=42371 request_ms=2487211 ms=32
ZWL WISEVIEW closed at_ms=2487417
ZWL PERF 5003ms: passes=722 timeouts=68 | poll 32.1% work 67.6%
ZWL PERF compose frames=100 draw_ms=31.27 (acquire 0.05 submit+present 29.40) frame_ms=32.18
ZWL HOME open via=launcher at_ms=2489593
ZWL FIRST_FRAME what=home-open frame=42408 request_ms=2489593 ms=46
ZWL HOME opened apps=12 pages=1 page=1 at_ms=2489874
ZWL HOME icon name="Files" x=600 y=386
ZWL HOME icon name="Notes" x=744 y=386
ZWL HOME icon name="Settings" x=888 y=386
ZWL HOME icon name="Terminal" x=1032 y=386
ZWL HOME icon name="PDF Viewer" x=1176 y=386
ZWL HOME icon name="Image Viewer" x=1320 y=386
ZWL HOME icon name="Browser" x=600 y=538
ZWL HOME icon name="Model viewer" x=744 y=538
ZWL HOME icon name="Gears" x=888 y=538
ZWL HOME icon name="X terminal" x=1032 y=538
ZWL HOME icon name="Lock Screen" x=1176 y=538
ZWL HOME icon name="Log Out" x=1320 y=538
ZGEARS FPS run=gears frames=33600 fps=13.6
ZWL HOME close via=escape at_ms=2491839
ZWL FIRST_FRAME what=home-close frame=42451 request_ms=2491839 ms=27
ZWL HOME closed at_ms=2492079
ZWL PERF 5021ms: passes=682 timeouts=64 | poll 31.6% work 68.1%
ZWL PERF compose frames=87 draw_ms=36.71 (acquire 0.04 submit+present 33.69) frame_ms=37.44
ZWL GLASS moved surface=7 x=980 y=372
ZWL GLASS moved surface=7 x=880 y=332
ZWL WISEVIEW opening key at_ms=2496624
ZWL FIRST_FRAME what=wiseview-open frame=42526 request_ms=2496625 ms=40
ZWL WISEVIEW open windows=10 at_ms=2496827
ZWL WISEVIEW tile client=9 surface=7 x=83 y=86 width=380 height=253
ZWL WISEVIEW tile client=10 surface=1146 x=528 y=90 width=406 height=244
ZWL WISEVIEW tile client=10 surface=14 x=1036 y=90 width=305 height=244
ZWL WISEVIEW tile client=8 surface=7 x=1484 y=90 width=325 height=244
ZWL WISEVIEW tile client=7 surface=14 x=104 y=404 width=338 height=244
ZWL WISEVIEW tile client=6 surface=14 x=570 y=404 width=321 height=244
ZWL WISEVIEW tile client=5 surface=14 x=1012 y=404 width=353 height=244
ZWL WISEVIEW tile client=4 surface=8 x=1467 y=404 width=359 height=244
ZWL WISEVIEW tile client=3 surface=16 x=568 y=718 width=325 height=244
ZWL WISEVIEW tile client=2 surface=8 x=999 y=718 width=379 height=244
ZGEARS FPS run=gears frames=33700 fps=14.9
ZWL PERF 5003ms: passes=718 timeouts=68 | poll 32.1% work 67.5%
ZWL PERF compose frames=100 draw_ms=31.14 (acquire 0.04 submit+present 29.25) frame_ms=31.93
ZWL WISEVIEW close key at_ms=2498847
ZWL FIRST_FRAME what=wiseview-close frame=42583 request_ms=2498847 ms=31
ZWL WISEVIEW closed at_ms=2499047
ZWL HOME open via=launcher at_ms=2501233
ZWL FIRST_FRAME what=home-open frame=42621 request_ms=2501233 ms=61
ZWL HOME opened apps=12 pages=1 page=1 at_ms=2501514
ZWL HOME icon name="Files" x=600 y=386
ZWL HOME icon name="Notes" x=744 y=386
ZWL HOME icon name="Settings" x=888 y=386
ZWL HOME icon name="Terminal" x=1032 y=386
ZWL HOME icon name="PDF Viewer" x=1176 y=386
ZWL HOME icon name="Image Viewer" x=1320 y=386
ZWL HOME icon name="Browser" x=600 y=538
ZWL HOME icon name="Model viewer" x=744 y=538
ZWL HOME icon name="Gears" x=888 y=538
ZWL HOME icon name="X terminal" x=1032 y=538
ZWL HOME icon name="Lock Screen" x=1176 y=538
ZWL HOME icon name="Log Out" x=1320 y=538
ZWL HOME close via=escape at_ms=2503444
ZWL FIRST_FRAME what=home-close frame=42663 request_ms=2503444 ms=27
ZWL HOME closed at_ms=2503685
ZWL PERF 5048ms: passes=739 timeouts=65 | poll 31.6% work 68.1%
ZWL PERF compose frames=88 draw_ms=36.39 (acquire 0.05 submit+present 33.40) frame_ms=37.16
ZGEARS FPS run=gears frames=33800 fps=15.2
ZWL GLASS moved surface=7 x=980 y=372
ZWL GLASS moved surface=7 x=880 y=332
ZWL WISEVIEW opening key at_ms=2508608
ZWL FIRST_FRAME what=wiseview-open frame=42744 request_ms=2508608 ms=36
ZWL WISEVIEW open windows=10 at_ms=2508814
ZWL WISEVIEW tile client=9 surface=7 x=83 y=86 width=380 height=253
ZWL WISEVIEW tile client=10 surface=1146 x=528 y=90 width=406 height=244
ZWL WISEVIEW tile client=10 surface=14 x=1036 y=90 width=305 height=244
ZWL WISEVIEW tile client=8 surface=7 x=1484 y=90 width=325 height=244
ZWL WISEVIEW tile client=7 surface=14 x=104 y=404 width=338 height=244
ZWL WISEVIEW tile client=6 surface=14 x=570 y=404 width=321 height=244
ZWL WISEVIEW tile client=5 surface=14 x=1012 y=404 width=353 height=244
ZWL WISEVIEW tile client=4 surface=8 x=1467 y=404 width=359 height=244
ZWL WISEVIEW tile client=3 surface=16 x=568 y=718 width=325 height=244
ZWL WISEVIEW tile client=2 surface=8 x=999 y=718 width=379 height=244
ZWL PERF 5001ms: passes=652 timeouts=64 | poll 31.5% work 68.1%
ZWL PERF compose frames=79 draw_ms=40.07 (acquire 0.05 submit+present 37.52) frame_ms=40.90
ZWL WISEVIEW close key at_ms=2510831
ZWL FIRST_FRAME what=wiseview-close frame=42801 request_ms=2510831 ms=27
ZWL WISEVIEW closed at_ms=2511042
ZGEARS FPS run=gears frames=33900 fps=13.7
ZWL HOME open via=launcher at_ms=2513200
ZWL FIRST_FRAME what=home-open frame=42839 request_ms=2513200 ms=47
ZWL HOME opened apps=12 pages=1 page=1 at_ms=2513489
ZWL HOME icon name="Files" x=600 y=386
ZWL HOME icon name="Notes" x=744 y=386
ZWL HOME icon name="Settings" x=888 y=386
ZWL HOME icon name="Terminal" x=1032 y=386
ZWL HOME icon name="PDF Viewer" x=1176 y=386
ZWL HOME icon name="Image Viewer" x=1320 y=386
ZWL HOME icon name="Browser" x=600 y=538
ZWL HOME icon name="Model viewer" x=744 y=538
ZWL HOME icon name="Gears" x=888 y=538
ZWL HOME icon name="X terminal" x=1032 y=538
ZWL HOME icon name="Lock Screen" x=1176 y=538
ZWL HOME icon name="Log Out" x=1320 y=538
ZWL PERF 5027ms: passes=676 timeouts=73 | poll 32.2% work 67.4%
ZWL PERF compose frames=103 draw_ms=30.44 (acquire 0.05 submit+present 28.12) frame_ms=31.28
ZWL HOME close via=escape at_ms=2515460
ZWL FIRST_FRAME what=home-close frame=42883 request_ms=2515460 ms=25
ZWL HOME closed at_ms=2515739
ZGEARS FPS run=gears frames=34000 fps=14.8
ZWL GLASS moved surface=7 x=980 y=372
ZWL PERF 5036ms: passes=709 timeouts=71 | poll 32.0% work 67.6%
ZWL PERF compose frames=83 draw_ms=38.11 (acquire 0.04 submit+present 35.14) frame_ms=38.97
ZWL GLASS moved surface=7 x=880 y=332
ZWL HOME open via=launcher at_ms=2520343
ZWL FIRST_FRAME what=home-open frame=42957 request_ms=2520343 ms=46
ZWL HOME opened apps=12 pages=1 page=1 at_ms=2520624
ZWL HOME icon name="Files" x=600 y=386
ZWL HOME icon name="Notes" x=744 y=386
ZWL HOME icon name="Settings" x=888 y=386
ZWL HOME icon name="Terminal" x=1032 y=386
ZWL HOME icon name="PDF Viewer" x=1176 y=386
ZWL HOME icon name="Image Viewer" x=1320 y=386
ZWL HOME icon name="Browser" x=600 y=538
ZWL HOME icon name="Model viewer" x=744 y=538
ZWL HOME icon name="Gears" x=888 y=538
ZWL HOME icon name="X terminal" x=1032 y=538
ZWL HOME icon name="Lock Screen" x=1176 y=538
ZWL HOME icon name="Log Out" x=1320 y=538
ZWL HOME launch name=Terminal pid=88
ZWL HOME close via=launch at_ms=2521957
ZWL FIRST_FRAME what=home-close frame=42989 request_ms=2521957 ms=34
ZWL CLIENT client=29 fd=25
ZWL INSET create client=29 inset=20 toplevel=16
ZWL EDIT create client=29 edit=24 toplevel=16
ZWL BOUNDS client=29 surface=14 width=1896 height=970
ZWL CONFIGURE client=29 surface=14 serial=1167 width=0 height=0 fullscreen=0
ZWL SEAT client=29 pointer=1 keyboard=0 touch=0
ZWL SEAT client=29 pointer=1 keyboard=1 touch=0
ZWL IMPORT client=29 buffer=37 width=916 height=632 bytes=2318336
ZWL IMPORT client=29 buffer=38 width=916 height=632 bytes=2318336
ZWL IMPORT client=29 buffer=39 width=916 height=632 bytes=2318336
ZTERM MENU state selection=0 clipboard=0 pixels=16 fullscreen=0
ZWL MENU commit client=29 menu=43 serial=1 items=30 generation=1
ZWL MENU set client=29 place=44 menu=43
ZWL MENU commit client=29 menu=43 serial=2 items=30 generation=2
ZTERM MENU ready items=30
ZTERM TAB active id=1
ZTERM TAB new run=term id=1 count=1
ZTERM START run=term columns=90 rows=28 cell=10x22 window=916x632
ZTERM TABS count=1 active=1 mode=0
ZTERM TITLE tab=1 title=Terminal
ZWL TITLEBAR create client=29 titlebar=48 toplevel=16
ZWL EDIT state client=29 edit=24 actions=0xff flags=0xd
ZWL TITLEBAR commit client=29 titlebar=48 serial=1 mode=0 controls=0 tabs=1 generation=1
ZWL MAP client=29 surface=14 x=348 y=420
ZWL HOME launched waited_ms=165 at_ms=2522122
ZWL GLASS launch surface=14 from=996,350 to=348,420 size=916x632
ZTERM CLIPBOARD selection text=0
ZTERM PRIMARY offer text=0
ZWL HOME closed at_ms=2522205
ZWL MENU bar client=29 surface=14 where=floating item=1 offset=127 top=368 width=55 height=44
ZWL MENU bar client=29 surface=14 where=floating item=2 offset=184 top=368 width=47 height=44
ZWL MENU bar client=29 surface=14 where=floating item=3 offset=233 top=368 width=55 height=44
ZWL MENU bar client=29 surface=14 where=floating item=4 offset=290 top=368 width=76 height=44
ZWL MENU bar client=29 surface=14 where=floating item=5 offset=368 top=368 width=53 height=44
ZWL PERF 5000ms: passes=674 timeouts=66 | poll 30.9% work 68.7%
ZWL PERF compose frames=82 draw_ms=38.74 (acquire 0.07 submit+present 35.72) frame_ms=39.58
ZGEARS FPS run=gears frames=34100 fps=14.1
ZTERM TAB closed run=term id=1 count=0
ZTERM DONE run=term reason=shell-exited
ZWL CLIENT gone client=29 reason=read
ZWL CLEANUP client=29 objects=35 unread_fds=0
ZWL HOME ended pid=88 status=0
ZWL PERF 5031ms: passes=662 timeouts=70 | poll 32.4% work 67.2%
ZWL PERF compose frames=73 draw_ms=43.08 (acquire 0.05 submit+present 40.54) frame_ms=43.99
ZWL WISEVIEW opening key at_ms=2532536
ZWL FIRST_FRAME what=wiseview-open frame=43143 request_ms=2532536 ms=39
ZWL WISEVIEW open windows=10 at_ms=2532743
ZWL WISEVIEW tile client=9 surface=7 x=83 y=86 width=380 height=253
ZWL WISEVIEW tile client=10 surface=1146 x=528 y=90 width=406 height=244
ZWL WISEVIEW tile client=10 surface=14 x=1036 y=90 width=305 height=244
ZWL WISEVIEW tile client=8 surface=7 x=1484 y=90 width=325 height=244
ZWL WISEVIEW tile client=7 surface=14 x=104 y=404 width=338 height=244
ZWL WISEVIEW tile client=6 surface=14 x=570 y=404 width=321 height=244
ZWL WISEVIEW tile client=5 surface=14 x=1012 y=404 width=353 height=244
ZWL WISEVIEW tile client=4 surface=8 x=1467 y=404 width=359 height=244
ZWL WISEVIEW tile client=3 surface=16 x=568 y=718 width=325 height=244
ZWL WISEVIEW tile client=2 surface=8 x=999 y=718 width=379 height=244
ZGEARS FPS run=gears frames=34200 fps=12.8
ZWL PERF 5015ms: passes=723 timeouts=73 | poll 33.2% work 66.4%
ZWL PERF compose frames=88 draw_ms=34.82 (acquire 0.05 submit+present 32.99) frame_ms=35.79
ZWL WISEVIEW close key at_ms=2534768
ZWL FIRST_FRAME what=wiseview-close frame=43198 request_ms=2534768 ms=19
ZWL WISEVIEW closed at_ms=2534974
ZWL HOME open via=launcher at_ms=2537109
ZWL FIRST_FRAME what=home-open frame=43235 request_ms=2537109 ms=57
ZWL HOME opened apps=12 pages=1 page=1 at_ms=2537408
ZWL HOME icon name="Files" x=600 y=386
ZWL HOME icon name="Notes" x=744 y=386
ZWL HOME icon name="Settings" x=888 y=386
ZWL HOME icon name="Terminal" x=1032 y=386
ZWL HOME icon name="PDF Viewer" x=1176 y=386
ZWL HOME icon name="Image Viewer" x=1320 y=386
ZWL HOME icon name="Browser" x=600 y=538
ZWL HOME icon name="Model viewer" x=744 y=538
ZWL HOME icon name="Gears" x=888 y=538
ZWL HOME icon name="X terminal" x=1032 y=538
ZWL HOME icon name="Lock Screen" x=1176 y=538
ZWL HOME icon name="Log Out" x=1320 y=538
ZWL PERF 5024ms: passes=738 timeouts=60 | poll 32.3% work 67.4%
ZWL PERF compose frames=94 draw_ms=33.47 (acquire 0.05 submit+present 30.78) frame_ms=34.26
ZWL HOME close via=escape at_ms=2539334
ZWL FIRST_FRAME what=home-close frame=43279 request_ms=2539334 ms=27
ZWL HOME closed at_ms=2539574
ZGEARS FPS run=gears frames=34300 fps=14.5
ZWL GLASS moved surface=7 x=980 y=372
ZWL GLASS moved surface=7 x=880 y=332
ZWL PERF 5013ms: passes=689 timeouts=65 | poll 31.6% work 68.1%
ZWL PERF compose frames=80 draw_ms=39.79 (acquire 0.06 submit+present 37.19) frame_ms=40.60
ZWL WISEVIEW opening key at_ms=2544124
ZWL FIRST_FRAME what=wiseview-open frame=43354 request_ms=2544124 ms=39
ZWL WISEVIEW open windows=10 at_ms=2544324
ZWL WISEVIEW tile client=9 surface=7 x=83 y=86 width=380 height=253
ZWL WISEVIEW tile client=10 surface=1146 x=528 y=90 width=406 height=244
ZWL WISEVIEW tile client=10 surface=14 x=1036 y=90 width=305 height=244
ZWL WISEVIEW tile client=8 surface=7 x=1484 y=90 width=325 height=244
ZWL WISEVIEW tile client=7 surface=14 x=104 y=404 width=338 height=244
ZWL WISEVIEW tile client=6 surface=14 x=570 y=404 width=321 height=244
ZWL WISEVIEW tile client=5 surface=14 x=1012 y=404 width=353 height=244
ZWL WISEVIEW tile client=4 surface=8 x=1467 y=404 width=359 height=244
ZWL WISEVIEW tile client=3 surface=16 x=568 y=718 width=325 height=244
ZWL WISEVIEW tile client=2 surface=8 x=999 y=718 width=379 height=244
ZWL WISEVIEW close key at_ms=2546360
ZWL FIRST_FRAME what=wiseview-close frame=43412 request_ms=2546360 ms=30
ZWL WISEVIEW closed at_ms=2546572
ZGEARS FPS run=gears frames=34400 fps=13.3
ZWL HOME open via=launcher at_ms=2548710
ZWL FIRST_FRAME what=home-open frame=43450 request_ms=2548710 ms=48
ZWL HOME opened apps=12 pages=1 page=1 at_ms=2549027
ZWL HOME icon name="Files" x=600 y=386
ZWL HOME icon name="Notes" x=744 y=386
ZWL HOME icon name="Settings" x=888 y=386
ZWL HOME icon name="Terminal" x=1032 y=386
ZWL HOME icon name="PDF Viewer" x=1176 y=386
ZWL HOME icon name="Image Viewer" x=1320 y=386
ZWL HOME icon name="Browser" x=600 y=538
ZWL HOME icon name="Model viewer" x=744 y=538
ZWL HOME icon name="Gears" x=888 y=538
ZWL HOME icon name="X terminal" x=1032 y=538
ZWL HOME icon name="Lock Screen" x=1176 y=538
ZWL HOME icon name="Log Out" x=1320 y=538
ZWL PERF 5024ms: passes=701 timeouts=71 | poll 31.3% work 68.3%
ZWL PERF compose frames=104 draw_ms=30.43 (acquire 0.05 submit+present 28.37) frame_ms=31.26
ZWL HOME close via=escape at_ms=2551004
ZWL FIRST_FRAME what=home-close frame=43493 request_ms=2551005 ms=35
ZWL HOME closed at_ms=2551254
ZWL GLASS moved surface=7 x=980 y=372
ZGEARS FPS run=gears frames=34500 fps=15.3
ZWL PERF 5006ms: passes=685 timeouts=68 | poll 31.8% work 67.9%
ZWL PERF compose frames=85 draw_ms=37.22 (acquire 0.04 submit+present 34.26) frame_ms=38.01
ZWL GLASS moved surface=7 x=880 y=332
ZWL WISEVIEW opening key at_ms=2555741
ZWL FIRST_FRAME what=wiseview-open frame=43568 request_ms=2555741 ms=37
ZWL WISEVIEW open windows=10 at_ms=2555946
ZWL WISEVIEW tile client=9 surface=7 x=83 y=86 width=380 height=253
ZWL WISEVIEW tile client=10 surface=1146 x=528 y=90 width=406 height=244
ZWL WISEVIEW tile client=10 surface=14 x=1036 y=90 width=305 height=244
ZWL WISEVIEW tile client=8 surface=7 x=1484 y=90 width=325 height=244
ZWL WISEVIEW tile client=7 surface=14 x=104 y=404 width=338 height=244
ZWL WISEVIEW tile client=6 surface=14 x=570 y=404 width=321 height=244
ZWL WISEVIEW tile client=5 surface=14 x=1012 y=404 width=353 height=244
ZWL WISEVIEW tile client=4 surface=8 x=1467 y=404 width=359 height=244
ZWL WISEVIEW tile client=3 surface=16 x=568 y=718 width=325 height=244
ZWL WISEVIEW tile client=2 surface=8 x=999 y=718 width=379 height=244
ZWL WISEVIEW close key at_ms=2557972
ZWL FIRST_FRAME what=wiseview-close frame=43625 request_ms=2557972 ms=24
ZWL WISEVIEW closed at_ms=2558173
ZWL PERF 5000ms: passes=686 timeouts=68 | poll 31.5% work 68.2%
ZWL PERF compose frames=101 draw_ms=31.05 (acquire 0.05 submit+present 28.91) frame_ms=31.93
ZWL HOME open via=launcher at_ms=2560315
ZWL FIRST_FRAME what=home-open frame=43662 request_ms=2560315 ms=59
ZWL HOME opened apps=12 pages=1 page=1 at_ms=2560614
ZWL HOME icon name="Files" x=600 y=386
ZWL HOME icon name="Notes" x=744 y=386
ZWL HOME icon name="Settings" x=888 y=386
ZWL HOME icon name="Terminal" x=1032 y=386
ZWL HOME icon name="PDF Viewer" x=1176 y=386
ZWL HOME icon name="Image Viewer" x=1320 y=386
ZWL HOME icon name="Browser" x=600 y=538
ZWL HOME icon name="Model viewer" x=744 y=538
ZWL HOME icon name="Gears" x=888 y=538
ZWL HOME icon name="X terminal" x=1032 y=538
ZWL HOME icon name="Lock Screen" x=1176 y=538
ZWL HOME icon name="Log Out" x=1320 y=538
ZGEARS FPS run=gears frames=34600 fps=14.2
ZWL HOME close via=escape at_ms=2562557
ZWL FIRST_FRAME what=home-close frame=43703 request_ms=2562557 ms=34
ZWL HOME closed at_ms=2562798
ZWL PERF 5014ms: passes=706 timeouts=65 | poll 32.1% work 67.6%
ZWL PERF compose frames=85 draw_ms=37.06 (acquire 0.04 submit+present 34.06) frame_ms=37.90
ZWL GLASS moved surface=7 x=980 y=372
ZWL GLASS moved surface=7 x=880 y=332
ZWL WISEVIEW opening key at_ms=2567324
ZWL FIRST_FRAME what=wiseview-open frame=43777 request_ms=2567324 ms=36
ZWL WISEVIEW open windows=10 at_ms=2567524
ZWL WISEVIEW tile client=9 surface=7 x=83 y=86 width=380 height=253
ZWL WISEVIEW tile client=10 surface=1146 x=528 y=90 width=406 height=244
ZWL WISEVIEW tile client=10 surface=14 x=1036 y=90 width=305 height=244
ZWL WISEVIEW tile client=8 surface=7 x=1484 y=90 width=325 height=244
ZWL WISEVIEW tile client=7 surface=14 x=104 y=404 width=338 height=244
ZWL WISEVIEW tile client=6 surface=14 x=570 y=404 width=321 height=244
ZWL WISEVIEW tile client=5 surface=14 x=1012 y=404 width=353 height=244
ZWL WISEVIEW tile client=4 surface=8 x=1467 y=404 width=359 height=244
ZWL WISEVIEW tile client=3 surface=16 x=568 y=718 width=325 height=244
ZWL WISEVIEW tile client=2 surface=8 x=999 y=718 width=379 height=244
ZGEARS FPS run=gears frames=34700 fps=14.3
ZWL PERF 5024ms: passes=700 timeouts=64 | poll 31.6% work 68.0%
ZWL PERF compose frames=93 draw_ms=33.98 (acquire 0.05 submit+present 32.03) frame_ms=34.83
ZWL WISEVIEW close key at_ms=2569560
ZWL FIRST_FRAME what=wiseview-close frame=43832 request_ms=2569560 ms=15
ZWL WISEVIEW closed at_ms=2569788
ZWL HOME open via=launcher at_ms=2571920
ZWL FIRST_FRAME what=home-open frame=43869 request_ms=2571920 ms=55
ZWL HOME opened apps=12 pages=1 page=1 at_ms=2572209
ZWL HOME icon name="Files" x=600 y=386
ZWL HOME icon name="Notes" x=744 y=386
ZWL HOME icon name="Settings" x=888 y=386
ZWL HOME icon name="Terminal" x=1032 y=386
ZWL HOME icon name="PDF Viewer" x=1176 y=386
ZWL HOME icon name="Image Viewer" x=1320 y=386
ZWL HOME icon name="Browser" x=600 y=538
ZWL HOME icon name="Model viewer" x=744 y=538
ZWL HOME icon name="Gears" x=888 y=538
ZWL HOME icon name="X terminal" x=1032 y=538
ZWL HOME icon name="Lock Screen" x=1176 y=538
ZWL HOME icon name="Log Out" x=1320 y=538
ZWL PERF 5004ms: passes=723 timeouts=63 | poll 32.6% work 67.0%
ZWL PERF compose frames=93 draw_ms=33.41 (acquire 0.05 submit+present 30.74) frame_ms=34.23
ZWL HOME close via=escape at_ms=2574197
ZWL FIRST_FRAME what=home-close frame=43916 request_ms=2574197 ms=35
ZWL HOME closed at_ms=2574472
ZGEARS FPS run=gears frames=34800 fps=14.6
ZWL GLASS moved surface=7 x=980 y=372
ZWL GLASS moved surface=7 x=880 y=332
ZWL WISEVIEW opening key at_ms=2578977
ZWL FIRST_FRAME what=wiseview-open frame=43988 request_ms=2578977 ms=51
ZWL PERF 5009ms: passes=655 timeouts=65 | poll 31.2% work 68.4%
ZWL PERF compose frames=77 draw_ms=41.31 (acquire 0.05 submit+present 38.57) frame_ms=42.15
ZWL WISEVIEW open windows=10 at_ms=2579183
ZWL WISEVIEW tile client=9 surface=7 x=83 y=86 width=380 height=253
ZWL WISEVIEW tile client=10 surface=1146 x=528 y=90 width=406 height=244
ZWL WISEVIEW tile client=10 surface=14 x=1036 y=90 width=305 height=244
ZWL WISEVIEW tile client=8 surface=7 x=1484 y=90 width=325 height=244
ZWL WISEVIEW tile client=7 surface=14 x=104 y=404 width=338 height=244
ZWL WISEVIEW tile client=6 surface=14 x=570 y=404 width=321 height=244
ZWL WISEVIEW tile client=5 surface=14 x=1012 y=404 width=353 height=244
ZWL WISEVIEW tile client=4 surface=8 x=1467 y=404 width=359 height=244
ZWL WISEVIEW tile client=3 surface=16 x=568 y=718 width=325 height=244
ZWL WISEVIEW tile client=2 surface=8 x=999 y=718 width=379 height=244
ZWL WISEVIEW close key at_ms=2581213
ZWL FIRST_FRAME what=wiseview-close frame=44047 request_ms=2581213 ms=27
ZWL WISEVIEW closed at_ms=2581438
ZGEARS FPS run=gears frames=34900 fps=13.7
ZWL HOME open via=launcher at_ms=2583573
ZWL FIRST_FRAME what=home-open frame=44085 request_ms=2583573 ms=55
ZWL HOME opened apps=12 pages=1 page=1 at_ms=2583854
ZWL HOME icon name="Files" x=600 y=386
ZWL HOME icon name="Notes" x=744 y=386
ZWL HOME icon name="Settings" x=888 y=386
ZWL HOME icon name="Terminal" x=1032 y=386
ZWL HOME icon name="PDF Viewer" x=1176 y=386
ZWL HOME icon name="Image Viewer" x=1320 y=386
ZWL HOME icon name="Browser" x=600 y=538
ZWL HOME icon name="Model viewer" x=744 y=538
ZWL HOME icon name="Gears" x=888 y=538
ZWL HOME icon name="X terminal" x=1032 y=538
ZWL HOME icon name="Lock Screen" x=1176 y=538
ZWL HOME icon name="Log Out" x=1320 y=538
ZWL PERF 5000ms: passes=700 timeouts=63 | poll 32.4% work 67.3%
ZWL PERF compose frames=105 draw_ms=29.67 (acquire 0.04 submit+present 27.61) frame_ms=30.46
ZWL HOME close via=escape at_ms=2585851
ZWL FIRST_FRAME what=home-close frame=44130 request_ms=2585851 ms=25
ZWL HOME closed at_ms=2586140
ZWL GLASS moved surface=7 x=980 y=372
ZGEARS FPS run=gears frames=35000 fps=14.8
ZWL PERF 5002ms: passes=720 timeouts=69 | poll 31.4% work 68.2%
ZWL PERF compose frames=86 draw_ms=36.66 (acquire 0.05 submit+present 33.64) frame_ms=37.04
ZWL GLASS moved surface=7 x=880 y=332
ZWL WISEVIEW opening key at_ms=2590566
ZWL FIRST_FRAME what=wiseview-open frame=44203 request_ms=2590566 ms=38
ZWL WISEVIEW open windows=10 at_ms=2590766
ZWL WISEVIEW tile client=9 surface=7 x=83 y=86 width=380 height=253
ZWL WISEVIEW tile client=10 surface=1146 x=528 y=90 width=406 height=244
ZWL WISEVIEW tile client=10 surface=14 x=1036 y=90 width=305 height=244
ZWL WISEVIEW tile client=8 surface=7 x=1484 y=90 width=325 height=244
ZWL WISEVIEW tile client=7 surface=14 x=104 y=404 width=338 height=244
ZWL WISEVIEW tile client=6 surface=14 x=570 y=404 width=321 height=244
ZWL WISEVIEW tile client=5 surface=14 x=1012 y=404 width=353 height=244
ZWL WISEVIEW tile client=4 surface=8 x=1467 y=404 width=359 height=244
ZWL WISEVIEW tile client=3 surface=16 x=568 y=718 width=325 height=244
ZWL WISEVIEW tile client=2 surface=8 x=999 y=718 width=379 height=244
ZWL WISEVIEW close key at_ms=2592836
ZWL FIRST_FRAME what=wiseview-close frame=44261 request_ms=2592836 ms=29
ZWL WISEVIEW closed at_ms=2593036
ZWL PERF 5002ms: passes=667 timeouts=75 | poll 33.0% work 66.6%
ZWL PERF compose frames=100 draw_ms=30.89 (acquire 0.05 submit+present 28.88) frame_ms=32.17
ZWL HOME open via=launcher at_ms=2595197
ZWL FIRST_FRAME what=home-open frame=44297 request_ms=2595197 ms=55
ZWL HOME opened apps=12 pages=1 page=1 at_ms=2595478
ZWL HOME icon name="Files" x=600 y=386
ZWL HOME icon name="Notes" x=744 y=386
ZWL HOME icon name="Settings" x=888 y=386
ZWL HOME icon name="Terminal" x=1032 y=386
ZWL HOME icon name="PDF Viewer" x=1176 y=386
ZWL HOME icon name="Image Viewer" x=1320 y=386
ZWL HOME icon name="Browser" x=600 y=538
ZWL HOME icon name="Model viewer" x=744 y=538
ZWL HOME icon name="Gears" x=888 y=538
ZWL HOME icon name="X terminal" x=1032 y=538
ZWL HOME icon name="Lock Screen" x=1176 y=538
ZWL HOME icon name="Log Out" x=1320 y=538
ZGEARS FPS run=gears frames=35100 fps=13.9
ZWL HOME close via=escape at_ms=2597431
ZWL FIRST_FRAME what=home-close frame=44343 request_ms=2597432 ms=26
ZWL HOME closed at_ms=2597676
ZWL PERF 5045ms: passes=727 timeouts=68 | poll 32.3% work 67.4%
ZWL PERF compose frames=89 draw_ms=35.46 (acquire 0.04 submit+present 32.15) frame_ms=36.28
ZWL GLASS moved surface=7 x=980 y=372
ZWL GLASS moved surface=7 x=880 y=332
ZWL WISEVIEW opening key at_ms=2602244
ZWL FIRST_FRAME what=wiseview-open frame=44418 request_ms=2602244 ms=40
ZWL WISEVIEW open windows=10 at_ms=2602447
ZWL WISEVIEW tile client=9 surface=7 x=83 y=86 width=380 height=253
ZWL WISEVIEW tile client=10 surface=1146 x=528 y=90 width=406 height=244
ZWL WISEVIEW tile client=10 surface=14 x=1036 y=90 width=305 height=244
ZWL WISEVIEW tile client=8 surface=7 x=1484 y=90 width=325 height=244
ZWL WISEVIEW tile client=7 surface=14 x=104 y=404 width=338 height=244
ZWL WISEVIEW tile client=6 surface=14 x=570 y=404 width=321 height=244
ZWL WISEVIEW tile client=5 surface=14 x=1012 y=404 width=353 height=244
ZWL WISEVIEW tile client=4 surface=8 x=1467 y=404 width=359 height=244
ZWL WISEVIEW tile client=3 surface=16 x=568 y=718 width=325 height=244
ZWL WISEVIEW tile client=2 surface=8 x=999 y=718 width=379 height=244
ZGEARS FPS run=gears frames=35200 fps=14.4
ZWL PERF 5003ms: passes=680 timeouts=66 | poll 32.1% work 67.5%
ZWL PERF compose frames=95 draw_ms=32.87 (acquire 0.05 submit+present 30.66) frame_ms=33.67
ZWL WISEVIEW close key at_ms=2604455
ZWL FIRST_FRAME what=wiseview-close frame=44472 request_ms=2604455 ms=26
ZWL WISEVIEW closed at_ms=2604655
ZWL HOME open via=launcher at_ms=2606793
ZWL FIRST_FRAME what=home-open frame=44510 request_ms=2606793 ms=54
ZWL HOME opened apps=12 pages=1 page=1 at_ms=2607078
ZWL HOME icon name="Files" x=600 y=386
ZWL HOME icon name="Notes" x=744 y=386
ZWL HOME icon name="Settings" x=888 y=386
ZWL HOME icon name="Terminal" x=1032 y=386
ZWL HOME icon name="PDF Viewer" x=1176 y=386
ZWL HOME icon name="Image Viewer" x=1320 y=386
ZWL HOME icon name="Browser" x=600 y=538
ZWL HOME icon name="Model viewer" x=744 y=538
ZWL HOME icon name="Gears" x=888 y=538
ZWL HOME icon name="X terminal" x=1032 y=538
ZWL HOME icon name="Lock Screen" x=1176 y=538
ZWL HOME icon name="Log Out" x=1320 y=538
ZWL HOME close via=escape at_ms=2609000
ZWL FIRST_FRAME what=home-close frame=44554 request_ms=2609000 ms=23
ZWL PERF 5014ms: passes=719 timeouts=60 | poll 31.5% work 68.1%
ZWL PERF compose frames=92 draw_ms=34.63 (acquire 0.05 submit+present 31.78) frame_ms=35.42
ZWL HOME closed at_ms=2609245
ZGEARS FPS run=gears frames=35300 fps=14.7
ZWL GLASS moved surface=7 x=980 y=372
ZWL GLASS moved surface=7 x=880 y=332
ZWL WISEVIEW opening key at_ms=2613794
ZWL FIRST_FRAME what=wiseview-open frame=44629 request_ms=2613794 ms=37
ZWL WISEVIEW open windows=10 at_ms=2613998
ZWL WISEVIEW tile client=9 surface=7 x=83 y=86 width=380 height=253
ZWL WISEVIEW tile client=10 surface=1146 x=528 y=90 width=406 height=244
ZWL WISEVIEW tile client=10 surface=14 x=1036 y=90 width=305 height=244
ZWL WISEVIEW tile client=8 surface=7 x=1484 y=90 width=325 height=244
ZWL WISEVIEW tile client=7 surface=14 x=104 y=404 width=338 height=244
ZWL WISEVIEW tile client=6 surface=14 x=570 y=404 width=321 height=244
ZWL WISEVIEW tile client=5 surface=14 x=1012 y=404 width=353 height=244
ZWL WISEVIEW tile client=4 surface=8 x=1467 y=404 width=359 height=244
ZWL WISEVIEW tile client=3 surface=16 x=568 y=718 width=325 height=244
ZWL WISEVIEW tile client=2 surface=8 x=999 y=718 width=379 height=244
ZWL PERF 5021ms: passes=692 timeouts=63 | poll 31.9% work 67.8%
ZWL PERF compose frames=79 draw_ms=40.21 (acquire 0.04 submit+present 37.90) frame_ms=41.00
ZWL WISEVIEW close key at_ms=2616012
ZWL FIRST_FRAME what=wiseview-close frame=44681 request_ms=2616012 ms=16
ZWL WISEVIEW closed at_ms=2616241
ZGEARS FPS run=gears frames=35400 fps=13.4
ZWL HOME open via=launcher at_ms=2618358
ZWL FIRST_FRAME what=home-open frame=44720 request_ms=2618358 ms=34
ZWL HOME opened apps=12 pages=1 page=1 at_ms=2618640
ZWL HOME icon name="Files" x=600 y=386
ZWL HOME icon name="Notes" x=744 y=386
ZWL HOME icon name="Settings" x=888 y=386
ZWL HOME icon name="Terminal" x=1032 y=386
ZWL HOME icon name="PDF Viewer" x=1176 y=386
ZWL HOME icon name="Image Viewer" x=1320 y=386
ZWL HOME icon name="Browser" x=600 y=538
ZWL HOME icon name="Model viewer" x=744 y=538
ZWL HOME icon name="Gears" x=888 y=538
ZWL HOME icon name="X terminal" x=1032 y=538
ZWL HOME icon name="Lock Screen" x=1176 y=538
ZWL HOME icon name="Log Out" x=1320 y=538
ZWL PERF 5006ms: passes=692 timeouts=63 | poll 31.7% work 68.0%
ZWL PERF compose frames=99 draw_ms=31.93 (acquire 0.06 submit+present 29.65) frame_ms=32.70
ZWL HOME close via=escape at_ms=2620586
ZWL FIRST_FRAME what=home-close frame=44762 request_ms=2620587 ms=25
ZWL HOME closed at_ms=2620870
ZWL GLASS moved surface=7 x=980 y=372
ZGEARS FPS run=gears frames=35500 fps=14.6
ZWL PERF 5004ms: passes=735 timeouts=63 | poll 31.4% work 68.2%
ZWL PERF compose frames=83 draw_ms=38.10 (acquire 0.05 submit+present 35.41) frame_ms=38.95
ZWL GLASS moved surface=7 x=880 y=332
ZWL WISEVIEW opening key at_ms=2625395
ZWL FIRST_FRAME what=wiseview-open frame=44836 request_ms=2625395 ms=51
ZWL WISEVIEW open windows=10 at_ms=2625595
ZWL WISEVIEW tile client=9 surface=7 x=83 y=86 width=380 height=253
ZWL WISEVIEW tile client=10 surface=1146 x=528 y=90 width=406 height=244
ZWL WISEVIEW tile client=10 surface=14 x=1036 y=90 width=305 height=244
ZWL WISEVIEW tile client=8 surface=7 x=1484 y=90 width=325 height=244
ZWL WISEVIEW tile client=7 surface=14 x=104 y=404 width=338 height=244
ZWL WISEVIEW tile client=6 surface=14 x=570 y=404 width=321 height=244
ZWL WISEVIEW tile client=5 surface=14 x=1012 y=404 width=353 height=244
ZWL WISEVIEW tile client=4 surface=8 x=1467 y=404 width=359 height=244
ZWL WISEVIEW tile client=3 surface=16 x=568 y=718 width=325 height=244
ZWL WISEVIEW tile client=2 surface=8 x=999 y=718 width=379 height=244
ZWL WISEVIEW close key at_ms=2627627
ZWL FIRST_FRAME what=wiseview-close frame=44893 request_ms=2627627 ms=19
ZWL WISEVIEW closed at_ms=2627830
ZWL PERF 5004ms: passes=715 timeouts=68 | poll 32.2% work 67.4%
ZWL PERF compose frames=100 draw_ms=31.19 (acquire 0.05 submit+present 29.35) frame_ms=32.03
ZWL HOME open via=launcher at_ms=2629993
ZWL FIRST_FRAME what=home-open frame=44931 request_ms=2629993 ms=32
ZWL HOME opened apps=12 pages=1 page=1 at_ms=2630289
ZWL HOME icon name="Files" x=600 y=386
ZWL HOME icon name="Notes" x=744 y=386
ZWL HOME icon name="Settings" x=888 y=386
ZWL HOME icon name="Terminal" x=1032 y=386
ZWL HOME icon name="PDF Viewer" x=1176 y=386
ZWL HOME icon name="Image Viewer" x=1320 y=386
ZWL HOME icon name="Browser" x=600 y=538
ZWL HOME icon name="Model viewer" x=744 y=538
ZWL HOME icon name="Gears" x=888 y=538
ZWL HOME icon name="X terminal" x=1032 y=538
ZWL HOME icon name="Lock Screen" x=1176 y=538
ZWL HOME icon name="Log Out" x=1320 y=538
ZGEARS FPS run=gears frames=35600 fps=14.2
ZWL HOME close via=escape at_ms=2632230
ZWL FIRST_FRAME what=home-close frame=44976 request_ms=2632230 ms=23
ZWL HOME closed at_ms=2632514
ZWL PERF 5001ms: passes=713 timeouts=65 | poll 32.5% work 67.2%
ZWL PERF compose frames=88 draw_ms=35.66 (acquire 0.04 submit+present 32.62) frame_ms=36.36
ZWL GLASS moved surface=7 x=980 y=372
ZWL GLASS moved surface=7 x=880 y=332
ZWL WISEVIEW opening key at_ms=2637042
ZWL FIRST_FRAME what=wiseview-open frame=45050 request_ms=2637042 ms=36
ZWL WISEVIEW open windows=10 at_ms=2637243
ZWL WISEVIEW tile client=9 surface=7 x=83 y=86 width=380 height=253
ZWL WISEVIEW tile client=10 surface=1146 x=528 y=90 width=406 height=244
ZWL WISEVIEW tile client=10 surface=14 x=1036 y=90 width=305 height=244
ZWL WISEVIEW tile client=8 surface=7 x=1484 y=90 width=325 height=244
ZWL WISEVIEW tile client=7 surface=14 x=104 y=404 width=338 height=244
ZWL WISEVIEW tile client=6 surface=14 x=570 y=404 width=321 height=244
ZWL WISEVIEW tile client=5 surface=14 x=1012 y=404 width=353 height=244
ZWL WISEVIEW tile client=4 surface=8 x=1467 y=404 width=359 height=244
ZWL WISEVIEW tile client=3 surface=16 x=568 y=718 width=325 height=244
ZWL WISEVIEW tile client=2 surface=8 x=999 y=718 width=379 height=244
ZGEARS FPS run=gears frames=35700 fps=14.4
ZWL PERF 5019ms: passes=708 timeouts=68 | poll 32.2% work 67.4%
ZWL PERF compose frames=98 draw_ms=31.77 (acquire 0.05 submit+present 29.96) frame_ms=32.67
ZWL WISEVIEW close key at_ms=2639234
ZWL FIRST_FRAME what=wiseview-close frame=45105 request_ms=2639234 ms=23
ZWL WISEVIEW closed at_ms=2639434
ZWL HOME open via=launcher at_ms=2641579
ZWL FIRST_FRAME what=home-open frame=45143 request_ms=2641579 ms=32
ZWL HOME opened apps=12 pages=1 page=1 at_ms=2641859
ZWL HOME icon name="Files" x=600 y=386
ZWL HOME icon name="Notes" x=744 y=386
ZWL HOME icon name="Settings" x=888 y=386
ZWL HOME icon name="Terminal" x=1032 y=386
ZWL HOME icon name="PDF Viewer" x=1176 y=386
ZWL HOME icon name="Image Viewer" x=1320 y=386
ZWL HOME icon name="Browser" x=600 y=538
ZWL HOME icon name="Model viewer" x=744 y=538
ZWL HOME icon name="Gears" x=888 y=538
ZWL HOME icon name="X terminal" x=1032 y=538
ZWL HOME icon name="Lock Screen" x=1176 y=538
ZWL HOME icon name="Log Out" x=1320 y=538
ZWL HOME close via=escape at_ms=2643802
ZWL FIRST_FRAME what=home-close frame=45187 request_ms=2643802 ms=24
ZWL HOME closed at_ms=2644043
ZWL PERF 5004ms: passes=687 timeouts=64 | poll 31.5% work 68.2%
ZWL PERF compose frames=89 draw_ms=35.68 (acquire 0.04 submit+present 32.78) frame_ms=36.49
ZGEARS FPS run=gears frames=35800 fps=14.4
ZWL GLASS moved surface=7 x=980 y=372
ZWL GLASS moved surface=7 x=880 y=332
ZWL HOME open via=launcher at_ms=2648683
ZWL FIRST_FRAME what=home-open frame=45264 request_ms=2648683 ms=61
ZWL HOME opened apps=12 pages=1 page=1 at_ms=2648969
ZWL HOME icon name="Files" x=600 y=386
ZWL HOME icon name="Notes" x=744 y=386
ZWL HOME icon name="Settings" x=888 y=386
ZWL HOME icon name="Terminal" x=1032 y=386
ZWL HOME icon name="PDF Viewer" x=1176 y=386
ZWL HOME icon name="Image Viewer" x=1320 y=386
ZWL HOME icon name="Browser" x=600 y=538
ZWL HOME icon name="Model viewer" x=744 y=538
ZWL HOME icon name="Gears" x=888 y=538
ZWL HOME icon name="X terminal" x=1032 y=538
ZWL HOME icon name="Lock Screen" x=1176 y=538
ZWL HOME icon name="Log Out" x=1320 y=538
ZWL PERF 5005ms: passes=689 timeouts=57 | poll 30.9% work 68.7%
ZWL PERF compose frames=80 draw_ms=39.99 (acquire 0.05 submit+present 37.36) frame_ms=40.78
ZWL HOME launch name=Terminal pid=90
ZWL HOME close via=launch at_ms=2650362
ZWL FIRST_FRAME what=home-close frame=45297 request_ms=2650363 ms=33
ZWL CLIENT client=30 fd=25
ZWL INSET create client=30 inset=20 toplevel=16
ZWL EDIT create client=30 edit=24 toplevel=16
ZWL BOUNDS client=30 surface=14 width=1896 height=970
ZWL CONFIGURE client=30 surface=14 serial=1228 width=0 height=0 fullscreen=0
ZWL SEAT client=30 pointer=1 keyboard=0 touch=0
ZWL SEAT client=30 pointer=1 keyboard=1 touch=0
ZWL IMPORT client=30 buffer=37 width=916 height=632 bytes=2318336
ZWL IMPORT client=30 buffer=38 width=916 height=632 bytes=2318336
ZWL IMPORT client=30 buffer=39 width=916 height=632 bytes=2318336
ZTERM MENU state selection=0 clipboard=0 pixels=16 fullscreen=0
ZWL MENU commit client=30 menu=43 serial=1 items=30 generation=1
ZWL MENU set client=30 place=44 menu=43
ZWL MENU commit client=30 menu=43 serial=2 items=30 generation=2
ZTERM MENU ready items=30
ZTERM TAB active id=1
ZTERM TAB new run=term id=1 count=1
ZTERM START run=term columns=90 rows=28 cell=10x22 window=916x632
ZWL TITLEBAR create client=30 titlebar=48 toplevel=16
ZTERM TABS count=1 active=1 mode=0
ZTERM TITLE tab=1 title=Terminal
ZWL EDIT state client=30 edit=24 actions=0xff flags=0xd
ZWL TITLEBAR commit client=30 titlebar=48 serial=1 mode=0 controls=0 tabs=1 generation=1
ZWL MAP client=30 surface=14 x=348 y=420
ZWL HOME launched waited_ms=167 at_ms=2650529
ZWL GLASS launch surface=14 from=996,350 to=348,420 size=916x632
ZTERM CLIPBOARD selection text=0
ZTERM PRIMARY offer text=0
ZWL HOME closed at_ms=2650613
ZWL MENU bar client=30 surface=14 where=floating item=1 offset=127 top=368 width=55 height=44
ZWL MENU bar client=30 surface=14 where=floating item=2 offset=184 top=368 width=47 height=44
ZWL MENU bar client=30 surface=14 where=floating item=3 offset=233 top=368 width=55 height=44
ZWL MENU bar client=30 surface=14 where=floating item=4 offset=290 top=368 width=76 height=44
ZWL MENU bar client=30 surface=14 where=floating item=5 offset=368 top=368 width=53 height=44
ZGEARS FPS run=gears frames=35900 fps=14.1
ZWL PERF 5040ms: passes=656 timeouts=72 | poll 30.9% work 68.7%
ZWL PERF compose frames=80 draw_ms=39.97 (acquire 0.05 submit+present 36.98) frame_ms=40.83
ZTERM TAB closed run=term id=1 count=0
ZTERM DONE run=term reason=shell-exited
ZWL CLIENT gone client=30 reason=read
ZWL CLEANUP client=30 objects=35 unread_fds=0
ZWL HOME ended pid=90 status=0
ZWL PERF 5001ms: passes=656 timeouts=65 | poll 31.8% work 67.9%
ZWL PERF compose frames=73 draw_ms=42.92 (acquire 0.05 submit+present 40.37) frame_ms=43.79
ZGEARS FPS run=gears frames=36000 fps=12.5
ZWL WISEVIEW opening key at_ms=2660853
ZWL FIRST_FRAME what=wiseview-open frame=45449 request_ms=2660853 ms=36
ZWL WISEVIEW open windows=10 at_ms=2661060
ZWL WISEVIEW tile client=9 surface=7 x=83 y=86 width=380 height=253
ZWL WISEVIEW tile client=10 surface=1146 x=528 y=90 width=406 height=244
ZWL WISEVIEW tile client=10 surface=14 x=1036 y=90 width=305 height=244
ZWL WISEVIEW tile client=8 surface=7 x=1484 y=90 width=325 height=244
ZWL WISEVIEW tile client=7 surface=14 x=104 y=404 width=338 height=244
ZWL WISEVIEW tile client=6 surface=14 x=570 y=404 width=321 height=244
ZWL WISEVIEW tile client=5 surface=14 x=1012 y=404 width=353 height=244
ZWL WISEVIEW tile client=4 surface=8 x=1467 y=404 width=359 height=244
ZWL WISEVIEW tile client=3 surface=16 x=568 y=718 width=325 height=244
ZWL WISEVIEW tile client=2 surface=8 x=999 y=718 width=379 height=244
ZWL WISEVIEW close key at_ms=2663069
ZWL FIRST_FRAME what=wiseview-close frame=45505 request_ms=2663070 ms=26
ZWL WISEVIEW closed at_ms=2663270
ZWL PERF 5008ms: passes=703 timeouts=64 | poll 32.7% work 67.0%
ZWL PERF compose frames=99 draw_ms=31.37 (acquire 0.04 submit+present 29.61) frame_ms=32.17
ZWL HOME open via=launcher at_ms=2665435
ZWL FIRST_FRAME what=home-open frame=45544 request_ms=2665435 ms=34
ZWL HOME opened apps=12 pages=1 page=1 at_ms=2665741
ZWL HOME icon name="Files" x=600 y=386
ZWL HOME icon name="Notes" x=744 y=386
ZWL HOME icon name="Settings" x=888 y=386
ZWL HOME icon name="Terminal" x=1032 y=386
ZWL HOME icon name="PDF Viewer" x=1176 y=386
ZWL HOME icon name="Image Viewer" x=1320 y=386
ZWL HOME icon name="Browser" x=600 y=538
ZWL HOME icon name="Model viewer" x=744 y=538
ZWL HOME icon name="Gears" x=888 y=538
ZWL HOME icon name="X terminal" x=1032 y=538
ZWL HOME icon name="Lock Screen" x=1176 y=538
ZWL HOME icon name="Log Out" x=1320 y=538
ZGEARS FPS run=gears frames=36100 fps=14.2
ZWL HOME close via=escape at_ms=2667665
ZWL FIRST_FRAME what=home-close frame=45588 request_ms=2667665 ms=22
ZWL HOME closed at_ms=2667946
ZWL PERF 5000ms: passes=701 timeouts=67 | poll 32.5% work 67.2%
ZWL PERF compose frames=87 draw_ms=36.02 (acquire 0.04 submit+present 32.82) frame_ms=36.81
ZWL GLASS moved surface=7 x=980 y=372
ZWL GLASS moved surface=7 x=880 y=332
ZWL WISEVIEW opening key at_ms=2672450
ZWL FIRST_FRAME what=wiseview-open frame=45661 request_ms=2672450 ms=37
ZWL WISEVIEW open windows=10 at_ms=2672651
ZWL WISEVIEW tile client=9 surface=7 x=83 y=86 width=380 height=253
ZWL WISEVIEW tile client=10 surface=1146 x=528 y=90 width=406 height=244
ZWL WISEVIEW tile client=10 surface=14 x=1036 y=90 width=305 height=244
ZWL WISEVIEW tile client=8 surface=7 x=1484 y=90 width=325 height=244
ZWL WISEVIEW tile client=7 surface=14 x=104 y=404 width=338 height=244
ZWL WISEVIEW tile client=6 surface=14 x=570 y=404 width=321 height=244
ZWL WISEVIEW tile client=5 surface=14 x=1012 y=404 width=353 height=244
ZWL WISEVIEW tile client=4 surface=8 x=1467 y=404 width=359 height=244
ZWL WISEVIEW tile client=3 surface=16 x=568 y=718 width=325 height=244
ZWL WISEVIEW tile client=2 surface=8 x=999 y=718 width=379 height=244
ZWL PERF 5025ms: passes=684 timeouts=65 | poll 32.1% work 67.6%
ZWL PERF compose frames=94 draw_ms=33.45 (acquire 0.04 submit+present 31.43) frame_ms=34.28
ZGEARS FPS run=gears frames=36200 fps=14.0
ZWL WISEVIEW close key at_ms=2674674
ZWL FIRST_FRAME what=wiseview-close frame=45716 request_ms=2674675 ms=29
ZWL WISEVIEW closed at_ms=2674877
ZWL HOME open via=launcher at_ms=2677066
ZWL FIRST_FRAME what=home-open frame=45754 request_ms=2677067 ms=53
ZWL HOME opened apps=12 pages=1 page=1 at_ms=2677348
ZWL HOME icon name="Files" x=600 y=386
ZWL HOME icon name="Notes" x=744 y=386
ZWL HOME icon name="Settings" x=888 y=386
ZWL HOME icon name="Terminal" x=1032 y=386
ZWL HOME icon name="PDF Viewer" x=1176 y=386
ZWL HOME icon name="Image Viewer" x=1320 y=386
ZWL HOME icon name="Browser" x=600 y=538
ZWL HOME icon name="Model viewer" x=744 y=538
ZWL HOME icon name="Gears" x=888 y=538
ZWL HOME icon name="X terminal" x=1032 y=538
ZWL HOME icon name="Lock Screen" x=1176 y=538
ZWL HOME icon name="Log Out" x=1320 y=538
ZWL HOME close via=escape at_ms=2679276
ZWL FIRST_FRAME what=home-close frame=45797 request_ms=2679276 ms=24
ZWL PERF 5014ms: passes=687 timeouts=66 | poll 32.0% work 67.6%
ZWL PERF compose frames=92 draw_ms=34.16 (acquire 0.06 submit+present 31.19) frame_ms=34.96
ZWL HOME closed at_ms=2679530
ZGEARS FPS run=gears frames=36300 fps=15.4
ZWL GLASS moved surface=7 x=980 y=372
ZWL GLASS moved surface=7 x=880 y=332
ZWL WISEVIEW opening key at_ms=2684085
ZWL FIRST_FRAME what=wiseview-open frame=45870 request_ms=2684085 ms=33
ZWL WISEVIEW open windows=10 at_ms=2684308
ZWL WISEVIEW tile client=9 surface=7 x=83 y=86 width=380 height=253
ZWL WISEVIEW tile client=10 surface=1146 x=528 y=90 width=406 height=244
ZWL WISEVIEW tile client=10 surface=14 x=1036 y=90 width=305 height=244
ZWL WISEVIEW tile client=8 surface=7 x=1484 y=90 width=325 height=244
ZWL WISEVIEW tile client=7 surface=14 x=104 y=404 width=338 height=244
ZWL WISEVIEW tile client=6 surface=14 x=570 y=404 width=321 height=244
ZWL WISEVIEW tile client=5 surface=14 x=1012 y=404 width=353 height=244
ZWL WISEVIEW tile client=4 surface=8 x=1467 y=404 width=359 height=244
ZWL WISEVIEW tile client=3 surface=16 x=568 y=718 width=325 height=244
ZWL WISEVIEW tile client=2 surface=8 x=999 y=718 width=379 height=244
ZWL PERF 5007ms: passes=702 timeouts=62 | poll 31.3% work 68.4%
ZWL PERF compose frames=77 draw_ms=41.21 (acquire 0.05 submit+present 38.67) frame_ms=42.13
ZWL WISEVIEW close key at_ms=2686285
ZWL FIRST_FRAME what=wiseview-close frame=45926 request_ms=2686286 ms=23
ZWL WISEVIEW closed at_ms=2686502
ZGEARS FPS run=gears frames=36400 fps=13.9
ZWL HOME open via=launcher at_ms=2688661
ZWL FIRST_FRAME what=home-open frame=45964 request_ms=2688661 ms=51
ZWL HOME opened apps=12 pages=1 page=1 at_ms=2688949
ZWL HOME icon name="Files" x=600 y=386
ZWL HOME icon name="Notes" x=744 y=386
ZWL HOME icon name="Settings" x=888 y=386
ZWL HOME icon name="Terminal" x=1032 y=386
ZWL HOME icon name="PDF Viewer" x=1176 y=386
ZWL HOME icon name="Image Viewer" x=1320 y=386
ZWL HOME icon name="Browser" x=600 y=538
ZWL HOME icon name="Model viewer" x=744 y=538
ZWL HOME icon name="Gears" x=888 y=538
ZWL HOME icon name="X terminal" x=1032 y=538
ZWL HOME icon name="Lock Screen" x=1176 y=538
ZWL HOME icon name="Log Out" x=1320 y=538
ZWL PERF 5016ms: passes=681 timeouts=75 | poll 31.9% work 67.7%
ZWL PERF compose frames=102 draw_ms=30.89 (acquire 0.07 submit+present 28.50) frame_ms=31.69
ZWL HOME close via=escape at_ms=2690896
ZWL FIRST_FRAME what=home-close frame=46009 request_ms=2690896 ms=26
ZWL HOME closed at_ms=2691142
ZWL GLASS moved surface=7 x=980 y=372
ZWL PERF 5002ms: passes=695 timeouts=67 | poll 31.4% work 68.2%
ZWL PERF compose frames=85 draw_ms=37.27 (acquire 0.05 submit+present 34.21) frame_ms=38.16
ZWL GLASS moved surface=7 x=880 y=332
ZGEARS FPS run=gears frames=36500 fps=14.6
ZWL WISEVIEW opening key at_ms=2695641
ZWL FIRST_FRAME what=wiseview-open frame=46082 request_ms=2695641 ms=36
ZWL WISEVIEW open windows=10 at_ms=2695847
ZWL WISEVIEW tile client=9 surface=7 x=83 y=86 width=380 height=253
ZWL WISEVIEW tile client=10 surface=1146 x=528 y=90 width=406 height=244
ZWL WISEVIEW tile client=10 surface=14 x=1036 y=90 width=305 height=244
ZWL WISEVIEW tile client=8 surface=7 x=1484 y=90 width=325 height=244
ZWL WISEVIEW tile client=7 surface=14 x=104 y=404 width=338 height=244
ZWL WISEVIEW tile client=6 surface=14 x=570 y=404 width=321 height=244
ZWL WISEVIEW tile client=5 surface=14 x=1012 y=404 width=353 height=244
ZWL WISEVIEW tile client=4 surface=8 x=1467 y=404 width=359 height=244
ZWL WISEVIEW tile client=3 surface=16 x=568 y=718 width=325 height=244
ZWL WISEVIEW tile client=2 surface=8 x=999 y=718 width=379 height=244
ZWL WISEVIEW close key at_ms=2697866
ZWL FIRST_FRAME what=wiseview-close frame=46137 request_ms=2697866 ms=17
ZWL WISEVIEW closed at_ms=2698104
ZWL PERF 5001ms: passes=689 timeouts=71 | poll 32.6% work 67.0%
ZWL PERF compose frames=99 draw_ms=31.31 (acquire 0.05 submit+present 29.37) frame_ms=32.14
ZWL HOME open via=launcher at_ms=2700229
ZWL FIRST_FRAME what=home-open frame=46175 request_ms=2700229 ms=52
ZWL HOME opened apps=12 pages=1 page=1 at_ms=2700562
ZWL HOME icon name="Files" x=600 y=386
ZWL HOME icon name="Notes" x=744 y=386
ZWL HOME icon name="Settings" x=888 y=386
ZWL HOME icon name="Terminal" x=1032 y=386
ZWL HOME icon name="PDF Viewer" x=1176 y=386
ZWL HOME icon name="Image Viewer" x=1320 y=386
ZWL HOME icon name="Browser" x=600 y=538
ZWL HOME icon name="Model viewer" x=744 y=538
ZWL HOME icon name="Gears" x=888 y=538
ZWL HOME icon name="X terminal" x=1032 y=538
ZWL HOME icon name="Lock Screen" x=1176 y=538
ZWL HOME icon name="Log Out" x=1320 y=538
ZGEARS FPS run=gears frames=36600 fps=14.6
ZWL HOME close via=escape at_ms=2702455
ZWL FIRST_FRAME what=home-close frame=46219 request_ms=2702455 ms=21
ZWL HOME closed at_ms=2702723
ZWL PERF 5014ms: passes=725 timeouts=66 | poll 31.8% work 67.9%
ZWL PERF compose frames=87 draw_ms=36.24 (acquire 0.04 submit+present 33.19) frame_ms=36.97
ZWL GLASS moved surface=7 x=980 y=372
ZWL GLASS moved surface=7 x=880 y=332
ZWL WISEVIEW opening key at_ms=2707245
ZWL FIRST_FRAME what=wiseview-open frame=46295 request_ms=2707245 ms=42
ZWL WISEVIEW open windows=10 at_ms=2707459
ZWL WISEVIEW tile client=9 surface=7 x=83 y=86 width=380 height=253
ZWL WISEVIEW tile client=10 surface=1146 x=528 y=90 width=406 height=244
ZWL WISEVIEW tile client=10 surface=14 x=1036 y=90 width=305 height=244
ZWL WISEVIEW tile client=8 surface=7 x=1484 y=90 width=325 height=244
ZWL WISEVIEW tile client=7 surface=14 x=104 y=404 width=338 height=244
ZWL WISEVIEW tile client=6 surface=14 x=570 y=404 width=321 height=244
ZWL WISEVIEW tile client=5 surface=14 x=1012 y=404 width=353 height=244
ZWL WISEVIEW tile client=4 surface=8 x=1467 y=404 width=359 height=244
ZWL WISEVIEW tile client=3 surface=16 x=568 y=718 width=325 height=244
ZWL WISEVIEW tile client=2 surface=8 x=999 y=718 width=379 height=244
ZGEARS FPS run=gears frames=36700 fps=14.1
ZWL PERF 5030ms: passes=658 timeouts=70 | poll 31.7% work 68.0%
ZWL PERF compose frames=102 draw_ms=30.91 (acquire 0.06 submit+present 28.71) frame_ms=31.82
ZWL WISEVIEW close key at_ms=2709471
ZWL FIRST_FRAME what=wiseview-close frame=46352 request_ms=2709471 ms=33
ZWL WISEVIEW closed at_ms=2709685
ZWL HOME open via=launcher at_ms=2711848
ZWL FIRST_FRAME what=home-open frame=46390 request_ms=2711848 ms=34
ZWL HOME opened apps=12 pages=1 page=1 at_ms=2712149
ZWL HOME icon name="Files" x=600 y=386
ZWL HOME icon name="Notes" x=744 y=386
ZWL HOME icon name="Settings" x=888 y=386
ZWL HOME icon name="Terminal" x=1032 y=386
ZWL HOME icon name="PDF Viewer" x=1176 y=386
ZWL HOME icon name="Image Viewer" x=1320 y=386
ZWL HOME icon name="Browser" x=600 y=538
ZWL HOME icon name="Model viewer" x=744 y=538
ZWL HOME icon name="Gears" x=888 y=538
ZWL HOME icon name="X terminal" x=1032 y=538
ZWL HOME icon name="Lock Screen" x=1176 y=538
ZWL HOME icon name="Log Out" x=1320 y=538
ZWL HOME close via=escape at_ms=2714070
ZWL FIRST_FRAME what=home-close frame=46434 request_ms=2714070 ms=22
ZWL HOME closed at_ms=2714312
ZWL PERF 5016ms: passes=709 timeouts=63 | poll 31.7% work 68.0%
ZWL PERF compose frames=89 draw_ms=35.58 (acquire 0.05 submit+present 32.28) frame_ms=36.43
ZGEARS FPS run=gears frames=36800 fps=14.8
ZWL GLASS moved surface=7 x=980 y=372
ZWL GLASS moved surface=7 x=880 y=332
ZWL WISEVIEW opening key at_ms=2718885
ZWL FIRST_FRAME what=wiseview-open frame=46511 request_ms=2718885 ms=40
ZWL WISEVIEW open windows=10 at_ms=2719094
ZWL WISEVIEW tile client=9 surface=7 x=83 y=86 width=380 height=253
ZWL WISEVIEW tile client=10 surface=1146 x=528 y=90 width=406 height=244
ZWL WISEVIEW tile client=10 surface=14 x=1036 y=90 width=305 height=244
ZWL WISEVIEW tile client=8 surface=7 x=1484 y=90 width=325 height=244
ZWL WISEVIEW tile client=7 surface=14 x=104 y=404 width=338 height=244
ZWL WISEVIEW tile client=6 surface=14 x=570 y=404 width=321 height=244
ZWL WISEVIEW tile client=5 surface=14 x=1012 y=404 width=353 height=244
ZWL WISEVIEW tile client=4 surface=8 x=1467 y=404 width=359 height=244
ZWL WISEVIEW tile client=3 surface=16 x=568 y=718 width=325 height=244
ZWL WISEVIEW tile client=2 surface=8 x=999 y=718 width=379 height=244
ZWL PERF 5016ms: passes=685 timeouts=58 | poll 31.2% work 68.4%
ZWL PERF compose frames=84 draw_ms=37.84 (acquire 0.04 submit+present 35.44) frame_ms=38.71
ZWL WISEVIEW close key at_ms=2721104
ZWL FIRST_FRAME what=wiseview-close frame=46569 request_ms=2721104 ms=21
ZWL WISEVIEW closed at_ms=2721304
ZGEARS FPS run=gears frames=36900 fps=13.4
ZWL HOME open via=launcher at_ms=2723454
ZWL FIRST_FRAME what=home-open frame=46605 request_ms=2723454 ms=47
ZWL HOME opened apps=12 pages=1 page=1 at_ms=2723738
ZWL HOME icon name="Files" x=600 y=386
ZWL HOME icon name="Notes" x=744 y=386
ZWL HOME icon name="Settings" x=888 y=386
ZWL HOME icon name="Terminal" x=1032 y=386
ZWL HOME icon name="PDF Viewer" x=1176 y=386
ZWL HOME icon name="Image Viewer" x=1320 y=386
ZWL HOME icon name="Browser" x=600 y=538
ZWL HOME icon name="Model viewer" x=744 y=538
ZWL HOME icon name="Gears" x=888 y=538
ZWL HOME icon name="X terminal" x=1032 y=538
ZWL HOME icon name="Lock Screen" x=1176 y=538
ZWL HOME icon name="Log Out" x=1320 y=538
ZWL PERF 5003ms: passes=683 timeouts=71 | poll 32.0% work 67.6%
ZWL PERF compose frames=99 draw_ms=31.55 (acquire 0.05 submit+present 29.14) frame_ms=32.45
ZWL HOME close via=escape at_ms=2725700
ZWL FIRST_FRAME what=home-close frame=46647 request_ms=2725700 ms=25
ZWL HOME closed at_ms=2725949
ZWL GLASS moved surface=7 x=980 y=372
ZWL PERF 5034ms: passes=724 timeouts=68 | poll 31.4% work 68.2%
ZWL PERF compose frames=83 draw_ms=38.35 (acquire 0.04 submit+present 35.66) frame_ms=38.81
ZWL GLASS moved surface=7 x=880 y=332
ZGEARS FPS run=gears frames=37000 fps=14.7
ZWL WISEVIEW opening key at_ms=2730474
ZWL FIRST_FRAME what=wiseview-open frame=46719 request_ms=2730474 ms=37
ZWL WISEVIEW open windows=10 at_ms=2730687
ZWL WISEVIEW tile client=9 surface=7 x=83 y=86 width=380 height=253
ZWL WISEVIEW tile client=10 surface=1146 x=528 y=90 width=406 height=244
ZWL WISEVIEW tile client=10 surface=14 x=1036 y=90 width=305 height=244
ZWL WISEVIEW tile client=8 surface=7 x=1484 y=90 width=325 height=244
ZWL WISEVIEW tile client=7 surface=14 x=104 y=404 width=338 height=244
ZWL WISEVIEW tile client=6 surface=14 x=570 y=404 width=321 height=244
ZWL WISEVIEW tile client=5 surface=14 x=1012 y=404 width=353 height=244
ZWL WISEVIEW tile client=4 surface=8 x=1467 y=404 width=359 height=244
ZWL WISEVIEW tile client=3 surface=16 x=568 y=718 width=325 height=244
ZWL WISEVIEW tile client=2 surface=8 x=999 y=718 width=379 height=244
ZWL WISEVIEW close key at_ms=2732706
ZWL FIRST_FRAME what=wiseview-close frame=46776 request_ms=2732706 ms=29
ZWL WISEVIEW closed at_ms=2732907
ZWL PERF 5042ms: passes=700 timeouts=70 | poll 32.8% work 66.8%
ZWL PERF compose frames=99 draw_ms=31.44 (acquire 0.05 submit+present 29.47) frame_ms=32.64
ZWL HOME open via=launcher at_ms=2735065
ZWL FIRST_FRAME what=home-open frame=46813 request_ms=2735065 ms=34
ZWL HOME opened apps=12 pages=1 page=1 at_ms=2735346
ZWL HOME icon name="Files" x=600 y=386
ZWL HOME icon name="Notes" x=744 y=386
ZWL HOME icon name="Settings" x=888 y=386
ZWL HOME icon name="Terminal" x=1032 y=386
ZWL HOME icon name="PDF Viewer" x=1176 y=386
ZWL HOME icon name="Image Viewer" x=1320 y=386
ZWL HOME icon name="Browser" x=600 y=538
ZWL HOME icon name="Model viewer" x=744 y=538
ZWL HOME icon name="Gears" x=888 y=538
ZWL HOME icon name="X terminal" x=1032 y=538
ZWL HOME icon name="Lock Screen" x=1176 y=538
ZWL HOME icon name="Log Out" x=1320 y=538
ZGEARS FPS run=gears frames=37100 fps=14.5
ZWL HOME close via=escape at_ms=2737300
ZWL FIRST_FRAME what=home-close frame=46856 request_ms=2737300 ms=29
ZWL HOME closed at_ms=2737557
ZWL PERF 5045ms: passes=714 timeouts=67 | poll 32.6% work 67.1%
ZWL PERF compose frames=86 draw_ms=36.53 (acquire 0.04 submit+present 33.54) frame_ms=37.33
ZWL GLASS moved surface=7 x=980 y=372
ZWL GLASS moved surface=7 x=880 y=332
ZWL WISEVIEW opening key at_ms=2742095
ZWL FIRST_FRAME what=wiseview-open frame=46929 request_ms=2742095 ms=42
ZWL WISEVIEW open windows=10 at_ms=2742306
ZWL WISEVIEW tile client=9 surface=7 x=83 y=86 width=380 height=253
ZWL WISEVIEW tile client=10 surface=1146 x=528 y=90 width=406 height=244
ZWL WISEVIEW tile client=10 surface=14 x=1036 y=90 width=305 height=244
ZWL WISEVIEW tile client=8 surface=7 x=1484 y=90 width=325 height=244
ZWL WISEVIEW tile client=7 surface=14 x=104 y=404 width=338 height=244
ZWL WISEVIEW tile client=6 surface=14 x=570 y=404 width=321 height=244
ZWL WISEVIEW tile client=5 surface=14 x=1012 y=404 width=353 height=244
ZWL WISEVIEW tile client=4 surface=8 x=1467 y=404 width=359 height=244
ZWL WISEVIEW tile client=3 surface=16 x=568 y=718 width=325 height=244
ZWL WISEVIEW tile client=2 surface=8 x=999 y=718 width=379 height=244
ZGEARS FPS run=gears frames=37200 fps=13.8
ZWL WISEVIEW close key at_ms=2744314
ZWL FIRST_FRAME what=wiseview-close frame=46983 request_ms=2744314 ms=29
ZWL WISEVIEW closed at_ms=2744514
ZWL PERF 5001ms: passes=723 timeouts=66 | poll 32.2% work 67.5%
ZWL PERF compose frames=97 draw_ms=32.03 (acquire 0.04 submit+present 30.07) frame_ms=32.94
ZWL HOME open via=launcher at_ms=2746671
ZWL FIRST_FRAME what=home-open frame=47021 request_ms=2746671 ms=58
ZWL HOME opened apps=12 pages=1 page=1 at_ms=2746954
ZWL HOME icon name="Files" x=600 y=386
ZWL HOME icon name="Notes" x=744 y=386
ZWL HOME icon name="Settings" x=888 y=386
ZWL HOME icon name="Terminal" x=1032 y=386
ZWL HOME icon name="PDF Viewer" x=1176 y=386
ZWL HOME icon name="Image Viewer" x=1320 y=386
ZWL HOME icon name="Browser" x=600 y=538
ZWL HOME icon name="Model viewer" x=744 y=538
ZWL HOME icon name="Gears" x=888 y=538
ZWL HOME icon name="X terminal" x=1032 y=538
ZWL HOME icon name="Lock Screen" x=1176 y=538
ZWL HOME icon name="Log Out" x=1320 y=538
ZWL HOME close via=escape at_ms=2748896
ZWL FIRST_FRAME what=home-close frame=47065 request_ms=2748896 ms=34
ZWL HOME closed at_ms=2749139
ZWL PERF 5028ms: passes=697 timeouts=70 | poll 31.5% work 68.2%
ZWL PERF compose frames=89 draw_ms=35.89 (acquire 0.06 submit+present 32.22) frame_ms=36.68
ZGEARS FPS run=gears frames=37300 fps=14.6
ZWL GLASS moved surface=7 x=980 y=372
ZWL GLASS moved surface=7 x=880 y=332
ZWL WISEVIEW opening key at_ms=2753700
ZWL FIRST_FRAME what=wiseview-open frame=47140 request_ms=2753700 ms=41
ZWL WISEVIEW open windows=10 at_ms=2753902
ZWL WISEVIEW tile client=9 surface=7 x=83 y=86 width=380 height=253
ZWL WISEVIEW tile client=10 surface=1146 x=528 y=90 width=406 height=244
ZWL WISEVIEW tile client=10 surface=14 x=1036 y=90 width=305 height=244
ZWL WISEVIEW tile client=8 surface=7 x=1484 y=90 width=325 height=244
ZWL WISEVIEW tile client=7 surface=14 x=104 y=404 width=338 height=244
ZWL WISEVIEW tile client=6 surface=14 x=570 y=404 width=321 height=244
ZWL WISEVIEW tile client=5 surface=14 x=1012 y=404 width=353 height=244
ZWL WISEVIEW tile client=4 surface=8 x=1467 y=404 width=359 height=244
ZWL WISEVIEW tile client=3 surface=16 x=568 y=718 width=325 height=244
ZWL WISEVIEW tile client=2 surface=8 x=999 y=718 width=379 height=244
ZWL PERF 5000ms: passes=665 timeouts=71 | poll 32.2% work 67.5%
ZWL PERF compose frames=83 draw_ms=37.78 (acquire 0.06 submit+present 35.44) frame_ms=38.63
ZWL WISEVIEW close key at_ms=2755906
ZWL FIRST_FRAME what=wiseview-close frame=47193 request_ms=2755906 ms=25
ZWL WISEVIEW closed at_ms=2756110
ZWL HOME open via=launcher at_ms=2758265
ZWL FIRST_FRAME what=home-open frame=47231 request_ms=2758265 ms=52
ZGEARS FPS run=gears frames=37400 fps=13.4
ZWL HOME opened apps=12 pages=1 page=1 at_ms=2758545
ZWL HOME icon name="Files" x=600 y=386
ZWL HOME icon name="Notes" x=744 y=386
ZWL HOME icon name="Settings" x=888 y=386
ZWL HOME icon name="Terminal" x=1032 y=386
ZWL HOME icon name="PDF Viewer" x=1176 y=386
ZWL HOME icon name="Image Viewer" x=1320 y=386
ZWL HOME icon name="Browser" x=600 y=538
ZWL HOME icon name="Model viewer" x=744 y=538
ZWL HOME icon name="Gears" x=888 y=538
ZWL HOME icon name="X terminal" x=1032 y=538
ZWL HOME icon name="Lock Screen" x=1176 y=538
ZWL HOME icon name="Log Out" x=1320 y=538
ZWL PERF 5023ms: passes=748 timeouts=65 | poll 32.3% work 67.3%
ZWL PERF compose frames=96 draw_ms=32.75 (acquire 0.05 submit+present 30.41) frame_ms=33.45
ZWL HOME close via=escape at_ms=2760506
ZWL FIRST_FRAME what=home-close frame=47273 request_ms=2760507 ms=35
ZWL HOME closed at_ms=2760747
ZWL GLASS moved surface=7 x=980 y=372
ZWL GLASS moved surface=7 x=880 y=332
ZWL PERF 5033ms: passes=681 timeouts=71 | poll 32.5% work 67.2%
ZWL PERF compose frames=82 draw_ms=38.51 (acquire 0.04 submit+present 35.74) frame_ms=39.32
ZGEARS FPS run=gears frames=37500 fps=15.2
ZWL WISEVIEW opening key at_ms=2765670
ZWL FIRST_FRAME what=wiseview-open frame=47353 request_ms=2765670 ms=44
ZWL WISEVIEW open windows=10 at_ms=2765882
ZWL WISEVIEW tile client=9 surface=7 x=83 y=86 width=380 height=253
ZWL WISEVIEW tile client=10 surface=1146 x=528 y=90 width=406 height=244
ZWL WISEVIEW tile client=10 surface=14 x=1036 y=90 width=305 height=244
ZWL WISEVIEW tile client=8 surface=7 x=1484 y=90 width=325 height=244
ZWL WISEVIEW tile client=7 surface=14 x=104 y=404 width=338 height=244
ZWL WISEVIEW tile client=6 surface=14 x=570 y=404 width=321 height=244
ZWL WISEVIEW tile client=5 surface=14 x=1012 y=404 width=353 height=244
ZWL WISEVIEW tile client=4 surface=8 x=1467 y=404 width=359 height=244
ZWL WISEVIEW tile client=3 surface=16 x=568 y=718 width=325 height=244
ZWL WISEVIEW tile client=2 surface=8 x=999 y=718 width=379 height=244
ZWL WISEVIEW close key at_ms=2767908
ZWL FIRST_FRAME what=wiseview-close frame=47409 request_ms=2767908 ms=24
ZWL WISEVIEW closed at_ms=2768111
ZWL PERF 5004ms: passes=695 timeouts=69 | poll 33.2% work 66.5%
ZWL PERF compose frames=100 draw_ms=30.83 (acquire 0.06 submit+present 28.93) frame_ms=31.64
ZWL HOME open via=launcher at_ms=2770243
ZWL FIRST_FRAME what=home-open frame=47447 request_ms=2770243 ms=43
ZWL HOME opened apps=12 pages=1 page=1 at_ms=2770526
ZWL HOME icon name="Files" x=600 y=386
ZWL HOME icon name="Notes" x=744 y=386
ZWL HOME icon name="Settings" x=888 y=386
ZWL HOME icon name="Terminal" x=1032 y=386
ZWL HOME icon name="PDF Viewer" x=1176 y=386
ZWL HOME icon name="Image Viewer" x=1320 y=386
ZWL HOME icon name="Browser" x=600 y=538
ZWL HOME icon name="Model viewer" x=744 y=538
ZWL HOME icon name="Gears" x=888 y=538
ZWL HOME icon name="X terminal" x=1032 y=538
ZWL HOME icon name="Lock Screen" x=1176 y=538
ZWL HOME icon name="Log Out" x=1320 y=538
ZGEARS FPS run=gears frames=37600 fps=14.0
ZWL HOME close via=escape at_ms=2772490
ZWL FIRST_FRAME what=home-close frame=47492 request_ms=2772490 ms=34
ZWL HOME closed at_ms=2772732
ZWL PERF 5001ms: passes=737 timeouts=70 | poll 32.2% work 67.4%
ZWL PERF compose frames=87 draw_ms=36.00 (acquire 0.05 submit+present 33.16) frame_ms=36.81
ZWL GLASS moved surface=7 x=980 y=372
ZWL GLASS moved surface=7 x=880 y=332
ZWL HOME open via=launcher at_ms=2777360
ZWL FIRST_FRAME what=home-open frame=47567 request_ms=2777360 ms=57
ZWL HOME opened apps=12 pages=1 page=1 at_ms=2777646
ZWL HOME icon name="Files" x=600 y=386
ZWL HOME icon name="Notes" x=744 y=386
ZWL HOME icon name="Settings" x=888 y=386
ZWL HOME icon name="Terminal" x=1032 y=386
ZWL HOME icon name="PDF Viewer" x=1176 y=386
ZWL HOME icon name="Image Viewer" x=1320 y=386
ZWL HOME icon name="Browser" x=600 y=538
ZWL HOME icon name="Model viewer" x=744 y=538
ZWL HOME icon name="Gears" x=888 y=538
ZWL HOME icon name="X terminal" x=1032 y=538
ZWL HOME icon name="Lock Screen" x=1176 y=538
ZWL HOME icon name="Log Out" x=1320 y=538
ZWL HOME launch name=Terminal pid=92
ZWL HOME close via=launch at_ms=2779016
ZGEARS FPS run=gears frames=37700 fps=14.4
ZWL FIRST_FRAME what=home-close frame=47599 request_ms=2779016 ms=33
ZWL CLIENT client=31 fd=25
ZWL INSET create client=31 inset=20 toplevel=16
ZWL EDIT create client=31 edit=24 toplevel=16
ZWL BOUNDS client=31 surface=14 width=1896 height=970
ZWL CONFIGURE client=31 surface=14 serial=1289 width=0 height=0 fullscreen=0
ZWL SEAT client=31 pointer=1 keyboard=0 touch=0
ZWL SEAT client=31 pointer=1 keyboard=1 touch=0
ZWL IMPORT client=31 buffer=37 width=916 height=632 bytes=2318336
ZWL IMPORT client=31 buffer=38 width=916 height=632 bytes=2318336
ZWL IMPORT client=31 buffer=39 width=916 height=632 bytes=2318336
ZTERM MENU state selection=0 clipboard=0 pixels=16 fullscreen=0
ZWL MENU commit client=31 menu=43 serial=1 items=30 generation=1
ZWL MENU set client=31 place=44 menu=43
ZWL MENU commit client=31 menu=43 serial=2 items=30 generation=2
ZTERM MENU ready items=30
ZTERM TAB active id=1
ZTERM TAB new run=term id=1 count=1
ZTERM START run=term columns=90 rows=28 cell=10x22 window=916x632
ZTERM TABS count=1 active=1 mode=0
ZTERM TITLE tab=1 title=Terminal
ZWL TITLEBAR create client=31 titlebar=48 toplevel=16
ZWL EDIT state client=31 edit=24 actions=0xff flags=0xd
ZWL TITLEBAR commit client=31 titlebar=48 serial=1 mode=0 controls=0 tabs=1 generation=1
ZWL MAP client=31 surface=14 x=348 y=420
ZWL HOME launched waited_ms=111 at_ms=2779127
ZWL GLASS launch surface=14 from=996,350 to=348,420 size=916x632
ZTERM CLIPBOARD selection text=0
ZTERM PRIMARY offer text=0
ZWL HOME closed at_ms=2779275
ZWL MENU bar client=31 surface=14 where=floating item=1 offset=127 top=368 width=55 height=44
ZWL MENU bar client=31 surface=14 where=floating item=2 offset=184 top=368 width=47 height=44
ZWL MENU bar client=31 surface=14 where=floating item=3 offset=233 top=368 width=55 height=44
ZWL MENU bar client=31 surface=14 where=floating item=4 offset=290 top=368 width=76 height=44
ZWL MENU bar client=31 surface=14 where=floating item=5 offset=368 top=368 width=53 height=44
ZWL PERF 5002ms: passes=709 timeouts=66 | poll 31.0% work 68.7%
ZWL PERF compose frames=84 draw_ms=37.85 (acquire 0.04 submit+present 34.86) frame_ms=38.19
ZWL PERF 5008ms: passes=586 timeouts=67 | poll 32.1% work 67.5%
ZWL PERF compose frames=71 draw_ms=43.94 (acquire 0.08 submit+present 40.92) frame_ms=45.56
ZTERM TAB closed run=term id=1 count=0
ZTERM DONE run=term reason=shell-exited
ZWL CLIENT gone client=31 reason=flush
ZWL CLEANUP client=31 objects=36 unread_fds=0
ZWL HOME ended pid=92 status=0
ZGEARS FPS run=gears frames=37800 fps=12.1
ZWL WISEVIEW opening key at_ms=2789646
ZWL FIRST_FRAME what=wiseview-open frame=47754 request_ms=2789646 ms=36
ZWL PERF 5019ms: passes=656 timeouts=69 | poll 32.1% work 67.5%
ZWL PERF compose frames=75 draw_ms=41.68 (acquire 0.06 submit+present 38.71) frame_ms=42.19
ZWL WISEVIEW open windows=10 at_ms=2789869
ZWL WISEVIEW tile client=9 surface=7 x=83 y=86 width=380 height=253
ZWL WISEVIEW tile client=10 surface=1146 x=528 y=90 width=406 height=244
ZWL WISEVIEW tile client=10 surface=14 x=1036 y=90 width=305 height=244
ZWL WISEVIEW tile client=8 surface=7 x=1484 y=90 width=325 height=244
ZWL WISEVIEW tile client=7 surface=14 x=104 y=404 width=338 height=244
ZWL WISEVIEW tile client=6 surface=14 x=570 y=404 width=321 height=244
ZWL WISEVIEW tile client=5 surface=14 x=1012 y=404 width=353 height=244
ZWL WISEVIEW tile client=4 surface=8 x=1467 y=404 width=359 height=244
ZWL WISEVIEW tile client=3 surface=16 x=568 y=718 width=325 height=244
ZWL WISEVIEW tile client=2 surface=8 x=999 y=718 width=379 height=244
ZWL WISEVIEW close key at_ms=2791832
ZWL FIRST_FRAME what=wiseview-close frame=47810 request_ms=2791832 ms=31
ZWL WISEVIEW closed at_ms=2792051
ZWL HOME open via=launcher at_ms=2794186
ZWL FIRST_FRAME what=home-open frame=47847 request_ms=2794186 ms=53
ZWL HOME opened apps=12 pages=1 page=1 at_ms=2794499
ZWL HOME icon name="Files" x=600 y=386
ZWL HOME icon name="Notes" x=744 y=386
ZWL HOME icon name="Settings" x=888 y=386
ZWL HOME icon name="Terminal" x=1032 y=386
ZWL HOME icon name="PDF Viewer" x=1176 y=386
ZWL HOME icon name="Image Viewer" x=1320 y=386
ZWL HOME icon name="Browser" x=600 y=538
ZWL HOME icon name="Model viewer" x=744 y=538
ZWL HOME icon name="Gears" x=888 y=538
ZWL HOME icon name="X terminal" x=1032 y=538
ZWL HOME icon name="Lock Screen" x=1176 y=538
ZWL HOME icon name="Log Out" x=1320 y=538
ZGEARS FPS run=gears frames=37900 fps=13.6
ZWL PERF 5025ms: passes=715 timeouts=72 | poll 33.4% work 66.3%
ZWL PERF compose frames=100 draw_ms=30.80 (acquire 0.06 submit+present 28.78) frame_ms=32.01
ZWL HOME close via=escape at_ms=2796423
ZWL FIRST_FRAME what=home-close frame=47888 request_ms=2796423 ms=22
ZWL HOME closed at_ms=2796708
ZWL GLASS moved surface=7 x=980 y=372
ZWL PERF 5019ms: passes=739 timeouts=65 | poll 32.0% work 67.7%
ZWL PERF compose frames=86 draw_ms=36.76 (acquire 0.04 submit+present 33.96) frame_ms=37.51
ZWL GLASS moved surface=7 x=880 y=332
ZWL WISEVIEW opening key at_ms=2801204
ZWL FIRST_FRAME what=wiseview-open frame=47963 request_ms=2801204 ms=38
ZGEARS FPS run=gears frames=38000 fps=15.0
ZWL WISEVIEW open windows=10 at_ms=2801418
ZWL WISEVIEW tile client=9 surface=7 x=83 y=86 width=380 height=253
ZWL WISEVIEW tile client=10 surface=1146 x=528 y=90 width=406 height=244
ZWL WISEVIEW tile client=10 surface=14 x=1036 y=90 width=305 height=244
ZWL WISEVIEW tile client=8 surface=7 x=1484 y=90 width=325 height=244
ZWL WISEVIEW tile client=7 surface=14 x=104 y=404 width=338 height=244
ZWL WISEVIEW tile client=6 surface=14 x=570 y=404 width=321 height=244
ZWL WISEVIEW tile client=5 surface=14 x=1012 y=404 width=353 height=244
ZWL WISEVIEW tile client=4 surface=8 x=1467 y=404 width=359 height=244
ZWL WISEVIEW tile client=3 surface=16 x=568 y=718 width=325 height=244
ZWL WISEVIEW tile client=2 surface=8 x=999 y=718 width=379 height=244
ZWL WISEVIEW close key at_ms=2803457
ZWL FIRST_FRAME what=wiseview-close frame=48020 request_ms=2803458 ms=23
ZWL WISEVIEW closed at_ms=2803660
ZWL PERF 5028ms: passes=705 timeouts=79 | poll 32.7% work 66.9%
ZWL PERF compose frames=101 draw_ms=30.78 (acquire 0.06 submit+present 28.61) frame_ms=31.65
ZWL HOME open via=launcher at_ms=2805797
ZWL FIRST_FRAME what=home-open frame=48057 request_ms=2805797 ms=62
ZWL HOME opened apps=12 pages=1 page=1 at_ms=2806090
ZWL HOME icon name="Files" x=600 y=386
ZWL HOME icon name="Notes" x=744 y=386
ZWL HOME icon name="Settings" x=888 y=386
ZWL HOME icon name="Terminal" x=1032 y=386
ZWL HOME icon name="PDF Viewer" x=1176 y=386
ZWL HOME icon name="Image Viewer" x=1320 y=386
ZWL HOME icon name="Browser" x=600 y=538
ZWL HOME icon name="Model viewer" x=744 y=538
ZWL HOME icon name="Gears" x=888 y=538
ZWL HOME icon name="X terminal" x=1032 y=538
ZWL HOME icon name="Lock Screen" x=1176 y=538
ZWL HOME icon name="Log Out" x=1320 y=538
ZGEARS FPS run=gears frames=38100 fps=14.8
ZWL HOME close via=escape at_ms=2808048
ZWL FIRST_FRAME what=home-close frame=48102 request_ms=2808048 ms=26
ZWL HOME closed at_ms=2808290
ZWL PERF 5000ms: passes=749 timeouts=68 | poll 32.6% work 67.1%
ZWL PERF compose frames=86 draw_ms=36.19 (acquire 0.06 submit+present 32.85) frame_ms=37.03
ZWL GLASS moved surface=7 x=980 y=372
ZWL GLASS moved surface=7 x=880 y=332
ZWL WISEVIEW opening key at_ms=2812820
ZWL FIRST_FRAME what=wiseview-open frame=48175 request_ms=2812820 ms=37
ZWL WISEVIEW open windows=10 at_ms=2813029
ZWL WISEVIEW tile client=9 surface=7 x=83 y=86 width=380 height=253
ZWL WISEVIEW tile client=10 surface=1146 x=528 y=90 width=406 height=244
ZWL WISEVIEW tile client=10 surface=14 x=1036 y=90 width=305 height=244
ZWL WISEVIEW tile client=8 surface=7 x=1484 y=90 width=325 height=244
ZWL WISEVIEW tile client=7 surface=14 x=104 y=404 width=338 height=244
ZWL WISEVIEW tile client=6 surface=14 x=570 y=404 width=321 height=244
ZWL WISEVIEW tile client=5 surface=14 x=1012 y=404 width=353 height=244
ZWL WISEVIEW tile client=4 surface=8 x=1467 y=404 width=359 height=244
ZWL WISEVIEW tile client=3 surface=16 x=568 y=718 width=325 height=244
ZWL WISEVIEW tile client=2 surface=8 x=999 y=718 width=379 height=244
ZWL PERF 5000ms: passes=706 timeouts=66 | poll 32.2% work 67.4%
ZWL PERF compose frames=98 draw_ms=31.93 (acquire 0.05 submit+present 30.01) frame_ms=32.78
ZWL WISEVIEW close key at_ms=2815078
ZWL FIRST_FRAME what=wiseview-close frame=48233 request_ms=2815079 ms=19
ZWL WISEVIEW closed at_ms=2815310
ZGEARS FPS run=gears frames=38200 fps=13.7
ZWL HOME open via=launcher at_ms=2817420
ZWL FIRST_FRAME what=home-open frame=48270 request_ms=2817420 ms=45
ZWL HOME opened apps=12 pages=1 page=1 at_ms=2817731
ZWL HOME icon name="Files" x=600 y=386
ZWL HOME icon name="Notes" x=744 y=386
ZWL HOME icon name="Settings" x=888 y=386
ZWL HOME icon name="Terminal" x=1032 y=386
ZWL HOME icon name="PDF Viewer" x=1176 y=386
ZWL HOME icon name="Image Viewer" x=1320 y=386
ZWL HOME icon name="Browser" x=600 y=538
ZWL HOME icon name="Model viewer" x=744 y=538
ZWL HOME icon name="Gears" x=888 y=538
ZWL HOME icon name="X terminal" x=1032 y=538
ZWL HOME icon name="Lock Screen" x=1176 y=538
ZWL HOME icon name="Log Out" x=1320 y=538
ZWL HOME close via=escape at_ms=2819654
ZWL FIRST_FRAME what=home-close frame=48313 request_ms=2819654 ms=26
ZWL PERF 5009ms: passes=715 timeouts=58 | poll 32.1% work 67.6%
ZWL PERF compose frames=90 draw_ms=34.97 (acquire 0.05 submit+present 32.05) frame_ms=35.74
ZWL HOME closed at_ms=2819944
ZGEARS FPS run=gears frames=38300 fps=14.9
ZWL GLASS moved surface=7 x=980 y=372
ZWL GLASS moved surface=7 x=880 y=332
ZWL WISEVIEW opening key at_ms=2824457
ZWL FIRST_FRAME what=wiseview-open frame=48388 request_ms=2824457 ms=44
ZWL WISEVIEW open windows=10 at_ms=2824659
ZWL WISEVIEW tile client=9 surface=7 x=83 y=86 width=380 height=253
ZWL WISEVIEW tile client=10 surface=1146 x=528 y=90 width=406 height=244
ZWL WISEVIEW tile client=10 surface=14 x=1036 y=90 width=305 height=244
ZWL WISEVIEW tile client=8 surface=7 x=1484 y=90 width=325 height=244
ZWL WISEVIEW tile client=7 surface=14 x=104 y=404 width=338 height=244
ZWL WISEVIEW tile client=6 surface=14 x=570 y=404 width=321 height=244
ZWL WISEVIEW tile client=5 surface=14 x=1012 y=404 width=353 height=244
ZWL WISEVIEW tile client=4 surface=8 x=1467 y=404 width=359 height=244
ZWL WISEVIEW tile client=3 surface=16 x=568 y=718 width=325 height=244
ZWL WISEVIEW tile client=2 surface=8 x=999 y=718 width=379 height=244
ZWL PERF 5002ms: passes=669 timeouts=76 | poll 32.1% work 67.5%
ZWL PERF compose frames=79 draw_ms=39.63 (acquire 0.06 submit+present 37.03) frame_ms=40.55
ZWL WISEVIEW close key at_ms=2826702
ZWL FIRST_FRAME what=wiseview-close frame=48447 request_ms=2826702 ms=27
ZWL WISEVIEW closed at_ms=2826917
ZWL HOME open via=launcher at_ms=2829074
ZWL FIRST_FRAME what=home-open frame=48484 request_ms=2829074 ms=47
ZGEARS FPS run=gears frames=38400 fps=13.9
ZWL HOME opened apps=12 pages=1 page=1 at_ms=2829357
ZWL HOME icon name="Files" x=600 y=386
ZWL HOME icon name="Notes" x=744 y=386
ZWL HOME icon name="Settings" x=888 y=386
ZWL HOME icon name="Terminal" x=1032 y=386
ZWL HOME icon name="PDF Viewer" x=1176 y=386
ZWL HOME icon name="Image Viewer" x=1320 y=386
ZWL HOME icon name="Browser" x=600 y=538
ZWL HOME icon name="Model viewer" x=744 y=538
ZWL HOME icon name="Gears" x=888 y=538
ZWL HOME icon name="X terminal" x=1032 y=538
ZWL HOME icon name="Lock Screen" x=1176 y=538
ZWL HOME icon name="Log Out" x=1320 y=538
ZWL PERF 5006ms: passes=680 timeouts=77 | poll 32.6% work 67.0%
ZWL PERF compose frames=102 draw_ms=30.32 (acquire 0.05 submit+present 28.18) frame_ms=31.21
ZWL HOME close via=escape at_ms=2831282
ZWL FIRST_FRAME what=home-close frame=48526 request_ms=2831282 ms=34
ZWL HOME closed at_ms=2831551
ZWL GLASS moved surface=7 x=980 y=372
ZWL PERF 5010ms: passes=677 timeouts=68 | poll 32.3% work 67.4%
ZWL PERF compose frames=85 draw_ms=37.15 (acquire 0.04 submit+present 34.61) frame_ms=37.86
ZWL GLASS moved surface=7 x=880 y=332
ZWL WISEVIEW opening key at_ms=2836125
ZWL FIRST_FRAME what=wiseview-open frame=48602 request_ms=2836125 ms=40
ZGEARS FPS run=gears frames=38500 fps=14.1
ZWL WISEVIEW open windows=10 at_ms=2836331
ZWL WISEVIEW tile client=9 surface=7 x=83 y=86 width=380 height=253
ZWL WISEVIEW tile client=10 surface=1146 x=528 y=90 width=406 height=244
ZWL WISEVIEW tile client=10 surface=14 x=1036 y=90 width=305 height=244
ZWL WISEVIEW tile client=8 surface=7 x=1484 y=90 width=325 height=244
ZWL WISEVIEW tile client=7 surface=14 x=104 y=404 width=338 height=244
ZWL WISEVIEW tile client=6 surface=14 x=570 y=404 width=321 height=244
ZWL WISEVIEW tile client=5 surface=14 x=1012 y=404 width=353 height=244
ZWL WISEVIEW tile client=4 surface=8 x=1467 y=404 width=359 height=244
ZWL WISEVIEW tile client=3 surface=16 x=568 y=718 width=325 height=244
ZWL WISEVIEW tile client=2 surface=8 x=999 y=718 width=379 height=244
ZWL WISEVIEW close key at_ms=2838327
ZWL FIRST_FRAME what=wiseview-close frame=48656 request_ms=2838327 ms=32
ZWL WISEVIEW closed at_ms=2838554
ZWL PERF 5015ms: passes=649 timeouts=86 | poll 32.9% work 66.7%
ZWL PERF compose frames=97 draw_ms=31.80 (acquire 0.05 submit+present 29.55) frame_ms=32.68
ZWL HOME open via=launcher at_ms=2840694
ZWL FIRST_FRAME what=home-open frame=48692 request_ms=2840694 ms=47
ZWL HOME opened apps=12 pages=1 page=1 at_ms=2840985
ZWL HOME icon name="Files" x=600 y=386
ZWL HOME icon name="Notes" x=744 y=386
ZWL HOME icon name="Settings" x=888 y=386
ZWL HOME icon name="Terminal" x=1032 y=386
ZWL HOME icon name="PDF Viewer" x=1176 y=386
ZWL HOME icon name="Image Viewer" x=1320 y=386
ZWL HOME icon name="Browser" x=600 y=538
ZWL HOME icon name="Model viewer" x=744 y=538
ZWL HOME icon name="Gears" x=888 y=538
ZWL HOME icon name="X terminal" x=1032 y=538
ZWL HOME icon name="Lock Screen" x=1176 y=538
ZWL HOME icon name="Log Out" x=1320 y=538
ZWL HOME close via=escape at_ms=2842926
ZWL FIRST_FRAME what=home-close frame=48737 request_ms=2842926 ms=36
ZGEARS FPS run=gears frames=38600 fps=14.7
ZWL HOME closed at_ms=2843169
ZWL PERF 5024ms: passes=708 timeouts=74 | poll 32.7% work 67.0%
ZWL PERF compose frames=88 draw_ms=35.67 (acquire 0.04 submit+present 32.45) frame_ms=36.42
ZWL GLASS moved surface=7 x=980 y=372
ZWL GLASS moved surface=7 x=880 y=332
ZWL WISEVIEW opening key at_ms=2847749
ZWL FIRST_FRAME what=wiseview-open frame=48810 request_ms=2847749 ms=34
ZWL WISEVIEW open windows=10 at_ms=2847951
ZWL WISEVIEW tile client=9 surface=7 x=83 y=86 width=380 height=253
ZWL WISEVIEW tile client=10 surface=1146 x=528 y=90 width=406 height=244
ZWL WISEVIEW tile client=10 surface=14 x=1036 y=90 width=305 height=244
ZWL WISEVIEW tile client=8 surface=7 x=1484 y=90 width=325 height=244
ZWL WISEVIEW tile client=7 surface=14 x=104 y=404 width=338 height=244
ZWL WISEVIEW tile client=6 surface=14 x=570 y=404 width=321 height=244
ZWL WISEVIEW tile client=5 surface=14 x=1012 y=404 width=353 height=244
ZWL WISEVIEW tile client=4 surface=8 x=1467 y=404 width=359 height=244
ZWL WISEVIEW tile client=3 surface=16 x=568 y=718 width=325 height=244
ZWL WISEVIEW tile client=2 surface=8 x=999 y=718 width=379 height=244
ZWL PERF 5008ms: passes=678 timeouts=66 | poll 30.9% work 68.6%
ZWL PERF compose frames=94 draw_ms=33.83 (acquire 0.04 submit+present 31.86) frame_ms=34.71
ZWL WISEVIEW close key at_ms=2849949
ZWL FIRST_FRAME what=wiseview-close frame=48864 request_ms=2849949 ms=23
ZWL WISEVIEW closed at_ms=2850159
ZGEARS FPS run=gears frames=38700 fps=13.6
ZWL HOME open via=launcher at_ms=2852299
ZWL FIRST_FRAME what=home-open frame=48902 request_ms=2852299 ms=35
ZWL HOME opened apps=12 pages=1 page=1 at_ms=2852600
ZWL HOME icon name="Files" x=600 y=386
ZWL HOME icon name="Notes" x=744 y=386
ZWL HOME icon name="Settings" x=888 y=386
ZWL HOME icon name="Terminal" x=1032 y=386
ZWL HOME icon name="PDF Viewer" x=1176 y=386
ZWL HOME icon name="Image Viewer" x=1320 y=386
ZWL HOME icon name="Browser" x=600 y=538
ZWL HOME icon name="Model viewer" x=744 y=538
ZWL HOME icon name="Gears" x=888 y=538
ZWL HOME icon name="X terminal" x=1032 y=538
ZWL HOME icon name="Lock Screen" x=1176 y=538
ZWL HOME icon name="Log Out" x=1320 y=538
ZWL HOME close via=escape at_ms=2854520
ZWL FIRST_FRAME what=home-close frame=48946 request_ms=2854520 ms=23
ZWL HOME closed at_ms=2854783
ZWL PERF 5007ms: passes=686 timeouts=73 | poll 32.0% work 67.6%
ZWL PERF compose frames=91 draw_ms=34.37 (acquire 0.06 submit+present 31.32) frame_ms=35.20
ZGEARS FPS run=gears frames=38800 fps=14.9
ZWL GLASS moved surface=7 x=980 y=372
ZWL GLASS moved surface=7 x=880 y=332
ZWL WISEVIEW opening key at_ms=2859312
ZWL FIRST_FRAME what=wiseview-open frame=49022 request_ms=2859312 ms=35
ZWL WISEVIEW open windows=10 at_ms=2859516
ZWL WISEVIEW tile client=9 surface=7 x=83 y=86 width=380 height=253
ZWL WISEVIEW tile client=10 surface=1146 x=528 y=90 width=406 height=244
ZWL WISEVIEW tile client=10 surface=14 x=1036 y=90 width=305 height=244
ZWL WISEVIEW tile client=8 surface=7 x=1484 y=90 width=325 height=244
ZWL WISEVIEW tile client=7 surface=14 x=104 y=404 width=338 height=244
ZWL WISEVIEW tile client=6 surface=14 x=570 y=404 width=321 height=244
ZWL WISEVIEW tile client=5 surface=14 x=1012 y=404 width=353 height=244
ZWL WISEVIEW tile client=4 surface=8 x=1467 y=404 width=359 height=244
ZWL WISEVIEW tile client=3 surface=16 x=568 y=718 width=325 height=244
ZWL WISEVIEW tile client=2 surface=8 x=999 y=718 width=379 height=244
ZWL PERF 5006ms: passes=635 timeouts=75 | poll 32.1% work 67.7%
ZWL PERF compose frames=83 draw_ms=38.05 (acquire 0.04 submit+present 35.32) frame_ms=38.57
ZWL WISEVIEW close key at_ms=2861565
ZWL FIRST_FRAME what=wiseview-close frame=49078 request_ms=2861565 ms=23
ZWL WISEVIEW closed at_ms=2861788
ZWL HOME open via=launcher at_ms=2863894
ZWL FIRST_FRAME what=home-open frame=49114 request_ms=2863894 ms=55
ZWL HOME opened apps=12 pages=1 page=1 at_ms=2864181
ZWL HOME icon name="Files" x=600 y=386
ZWL HOME icon name="Notes" x=744 y=386
ZWL HOME icon name="Settings" x=888 y=386
ZWL HOME icon name="Terminal" x=1032 y=386
ZWL HOME icon name="PDF Viewer" x=1176 y=386
ZWL HOME icon name="Image Viewer" x=1320 y=386
ZWL HOME icon name="Browser" x=600 y=538
ZWL HOME icon name="Model viewer" x=744 y=538
ZWL HOME icon name="Gears" x=888 y=538
ZWL HOME icon name="X terminal" x=1032 y=538
ZWL HOME icon name="Lock Screen" x=1176 y=538
ZWL HOME icon name="Log Out" x=1320 y=538
ZGEARS FPS run=gears frames=38900 fps=13.6
ZWL PERF 5013ms: passes=664 timeouts=70 | poll 32.5% work 67.2%
ZWL PERF compose frames=96 draw_ms=32.57 (acquire 0.06 submit+present 30.43) frame_ms=33.66
ZWL HOME close via=escape at_ms=2866127
ZWL FIRST_FRAME what=home-close frame=49155 request_ms=2866127 ms=26
ZWL HOME closed at_ms=2866368
ZWL GLASS moved surface=7 x=980 y=372
ZWL PERF 5005ms: passes=683 timeouts=57 | poll 31.2% work 68.4%
ZWL PERF compose frames=84 draw_ms=37.93 (acquire 0.04 submit+present 35.21) frame_ms=38.70
ZWL GLASS moved surface=7 x=880 y=332
ZWL WISEVIEW opening key at_ms=2870919
ZWL FIRST_FRAME what=wiseview-open frame=49231 request_ms=2870919 ms=38
ZWL WISEVIEW open windows=10 at_ms=2871158
ZWL WISEVIEW tile client=9 surface=7 x=83 y=86 width=380 height=253
ZWL WISEVIEW tile client=10 surface=1146 x=528 y=90 width=406 height=244
ZWL WISEVIEW tile client=10 surface=14 x=1036 y=90 width=305 height=244
ZWL WISEVIEW tile client=8 surface=7 x=1484 y=90 width=325 height=244
ZWL WISEVIEW tile client=7 surface=14 x=104 y=404 width=338 height=244
ZWL WISEVIEW tile client=6 surface=14 x=570 y=404 width=321 height=244
ZWL WISEVIEW tile client=5 surface=14 x=1012 y=404 width=353 height=244
ZWL WISEVIEW tile client=4 surface=8 x=1467 y=404 width=359 height=244
ZWL WISEVIEW tile client=3 surface=16 x=568 y=718 width=325 height=244
ZWL WISEVIEW tile client=2 surface=8 x=999 y=718 width=379 height=244
ZGEARS FPS run=gears frames=39000 fps=13.9
ZWL WISEVIEW close key at_ms=2873146
ZWL FIRST_FRAME what=wiseview-close frame=49284 request_ms=2873146 ms=26
ZWL WISEVIEW closed at_ms=2873347
ZWL PERF 5000ms: passes=681 timeouts=69 | poll 32.7% work 66.9%
ZWL PERF compose frames=97 draw_ms=31.86 (acquire 0.04 submit+present 29.88) frame_ms=32.78
ZWL HOME open via=launcher at_ms=2875517
ZWL FIRST_FRAME what=home-open frame=49322 request_ms=2875517 ms=32
ZWL HOME opened apps=12 pages=1 page=1 at_ms=2875813
ZWL HOME icon name="Files" x=600 y=386
ZWL HOME icon name="Notes" x=744 y=386
ZWL HOME icon name="Settings" x=888 y=386
ZWL HOME icon name="Terminal" x=1032 y=386
ZWL HOME icon name="PDF Viewer" x=1176 y=386
ZWL HOME icon name="Image Viewer" x=1320 y=386
ZWL HOME icon name="Browser" x=600 y=538
ZWL HOME icon name="Model viewer" x=744 y=538
ZWL HOME icon name="Gears" x=888 y=538
ZWL HOME icon name="X terminal" x=1032 y=538
ZWL HOME icon name="Lock Screen" x=1176 y=538
ZWL HOME icon name="Log Out" x=1320 y=538
ZWL HOME close via=escape at_ms=2877763
ZWL FIRST_FRAME what=home-close frame=49366 request_ms=2877763 ms=25
ZWL HOME closed at_ms=2878049
ZGEARS FPS run=gears frames=39100 fps=14.6
ZWL PERF 5026ms: passes=689 timeouts=69 | poll 31.7% work 67.9%
ZWL PERF compose frames=88 draw_ms=35.98 (acquire 0.05 submit+present 32.99) frame_ms=36.78
ZWL GLASS moved surface=7 x=980 y=372
ZWL GLASS moved surface=7 x=880 y=332
ZWL WISEVIEW opening key at_ms=2882527
ZWL FIRST_FRAME what=wiseview-open frame=49441 request_ms=2882527 ms=35
ZWL WISEVIEW open windows=10 at_ms=2882730
ZWL WISEVIEW tile client=9 surface=7 x=83 y=86 width=380 height=253
ZWL WISEVIEW tile client=10 surface=1146 x=528 y=90 width=406 height=244
ZWL WISEVIEW tile client=10 surface=14 x=1036 y=90 width=305 height=244
ZWL WISEVIEW tile client=8 surface=7 x=1484 y=90 width=325 height=244
ZWL WISEVIEW tile client=7 surface=14 x=104 y=404 width=338 height=244
ZWL WISEVIEW tile client=6 surface=14 x=570 y=404 width=321 height=244
ZWL WISEVIEW tile client=5 surface=14 x=1012 y=404 width=353 height=244
ZWL WISEVIEW tile client=4 surface=8 x=1467 y=404 width=359 height=244
ZWL WISEVIEW tile client=3 surface=16 x=568 y=718 width=325 height=244
ZWL WISEVIEW tile client=2 surface=8 x=999 y=718 width=379 height=244
ZWL WISEVIEW close key at_ms=2884787
ZWL FIRST_FRAME what=wiseview-close frame=49499 request_ms=2884787 ms=22
ZWL PERF 5020ms: passes=672 timeouts=69 | poll 32.3% work 67.3%
ZWL PERF compose frames=102 draw_ms=30.66 (acquire 0.05 submit+present 28.90) frame_ms=31.47
ZWL WISEVIEW closed at_ms=2884995
ZGEARS FPS run=gears frames=39200 fps=12.7
ZWL HOME open via=launcher at_ms=2887146
ZWL FIRST_FRAME what=home-open frame=49538 request_ms=2887147 ms=51
ZWL HOME opened apps=12 pages=1 page=1 at_ms=2887439
ZWL HOME icon name="Files" x=600 y=386
ZWL HOME icon name="Notes" x=744 y=386
ZWL HOME icon name="Settings" x=888 y=386
ZWL HOME icon name="Terminal" x=1032 y=386
ZWL HOME icon name="PDF Viewer" x=1176 y=386
ZWL HOME icon name="Image Viewer" x=1320 y=386
ZWL HOME icon name="Browser" x=600 y=538
ZWL HOME icon name="Model viewer" x=744 y=538
ZWL HOME icon name="Gears" x=888 y=538
ZWL HOME icon name="X terminal" x=1032 y=538
ZWL HOME icon name="Lock Screen" x=1176 y=538
ZWL HOME icon name="Log Out" x=1320 y=538
ZWL HOME close via=escape at_ms=2889356
ZWL FIRST_FRAME what=home-close frame=49584 request_ms=2889356 ms=28
ZWL HOME closed at_ms=2889596
ZWL PERF 5012ms: passes=670 timeouts=62 | poll 31.8% work 67.9%
ZWL PERF compose frames=91 draw_ms=34.69 (acquire 0.09 submit+present 31.23) frame_ms=35.40
ZWL GLASS moved surface=7 x=980 y=372
ZGEARS FPS run=gears frames=39300 fps=14.7
ZWL GLASS moved surface=7 x=880 y=332
ZWL WISEVIEW opening key at_ms=2894129
ZWL FIRST_FRAME what=wiseview-open frame=49657 request_ms=2894129 ms=36
ZWL WISEVIEW open windows=10 at_ms=2894329
ZWL WISEVIEW tile client=9 surface=7 x=83 y=86 width=380 height=253
ZWL WISEVIEW tile client=10 surface=1146 x=528 y=90 width=406 height=244
ZWL WISEVIEW tile client=10 surface=14 x=1036 y=90 width=305 height=244
ZWL WISEVIEW tile client=8 surface=7 x=1484 y=90 width=325 height=244
ZWL WISEVIEW tile client=7 surface=14 x=104 y=404 width=338 height=244
ZWL WISEVIEW tile client=6 surface=14 x=570 y=404 width=321 height=244
ZWL WISEVIEW tile client=5 surface=14 x=1012 y=404 width=353 height=244
ZWL WISEVIEW tile client=4 surface=8 x=1467 y=404 width=359 height=244
ZWL WISEVIEW tile client=3 surface=16 x=568 y=718 width=325 height=244
ZWL WISEVIEW tile client=2 surface=8 x=999 y=718 width=379 height=244
ZWL PERF 5003ms: passes=700 timeouts=77 | poll 31.9% work 67.7%
ZWL PERF compose frames=83 draw_ms=37.75 (acquire 0.05 submit+present 35.49) frame_ms=38.63
ZWL WISEVIEW close key at_ms=2896386
ZWL FIRST_FRAME what=wiseview-close frame=49713 request_ms=2896386 ms=34
ZWL WISEVIEW closed at_ms=2896619
ZWL HOME open via=launcher at_ms=2898739
ZWL FIRST_FRAME what=home-open frame=49751 request_ms=2898739 ms=56
ZWL HOME opened apps=12 pages=1 page=1 at_ms=2899039
ZWL HOME icon name="Files" x=600 y=386
ZWL HOME icon name="Notes" x=744 y=386
ZWL HOME icon name="Settings" x=888 y=386
ZWL HOME icon name="Terminal" x=1032 y=386
ZWL HOME icon name="PDF Viewer" x=1176 y=386
ZWL HOME icon name="Image Viewer" x=1320 y=386
ZWL HOME icon name="Browser" x=600 y=538
ZWL HOME icon name="Model viewer" x=744 y=538
ZWL HOME icon name="Gears" x=888 y=538
ZWL HOME icon name="X terminal" x=1032 y=538
ZWL HOME icon name="Lock Screen" x=1176 y=538
ZWL HOME icon name="Log Out" x=1320 y=538
ZWL PERF 5013ms: passes=686 timeouts=69 | poll 31.8% work 67.8%
ZWL PERF compose frames=98 draw_ms=32.28 (acquire 0.05 submit+present 29.73) frame_ms=33.01
ZGEARS FPS run=gears frames=39400 fps=14.0
ZWL HOME close via=escape at_ms=2900976
ZWL FIRST_FRAME what=home-close frame=49796 request_ms=2900976 ms=24
ZWL HOME closed at_ms=2901260
ZWL GLASS moved surface=7 x=980 y=372
ZWL PERF 5002ms: passes=671 timeouts=65 | poll 31.7% work 68.0%
ZWL PERF compose frames=84 draw_ms=37.56 (acquire 0.05 submit+present 34.81) frame_ms=38.45
ZWL GLASS moved surface=7 x=880 y=332
ZWL HOME open via=launcher at_ms=2905848
ZWL FIRST_FRAME what=home-open frame=49872 request_ms=2905848 ms=50
ZWL HOME opened apps=12 pages=1 page=1 at_ms=2906128
ZWL HOME icon name="Files" x=600 y=386
ZWL HOME icon name="Notes" x=744 y=386
ZWL HOME icon name="Settings" x=888 y=386
ZWL HOME icon name="Terminal" x=1032 y=386
ZWL HOME icon name="PDF Viewer" x=1176 y=386
ZWL HOME icon name="Image Viewer" x=1320 y=386
ZWL HOME icon name="Browser" x=600 y=538
ZWL HOME icon name="Model viewer" x=744 y=538
ZWL HOME icon name="Gears" x=888 y=538
ZWL HOME icon name="X terminal" x=1032 y=538
ZWL HOME icon name="Lock Screen" x=1176 y=538
ZWL HOME icon name="Log Out" x=1320 y=538
ZGEARS FPS run=gears frames=39500 fps=14.2
ZWL HOME launch name=Terminal pid=94
ZWL HOME close via=launch at_ms=2907490
ZWL FIRST_FRAME what=home-close frame=49905 request_ms=2907490 ms=24
ZWL CLIENT client=32 fd=25
ZWL INSET create client=32 inset=20 toplevel=16
ZWL EDIT create client=32 edit=24 toplevel=16
ZWL BOUNDS client=32 surface=14 width=1896 height=970
ZWL CONFIGURE client=32 surface=14 serial=1350 width=0 height=0 fullscreen=0
ZWL SEAT client=32 pointer=1 keyboard=0 touch=0
ZWL SEAT client=32 pointer=1 keyboard=1 touch=0
ZWL IMPORT client=32 buffer=37 width=916 height=632 bytes=2318336
ZWL IMPORT client=32 buffer=38 width=916 height=632 bytes=2318336
ZWL IMPORT client=32 buffer=39 width=916 height=632 bytes=2318336
ZTERM MENU state selection=0 clipboard=0 pixels=16 fullscreen=0
ZWL MENU commit client=32 menu=43 serial=1 items=30 generation=1
ZWL MENU set client=32 place=44 menu=43
ZWL MENU commit client=32 menu=43 serial=2 items=30 generation=2
ZTERM MENU ready items=30
ZTERM TAB active id=1
ZTERM TAB new run=term id=1 count=1
ZTERM START run=term columns=90 rows=28 cell=10x22 window=916x632
ZTERM TABS count=1 active=1 mode=0
ZTERM TITLE tab=1 title=Terminal
ZWL TITLEBAR create client=32 titlebar=48 toplevel=16
ZWL EDIT state client=32 edit=24 actions=0xff flags=0xd
ZWL TITLEBAR commit client=32 titlebar=48 serial=1 mode=0 controls=0 tabs=1 generation=1
ZWL MAP client=32 surface=14 x=348 y=420
ZWL HOME launched waited_ms=143 at_ms=2907633
ZWL GLASS launch surface=14 from=996,350 to=348,420 size=916x632
ZTERM CLIPBOARD selection text=0
ZTERM PRIMARY offer text=0
ZWL HOME closed at_ms=2907732
ZWL MENU bar client=32 surface=14 where=floating item=1 offset=127 top=368 width=55 height=44
ZWL MENU bar client=32 surface=14 where=floating item=2 offset=184 top=368 width=47 height=44
ZWL MENU bar client=32 surface=14 where=floating item=3 offset=233 top=368 width=55 height=44
ZWL MENU bar client=32 surface=14 where=floating item=4 offset=290 top=368 width=76 height=44
ZWL MENU bar client=32 surface=14 where=floating item=5 offset=368 top=368 width=53 height=44
ZWL PERF 5000ms: passes=637 timeouts=72 | poll 31.4% work 68.3%
ZWL PERF compose frames=84 draw_ms=37.42 (acquire 0.05 submit+present 34.21) frame_ms=38.26
ZTERM TAB closed run=term id=1 count=0
ZTERM DONE run=term reason=shell-exited
ZWL CLIENT gone client=32 reason=flush
ZWL CLEANUP client=32 objects=35 unread_fds=0
ZWL HOME ended pid=94 status=0
ZWL PERF 5020ms: passes=639 timeouts=70 | poll 31.7% work 67.9%
ZWL PERF compose frames=72 draw_ms=43.80 (acquire 0.04 submit+present 41.06) frame_ms=44.71
ZGEARS FPS run=gears frames=39600 fps=12.4
ZWL WISEVIEW opening key at_ms=2918008
ZWL FIRST_FRAME what=wiseview-open frame=50058 request_ms=2918008 ms=35
ZWL WISEVIEW open windows=10 at_ms=2918209
ZWL WISEVIEW tile client=9 surface=7 x=83 y=86 width=380 height=253
ZWL WISEVIEW tile client=10 surface=1146 x=528 y=90 width=406 height=244
ZWL WISEVIEW tile client=10 surface=14 x=1036 y=90 width=305 height=244
ZWL WISEVIEW tile client=8 surface=7 x=1484 y=90 width=325 height=244
ZWL WISEVIEW tile client=7 surface=14 x=104 y=404 width=338 height=244
ZWL WISEVIEW tile client=6 surface=14 x=570 y=404 width=321 height=244
ZWL WISEVIEW tile client=5 surface=14 x=1012 y=404 width=353 height=244
ZWL WISEVIEW tile client=4 surface=8 x=1467 y=404 width=359 height=244
ZWL WISEVIEW tile client=3 surface=16 x=568 y=718 width=325 height=244
ZWL WISEVIEW tile client=2 surface=8 x=999 y=718 width=379 height=244
ZWL PERF 5005ms: passes=655 timeouts=79 | poll 33.2% work 66.5%
ZWL PERF compose frames=93 draw_ms=33.22 (acquire 0.04 submit+present 31.20) frame_ms=33.84
ZWL WISEVIEW close key at_ms=2920225
ZWL FIRST_FRAME what=wiseview-close frame=50115 request_ms=2920225 ms=22
ZWL WISEVIEW closed at_ms=2920429
ZWL HOME open via=launcher at_ms=2922586
ZWL FIRST_FRAME what=home-open frame=50153 request_ms=2922586 ms=52
ZWL HOME opened apps=12 pages=1 page=1 at_ms=2922883
ZWL HOME icon name="Files" x=600 y=386
ZWL HOME icon name="Notes" x=744 y=386
ZWL HOME icon name="Settings" x=888 y=386
ZWL HOME icon name="Terminal" x=1032 y=386
ZWL HOME icon name="PDF Viewer" x=1176 y=386
ZWL HOME icon name="Image Viewer" x=1320 y=386
ZWL HOME icon name="Browser" x=600 y=538
ZWL HOME icon name="Model viewer" x=744 y=538
ZWL HOME icon name="Gears" x=888 y=538
ZWL HOME icon name="X terminal" x=1032 y=538
ZWL HOME icon name="Lock Screen" x=1176 y=538
ZWL HOME icon name="Log Out" x=1320 y=538
ZGEARS FPS run=gears frames=39700 fps=12.8
ZWL HOME close via=escape at_ms=2924808
ZWL FIRST_FRAME what=home-close frame=50195 request_ms=2924808 ms=21
ZWL PERF 5014ms: passes=647 timeouts=72 | poll 31.5% work 68.2%
ZWL PERF compose frames=92 draw_ms=34.60 (acquire 0.05 submit+present 31.59) frame_ms=35.54
ZWL HOME closed at_ms=2925050
ZWL GLASS moved surface=7 x=980 y=372
ZWL GLASS moved surface=7 x=880 y=332
ZWL WISEVIEW opening key at_ms=2929573
ZWL FIRST_FRAME what=wiseview-open frame=50268 request_ms=2929573 ms=39
ZWL WISEVIEW open windows=10 at_ms=2929783
ZWL WISEVIEW tile client=9 surface=7 x=83 y=86 width=380 height=253
ZWL WISEVIEW tile client=10 surface=1146 x=528 y=90 width=406 height=244
ZWL WISEVIEW tile client=10 surface=14 x=1036 y=90 width=305 height=244
ZWL WISEVIEW tile client=8 surface=7 x=1484 y=90 width=325 height=244
ZWL WISEVIEW tile client=7 surface=14 x=104 y=404 width=338 height=244
ZWL WISEVIEW tile client=6 surface=14 x=570 y=404 width=321 height=244
ZWL WISEVIEW tile client=5 surface=14 x=1012 y=404 width=353 height=244
ZWL WISEVIEW tile client=4 surface=8 x=1467 y=404 width=359 height=244
ZWL WISEVIEW tile client=3 surface=16 x=568 y=718 width=325 height=244
ZWL WISEVIEW tile client=2 surface=8 x=999 y=718 width=379 height=244
ZWL PERF 5007ms: passes=647 timeouts=67 | poll 32.3% work 67.3%
ZWL PERF compose frames=78 draw_ms=39.94 (acquire 0.04 submit+present 37.47) frame_ms=40.89
ZGEARS FPS run=gears frames=39800 fps=13.6
ZWL WISEVIEW close key at_ms=2931808
ZWL FIRST_FRAME what=wiseview-close frame=50323 request_ms=2931808 ms=20
ZWL WISEVIEW closed at_ms=2932008
ZWL HOME open via=launcher at_ms=2934211
ZWL FIRST_FRAME what=home-open frame=50361 request_ms=2934211 ms=53
ZWL HOME opened apps=12 pages=1 page=1 at_ms=2934520
ZWL HOME icon name="Files" x=600 y=386
ZWL HOME icon name="Notes" x=744 y=386
ZWL HOME icon name="Settings" x=888 y=386
ZWL HOME icon name="Terminal" x=1032 y=386
ZWL HOME icon name="PDF Viewer" x=1176 y=386
ZWL HOME icon name="Image Viewer" x=1320 y=386
ZWL HOME icon name="Browser" x=600 y=538
ZWL HOME icon name="Model viewer" x=744 y=538
ZWL HOME icon name="Gears" x=888 y=538
ZWL HOME icon name="X terminal" x=1032 y=538
ZWL HOME icon name="Lock Screen" x=1176 y=538
ZWL HOME icon name="Log Out" x=1320 y=538
ZWL PERF 5000ms: passes=684 timeouts=65 | poll 32.0% work 67.7%
ZWL PERF compose frames=98 draw_ms=31.91 (acquire 0.05 submit+present 29.75) frame_ms=32.79
ZWL HOME close via=escape at_ms=2936422
ZWL FIRST_FRAME what=home-close frame=50403 request_ms=2936422 ms=31
ZWL HOME closed at_ms=2936667
ZGEARS FPS run=gears frames=39900 fps=13.8
ZWL GLASS moved surface=7 x=980 y=372
ZWL PERF 5008ms: passes=664 timeouts=66 | poll 31.6% work 68.1%
ZWL PERF compose frames=84 draw_ms=37.86 (acquire 0.05 submit+present 35.09) frame_ms=38.64
ZWL GLASS moved surface=7 x=880 y=332
ZWL WISEVIEW opening key at_ms=2941222
ZWL FIRST_FRAME what=wiseview-open frame=50477 request_ms=2941222 ms=40
ZWL WISEVIEW open windows=10 at_ms=2941430
ZWL WISEVIEW tile client=9 surface=7 x=83 y=86 width=380 height=253
ZWL WISEVIEW tile client=10 surface=1146 x=528 y=90 width=406 height=244
ZWL WISEVIEW tile client=10 surface=14 x=1036 y=90 width=305 height=244
ZWL WISEVIEW tile client=8 surface=7 x=1484 y=90 width=325 height=244
ZWL WISEVIEW tile client=7 surface=14 x=104 y=404 width=338 height=244
ZWL WISEVIEW tile client=6 surface=14 x=570 y=404 width=321 height=244
ZWL WISEVIEW tile client=5 surface=14 x=1012 y=404 width=353 height=244
ZWL WISEVIEW tile client=4 surface=8 x=1467 y=404 width=359 height=244
ZWL WISEVIEW tile client=3 surface=16 x=568 y=718 width=325 height=244
ZWL WISEVIEW tile client=2 surface=8 x=999 y=718 width=379 height=244
ZWL WISEVIEW close key at_ms=2943456
ZWL FIRST_FRAME what=wiseview-close frame=50534 request_ms=2943456 ms=21
ZWL WISEVIEW closed at_ms=2943662
ZWL PERF 5034ms: passes=660 timeouts=77 | poll 32.8% work 66.8%
ZWL PERF compose frames=100 draw_ms=31.05 (acquire 0.04 submit+present 28.97) frame_ms=31.92
ZGEARS FPS run=gears frames=40000 fps=13.0
ZWL HOME open via=launcher at_ms=2945860
ZWL FIRST_FRAME what=home-open frame=50572 request_ms=2945861 ms=36
ZWL HOME opened apps=12 pages=1 page=1 at_ms=2946175
ZWL HOME icon name="Files" x=600 y=386
ZWL HOME icon name="Notes" x=744 y=386
ZWL HOME icon name="Settings" x=888 y=386
ZWL HOME icon name="Terminal" x=1032 y=386
ZWL HOME icon name="PDF Viewer" x=1176 y=386
ZWL HOME icon name="Image Viewer" x=1320 y=386
ZWL HOME icon name="Browser" x=600 y=538
ZWL HOME icon name="Model viewer" x=744 y=538
ZWL HOME icon name="Gears" x=888 y=538
ZWL HOME icon name="X terminal" x=1032 y=538
ZWL HOME icon name="Lock Screen" x=1176 y=538
ZWL HOME icon name="Log Out" x=1320 y=538
ZWL HOME close via=escape at_ms=2948058
ZWL FIRST_FRAME what=home-close frame=50614 request_ms=2948058 ms=28
ZWL HOME closed at_ms=2948339
ZWL PERF 5009ms: passes=682 timeouts=70 | poll 31.8% work 67.9%
ZWL PERF compose frames=87 draw_ms=36.37 (acquire 0.07 submit+present 33.16) frame_ms=37.09
ZWL GLASS moved surface=7 x=980 y=372
ZWL GLASS moved surface=7 x=880 y=332
ZGEARS FPS run=gears frames=40100 fps=14.1
ZWL WISEVIEW opening key at_ms=2952840
ZWL FIRST_FRAME what=wiseview-open frame=50689 request_ms=2952840 ms=45
ZWL WISEVIEW open windows=10 at_ms=2953056
ZWL WISEVIEW tile client=9 surface=7 x=83 y=86 width=380 height=253
ZWL WISEVIEW tile client=10 surface=1146 x=528 y=90 width=406 height=244
ZWL WISEVIEW tile client=10 surface=14 x=1036 y=90 width=305 height=244
ZWL WISEVIEW tile client=8 surface=7 x=1484 y=90 width=325 height=244
ZWL WISEVIEW tile client=7 surface=14 x=104 y=404 width=338 height=244
ZWL WISEVIEW tile client=6 surface=14 x=570 y=404 width=321 height=244
ZWL WISEVIEW tile client=5 surface=14 x=1012 y=404 width=353 height=244
ZWL WISEVIEW tile client=4 surface=8 x=1467 y=404 width=359 height=244
ZWL WISEVIEW tile client=3 surface=16 x=568 y=718 width=325 height=244
ZWL WISEVIEW tile client=2 surface=8 x=999 y=718 width=379 height=244
ZWL PERF 5007ms: passes=658 timeouts=69 | poll 31.9% work 67.8%
ZWL PERF compose frames=100 draw_ms=31.25 (acquire 0.06 submit+present 29.04) frame_ms=32.18
ZWL WISEVIEW close key at_ms=2955086
ZWL FIRST_FRAME what=wiseview-close frame=50747 request_ms=2955087 ms=27
ZWL WISEVIEW closed at_ms=2955290
ZWL HOME open via=launcher at_ms=2957411
ZWL FIRST_FRAME what=home-open frame=50785 request_ms=2957411 ms=54
ZWL HOME opened apps=12 pages=1 page=1 at_ms=2957709
ZWL HOME icon name="Files" x=600 y=386
ZWL HOME icon name="Notes" x=744 y=386
ZWL HOME icon name="Settings" x=888 y=386
ZWL HOME icon name="Terminal" x=1032 y=386
ZWL HOME icon name="PDF Viewer" x=1176 y=386
ZWL HOME icon name="Image Viewer" x=1320 y=386
ZWL HOME icon name="Browser" x=600 y=538
ZWL HOME icon name="Model viewer" x=744 y=538
ZWL HOME icon name="Gears" x=888 y=538
ZWL HOME icon name="X terminal" x=1032 y=538
ZWL HOME icon name="Lock Screen" x=1176 y=538
ZWL HOME icon name="Log Out" x=1320 y=538
ZWL HOME close via=escape at_ms=2959660
ZWL FIRST_FRAME what=home-close frame=50830 request_ms=2959660 ms=36
ZGEARS FPS run=gears frames=40200 fps=14.1
ZWL HOME closed at_ms=2959911
ZWL PERF 5035ms: passes=670 timeouts=68 | poll 31.3% work 68.4%
ZWL PERF compose frames=91 draw_ms=35.12 (acquire 0.06 submit+present 31.75) frame_ms=35.94
ZWL GLASS moved surface=7 x=980 y=372
ZWL GLASS moved surface=7 x=880 y=332
ZWL WISEVIEW opening key at_ms=2964465
ZWL FIRST_FRAME what=wiseview-open frame=50905 request_ms=2964465 ms=35
ZWL WISEVIEW open windows=10 at_ms=2964672
ZWL WISEVIEW tile client=9 surface=7 x=83 y=86 width=380 height=253
ZWL WISEVIEW tile client=10 surface=1146 x=528 y=90 width=406 height=244
ZWL WISEVIEW tile client=10 surface=14 x=1036 y=90 width=305 height=244
ZWL WISEVIEW tile client=8 surface=7 x=1484 y=90 width=325 height=244
ZWL WISEVIEW tile client=7 surface=14 x=104 y=404 width=338 height=244
ZWL WISEVIEW tile client=6 surface=14 x=570 y=404 width=321 height=244
ZWL WISEVIEW tile client=5 surface=14 x=1012 y=404 width=353 height=244
ZWL WISEVIEW tile client=4 surface=8 x=1467 y=404 width=359 height=244
ZWL WISEVIEW tile client=3 surface=16 x=568 y=718 width=325 height=244
ZWL WISEVIEW tile client=2 surface=8 x=999 y=718 width=379 height=244
ZWL PERF 5020ms: passes=643 timeouts=74 | poll 31.7% work 68.0%
ZWL PERF compose frames=83 draw_ms=38.20 (acquire 0.05 submit+present 35.89) frame_ms=39.08
ZWL WISEVIEW close key at_ms=2966688
ZWL FIRST_FRAME what=wiseview-close frame=50962 request_ms=2966689 ms=25
ZWL WISEVIEW closed at_ms=2966897
ZGEARS FPS run=gears frames=40300 fps=13.3
ZWL HOME open via=launcher at_ms=2969042
ZWL FIRST_FRAME what=home-open frame=50999 request_ms=2969042 ms=47
ZWL HOME opened apps=12 pages=1 page=1 at_ms=2969331
ZWL HOME icon name="Files" x=600 y=386
ZWL HOME icon name="Notes" x=744 y=386
ZWL HOME icon name="Settings" x=888 y=386
ZWL HOME icon name="Terminal" x=1032 y=386
ZWL HOME icon name="PDF Viewer" x=1176 y=386
ZWL HOME icon name="Image Viewer" x=1320 y=386
ZWL HOME icon name="Browser" x=600 y=538
ZWL HOME icon name="Model viewer" x=744 y=538
ZWL HOME icon name="Gears" x=888 y=538
ZWL HOME icon name="X terminal" x=1032 y=538
ZWL HOME icon name="Lock Screen" x=1176 y=538
ZWL HOME icon name="Log Out" x=1320 y=538
ZWL PERF 5021ms: passes=651 timeouts=76 | poll 32.5% work 67.2%
ZWL PERF compose frames=100 draw_ms=31.33 (acquire 0.05 submit+present 28.75) frame_ms=32.13
ZWL HOME close via=escape at_ms=2971294
ZWL FIRST_FRAME what=home-close frame=51044 request_ms=2971294 ms=25
ZWL HOME closed at_ms=2971538
ZWL GLASS moved surface=7 x=980 y=372
ZGEARS FPS run=gears frames=40400 fps=14.2
ZWL PERF 5003ms: passes=664 timeouts=62 | poll 31.7% work 68.0%
ZWL PERF compose frames=87 draw_ms=36.38 (acquire 0.06 submit+present 33.50) frame_ms=37.15
ZWL GLASS moved surface=7 x=880 y=332
ZWL WISEVIEW opening key at_ms=2976058
ZWL FIRST_FRAME what=wiseview-open frame=51121 request_ms=2976058 ms=47
ZWL WISEVIEW open windows=10 at_ms=2976268
ZWL WISEVIEW tile client=9 surface=7 x=83 y=86 width=380 height=253
ZWL WISEVIEW tile client=10 surface=1146 x=528 y=90 width=406 height=244
ZWL WISEVIEW tile client=10 surface=14 x=1036 y=90 width=305 height=244
ZWL WISEVIEW tile client=8 surface=7 x=1484 y=90 width=325 height=244
ZWL WISEVIEW tile client=7 surface=14 x=104 y=404 width=338 height=244
ZWL WISEVIEW tile client=6 surface=14 x=570 y=404 width=321 height=244
ZWL WISEVIEW tile client=5 surface=14 x=1012 y=404 width=353 height=244
ZWL WISEVIEW tile client=4 surface=8 x=1467 y=404 width=359 height=244
ZWL WISEVIEW tile client=3 surface=16 x=568 y=718 width=325 height=244
ZWL WISEVIEW tile client=2 surface=8 x=999 y=718 width=379 height=244
ZWL WISEVIEW close key at_ms=2978266
ZWL FIRST_FRAME what=wiseview-close frame=51177 request_ms=2978267 ms=20
ZWL WISEVIEW closed at_ms=2978475
ZWL PERF 5036ms: passes=674 timeouts=76 | poll 32.4% work 67.3%
ZWL PERF compose frames=101 draw_ms=31.11 (acquire 0.06 submit+present 29.17) frame_ms=31.91
ZWL HOME open via=launcher at_ms=2980624
ZWL FIRST_FRAME what=home-open frame=51215 request_ms=2980625 ms=37
ZWL HOME opened apps=12 pages=1 page=1 at_ms=2980920
ZWL HOME icon name="Files" x=600 y=386
ZWL HOME icon name="Notes" x=744 y=386
ZWL HOME icon name="Settings" x=888 y=386
ZWL HOME icon name="Terminal" x=1032 y=386
ZWL HOME icon name="PDF Viewer" x=1176 y=386
ZWL HOME icon name="Image Viewer" x=1320 y=386
ZWL HOME icon name="Browser" x=600 y=538
ZWL HOME icon name="Model viewer" x=744 y=538
ZWL HOME icon name="Gears" x=888 y=538
ZWL HOME icon name="X terminal" x=1032 y=538
ZWL HOME icon name="Lock Screen" x=1176 y=538
ZWL HOME icon name="Log Out" x=1320 y=538
ZGEARS FPS run=gears frames=40500 fps=13.2
ZWL HOME close via=escape at_ms=2982872
ZWL FIRST_FRAME what=home-close frame=51258 request_ms=2982872 ms=35
ZWL HOME closed at_ms=2983114
ZWL PERF 5008ms: passes=684 timeouts=71 | poll 31.7% work 68.1%
ZWL PERF compose frames=87 draw_ms=36.60 (acquire 0.05 submit+present 33.45) frame_ms=36.99
ZWL GLASS moved surface=7 x=980 y=372
ZWL GLASS moved surface=7 x=880 y=332
ZWL WISEVIEW opening key at_ms=2987651
ZWL FIRST_FRAME what=wiseview-open frame=51333 request_ms=2987651 ms=48
ZWL WISEVIEW open windows=10 at_ms=2987857
ZWL WISEVIEW tile client=9 surface=7 x=83 y=86 width=380 height=253
ZWL WISEVIEW tile client=10 surface=1146 x=528 y=90 width=406 height=244
ZWL WISEVIEW tile client=10 surface=14 x=1036 y=90 width=305 height=244
ZWL WISEVIEW tile client=8 surface=7 x=1484 y=90 width=325 height=244
ZWL WISEVIEW tile client=7 surface=14 x=104 y=404 width=338 height=244
ZWL WISEVIEW tile client=6 surface=14 x=570 y=404 width=321 height=244
ZWL WISEVIEW tile client=5 surface=14 x=1012 y=404 width=353 height=244
ZWL WISEVIEW tile client=4 surface=8 x=1467 y=404 width=359 height=244
ZWL WISEVIEW tile client=3 surface=16 x=568 y=718 width=325 height=244
ZWL WISEVIEW tile client=2 surface=8 x=999 y=718 width=379 height=244
ZGEARS FPS run=gears frames=40600 fps=13.5
ZWL WISEVIEW close key at_ms=2989894
ZWL FIRST_FRAME what=wiseview-close frame=51391 request_ms=2989894 ms=20
ZWL WISEVIEW closed at_ms=2990101
ZWL PERF 5031ms: passes=673 timeouts=67 | poll 31.7% work 67.9%
ZWL PERF compose frames=102 draw_ms=30.79 (acquire 0.05 submit+present 28.92) frame_ms=32.04
ZWL HOME open via=launcher at_ms=2992245
ZWL FIRST_FRAME what=home-open frame=51429 request_ms=2992245 ms=63
ZWL HOME opened apps=12 pages=1 page=1 at_ms=2992527
ZWL HOME icon name="Files" x=600 y=386
ZWL HOME icon name="Notes" x=744 y=386
ZWL HOME icon name="Settings" x=888 y=386
ZWL HOME icon name="Terminal" x=1032 y=386
ZWL HOME icon name="PDF Viewer" x=1176 y=386
ZWL HOME icon name="Image Viewer" x=1320 y=386
ZWL HOME icon name="Browser" x=600 y=538
ZWL HOME icon name="Model viewer" x=744 y=538
ZWL HOME icon name="Gears" x=888 y=538
ZWL HOME icon name="X terminal" x=1032 y=538
ZWL HOME icon name="Lock Screen" x=1176 y=538
ZWL HOME icon name="Log Out" x=1320 y=538
ZWL HOME close via=escape at_ms=2994478
ZWL FIRST_FRAME what=home-close frame=51473 request_ms=2994478 ms=36
ZWL HOME closed at_ms=2994720
ZWL PERF 5008ms: passes=673 timeouts=68 | poll 31.8% work 67.9%
ZWL PERF compose frames=88 draw_ms=35.79 (acquire 0.07 submit+present 32.41) frame_ms=36.62
ZGEARS FPS run=gears frames=40700 fps=14.6
ZWL GLASS moved surface=7 x=980 y=372
ZWL GLASS moved surface=7 x=880 y=332
ZWL WISEVIEW opening key at_ms=2999267
ZWL FIRST_FRAME what=wiseview-open frame=51549 request_ms=2999267 ms=37
ZWL WISEVIEW open windows=10 at_ms=2999482
ZWL WISEVIEW tile client=9 surface=7 x=83 y=86 width=380 height=253
ZWL WISEVIEW tile client=10 surface=1146 x=528 y=90 width=406 height=244
ZWL WISEVIEW tile client=10 surface=14 x=1036 y=90 width=305 height=244
ZWL WISEVIEW tile client=8 surface=7 x=1484 y=90 width=325 height=244
ZWL WISEVIEW tile client=7 surface=14 x=104 y=404 width=338 height=244
ZWL WISEVIEW tile client=6 surface=14 x=570 y=404 width=321 height=244
ZWL WISEVIEW tile client=5 surface=14 x=1012 y=404 width=353 height=244
ZWL WISEVIEW tile client=4 surface=8 x=1467 y=404 width=359 height=244
ZWL WISEVIEW tile client=3 surface=16 x=568 y=718 width=325 height=244
ZWL WISEVIEW tile client=2 surface=8 x=999 y=718 width=379 height=244
ZWL PERF 5028ms: passes=688 timeouts=63 | poll 31.4% work 68.2%
ZWL PERF compose frames=87 draw_ms=36.19 (acquire 0.06 submit+present 33.92) frame_ms=37.15
ZWL WISEVIEW close key at_ms=3001493
ZWL FIRST_FRAME what=wiseview-close frame=51603 request_ms=3001493 ms=21
ZWL WISEVIEW closed at_ms=3001693
ZWL HOME open via=launcher at_ms=3003858
ZWL FIRST_FRAME what=home-open frame=51641 request_ms=3003858 ms=34
ZGEARS FPS run=gears frames=40800 fps=12.9
ZWL HOME opened apps=12 pages=1 page=1 at_ms=3004139
ZWL HOME icon name="Files" x=600 y=386
ZWL HOME icon name="Notes" x=744 y=386
ZWL HOME icon name="Settings" x=888 y=386
ZWL HOME icon name="Terminal" x=1032 y=386
ZWL HOME icon name="PDF Viewer" x=1176 y=386
ZWL HOME icon name="Image Viewer" x=1320 y=386
ZWL HOME icon name="Browser" x=600 y=538
ZWL HOME icon name="Model viewer" x=744 y=538
ZWL HOME icon name="Gears" x=888 y=538
ZWL HOME icon name="X terminal" x=1032 y=538
ZWL HOME icon name="Lock Screen" x=1176 y=538
ZWL HOME icon name="Log Out" x=1320 y=538
ZWL PERF 5012ms: passes=659 timeouts=77 | poll 32.6% work 67.1%
ZWL PERF compose frames=97 draw_ms=32.10 (acquire 0.06 submit+present 29.53) frame_ms=32.94
ZWL HOME close via=escape at_ms=3006112
ZWL FIRST_FRAME what=home-close frame=51685 request_ms=3006112 ms=26
ZWL HOME closed at_ms=3006352
ZWL GLASS moved surface=7 x=980 y=372
ZWL GLASS moved surface=7 x=880 y=332
ZWL PERF 5001ms: passes=664 timeouts=65 | poll 32.0% work 67.6%
ZWL PERF compose frames=82 draw_ms=38.30 (acquire 0.05 submit+present 35.72) frame_ms=39.17
ZWL WISEVIEW opening key at_ms=3010892
ZWL FIRST_FRAME what=wiseview-open frame=51761 request_ms=3010892 ms=42
ZGEARS FPS run=gears frames=40900 fps=14.1
ZWL WISEVIEW open windows=10 at_ms=3011092
ZWL WISEVIEW tile client=9 surface=7 x=83 y=86 width=380 height=253
ZWL WISEVIEW tile client=10 surface=1146 x=528 y=90 width=406 height=244
ZWL WISEVIEW tile client=10 surface=14 x=1036 y=90 width=305 height=244
ZWL WISEVIEW tile client=8 surface=7 x=1484 y=90 width=325 height=244
ZWL WISEVIEW tile client=7 surface=14 x=104 y=404 width=338 height=244
ZWL WISEVIEW tile client=6 surface=14 x=570 y=404 width=321 height=244
ZWL WISEVIEW tile client=5 surface=14 x=1012 y=404 width=353 height=244
ZWL WISEVIEW tile client=4 surface=8 x=1467 y=404 width=359 height=244
ZWL WISEVIEW tile client=3 surface=16 x=568 y=718 width=325 height=244
ZWL WISEVIEW tile client=2 surface=8 x=999 y=718 width=379 height=244
ZWL WISEVIEW close key at_ms=3013136
ZWL FIRST_FRAME what=wiseview-close frame=51815 request_ms=3013136 ms=18
ZWL WISEVIEW closed at_ms=3013336
ZWL PERF 5043ms: passes=669 timeouts=70 | poll 32.6% work 67.0%
ZWL PERF compose frames=99 draw_ms=31.59 (acquire 0.05 submit+present 29.50) frame_ms=32.38
ZWL HOME open via=launcher at_ms=3015502
ZWL FIRST_FRAME what=home-open frame=51853 request_ms=3015502 ms=50
ZWL HOME opened apps=12 pages=1 page=1 at_ms=3015784
ZWL HOME icon name="Files" x=600 y=386
ZWL HOME icon name="Notes" x=744 y=386
ZWL HOME icon name="Settings" x=888 y=386
ZWL HOME icon name="Terminal" x=1032 y=386
ZWL HOME icon name="PDF Viewer" x=1176 y=386
ZWL HOME icon name="Image Viewer" x=1320 y=386
ZWL HOME icon name="Browser" x=600 y=538
ZWL HOME icon name="Model viewer" x=744 y=538
ZWL HOME icon name="Gears" x=888 y=538
ZWL HOME icon name="X terminal" x=1032 y=538
ZWL HOME icon name="Lock Screen" x=1176 y=538
ZWL HOME icon name="Log Out" x=1320 y=538
ZWL HOME close via=escape at_ms=3017720
ZWL FIRST_FRAME what=home-close frame=51894 request_ms=3017720 ms=36
ZWL HOME closed at_ms=3017964
ZGEARS FPS run=gears frames=41000 fps=13.6
ZWL PERF 5000ms: passes=655 timeouts=74 | poll 32.0% work 67.7%
ZWL PERF compose frames=84 draw_ms=37.48 (acquire 0.05 submit+present 34.54) frame_ms=38.43
ZWL GLASS moved surface=7 x=980 y=372
ZWL GLASS moved surface=7 x=880 y=332
ZWL WISEVIEW opening key at_ms=3022912
ZWL FIRST_FRAME what=wiseview-open frame=51972 request_ms=3022912 ms=35
ZWL WISEVIEW open windows=10 at_ms=3023142
ZWL WISEVIEW tile client=9 surface=7 x=83 y=86 width=380 height=253
ZWL WISEVIEW tile client=10 surface=1146 x=528 y=90 width=406 height=244
ZWL WISEVIEW tile client=10 surface=14 x=1036 y=90 width=305 height=244
ZWL WISEVIEW tile client=8 surface=7 x=1484 y=90 width=325 height=244
ZWL WISEVIEW tile client=7 surface=14 x=104 y=404 width=338 height=244
ZWL WISEVIEW tile client=6 surface=14 x=570 y=404 width=321 height=244
ZWL WISEVIEW tile client=5 surface=14 x=1012 y=404 width=353 height=244
ZWL WISEVIEW tile client=4 surface=8 x=1467 y=404 width=359 height=244
ZWL WISEVIEW tile client=3 surface=16 x=568 y=718 width=325 height=244
ZWL WISEVIEW tile client=2 surface=8 x=999 y=718 width=379 height=244
ZWL WISEVIEW close key at_ms=3025093
ZWL FIRST_FRAME what=wiseview-close frame=52028 request_ms=3025093 ms=22
ZWL PERF 5007ms: passes=668 timeouts=72 | poll 32.0% work 67.7%
ZWL PERF compose frames=98 draw_ms=31.97 (acquire 0.07 submit+present 29.61) frame_ms=32.82
ZWL WISEVIEW closed at_ms=3025305
ZGEARS FPS run=gears frames=41100 fps=12.6
ZWL HOME open via=launcher at_ms=3027434
ZWL FIRST_FRAME what=home-open frame=52066 request_ms=3027434 ms=52
ZWL HOME opened apps=12 pages=1 page=1 at_ms=3027723
ZWL HOME icon name="Files" x=600 y=386
ZWL HOME icon name="Notes" x=744 y=386
ZWL HOME icon name="Settings" x=888 y=386
ZWL HOME icon name="Terminal" x=1032 y=386
ZWL HOME icon name="PDF Viewer" x=1176 y=386
ZWL HOME icon name="Image Viewer" x=1320 y=386
ZWL HOME icon name="Browser" x=600 y=538
ZWL HOME icon name="Model viewer" x=744 y=538
ZWL HOME icon name="Gears" x=888 y=538
ZWL HOME icon name="X terminal" x=1032 y=538
ZWL HOME icon name="Lock Screen" x=1176 y=538
ZWL HOME icon name="Log Out" x=1320 y=538
ZWL HOME close via=escape at_ms=3029669
ZWL FIRST_FRAME what=home-close frame=52110 request_ms=3029669 ms=38
ZWL HOME closed at_ms=3029929
ZWL PERF 5001ms: passes=680 timeouts=74 | poll 32.6% work 67.0%
ZWL PERF compose frames=88 draw_ms=35.23 (acquire 0.07 submit+present 31.95) frame_ms=36.07
ZWL GLASS moved surface=7 x=980 y=372
ZGEARS FPS run=gears frames=41200 fps=13.8
ZWL GLASS moved surface=7 x=880 y=332
ZWL HOME open via=launcher at_ms=3034545
ZWL FIRST_FRAME what=home-open frame=52186 request_ms=3034545 ms=50
ZWL HOME opened apps=12 pages=1 page=1 at_ms=3034844
ZWL HOME icon name="Files" x=600 y=386
ZWL HOME icon name="Notes" x=744 y=386
ZWL HOME icon name="Settings" x=888 y=386
ZWL HOME icon name="Terminal" x=1032 y=386
ZWL HOME icon name="PDF Viewer" x=1176 y=386
ZWL HOME icon name="Image Viewer" x=1320 y=386
ZWL HOME icon name="Browser" x=600 y=538
ZWL HOME icon name="Model viewer" x=744 y=538
ZWL HOME icon name="Gears" x=888 y=538
ZWL HOME icon name="X terminal" x=1032 y=538
ZWL HOME icon name="Lock Screen" x=1176 y=538
ZWL HOME icon name="Log Out" x=1320 y=538
ZWL PERF 5001ms: passes=646 timeouts=60 | poll 30.9% work 68.7%
ZWL PERF compose frames=80 draw_ms=39.76 (acquire 0.07 submit+present 36.79) frame_ms=40.62
ZWL HOME launch name=Terminal pid=96
ZWL HOME close via=launch at_ms=3036186
ZWL FIRST_FRAME what=home-close frame=52218 request_ms=3036186 ms=26
ZWL CLIENT client=33 fd=25
ZWL INSET create client=33 inset=20 toplevel=16
ZWL EDIT create client=33 edit=24 toplevel=16
ZWL BOUNDS client=33 surface=14 width=1896 height=970
ZWL CONFIGURE client=33 surface=14 serial=1411 width=0 height=0 fullscreen=0
ZWL SEAT client=33 pointer=1 keyboard=0 touch=0
ZWL SEAT client=33 pointer=1 keyboard=1 touch=0
ZWL IMPORT client=33 buffer=37 width=916 height=632 bytes=2318336
ZWL IMPORT client=33 buffer=38 width=916 height=632 bytes=2318336
ZWL IMPORT client=33 buffer=39 width=916 height=632 bytes=2318336
ZTERM MENU state selection=0 clipboard=0 pixels=16 fullscreen=0
ZWL MENU commit client=33 menu=43 serial=1 items=30 generation=1
ZWL MENU set client=33 place=44 menu=43
ZWL MENU commit client=33 menu=43 serial=2 items=30 generation=2
ZTERM MENU ready items=30
ZTERM TAB active id=1
ZTERM TAB new run=term id=1 count=1
ZTERM START run=term columns=90 rows=28 cell=10x22 window=916x632
ZTERM TABS count=1 active=1 mode=0
ZTERM TITLE tab=1 title=Terminal
ZWL TITLEBAR create client=33 titlebar=48 toplevel=16
ZWL EDIT state client=33 edit=24 actions=0xff flags=0xd
ZWL TITLEBAR commit client=33 titlebar=48 serial=1 mode=0 controls=0 tabs=1 generation=1
ZWL MAP client=33 surface=14 x=348 y=420
ZWL HOME launched waited_ms=145 at_ms=3036331
ZWL GLASS launch surface=14 from=996,350 to=348,420 size=916x632
ZTERM CLIPBOARD selection text=0
ZTERM PRIMARY offer text=0
ZWL HOME closed at_ms=3036427
ZWL MENU bar client=33 surface=14 where=floating item=1 offset=127 top=368 width=55 height=44
ZWL MENU bar client=33 surface=14 where=floating item=2 offset=184 top=368 width=47 height=44
ZWL MENU bar client=33 surface=14 where=floating item=3 offset=233 top=368 width=55 height=44
ZWL MENU bar client=33 surface=14 where=floating item=4 offset=290 top=368 width=76 height=44
ZWL MENU bar client=33 surface=14 where=floating item=5 offset=368 top=368 width=53 height=44
ZWL PERF 5027ms: passes=647 timeouts=71 | poll 31.4% work 68.3%
ZWL PERF compose frames=79 draw_ms=39.93 (acquire 0.07 submit+present 36.88) frame_ms=40.84
ZGEARS FPS run=gears frames=41300 fps=12.6
ZTERM TAB closed run=term id=1 count=0
ZTERM DONE run=term reason=shell-exited
ZWL CLIENT gone client=33 reason=read
ZWL CLEANUP client=33 objects=35 unread_fds=0
ZWL HOME ended pid=96 status=0
ZWL PERF 5013ms: passes=599 timeouts=74 | poll 32.1% work 67.5%
ZWL PERF compose frames=72 draw_ms=42.86 (acquire 0.07 submit+present 39.72) frame_ms=44.20
ZWL WISEVIEW opening key at_ms=3046646
ZWL FIRST_FRAME what=wiseview-open frame=52370 request_ms=3046646 ms=36
ZWL WISEVIEW open windows=10 at_ms=3046877
ZWL WISEVIEW tile client=9 surface=7 x=83 y=86 width=380 height=253
ZWL WISEVIEW tile client=10 surface=1146 x=528 y=90 width=406 height=244
ZWL WISEVIEW tile client=10 surface=14 x=1036 y=90 width=305 height=244
ZWL WISEVIEW tile client=8 surface=7 x=1484 y=90 width=325 height=244
ZWL WISEVIEW tile client=7 surface=14 x=104 y=404 width=338 height=244
ZWL WISEVIEW tile client=6 surface=14 x=570 y=404 width=321 height=244
ZWL WISEVIEW tile client=5 surface=14 x=1012 y=404 width=353 height=244
ZWL WISEVIEW tile client=4 surface=8 x=1467 y=404 width=359 height=244
ZWL WISEVIEW tile client=3 surface=16 x=568 y=718 width=325 height=244
ZWL WISEVIEW tile client=2 surface=8 x=999 y=718 width=379 height=244
ZWL WISEVIEW close key at_ms=3048904
ZWL FIRST_FRAME what=wiseview-close frame=52426 request_ms=3048905 ms=25
ZWL WISEVIEW closed at_ms=3049113
ZGEARS FPS run=gears frames=41400 fps=12.7
ZWL PERF 5009ms: passes=660 timeouts=76 | poll 32.5% work 67.2%
ZWL PERF compose frames=99 draw_ms=31.45 (acquire 0.05 submit+present 29.33) frame_ms=32.25
ZWL HOME open via=launcher at_ms=3051252
ZWL FIRST_FRAME what=home-open frame=52463 request_ms=3051252 ms=52
ZWL HOME opened apps=12 pages=1 page=1 at_ms=3051532
ZWL HOME icon name="Files" x=600 y=386
ZWL HOME icon name="Notes" x=744 y=386
ZWL HOME icon name="Settings" x=888 y=386
ZWL HOME icon name="Terminal" x=1032 y=386
ZWL HOME icon name="PDF Viewer" x=1176 y=386
ZWL HOME icon name="Image Viewer" x=1320 y=386
ZWL HOME icon name="Browser" x=600 y=538
ZWL HOME icon name="Model viewer" x=744 y=538
ZWL HOME icon name="Gears" x=888 y=538
ZWL HOME icon name="X terminal" x=1032 y=538
ZWL HOME icon name="Lock Screen" x=1176 y=538
ZWL HOME icon name="Log Out" x=1320 y=538
ZWL HOME close via=escape at_ms=3053525
ZWL FIRST_FRAME what=home-close frame=52507 request_ms=3053525 ms=38
ZWL HOME closed at_ms=3053766
ZWL PERF 5041ms: passes=634 timeouts=74 | poll 31.5% work 68.2%
ZWL PERF compose frames=86 draw_ms=37.29 (acquire 0.06 submit+present 33.74) frame_ms=38.08
ZWL GLASS moved surface=7 x=980 y=372
ZGEARS FPS run=gears frames=41500 fps=13.7
ZWL GLASS moved surface=7 x=880 y=332
ZWL WISEVIEW opening key at_ms=3058296
ZWL FIRST_FRAME what=wiseview-open frame=52581 request_ms=3058296 ms=38
ZWL WISEVIEW open windows=10 at_ms=3058497
ZWL WISEVIEW tile client=9 surface=7 x=83 y=86 width=380 height=253
ZWL WISEVIEW tile client=10 surface=1146 x=528 y=90 width=406 height=244
ZWL WISEVIEW tile client=10 surface=14 x=1036 y=90 width=305 height=244
ZWL WISEVIEW tile client=8 surface=7 x=1484 y=90 width=325 height=244
ZWL WISEVIEW tile client=7 surface=14 x=104 y=404 width=338 height=244
ZWL WISEVIEW tile client=6 surface=14 x=570 y=404 width=321 height=244
ZWL WISEVIEW tile client=5 surface=14 x=1012 y=404 width=353 height=244
ZWL WISEVIEW tile client=4 surface=8 x=1467 y=404 width=359 height=244
ZWL WISEVIEW tile client=3 surface=16 x=568 y=718 width=325 height=244
ZWL WISEVIEW tile client=2 surface=8 x=999 y=718 width=379 height=244
ZWL PERF 5009ms: passes=652 timeouts=70 | poll 31.8% work 67.8%
ZWL PERF compose frames=96 draw_ms=32.62 (acquire 0.06 submit+present 30.50) frame_ms=33.43
ZWL WISEVIEW close key at_ms=3060497
ZWL FIRST_FRAME what=wiseview-close frame=52634 request_ms=3060497 ms=20
ZWL WISEVIEW closed at_ms=3060735
ZWL HOME open via=launcher at_ms=3062869
ZWL FIRST_FRAME what=home-open frame=52670 request_ms=3062869 ms=49
ZWL HOME opened apps=12 pages=1 page=1 at_ms=3063167
ZWL HOME icon name="Files" x=600 y=386
ZWL HOME icon name="Notes" x=744 y=386
ZWL HOME icon name="Settings" x=888 y=386
ZWL HOME icon name="Terminal" x=1032 y=386
ZWL HOME icon name="PDF Viewer" x=1176 y=386
ZWL HOME icon name="Image Viewer" x=1320 y=386
ZWL HOME icon name="Browser" x=600 y=538
ZWL HOME icon name="Model viewer" x=744 y=538
ZWL HOME icon name="Gears" x=888 y=538
ZWL HOME icon name="X terminal" x=1032 y=538
ZWL HOME icon name="Lock Screen" x=1176 y=538
ZWL HOME icon name="Log Out" x=1320 y=538
ZGEARS FPS run=gears frames=41600 fps=13.3
ZWL HOME close via=escape at_ms=3065089
ZWL FIRST_FRAME what=home-close frame=52714 request_ms=3065090 ms=22
ZWL HOME closed at_ms=3065366
ZWL PERF 5008ms: passes=682 timeouts=65 | poll 31.7% work 67.9%
ZWL PERF compose frames=88 draw_ms=36.05 (acquire 0.05 submit+present 32.97) frame_ms=36.79
ZWL GLASS moved surface=7 x=980 y=372
ZWL GLASS moved surface=7 x=880 y=332
ZWL WISEVIEW opening key at_ms=3069895
ZWL FIRST_FRAME what=wiseview-open frame=52790 request_ms=3069896 ms=35
ZWL WISEVIEW open windows=10 at_ms=3070101
ZWL WISEVIEW tile client=9 surface=7 x=83 y=86 width=380 height=253
ZWL WISEVIEW tile client=10 surface=1146 x=528 y=90 width=406 height=244
ZWL WISEVIEW tile client=10 surface=14 x=1036 y=90 width=305 height=244
ZWL WISEVIEW tile client=8 surface=7 x=1484 y=90 width=325 height=244
ZWL WISEVIEW tile client=7 surface=14 x=104 y=404 width=338 height=244
ZWL WISEVIEW tile client=6 surface=14 x=570 y=404 width=321 height=244
ZWL WISEVIEW tile client=5 surface=14 x=1012 y=404 width=353 height=244
ZWL WISEVIEW tile client=4 surface=8 x=1467 y=404 width=359 height=244
ZWL WISEVIEW tile client=3 surface=16 x=568 y=718 width=325 height=244
ZWL WISEVIEW tile client=2 surface=8 x=999 y=718 width=379 height=244
ZWL PERF 5030ms: passes=629 timeouts=65 | poll 31.6% work 68.1%
ZWL PERF compose frames=81 draw_ms=39.24 (acquire 0.05 submit+present 36.70) frame_ms=40.12
ZGEARS FPS run=gears frames=41700 fps=13.4
ZWL WISEVIEW close key at_ms=3072111
ZWL FIRST_FRAME what=wiseview-close frame=52844 request_ms=3072111 ms=27
ZWL WISEVIEW closed at_ms=3072324
ZWL HOME open via=launcher at_ms=3074503
ZWL FIRST_FRAME what=home-open frame=52882 request_ms=3074504 ms=37
ZWL HOME opened apps=12 pages=1 page=1 at_ms=3074786
ZWL HOME icon name="Files" x=600 y=386
ZWL HOME icon name="Notes" x=744 y=386
ZWL HOME icon name="Settings" x=888 y=386
ZWL HOME icon name="Terminal" x=1032 y=386
ZWL HOME icon name="PDF Viewer" x=1176 y=386
ZWL HOME icon name="Image Viewer" x=1320 y=386
ZWL HOME icon name="Browser" x=600 y=538
ZWL HOME icon name="Model viewer" x=744 y=538
ZWL HOME icon name="Gears" x=888 y=538
ZWL HOME icon name="X terminal" x=1032 y=538
ZWL HOME icon name="Lock Screen" x=1176 y=538
ZWL HOME icon name="Log Out" x=1320 y=538
ZWL PERF 5023ms: passes=665 timeouts=70 | poll 32.6% work 67.1%
ZWL PERF compose frames=100 draw_ms=31.26 (acquire 0.06 submit+present 28.95) frame_ms=32.02
ZWL HOME close via=escape at_ms=3076694
ZWL FIRST_FRAME what=home-close frame=52926 request_ms=3076695 ms=27
ZWL HOME closed at_ms=3076938
ZGEARS FPS run=gears frames=41800 fps=14.2
ZWL GLASS moved surface=7 x=980 y=372
ZWL PERF 5009ms: passes=661 timeouts=78 | poll 32.1% work 67.6%
ZWL PERF compose frames=85 draw_ms=37.22 (acquire 0.06 submit+present 34.23) frame_ms=37.96
ZWL GLASS moved surface=7 x=880 y=332
ZWL WISEVIEW opening key at_ms=3081502
ZWL FIRST_FRAME what=wiseview-open frame=53001 request_ms=3081502 ms=46
ZWL WISEVIEW open windows=10 at_ms=3081719
ZWL WISEVIEW tile client=9 surface=7 x=83 y=86 width=380 height=253
ZWL WISEVIEW tile client=10 surface=1146 x=528 y=90 width=406 height=244
ZWL WISEVIEW tile client=10 surface=14 x=1036 y=90 width=305 height=244
ZWL WISEVIEW tile client=8 surface=7 x=1484 y=90 width=325 height=244
ZWL WISEVIEW tile client=7 surface=14 x=104 y=404 width=338 height=244
ZWL WISEVIEW tile client=6 surface=14 x=570 y=404 width=321 height=244
ZWL WISEVIEW tile client=5 surface=14 x=1012 y=404 width=353 height=244
ZWL WISEVIEW tile client=4 surface=8 x=1467 y=404 width=359 height=244
ZWL WISEVIEW tile client=3 surface=16 x=568 y=718 width=325 height=244
ZWL WISEVIEW tile client=2 surface=8 x=999 y=718 width=379 height=244
ZWL WISEVIEW close key at_ms=3083731
ZWL FIRST_FRAME what=wiseview-close frame=53059 request_ms=3083731 ms=32
ZWL WISEVIEW closed at_ms=3083960
ZWL PERF 5029ms: passes=647 timeouts=78 | poll 32.9% work 66.7%
ZWL PERF compose frames=101 draw_ms=30.76 (acquire 0.05 submit+present 28.80) frame_ms=31.60
ZWL HOME open via=launcher at_ms=3086133
ZWL FIRST_FRAME what=home-open frame=53096 request_ms=3086133 ms=50
ZGEARS FPS run=gears frames=41900 fps=13.0
ZWL HOME opened apps=12 pages=1 page=1 at_ms=3086438
ZWL HOME icon name="Files" x=600 y=386
ZWL HOME icon name="Notes" x=744 y=386
ZWL HOME icon name="Settings" x=888 y=386
ZWL HOME icon name="Terminal" x=1032 y=386
ZWL HOME icon name="PDF Viewer" x=1176 y=386
ZWL HOME icon name="Image Viewer" x=1320 y=386
ZWL HOME icon name="Browser" x=600 y=538
ZWL HOME icon name="Model viewer" x=744 y=538
ZWL HOME icon name="Gears" x=888 y=538
ZWL HOME icon name="X terminal" x=1032 y=538
ZWL HOME icon name="Lock Screen" x=1176 y=538
ZWL HOME icon name="Log Out" x=1320 y=538
ZWL HOME close via=escape at_ms=3088346
ZWL FIRST_FRAME what=home-close frame=53137 request_ms=3088346 ms=38
ZWL HOME closed at_ms=3088587
ZWL PERF 5022ms: passes=630 timeouts=69 | poll 31.1% work 68.6%
ZWL PERF compose frames=85 draw_ms=37.71 (acquire 0.06 submit+present 34.50) frame_ms=38.55
ZWL GLASS moved surface=7 x=980 y=372
ZWL GLASS moved surface=7 x=880 y=332
ZWL WISEVIEW opening key at_ms=3093149
ZWL FIRST_FRAME what=wiseview-open frame=53214 request_ms=3093149 ms=34
ZWL WISEVIEW open windows=10 at_ms=3093365
ZWL WISEVIEW tile client=9 surface=7 x=83 y=86 width=380 height=253
ZWL WISEVIEW tile client=10 surface=1146 x=528 y=90 width=406 height=244
ZWL WISEVIEW tile client=10 surface=14 x=1036 y=90 width=305 height=244
ZWL WISEVIEW tile client=8 surface=7 x=1484 y=90 width=325 height=244
ZWL WISEVIEW tile client=7 surface=14 x=104 y=404 width=338 height=244
ZWL WISEVIEW tile client=6 surface=14 x=570 y=404 width=321 height=244
ZWL WISEVIEW tile client=5 surface=14 x=1012 y=404 width=353 height=244
ZWL WISEVIEW tile client=4 surface=8 x=1467 y=404 width=359 height=244
ZWL WISEVIEW tile client=3 surface=16 x=568 y=718 width=325 height=244
ZWL WISEVIEW tile client=2 surface=8 x=999 y=718 width=379 height=244
ZGEARS FPS run=gears frames=42000 fps=13.7
ZWL WISEVIEW close key at_ms=3095382
ZWL FIRST_FRAME what=wiseview-close frame=53269 request_ms=3095382 ms=25
ZWL PERF 5030ms: passes=661 timeouts=71 | poll 32.1% work 67.5%
ZWL PERF compose frames=101 draw_ms=31.17 (acquire 0.05 submit+present 29.25) frame_ms=32.01
ZWL WISEVIEW closed at_ms=3095582
ZWL HOME open via=launcher at_ms=3097739
ZWL FIRST_FRAME what=home-open frame=53307 request_ms=3097739 ms=51
ZWL HOME opened apps=12 pages=1 page=1 at_ms=3098023
ZWL HOME icon name="Files" x=600 y=386
ZWL HOME icon name="Notes" x=744 y=386
ZWL HOME icon name="Settings" x=888 y=386
ZWL HOME icon name="Terminal" x=1032 y=386
ZWL HOME icon name="PDF Viewer" x=1176 y=386
ZWL HOME icon name="Image Viewer" x=1320 y=386
ZWL HOME icon name="Browser" x=600 y=538
ZWL HOME icon name="Model viewer" x=744 y=538
ZWL HOME icon name="Gears" x=888 y=538
ZWL HOME icon name="X terminal" x=1032 y=538
ZWL HOME icon name="Lock Screen" x=1176 y=538
ZWL HOME icon name="Log Out" x=1320 y=538
ZWL HOME close via=escape at_ms=3099972
ZWL FIRST_FRAME what=home-close frame=53348 request_ms=3099972 ms=36
ZWL HOME closed at_ms=3100220
ZWL PERF 5032ms: passes=653 timeouts=76 | poll 32.3% work 67.4%
ZWL PERF compose frames=85 draw_ms=37.17 (acquire 0.06 submit+present 34.28) frame_ms=37.96
ZGEARS FPS run=gears frames=42100 fps=13.8
ZWL GLASS moved surface=7 x=980 y=372
ZWL GLASS moved surface=7 x=880 y=332
ZWL WISEVIEW opening key at_ms=3104765
ZWL FIRST_FRAME what=wiseview-open frame=53421 request_ms=3104765 ms=40
ZWL WISEVIEW open windows=10 at_ms=3104985
ZWL WISEVIEW tile client=9 surface=7 x=83 y=86 width=380 height=253
ZWL WISEVIEW tile client=10 surface=1146 x=528 y=90 width=406 height=244
ZWL WISEVIEW tile client=10 surface=14 x=1036 y=90 width=305 height=244
ZWL WISEVIEW tile client=8 surface=7 x=1484 y=90 width=325 height=244
ZWL WISEVIEW tile client=7 surface=14 x=104 y=404 width=338 height=244
ZWL WISEVIEW tile client=6 surface=14 x=570 y=404 width=321 height=244
ZWL WISEVIEW tile client=5 surface=14 x=1012 y=404 width=353 height=244
ZWL WISEVIEW tile client=4 surface=8 x=1467 y=404 width=359 height=244
ZWL WISEVIEW tile client=3 surface=16 x=568 y=718 width=325 height=244
ZWL WISEVIEW tile client=2 surface=8 x=999 y=718 width=379 height=244
ZWL PERF 5015ms: passes=645 timeouts=65 | poll 31.7% work 67.9%
ZWL PERF compose frames=81 draw_ms=38.94 (acquire 0.06 submit+present 36.46) frame_ms=39.79
ZWL WISEVIEW close key at_ms=3107001
ZWL FIRST_FRAME what=wiseview-close frame=53476 request_ms=3107001 ms=26
ZWL WISEVIEW closed at_ms=3107234
ZGEARS FPS run=gears frames=42200 fps=12.9
ZWL HOME open via=launcher at_ms=3109370
ZWL FIRST_FRAME what=home-open frame=53512 request_ms=3109370 ms=50
ZWL HOME opened apps=12 pages=1 page=1 at_ms=3109663
ZWL HOME icon name="Files" x=600 y=386
ZWL HOME icon name="Notes" x=744 y=386
ZWL HOME icon name="Settings" x=888 y=386
ZWL HOME icon name="Terminal" x=1032 y=386
ZWL HOME icon name="PDF Viewer" x=1176 y=386
ZWL HOME icon name="Image Viewer" x=1320 y=386
ZWL HOME icon name="Browser" x=600 y=538
ZWL HOME icon name="Model viewer" x=744 y=538
ZWL HOME icon name="Gears" x=888 y=538
ZWL HOME icon name="X terminal" x=1032 y=538
ZWL HOME icon name="Lock Screen" x=1176 y=538
ZWL HOME icon name="Log Out" x=1320 y=538
ZWL PERF 5006ms: passes=664 timeouts=69 | poll 32.0% work 67.6%
ZWL PERF compose frames=94 draw_ms=33.23 (acquire 0.04 submit+present 30.98) frame_ms=34.11
ZWL HOME close via=escape at_ms=3111580
ZWL FIRST_FRAME what=home-close frame=53551 request_ms=3111580 ms=23
ZWL HOME closed at_ms=3111822
ZWL GLASS moved surface=7 x=980 y=372
ZWL PERF 5001ms: passes=681 timeouts=64 | poll 32.1% work 67.6%
ZWL PERF compose frames=81 draw_ms=38.64 (acquire 0.04 submit+present 35.93) frame_ms=39.43
ZWL GLASS moved surface=7 x=880 y=332
ZGEARS FPS run=gears frames=42300 fps=13.7
ZWL WISEVIEW opening key at_ms=3116373
ZWL FIRST_FRAME what=wiseview-open frame=53625 request_ms=3116373 ms=46
ZWL WISEVIEW open windows=10 at_ms=3116596
ZWL WISEVIEW tile client=9 surface=7 x=83 y=86 width=380 height=253
ZWL WISEVIEW tile client=10 surface=1146 x=528 y=90 width=406 height=244
ZWL WISEVIEW tile client=10 surface=14 x=1036 y=90 width=305 height=244
ZWL WISEVIEW tile client=8 surface=7 x=1484 y=90 width=325 height=244
ZWL WISEVIEW tile client=7 surface=14 x=104 y=404 width=338 height=244
ZWL WISEVIEW tile client=6 surface=14 x=570 y=404 width=321 height=244
ZWL WISEVIEW tile client=5 surface=14 x=1012 y=404 width=353 height=244
ZWL WISEVIEW tile client=4 surface=8 x=1467 y=404 width=359 height=244
ZWL WISEVIEW tile client=3 surface=16 x=568 y=718 width=325 height=244
ZWL WISEVIEW tile client=2 surface=8 x=999 y=718 width=379 height=244
ZWL WISEVIEW close key at_ms=3118612
ZWL FIRST_FRAME what=wiseview-close frame=53683 request_ms=3118612 ms=25
ZWL WISEVIEW closed at_ms=3118820
ZWL PERF 5015ms: passes=652 timeouts=80 | poll 32.2% work 67.4%
ZWL PERF compose frames=102 draw_ms=30.36 (acquire 0.07 submit+present 28.32) frame_ms=31.21
ZWL HOME open via=launcher at_ms=3120962
ZWL FIRST_FRAME what=home-open frame=53721 request_ms=3120962 ms=61
ZWL HOME opened apps=12 pages=1 page=1 at_ms=3121247
ZWL HOME icon name="Files" x=600 y=386
ZWL HOME icon name="Notes" x=744 y=386
ZWL HOME icon name="Settings" x=888 y=386
ZWL HOME icon name="Terminal" x=1032 y=386
ZWL HOME icon name="PDF Viewer" x=1176 y=386
ZWL HOME icon name="Image Viewer" x=1320 y=386
ZWL HOME icon name="Browser" x=600 y=538
ZWL HOME icon name="Model viewer" x=744 y=538
ZWL HOME icon name="Gears" x=888 y=538
ZWL HOME icon name="X terminal" x=1032 y=538
ZWL HOME icon name="Lock Screen" x=1176 y=538
ZWL HOME icon name="Log Out" x=1320 y=538
ZWL HOME close via=escape at_ms=3123186
ZGEARS FPS run=gears frames=42400 fps=13.8
ZWL FIRST_FRAME what=home-close frame=53765 request_ms=3123186 ms=37
ZWL HOME closed at_ms=3123428
ZWL PERF 5010ms: passes=684 timeouts=66 | poll 31.7% work 67.9%
ZWL PERF compose frames=87 draw_ms=36.33 (acquire 0.06 submit+present 33.24) frame_ms=37.04
ZWL GLASS moved surface=7 x=980 y=372
ZWL GLASS moved surface=7 x=880 y=332
ZWL WISEVIEW opening key at_ms=3127938
ZWL FIRST_FRAME what=wiseview-open frame=53839 request_ms=3127938 ms=36
ZWL WISEVIEW open windows=10 at_ms=3128148
ZWL WISEVIEW tile client=9 surface=7 x=83 y=86 width=380 height=253
ZWL WISEVIEW tile client=10 surface=1146 x=528 y=90 width=406 height=244
ZWL WISEVIEW tile client=10 surface=14 x=1036 y=90 width=305 height=244
ZWL WISEVIEW tile client=8 surface=7 x=1484 y=90 width=325 height=244
ZWL WISEVIEW tile client=7 surface=14 x=104 y=404 width=338 height=244
ZWL WISEVIEW tile client=6 surface=14 x=570 y=404 width=321 height=244
ZWL WISEVIEW tile client=5 surface=14 x=1012 y=404 width=353 height=244
ZWL WISEVIEW tile client=4 surface=8 x=1467 y=404 width=359 height=244
ZWL WISEVIEW tile client=3 surface=16 x=568 y=718 width=325 height=244
ZWL WISEVIEW tile client=2 surface=8 x=999 y=718 width=379 height=244
ZWL WISEVIEW close key at_ms=3130175
ZWL FIRST_FRAME what=wiseview-close frame=53896 request_ms=3130175 ms=21
ZWL WISEVIEW closed at_ms=3130375
ZWL PERF 5036ms: passes=660 timeouts=70 | poll 31.4% work 68.2%
ZWL PERF compose frames=102 draw_ms=30.69 (acquire 0.07 submit+present 28.65) frame_ms=31.68
ZGEARS FPS run=gears frames=42500 fps=13.3
ZWL HOME open via=launcher at_ms=3132567
ZWL FIRST_FRAME what=home-open frame=53933 request_ms=3132567 ms=58
ZWL HOME opened apps=12 pages=1 page=1 at_ms=3132867
ZWL HOME icon name="Files" x=600 y=386
ZWL HOME icon name="Notes" x=744 y=386
ZWL HOME icon name="Settings" x=888 y=386
ZWL HOME icon name="Terminal" x=1032 y=386
ZWL HOME icon name="PDF Viewer" x=1176 y=386
ZWL HOME icon name="Image Viewer" x=1320 y=386
ZWL HOME icon name="Browser" x=600 y=538
ZWL HOME icon name="Model viewer" x=744 y=538
ZWL HOME icon name="Gears" x=888 y=538
ZWL HOME icon name="X terminal" x=1032 y=538
ZWL HOME icon name="Lock Screen" x=1176 y=538
ZWL HOME icon name="Log Out" x=1320 y=538
ZWL HOME close via=escape at_ms=3134782
ZWL FIRST_FRAME what=home-close frame=53976 request_ms=3134782 ms=30
ZWL HOME closed at_ms=3135023
ZWL PERF 5031ms: passes=654 timeouts=71 | poll 31.9% work 67.8%
ZWL PERF compose frames=86 draw_ms=36.89 (acquire 0.07 submit+present 33.85) frame_ms=37.69
ZWL GLASS moved surface=7 x=980 y=372
ZGEARS FPS run=gears frames=42600 fps=13.8
ZWL GLASS moved surface=7 x=880 y=332
ZWL WISEVIEW opening key at_ms=3139581
ZWL FIRST_FRAME what=wiseview-open frame=54049 request_ms=3139581 ms=36
ZWL WISEVIEW open windows=10 at_ms=3139786
ZWL WISEVIEW tile client=9 surface=7 x=83 y=86 width=380 height=253
ZWL WISEVIEW tile client=10 surface=1146 x=528 y=90 width=406 height=244
ZWL WISEVIEW tile client=10 surface=14 x=1036 y=90 width=305 height=244
ZWL WISEVIEW tile client=8 surface=7 x=1484 y=90 width=325 height=244
ZWL WISEVIEW tile client=7 surface=14 x=104 y=404 width=338 height=244
ZWL WISEVIEW tile client=6 surface=14 x=570 y=404 width=321 height=244
ZWL WISEVIEW tile client=5 surface=14 x=1012 y=404 width=353 height=244
ZWL WISEVIEW tile client=4 surface=8 x=1467 y=404 width=359 height=244
ZWL WISEVIEW tile client=3 surface=16 x=568 y=718 width=325 height=244
ZWL WISEVIEW tile client=2 surface=8 x=999 y=718 width=379 height=244
ZWL PERF 5014ms: passes=636 timeouts=82 | poll 31.7% work 67.9%
ZWL PERF compose frames=86 draw_ms=36.48 (acquire 0.06 submit+present 34.21) frame_ms=37.44
ZWL WISEVIEW close key at_ms=3141815
ZWL FIRST_FRAME what=wiseview-close frame=54106 request_ms=3141815 ms=25
ZWL WISEVIEW closed at_ms=3142057
ZWL HOME open via=launcher at_ms=3144182
ZWL FIRST_FRAME what=home-open frame=54143 request_ms=3144182 ms=40
ZWL HOME opened apps=12 pages=1 page=1 at_ms=3144476
ZWL HOME icon name="Files" x=600 y=386
ZWL HOME icon name="Notes" x=744 y=386
ZWL HOME icon name="Settings" x=888 y=386
ZWL HOME icon name="Terminal" x=1032 y=386
ZWL HOME icon name="PDF Viewer" x=1176 y=386
ZWL HOME icon name="Image Viewer" x=1320 y=386
ZWL HOME icon name="Browser" x=600 y=538
ZWL HOME icon name="Model viewer" x=744 y=538
ZWL HOME icon name="Gears" x=888 y=538
ZWL HOME icon name="X terminal" x=1032 y=538
ZWL HOME icon name="Lock Screen" x=1176 y=538
ZWL HOME icon name="Log Out" x=1320 y=538
ZGEARS FPS run=gears frames=42700 fps=13.5
ZWL PERF 5001ms: passes=632 timeouts=73 | poll 32.1% work 67.5%
ZWL PERF compose frames=98 draw_ms=31.86 (acquire 0.06 submit+present 29.10) frame_ms=32.68
ZWL HOME close via=escape at_ms=3146380
ZWL FIRST_FRAME what=home-close frame=54189 request_ms=3146380 ms=28
ZWL HOME closed at_ms=3146620
ZWL GLASS moved surface=7 x=980 y=372
ZWL GLASS moved surface=7 x=880 y=332
ZWL PERF 5001ms: passes=646 timeouts=66 | poll 31.9% work 67.8%
ZWL PERF compose frames=82 draw_ms=38.32 (acquire 0.05 submit+present 35.44) frame_ms=39.21
ZWL WISEVIEW opening key at_ms=3151136
ZWL FIRST_FRAME what=wiseview-open frame=54262 request_ms=3151136 ms=37
ZWL WISEVIEW open windows=10 at_ms=3151343
ZWL WISEVIEW tile client=9 surface=7 x=83 y=86 width=380 height=253
ZWL WISEVIEW tile client=10 surface=1146 x=528 y=90 width=406 height=244
ZWL WISEVIEW tile client=10 surface=14 x=1036 y=90 width=305 height=244
ZWL WISEVIEW tile client=8 surface=7 x=1484 y=90 width=325 height=244
ZWL WISEVIEW tile client=7 surface=14 x=104 y=404 width=338 height=244
ZWL WISEVIEW tile client=6 surface=14 x=570 y=404 width=321 height=244
ZWL WISEVIEW tile client=5 surface=14 x=1012 y=404 width=353 height=244
ZWL WISEVIEW tile client=4 surface=8 x=1467 y=404 width=359 height=244
ZWL WISEVIEW tile client=3 surface=16 x=568 y=718 width=325 height=244
ZWL WISEVIEW tile client=2 surface=8 x=999 y=718 width=379 height=244
ZGEARS FPS run=gears frames=42800 fps=13.4
ZWL WISEVIEW close key at_ms=3153373
ZWL FIRST_FRAME what=wiseview-close frame=54318 request_ms=3153373 ms=24
ZWL WISEVIEW closed at_ms=3153577
ZWL PERF 5000ms: passes=606 timeouts=73 | poll 32.1% work 67.5%
ZWL PERF compose frames=99 draw_ms=31.39 (acquire 0.07 submit+present 29.24) frame_ms=32.31
ZWL HOME open via=launcher at_ms=3155741
ZWL FIRST_FRAME what=home-open frame=54356 request_ms=3155741 ms=49
ZWL HOME opened apps=12 pages=1 page=1 at_ms=3156026
ZWL HOME icon name="Files" x=600 y=386
ZWL HOME icon name="Notes" x=744 y=386
ZWL HOME icon name="Settings" x=888 y=386
ZWL HOME icon name="Terminal" x=1032 y=386
ZWL HOME icon name="PDF Viewer" x=1176 y=386
ZWL HOME icon name="Image Viewer" x=1320 y=386
ZWL HOME icon name="Browser" x=600 y=538
ZWL HOME icon name="Model viewer" x=744 y=538
ZWL HOME icon name="Gears" x=888 y=538
ZWL HOME icon name="X terminal" x=1032 y=538
ZWL HOME icon name="Lock Screen" x=1176 y=538
ZWL HOME icon name="Log Out" x=1320 y=538
ZWL HOME close via=escape at_ms=3157969
ZWL FIRST_FRAME what=home-close frame=54399 request_ms=3157969 ms=35
ZWL HOME closed at_ms=3158209
ZGEARS FPS run=gears frames=42900 fps=14.1
ZWL PERF 5002ms: passes=669 timeouts=67 | poll 31.5% work 68.2%
ZWL PERF compose frames=86 draw_ms=36.86 (acquire 0.05 submit+present 33.87) frame_ms=37.64
ZWL GLASS moved surface=7 x=980 y=372
ZWL GLASS moved surface=7 x=880 y=332
ZWL HOME open via=launcher at_ms=3162818
ZWL FIRST_FRAME what=home-open frame=54474 request_ms=3162818 ms=51
ZWL HOME opened apps=12 pages=1 page=1 at_ms=3163118
ZWL HOME icon name="Files" x=600 y=386
ZWL HOME icon name="Notes" x=744 y=386
ZWL HOME icon name="Settings" x=888 y=386
ZWL HOME icon name="Terminal" x=1032 y=386
ZWL HOME icon name="PDF Viewer" x=1176 y=386
ZWL HOME icon name="Image Viewer" x=1320 y=386
ZWL HOME icon name="Browser" x=600 y=538
ZWL HOME icon name="Model viewer" x=744 y=538
ZWL HOME icon name="Gears" x=888 y=538
ZWL HOME icon name="X terminal" x=1032 y=538
ZWL HOME icon name="Lock Screen" x=1176 y=538
ZWL HOME icon name="Log Out" x=1320 y=538
ZWL HOME launch name=Terminal pid=98
ZWL HOME close via=launch at_ms=3164500
ZWL FIRST_FRAME what=home-close frame=54506 request_ms=3164500 ms=31
ZWL CLIENT client=34 fd=25
ZWL INSET create client=34 inset=20 toplevel=16
ZWL EDIT create client=34 edit=24 toplevel=16
ZWL BOUNDS client=34 surface=14 width=1896 height=970
ZWL CONFIGURE client=34 surface=14 serial=1472 width=0 height=0 fullscreen=0
ZWL SEAT client=34 pointer=1 keyboard=0 touch=0
ZWL SEAT client=34 pointer=1 keyboard=1 touch=0
ZWL IMPORT client=34 buffer=37 width=916 height=632 bytes=2318336
ZWL IMPORT client=34 buffer=38 width=916 height=632 bytes=2318336
ZWL IMPORT client=34 buffer=39 width=916 height=632 bytes=2318336
ZTERM MENU state selection=0 clipboard=0 pixels=16 fullscreen=0
ZWL MENU commit client=34 menu=43 serial=1 items=30 generation=1
ZWL MENU set client=34 place=44 menu=43
ZWL MENU commit client=34 menu=43 serial=2 items=30 generation=2
ZTERM MENU ready items=30
ZTERM TAB active id=1
ZTERM TAB new run=term id=1 count=1
ZTERM START run=term columns=90 rows=28 cell=10x22 window=916x632
ZWL TITLEBAR create client=34 titlebar=48 toplevel=16
ZWL EDIT state client=34 edit=24 actions=0xff flags=0xd
ZTERM TABS count=1 active=1 mode=0
ZTERM TITLE tab=1 title=Terminal
ZWL TITLEBAR commit client=34 titlebar=48 serial=1 mode=0 controls=0 tabs=1 generation=1
ZWL MAP client=34 surface=14 x=348 y=420
ZWL HOME launched waited_ms=146 at_ms=3164646
ZWL GLASS launch surface=14 from=996,350 to=348,420 size=916x632
ZTERM CLIPBOARD selection text=0
ZTERM PRIMARY offer text=0
ZWL HOME closed at_ms=3164747
ZWL MENU bar client=34 surface=14 where=floating item=1 offset=127 top=368 width=55 height=44
ZWL MENU bar client=34 surface=14 where=floating item=2 offset=184 top=368 width=47 height=44
ZWL MENU bar client=34 surface=14 where=floating item=3 offset=233 top=368 width=55 height=44
ZWL MENU bar client=34 surface=14 where=floating item=4 offset=290 top=368 width=76 height=44
ZWL MENU bar client=34 surface=14 where=floating item=5 offset=368 top=368 width=53 height=44
ZWL PERF 5063ms: passes=696 timeouts=63 | poll 30.7% work 69.0%
ZWL PERF compose frames=83 draw_ms=38.86 (acquire 0.06 submit+present 35.87) frame_ms=39.68
ZGEARS FPS run=gears frames=43000 fps=13.1
ZWL PERF 5007ms: passes=592 timeouts=70 | poll 32.0% work 67.7%
ZWL PERF compose frames=72 draw_ms=43.83 (acquire 0.07 submit+present 40.83) frame_ms=44.69
ZTERM TAB closed run=term id=1 count=0
ZTERM DONE run=term reason=shell-exited
ZWL CLIENT gone client=34 reason=read
ZWL CLEANUP client=34 objects=34 unread_fds=0
ZWL HOME ended pid=98 status=0
ZWL WISEVIEW opening key at_ms=3175026
ZWL FIRST_FRAME what=wiseview-open frame=54659 request_ms=3175026 ms=35
ZWL WISEVIEW open windows=10 at_ms=3175250
ZWL WISEVIEW tile client=9 surface=7 x=83 y=86 width=380 height=253
ZWL WISEVIEW tile client=10 surface=1146 x=528 y=90 width=406 height=244
ZWL WISEVIEW tile client=10 surface=14 x=1036 y=90 width=305 height=244
ZWL WISEVIEW tile client=8 surface=7 x=1484 y=90 width=325 height=244
ZWL WISEVIEW tile client=7 surface=14 x=104 y=404 width=338 height=244
ZWL WISEVIEW tile client=6 surface=14 x=570 y=404 width=321 height=244
ZWL WISEVIEW tile client=5 surface=14 x=1012 y=404 width=353 height=244
ZWL WISEVIEW tile client=4 surface=8 x=1467 y=404 width=359 height=244
ZWL WISEVIEW tile client=3 surface=16 x=568 y=718 width=325 height=244
ZWL WISEVIEW tile client=2 surface=8 x=999 y=718 width=379 height=244
ZGEARS FPS run=gears frames=43100 fps=12.3
ZWL PERF 5030ms: passes=623 timeouts=68 | poll 31.7% work 67.9%
ZWL PERF compose frames=80 draw_ms=39.40 (acquire 0.08 submit+present 36.47) frame_ms=40.24
ZWL WISEVIEW close key at_ms=3177248
ZWL FIRST_FRAME what=wiseview-close frame=54714 request_ms=3177248 ms=17
ZWL WISEVIEW closed at_ms=3177454
ZWL HOME open via=launcher at_ms=3179595
ZWL FIRST_FRAME what=home-open frame=54752 request_ms=3179595 ms=52
ZWL HOME opened apps=12 pages=1 page=1 at_ms=3179875
ZWL HOME icon name="Files" x=600 y=386
ZWL HOME icon name="Notes" x=744 y=386
ZWL HOME icon name="Settings" x=888 y=386
ZWL HOME icon name="Terminal" x=1032 y=386
ZWL HOME icon name="PDF Viewer" x=1176 y=386
ZWL HOME icon name="Image Viewer" x=1320 y=386
ZWL HOME icon name="Browser" x=600 y=538
ZWL HOME icon name="Model viewer" x=744 y=538
ZWL HOME icon name="Gears" x=888 y=538
ZWL HOME icon name="X terminal" x=1032 y=538
ZWL HOME icon name="Lock Screen" x=1176 y=538
ZWL HOME icon name="Log Out" x=1320 y=538
ZWL PERF 5003ms: passes=646 timeouts=75 | poll 32.8% work 66.8%
ZWL PERF compose frames=100 draw_ms=30.85 (acquire 0.05 submit+present 28.51) frame_ms=31.67
ZWL HOME close via=escape at_ms=3181848
ZWL FIRST_FRAME what=home-close frame=54799 request_ms=3181848 ms=30
ZWL HOME closed at_ms=3182102
ZGEARS FPS run=gears frames=43200 fps=13.6
ZWL GLASS moved surface=7 x=980 y=372
ZWL PERF 5044ms: passes=673 timeouts=63 | poll 31.6% work 68.0%
ZWL PERF compose frames=85 draw_ms=37.51 (acquire 0.09 submit+present 34.40) frame_ms=38.30
ZWL GLASS moved surface=7 x=880 y=332
ZWL WISEVIEW opening key at_ms=3186648
ZWL FIRST_FRAME what=wiseview-open frame=54874 request_ms=3186648 ms=36
ZWL WISEVIEW open windows=10 at_ms=3186868
ZWL WISEVIEW tile client=9 surface=7 x=83 y=86 width=380 height=253
ZWL WISEVIEW tile client=10 surface=1146 x=528 y=90 width=406 height=244
ZWL WISEVIEW tile client=10 surface=14 x=1036 y=90 width=305 height=244
ZWL WISEVIEW tile client=8 surface=7 x=1484 y=90 width=325 height=244
ZWL WISEVIEW tile client=7 surface=14 x=104 y=404 width=338 height=244
ZWL WISEVIEW tile client=6 surface=14 x=570 y=404 width=321 height=244
ZWL WISEVIEW tile client=5 surface=14 x=1012 y=404 width=353 height=244
ZWL WISEVIEW tile client=4 surface=8 x=1467 y=404 width=359 height=244
ZWL WISEVIEW tile client=3 surface=16 x=568 y=718 width=325 height=244
ZWL WISEVIEW tile client=2 surface=8 x=999 y=718 width=379 height=244
ZWL WISEVIEW close key at_ms=3188863
ZWL FIRST_FRAME what=wiseview-close frame=54929 request_ms=3188863 ms=34
ZWL WISEVIEW closed at_ms=3189093
ZGEARS FPS run=gears frames=43300 fps=13.3
ZWL PERF 5040ms: passes=657 timeouts=78 | poll 32.4% work 67.3%
ZWL PERF compose frames=99 draw_ms=31.62 (acquire 0.06 submit+present 29.63) frame_ms=32.53
ZWL HOME open via=launcher at_ms=3191238
ZWL FIRST_FRAME what=home-open frame=54966 request_ms=3191238 ms=51
ZWL HOME opened apps=12 pages=1 page=1 at_ms=3191529
ZWL HOME icon name="Files" x=600 y=386
ZWL HOME icon name="Notes" x=744 y=386
ZWL HOME icon name="Settings" x=888 y=386
ZWL HOME icon name="Terminal" x=1032 y=386
ZWL HOME icon name="PDF Viewer" x=1176 y=386
ZWL HOME icon name="Image Viewer" x=1320 y=386
ZWL HOME icon name="Browser" x=600 y=538
ZWL HOME icon name="Model viewer" x=744 y=538
ZWL HOME icon name="Gears" x=888 y=538
ZWL HOME icon name="X terminal" x=1032 y=538
ZWL HOME icon name="Lock Screen" x=1176 y=538
ZWL HOME icon name="Log Out" x=1320 y=538
ZWL HOME close via=escape at_ms=3193461
ZWL FIRST_FRAME what=home-close frame=55009 request_ms=3193461 ms=24
ZWL HOME closed at_ms=3193701
ZWL PERF 5006ms: passes=633 timeouts=68 | poll 32.2% work 67.5%
ZWL PERF compose frames=87 draw_ms=36.12 (acquire 0.07 submit+present 32.81) frame_ms=36.91
ZWL GLASS moved surface=7 x=980 y=372
ZWL GLASS moved surface=7 x=880 y=332
ZGEARS FPS run=gears frames=43400 fps=13.9
ZWL WISEVIEW opening key at_ms=3198246
ZWL FIRST_FRAME what=wiseview-open frame=55084 request_ms=3198246 ms=39
ZWL WISEVIEW open windows=10 at_ms=3198464
ZWL WISEVIEW tile client=9 surface=7 x=83 y=86 width=380 height=253
ZWL WISEVIEW tile client=10 surface=1146 x=528 y=90 width=406 height=244
ZWL WISEVIEW tile client=10 surface=14 x=1036 y=90 width=305 height=244
ZWL WISEVIEW tile client=8 surface=7 x=1484 y=90 width=325 height=244
ZWL WISEVIEW tile client=7 surface=14 x=104 y=404 width=338 height=244
ZWL WISEVIEW tile client=6 surface=14 x=570 y=404 width=321 height=244
ZWL WISEVIEW tile client=5 surface=14 x=1012 y=404 width=353 height=244
ZWL WISEVIEW tile client=4 surface=8 x=1467 y=404 width=359 height=244
ZWL WISEVIEW tile client=3 surface=16 x=568 y=718 width=325 height=244
ZWL WISEVIEW tile client=2 surface=8 x=999 y=718 width=379 height=244
ZWL WISEVIEW close key at_ms=3200509
ZWL FIRST_FRAME what=wiseview-close frame=55141 request_ms=3200509 ms=29
ZWL WISEVIEW closed at_ms=3200710
ZWL PERF 5048ms: passes=632 timeouts=71 | poll 31.3% work 68.4%
ZWL PERF compose frames=101 draw_ms=31.29 (acquire 0.05 submit+present 29.33) frame_ms=32.27
ZWL HOME open via=launcher at_ms=3202833
ZWL FIRST_FRAME what=home-open frame=55178 request_ms=3202833 ms=48
ZWL HOME opened apps=12 pages=1 page=1 at_ms=3203113
ZWL HOME icon name="Files" x=600 y=386
ZWL HOME icon name="Notes" x=744 y=386
ZWL HOME icon name="Settings" x=888 y=386
ZWL HOME icon name="Terminal" x=1032 y=386
ZWL HOME icon name="PDF Viewer" x=1176 y=386
ZWL HOME icon name="Image Viewer" x=1320 y=386
ZWL HOME icon name="Browser" x=600 y=538
ZWL HOME icon name="Model viewer" x=744 y=538
ZWL HOME icon name="Gears" x=888 y=538
ZWL HOME icon name="X terminal" x=1032 y=538
ZWL HOME icon name="Lock Screen" x=1176 y=538
ZWL HOME icon name="Log Out" x=1320 y=538
ZGEARS FPS run=gears frames=43500 fps=13.7
ZWL HOME close via=escape at_ms=3205062
ZWL FIRST_FRAME what=home-close frame=55223 request_ms=3205062 ms=29
ZWL HOME closed at_ms=3205318
ZWL PERF 5018ms: passes=653 timeouts=65 | poll 31.0% work 68.6%
ZWL PERF compose frames=89 draw_ms=36.07 (acquire 0.07 submit+present 32.79) frame_ms=36.86
ZWL GLASS moved surface=7 x=980 y=372
ZWL GLASS moved surface=7 x=880 y=332
ZWL WISEVIEW opening key at_ms=3209847
ZWL FIRST_FRAME what=wiseview-open frame=55299 request_ms=3209847 ms=40
ZWL WISEVIEW open windows=10 at_ms=3210053
ZWL WISEVIEW tile client=9 surface=7 x=83 y=86 width=380 height=253
ZWL WISEVIEW tile client=10 surface=1146 x=528 y=90 width=406 height=244
ZWL WISEVIEW tile client=10 surface=14 x=1036 y=90 width=305 height=244
ZWL WISEVIEW tile client=8 surface=7 x=1484 y=90 width=325 height=244
ZWL WISEVIEW tile client=7 surface=14 x=104 y=404 width=338 height=244
ZWL WISEVIEW tile client=6 surface=14 x=570 y=404 width=321 height=244
ZWL WISEVIEW tile client=5 surface=14 x=1012 y=404 width=353 height=244
ZWL WISEVIEW tile client=4 surface=8 x=1467 y=404 width=359 height=244
ZWL WISEVIEW tile client=3 surface=16 x=568 y=718 width=325 height=244
ZWL WISEVIEW tile client=2 surface=8 x=999 y=718 width=379 height=244
ZWL PERF 5008ms: passes=658 timeouts=75 | poll 31.8% work 67.8%
ZWL PERF compose frames=89 draw_ms=35.34 (acquire 0.07 submit+present 32.93) frame_ms=36.14
ZWL WISEVIEW close key at_ms=3212070
ZWL FIRST_FRAME what=wiseview-close frame=55355 request_ms=3212070 ms=25
ZWL WISEVIEW closed at_ms=3212278
ZGEARS FPS run=gears frames=43600 fps=13.2
ZWL HOME open via=launcher at_ms=3214419
ZWL FIRST_FRAME what=home-open frame=55390 request_ms=3214419 ms=58
ZWL HOME opened apps=12 pages=1 page=1 at_ms=3214703
ZWL HOME icon name="Files" x=600 y=386
ZWL HOME icon name="Notes" x=744 y=386
ZWL HOME icon name="Settings" x=888 y=386
ZWL HOME icon name="Terminal" x=1032 y=386
ZWL HOME icon name="PDF Viewer" x=1176 y=386
ZWL HOME icon name="Image Viewer" x=1320 y=386
ZWL HOME icon name="Browser" x=600 y=538
ZWL HOME icon name="Model viewer" x=744 y=538
ZWL HOME icon name="Gears" x=888 y=538
ZWL HOME icon name="X terminal" x=1032 y=538
ZWL HOME icon name="Lock Screen" x=1176 y=538
ZWL HOME icon name="Log Out" x=1320 y=538
ZWL PERF 5024ms: passes=606 timeouts=76 | poll 32.1% work 67.5%
ZWL PERF compose frames=93 draw_ms=33.74 (acquire 0.05 submit+present 31.28) frame_ms=34.64
ZWL HOME close via=escape at_ms=3216681
ZWL FIRST_FRAME what=home-close frame=55434 request_ms=3216681 ms=34
ZWL HOME closed at_ms=3216923
ZWL GLASS moved surface=7 x=980 y=372
ZGEARS FPS run=gears frames=43700 fps=14.1
ZWL GLASS moved surface=7 x=880 y=332
ZWL PERF 5003ms: passes=662 timeouts=69 | poll 31.2% work 68.4%
ZWL PERF compose frames=82 draw_ms=38.76 (acquire 0.06 submit+present 35.92) frame_ms=39.67
ZWL WISEVIEW opening key at_ms=3221479
ZWL FIRST_FRAME what=wiseview-open frame=55509 request_ms=3221479 ms=41
ZWL WISEVIEW open windows=10 at_ms=3221679
ZWL WISEVIEW tile client=9 surface=7 x=83 y=86 width=380 height=253
ZWL WISEVIEW tile client=10 surface=1146 x=528 y=90 width=406 height=244
ZWL WISEVIEW tile client=10 surface=14 x=1036 y=90 width=305 height=244
ZWL WISEVIEW tile client=8 surface=7 x=1484 y=90 width=325 height=244
ZWL WISEVIEW tile client=7 surface=14 x=104 y=404 width=338 height=244
ZWL WISEVIEW tile client=6 surface=14 x=570 y=404 width=321 height=244
ZWL WISEVIEW tile client=5 surface=14 x=1012 y=404 width=353 height=244
ZWL WISEVIEW tile client=4 surface=8 x=1467 y=404 width=359 height=244
ZWL WISEVIEW tile client=3 surface=16 x=568 y=718 width=325 height=244
ZWL WISEVIEW tile client=2 surface=8 x=999 y=718 width=379 height=244
ZWL WISEVIEW close key at_ms=3223694
ZWL FIRST_FRAME what=wiseview-close frame=55565 request_ms=3223694 ms=29
ZWL WISEVIEW closed at_ms=3223895
ZWL PERF 5018ms: passes=652 timeouts=75 | poll 32.1% work 67.6%
ZWL PERF compose frames=102 draw_ms=30.73 (acquire 0.04 submit+present 28.61) frame_ms=31.56
ZWL HOME open via=launcher at_ms=3226055
ZWL FIRST_FRAME what=home-open frame=55604 request_ms=3226055 ms=48
ZWL HOME opened apps=12 pages=1 page=1 at_ms=3226342
ZWL HOME icon name="Files" x=600 y=386
ZWL HOME icon name="Notes" x=744 y=386
ZWL HOME icon name="Settings" x=888 y=386
ZWL HOME icon name="Terminal" x=1032 y=386
ZWL HOME icon name="PDF Viewer" x=1176 y=386
ZWL HOME icon name="Image Viewer" x=1320 y=386
ZWL HOME icon name="Browser" x=600 y=538
ZWL HOME icon name="Model viewer" x=744 y=538
ZWL HOME icon name="Gears" x=888 y=538
ZWL HOME icon name="X terminal" x=1032 y=538
ZWL HOME icon name="Lock Screen" x=1176 y=538
ZWL HOME icon name="Log Out" x=1320 y=538
ZGEARS FPS run=gears frames=43800 fps=13.1
ZWL HOME close via=escape at_ms=3228269
ZWL FIRST_FRAME what=home-close frame=55647 request_ms=3228269 ms=45
ZWL HOME closed at_ms=3228530
ZWL GLASS moved surface=7 x=980 y=372
ZWL PERF 5026ms: passes=701 timeouts=65 | poll 31.3% work 68.4%
ZWL PERF compose frames=87 draw_ms=36.55 (acquire 0.04 submit+present 33.54) frame_ms=37.42
ZWL GLASS moved surface=7 x=880 y=332
ZWL WISEVIEW opening key at_ms=3233070
ZWL FIRST_FRAME what=wiseview-open frame=55722 request_ms=3233070 ms=37
ZWL WISEVIEW open windows=10 at_ms=3233272
ZWL WISEVIEW tile client=9 surface=7 x=83 y=86 width=380 height=253
ZWL WISEVIEW tile client=10 surface=1146 x=528 y=90 width=406 height=244
ZWL WISEVIEW tile client=10 surface=14 x=1036 y=90 width=305 height=244
ZWL WISEVIEW tile client=8 surface=7 x=1484 y=90 width=325 height=244
ZWL WISEVIEW tile client=7 surface=14 x=104 y=404 width=338 height=244
ZWL WISEVIEW tile client=6 surface=14 x=570 y=404 width=321 height=244
ZWL WISEVIEW tile client=5 surface=14 x=1012 y=404 width=353 height=244
ZWL WISEVIEW tile client=4 surface=8 x=1467 y=404 width=359 height=244
ZWL WISEVIEW tile client=3 surface=16 x=568 y=718 width=325 height=244
ZWL WISEVIEW tile client=2 surface=8 x=999 y=718 width=379 height=244
ZGEARS FPS run=gears frames=43900 fps=13.6
ZWL WISEVIEW close key at_ms=3235287
ZWL FIRST_FRAME what=wiseview-close frame=55776 request_ms=3235287 ms=28
ZWL WISEVIEW closed at_ms=3235517
ZWL PERF 5026ms: passes=666 timeouts=74 | poll 32.5% work 67.1%
ZWL PERF compose frames=98 draw_ms=31.89 (acquire 0.06 submit+present 29.81) frame_ms=32.70
ZWL HOME open via=launcher at_ms=3237664
ZWL FIRST_FRAME what=home-open frame=55814 request_ms=3237664 ms=53
ZWL HOME opened apps=12 pages=1 page=1 at_ms=3237947
ZWL HOME icon name="Files" x=600 y=386
ZWL HOME icon name="Notes" x=744 y=386
ZWL HOME icon name="Settings" x=888 y=386
ZWL HOME icon name="Terminal" x=1032 y=386
ZWL HOME icon name="PDF Viewer" x=1176 y=386
ZWL HOME icon name="Image Viewer" x=1320 y=386
ZWL HOME icon name="Browser" x=600 y=538
ZWL HOME icon name="Model viewer" x=744 y=538
ZWL HOME icon name="Gears" x=888 y=538
ZWL HOME icon name="X terminal" x=1032 y=538
ZWL HOME icon name="Lock Screen" x=1176 y=538
ZWL HOME icon name="Log Out" x=1320 y=538
ZWL HOME close via=escape at_ms=3239890
ZWL FIRST_FRAME what=home-close frame=55855 request_ms=3239890 ms=37
ZWL HOME closed at_ms=3240134
ZWL PERF 5030ms: passes=661 timeouts=71 | poll 32.4% work 67.2%
ZWL PERF compose frames=85 draw_ms=37.02 (acquire 0.05 submit+present 34.18) frame_ms=37.81
ZGEARS FPS run=gears frames=44000 fps=14.2
ZWL GLASS moved surface=7 x=980 y=372
ZWL GLASS moved surface=7 x=880 y=332
ZWL WISEVIEW opening key at_ms=3244692
ZWL FIRST_FRAME what=wiseview-open frame=55927 request_ms=3244692 ms=34
ZWL WISEVIEW open windows=10 at_ms=3244917
ZWL WISEVIEW tile client=9 surface=7 x=83 y=86 width=380 height=253
ZWL WISEVIEW tile client=10 surface=1146 x=528 y=90 width=406 height=244
ZWL WISEVIEW tile client=10 surface=14 x=1036 y=90 width=305 height=244
ZWL WISEVIEW tile client=8 surface=7 x=1484 y=90 width=325 height=244
ZWL WISEVIEW tile client=7 surface=14 x=104 y=404 width=338 height=244
ZWL WISEVIEW tile client=6 surface=14 x=570 y=404 width=321 height=244
ZWL WISEVIEW tile client=5 surface=14 x=1012 y=404 width=353 height=244
ZWL WISEVIEW tile client=4 surface=8 x=1467 y=404 width=359 height=244
ZWL WISEVIEW tile client=3 surface=16 x=568 y=718 width=325 height=244
ZWL WISEVIEW tile client=2 surface=8 x=999 y=718 width=379 height=244
ZWL PERF 5000ms: passes=657 timeouts=75 | poll 31.5% work 68.2%
ZWL PERF compose frames=88 draw_ms=35.75 (acquire 0.05 submit+present 33.73) frame_ms=36.61
ZWL WISEVIEW close key at_ms=3246896
ZWL FIRST_FRAME what=wiseview-close frame=55982 request_ms=3246896 ms=26
ZWL WISEVIEW closed at_ms=3247101
ZWL HOME open via=launcher at_ms=3249279
ZWL FIRST_FRAME what=home-open frame=56019 request_ms=3249280 ms=37
ZGEARS FPS run=gears frames=44100 fps=13.1
ZWL HOME opened apps=12 pages=1 page=1 at_ms=3249573
ZWL HOME icon name="Files" x=600 y=386
ZWL HOME icon name="Notes" x=744 y=386
ZWL HOME icon name="Settings" x=888 y=386
ZWL HOME icon name="Terminal" x=1032 y=386
ZWL HOME icon name="PDF Viewer" x=1176 y=386
ZWL HOME icon name="Image Viewer" x=1320 y=386
ZWL HOME icon name="Browser" x=600 y=538
ZWL HOME icon name="Model viewer" x=744 y=538
ZWL HOME icon name="Gears" x=888 y=538
ZWL HOME icon name="X terminal" x=1032 y=538
ZWL HOME icon name="Lock Screen" x=1176 y=538
ZWL HOME icon name="Log Out" x=1320 y=538
ZWL PERF 5010ms: passes=690 timeouts=69 | poll 32.2% work 67.4%
ZWL PERF compose frames=90 draw_ms=34.75 (acquire 0.05 submit+present 32.35) frame_ms=35.53
ZWL HOME close via=escape at_ms=3251478
ZWL FIRST_FRAME what=home-close frame=56059 request_ms=3251478 ms=27
ZWL HOME closed at_ms=3251720
ZWL GLASS moved surface=7 x=980 y=372
ZWL GLASS moved surface=7 x=880 y=332
ZWL PERF 5014ms: passes=670 timeouts=74 | poll 31.7% work 67.9%
ZWL PERF compose frames=80 draw_ms=39.46 (acquire 0.06 submit+present 36.72) frame_ms=40.39
ZWL WISEVIEW opening key at_ms=3256233
ZWL FIRST_FRAME what=wiseview-open frame=56132 request_ms=3256233 ms=65
ZWL WISEVIEW open windows=10 at_ms=3256444
ZWL WISEVIEW tile client=9 surface=7 x=83 y=86 width=380 height=253
ZWL WISEVIEW tile client=10 surface=1146 x=528 y=90 width=406 height=244
ZWL WISEVIEW tile client=10 surface=14 x=1036 y=90 width=305 height=244
ZWL WISEVIEW tile client=8 surface=7 x=1484 y=90 width=325 height=244
ZWL WISEVIEW tile client=7 surface=14 x=104 y=404 width=338 height=244
ZWL WISEVIEW tile client=6 surface=14 x=570 y=404 width=321 height=244
ZWL WISEVIEW tile client=5 surface=14 x=1012 y=404 width=353 height=244
ZWL WISEVIEW tile client=4 surface=8 x=1467 y=404 width=359 height=244
ZWL WISEVIEW tile client=3 surface=16 x=568 y=718 width=325 height=244
ZWL WISEVIEW tile client=2 surface=8 x=999 y=718 width=379 height=244
ZGEARS FPS run=gears frames=44200 fps=13.6
ZWL WISEVIEW close key at_ms=3258457
ZWL FIRST_FRAME what=wiseview-close frame=56187 request_ms=3258457 ms=24
ZWL WISEVIEW closed at_ms=3258661
ZWL HOME open via=launcher at_ms=3260841
ZWL FIRST_FRAME what=home-open frame=56225 request_ms=3260841 ms=51
ZWL HOME opened apps=12 pages=1 page=1 at_ms=3261131
ZWL HOME icon name="Files" x=600 y=386
ZWL HOME icon name="Notes" x=744 y=386
ZWL HOME icon name="Settings" x=888 y=386
ZWL HOME icon name="Terminal" x=1032 y=386
ZWL HOME icon name="PDF Viewer" x=1176 y=386
ZWL HOME icon name="Image Viewer" x=1320 y=386
ZWL HOME icon name="Browser" x=600 y=538
ZWL HOME icon name="Model viewer" x=744 y=538
ZWL HOME icon name="Gears" x=888 y=538
ZWL HOME icon name="X terminal" x=1032 y=538
ZWL HOME icon name="Lock Screen" x=1176 y=538
ZWL HOME icon name="Log Out" x=1320 y=538
ZWL PERF 5038ms: passes=631 timeouts=77 | poll 32.4% work 67.2%
ZWL PERF compose frames=99 draw_ms=31.50 (acquire 0.05 submit+present 29.53) frame_ms=32.46
ZWL HOME close via=escape at_ms=3263075
ZWL FIRST_FRAME what=home-close frame=56268 request_ms=3263075 ms=34
ZWL HOME closed at_ms=3263317
ZGEARS FPS run=gears frames=44300 fps=14.0
ZWL GLASS moved surface=7 x=980 y=372
ZWL PERF 5022ms: passes=653 timeouts=69 | poll 31.9% work 67.7%
ZWL PERF compose frames=87 draw_ms=36.25 (acquire 0.06 submit+present 33.18) frame_ms=37.08
ZWL GLASS moved surface=7 x=880 y=332
ZWL WISEVIEW opening key at_ms=3267880
ZWL FIRST_FRAME what=wiseview-open frame=56344 request_ms=3267880 ms=39
ZWL WISEVIEW open windows=10 at_ms=3268081
ZWL WISEVIEW tile client=9 surface=7 x=83 y=86 width=380 height=253
ZWL WISEVIEW tile client=10 surface=1146 x=528 y=90 width=406 height=244
ZWL WISEVIEW tile client=10 surface=14 x=1036 y=90 width=305 height=244
ZWL WISEVIEW tile client=8 surface=7 x=1484 y=90 width=325 height=244
ZWL WISEVIEW tile client=7 surface=14 x=104 y=404 width=338 height=244
ZWL WISEVIEW tile client=6 surface=14 x=570 y=404 width=321 height=244
ZWL WISEVIEW tile client=5 surface=14 x=1012 y=404 width=353 height=244
ZWL WISEVIEW tile client=4 surface=8 x=1467 y=404 width=359 height=244
ZWL WISEVIEW tile client=3 surface=16 x=568 y=718 width=325 height=244
ZWL WISEVIEW tile client=2 surface=8 x=999 y=718 width=379 height=244
ZWL WISEVIEW close key at_ms=3270082
ZWL FIRST_FRAME what=wiseview-close frame=56399 request_ms=3270082 ms=17
ZWL WISEVIEW closed at_ms=3270285
ZWL PERF 5025ms: passes=671 timeouts=68 | poll 32.1% work 67.5%
ZWL PERF compose frames=100 draw_ms=31.39 (acquire 0.05 submit+present 29.45) frame_ms=32.17
ZGEARS FPS run=gears frames=44400 fps=12.7
ZWL HOME open via=launcher at_ms=3272435
ZWL FIRST_FRAME what=home-open frame=56436 request_ms=3272435 ms=52
ZWL HOME opened apps=12 pages=1 page=1 at_ms=3272725
ZWL HOME icon name="Files" x=600 y=386
ZWL HOME icon name="Notes" x=744 y=386
ZWL HOME icon name="Settings" x=888 y=386
ZWL HOME icon name="Terminal" x=1032 y=386
ZWL HOME icon name="PDF Viewer" x=1176 y=386
ZWL HOME icon name="Image Viewer" x=1320 y=386
ZWL HOME icon name="Browser" x=600 y=538
ZWL HOME icon name="Model viewer" x=744 y=538
ZWL HOME icon name="Gears" x=888 y=538
ZWL HOME icon name="X terminal" x=1032 y=538
ZWL HOME icon name="Lock Screen" x=1176 y=538
ZWL HOME icon name="Log Out" x=1320 y=538
ZWL HOME close via=escape at_ms=3274724
ZWL FIRST_FRAME what=home-close frame=56480 request_ms=3274724 ms=26
ZWL HOME closed at_ms=3274965
ZWL PERF 5019ms: passes=659 timeouts=68 | poll 32.3% work 67.4%
ZWL PERF compose frames=86 draw_ms=36.51 (acquire 0.06 submit+present 33.42) frame_ms=37.32
ZWL GLASS moved surface=7 x=980 y=372
ZWL GLASS moved surface=7 x=880 y=332
ZGEARS FPS run=gears frames=44500 fps=13.9
ZWL WISEVIEW opening key at_ms=3279810
ZWL FIRST_FRAME what=wiseview-open frame=56559 request_ms=3279810 ms=50
ZWL WISEVIEW open windows=10 at_ms=3280013
ZWL WISEVIEW tile client=9 surface=7 x=83 y=86 width=380 height=253
ZWL WISEVIEW tile client=10 surface=1146 x=528 y=90 width=406 height=244
ZWL WISEVIEW tile client=10 surface=14 x=1036 y=90 width=305 height=244
ZWL WISEVIEW tile client=8 surface=7 x=1484 y=90 width=325 height=244
ZWL WISEVIEW tile client=7 surface=14 x=104 y=404 width=338 height=244
ZWL WISEVIEW tile client=6 surface=14 x=570 y=404 width=321 height=244
ZWL WISEVIEW tile client=5 surface=14 x=1012 y=404 width=353 height=244
ZWL WISEVIEW tile client=4 surface=8 x=1467 y=404 width=359 height=244
ZWL WISEVIEW tile client=3 surface=16 x=568 y=718 width=325 height=244
ZWL WISEVIEW tile client=2 surface=8 x=999 y=718 width=379 height=244
ZWL PERF 5038ms: passes=636 timeouts=72 | poll 31.9% work 67.8%
ZWL PERF compose frames=91 draw_ms=34.65 (acquire 0.05 submit+present 32.61) frame_ms=35.56
ZWL WISEVIEW close key at_ms=3282039
ZWL FIRST_FRAME what=wiseview-close frame=56614 request_ms=3282039 ms=26
ZWL WISEVIEW closed at_ms=3282239
ZWL HOME open via=launcher at_ms=3284419
ZWL FIRST_FRAME what=home-open frame=56652 request_ms=3284419 ms=47
ZWL HOME opened apps=12 pages=1 page=1 at_ms=3284728
ZWL HOME icon name="Files" x=600 y=386
ZWL HOME icon name="Notes" x=744 y=386
ZWL HOME icon name="Settings" x=888 y=386
ZWL HOME icon name="Terminal" x=1032 y=386
ZWL HOME icon name="PDF Viewer" x=1176 y=386
ZWL HOME icon name="Image Viewer" x=1320 y=386
ZWL HOME icon name="Browser" x=600 y=538
ZWL HOME icon name="Model viewer" x=744 y=538
ZWL HOME icon name="Gears" x=888 y=538
ZWL HOME icon name="X terminal" x=1032 y=538
ZWL HOME icon name="Lock Screen" x=1176 y=538
ZWL HOME icon name="Log Out" x=1320 y=538
ZGEARS FPS run=gears frames=44600 fps=13.9
ZWL PERF 5028ms: passes=641 timeouts=79 | poll 32.1% work 67.6%
ZWL PERF compose frames=92 draw_ms=34.20 (acquire 0.05 submit+present 31.45) frame_ms=35.11
ZWL HOME close via=escape at_ms=3286640
ZWL FIRST_FRAME what=home-close frame=56694 request_ms=3286640 ms=36
ZWL HOME closed at_ms=3286905
ZWL GLASS moved surface=7 x=980 y=372
ZWL GLASS moved surface=7 x=880 y=332
ZWL PERF 5001ms: passes=634 timeouts=79 | poll 31.1% work 68.6%
ZWL PERF compose frames=80 draw_ms=39.68 (acquire 0.08 submit+present 36.63) frame_ms=40.58
ZWL HOME open via=launcher at_ms=3291538
ZWL FIRST_FRAME what=home-open frame=56771 request_ms=3291538 ms=49
ZWL HOME opened apps=12 pages=1 page=1 at_ms=3291822
ZWL HOME icon name="Files" x=600 y=386
ZWL HOME icon name="Notes" x=744 y=386
ZWL HOME icon name="Settings" x=888 y=386
ZWL HOME icon name="Terminal" x=1032 y=386
ZWL HOME icon name="PDF Viewer" x=1176 y=386
ZWL HOME icon name="Image Viewer" x=1320 y=386
ZWL HOME icon name="Browser" x=600 y=538
ZWL HOME icon name="Model viewer" x=744 y=538
ZWL HOME icon name="Gears" x=888 y=538
ZWL HOME icon name="X terminal" x=1032 y=538
ZWL HOME icon name="Lock Screen" x=1176 y=538
ZWL HOME icon name="Log Out" x=1320 y=538
ZGEARS FPS run=gears frames=44700 fps=14.4
ZWL HOME launch name=Terminal pid=100
ZWL HOME close via=launch at_ms=3293192
ZWL FIRST_FRAME what=home-close frame=56803 request_ms=3293192 ms=34
ZWL CLIENT client=35 fd=25
ZWL INSET create client=35 inset=20 toplevel=16
ZWL EDIT create client=35 edit=24 toplevel=16
ZWL BOUNDS client=35 surface=14 width=1896 height=970
ZWL CONFIGURE client=35 surface=14 serial=1533 width=0 height=0 fullscreen=0
ZWL SEAT client=35 pointer=1 keyboard=0 touch=0
ZWL SEAT client=35 pointer=1 keyboard=1 touch=0
ZWL IMPORT client=35 buffer=37 width=916 height=632 bytes=2318336
ZWL IMPORT client=35 buffer=38 width=916 height=632 bytes=2318336
ZWL IMPORT client=35 buffer=39 width=916 height=632 bytes=2318336
ZTERM MENU state selection=0 clipboard=0 pixels=16 fullscreen=0
ZWL MENU commit client=35 menu=43 serial=1 items=30 generation=1
ZWL MENU set client=35 place=44 menu=43
ZWL MENU commit client=35 menu=43 serial=2 items=30 generation=2
ZTERM MENU ready items=30
ZTERM TAB active id=1
ZTERM TAB new run=term id=1 count=1
ZTERM START run=term columns=90 rows=28 cell=10x22 window=916x632
ZWL TITLEBAR create client=35 titlebar=48 toplevel=16
ZWL EDIT state client=35 edit=24 actions=0xff flags=0xd
ZTERM TABS count=1 active=1 mode=0
ZTERM TITLE tab=1 title=Terminal
ZWL TITLEBAR commit client=35 titlebar=48 serial=1 mode=0 controls=0 tabs=1 generation=1
ZWL MAP client=35 surface=14 x=348 y=420
ZWL HOME launched waited_ms=161 at_ms=3293353
ZWL GLASS launch surface=14 from=996,350 to=348,420 size=916x632
ZTERM CLIPBOARD selection text=0
ZTERM PRIMARY offer text=0
ZWL HOME closed at_ms=3293432
ZWL MENU bar client=35 surface=14 where=floating item=1 offset=127 top=368 width=55 height=44
ZWL MENU bar client=35 surface=14 where=floating item=2 offset=184 top=368 width=47 height=44
ZWL MENU bar client=35 surface=14 where=floating item=3 offset=233 top=368 width=55 height=44
ZWL MENU bar client=35 surface=14 where=floating item=4 offset=290 top=368 width=76 height=44
ZWL MENU bar client=35 surface=14 where=floating item=5 offset=368 top=368 width=53 height=44
ZWL PERF 5002ms: passes=665 timeouts=70 | poll 31.2% work 68.4%
ZWL PERF compose frames=81 draw_ms=38.81 (acquire 0.10 submit+present 35.65) frame_ms=39.65
ZTERM TAB closed run=term id=1 count=0
ZTERM DONE run=term reason=shell-exited
ZWL CLIENT gone client=35 reason=flush
ZWL CLEANUP client=35 objects=35 unread_fds=0
ZWL HOME ended pid=100 status=0
ZGEARS FPS run=gears frames=44800 fps=12.3
ZWL PERF 5000ms: passes=638 timeouts=61 | poll 31.7% work 67.9%
ZWL PERF compose frames=71 draw_ms=43.86 (acquire 0.07 submit+present 40.83) frame_ms=44.79
ZWL WISEVIEW opening key at_ms=3303799
ZWL FIRST_FRAME what=wiseview-open frame=56957 request_ms=3303799 ms=43
ZWL WISEVIEW open windows=10 at_ms=3304034
ZWL WISEVIEW tile client=9 surface=7 x=83 y=86 width=380 height=253
ZWL WISEVIEW tile client=10 surface=1146 x=528 y=90 width=406 height=244
ZWL WISEVIEW tile client=10 surface=14 x=1036 y=90 width=305 height=244
ZWL WISEVIEW tile client=8 surface=7 x=1484 y=90 width=325 height=244
ZWL WISEVIEW tile client=7 surface=14 x=104 y=404 width=338 height=244
ZWL WISEVIEW tile client=6 surface=14 x=570 y=404 width=321 height=244
ZWL WISEVIEW tile client=5 surface=14 x=1012 y=404 width=353 height=244
ZWL WISEVIEW tile client=4 surface=8 x=1467 y=404 width=359 height=244
ZWL WISEVIEW tile client=3 surface=16 x=568 y=718 width=325 height=244
ZWL WISEVIEW tile client=2 surface=8 x=999 y=718 width=379 height=244
ZWL WISEVIEW close key at_ms=3306020
ZWL FIRST_FRAME what=wiseview-close frame=57013 request_ms=3306021 ms=26
ZWL WISEVIEW closed at_ms=3306228
ZWL PERF 5006ms: passes=621 timeouts=74 | poll 32.1% work 67.5%
ZWL PERF compose frames=99 draw_ms=31.30 (acquire 0.09 submit+present 29.22) frame_ms=32.28
ZWL HOME open via=launcher at_ms=3308378
ZWL FIRST_FRAME what=home-open frame=57051 request_ms=3308378 ms=50
ZGEARS FPS run=gears frames=44900 fps=13.3
ZWL HOME opened apps=12 pages=1 page=1 at_ms=3308667
ZWL HOME icon name="Files" x=600 y=386
ZWL HOME icon name="Notes" x=744 y=386
ZWL HOME icon name="Settings" x=888 y=386
ZWL HOME icon name="Terminal" x=1032 y=386
ZWL HOME icon name="PDF Viewer" x=1176 y=386
ZWL HOME icon name="Image Viewer" x=1320 y=386
ZWL HOME icon name="Browser" x=600 y=538
ZWL HOME icon name="Model viewer" x=744 y=538
ZWL HOME icon name="Gears" x=888 y=538
ZWL HOME icon name="X terminal" x=1032 y=538
ZWL HOME icon name="Lock Screen" x=1176 y=538
ZWL HOME icon name="Log Out" x=1320 y=538
ZWL HOME close via=escape at_ms=3310623
ZWL FIRST_FRAME what=home-close frame=57094 request_ms=3310623 ms=29
ZWL HOME closed at_ms=3310863
ZWL PERF 5002ms: passes=664 timeouts=70 | poll 31.5% work 68.2%
ZWL PERF compose frames=88 draw_ms=36.08 (acquire 0.06 submit+present 32.59) frame_ms=36.81
ZWL GLASS moved surface=7 x=980 y=372
ZWL GLASS moved surface=7 x=880 y=332
ZWL WISEVIEW opening key at_ms=3315410
ZWL FIRST_FRAME what=wiseview-open frame=57170 request_ms=3315410 ms=38
ZWL WISEVIEW open windows=10 at_ms=3315616
ZWL WISEVIEW tile client=9 surface=7 x=83 y=86 width=380 height=253
ZWL WISEVIEW tile client=10 surface=1146 x=528 y=90 width=406 height=244
ZWL WISEVIEW tile client=10 surface=14 x=1036 y=90 width=305 height=244
ZWL WISEVIEW tile client=8 surface=7 x=1484 y=90 width=325 height=244
ZWL WISEVIEW tile client=7 surface=14 x=104 y=404 width=338 height=244
ZWL WISEVIEW tile client=6 surface=14 x=570 y=404 width=321 height=244
ZWL WISEVIEW tile client=5 surface=14 x=1012 y=404 width=353 height=244
ZWL WISEVIEW tile client=4 surface=8 x=1467 y=404 width=359 height=244
ZWL WISEVIEW tile client=3 surface=16 x=568 y=718 width=325 height=244
ZWL WISEVIEW tile client=2 surface=8 x=999 y=718 width=379 height=244
ZGEARS FPS run=gears frames=45000 fps=13.6
ZWL PERF 5022ms: passes=640 timeouts=70 | poll 32.1% work 67.5%
ZWL PERF compose frames=87 draw_ms=36.21 (acquire 0.07 submit+present 33.83) frame_ms=36.99
ZWL WISEVIEW close key at_ms=3317662
ZWL FIRST_FRAME what=wiseview-close frame=57227 request_ms=3317662 ms=25
ZWL WISEVIEW closed at_ms=3317863
ZWL HOME open via=launcher at_ms=3320036
ZWL FIRST_FRAME what=home-open frame=57265 request_ms=3320036 ms=47
ZWL HOME opened apps=12 pages=1 page=1 at_ms=3320324
ZWL HOME icon name="Files" x=600 y=386
ZWL HOME icon name="Notes" x=744 y=386
ZWL HOME icon name="Settings" x=888 y=386
ZWL HOME icon name="Terminal" x=1032 y=386
ZWL HOME icon name="PDF Viewer" x=1176 y=386
ZWL HOME icon name="Image Viewer" x=1320 y=386
ZWL HOME icon name="Browser" x=600 y=538
ZWL HOME icon name="Model viewer" x=744 y=538
ZWL HOME icon name="Gears" x=888 y=538
ZWL HOME icon name="X terminal" x=1032 y=538
ZWL HOME icon name="Lock Screen" x=1176 y=538
ZWL HOME icon name="Log Out" x=1320 y=538
ZWL PERF 5018ms: passes=660 timeouts=74 | poll 32.0% work 67.7%
ZWL PERF compose frames=97 draw_ms=32.49 (acquire 0.06 submit+present 29.89) frame_ms=33.25
ZWL HOME close via=escape at_ms=3322246
ZWL FIRST_FRAME what=home-close frame=57308 request_ms=3322246 ms=35
ZWL HOME closed at_ms=3322490
ZGEARS FPS run=gears frames=45100 fps=13.8
ZWL GLASS moved surface=7 x=980 y=372
ZWL GLASS moved surface=7 x=880 y=332
ZWL PERF 5024ms: passes=644 timeouts=65 | poll 30.7% work 68.9%
ZWL PERF compose frames=83 draw_ms=38.78 (acquire 0.08 submit+present 35.83) frame_ms=39.60
ZWL WISEVIEW opening key at_ms=3327053
ZWL FIRST_FRAME what=wiseview-open frame=57383 request_ms=3327053 ms=37
ZWL WISEVIEW open windows=10 at_ms=3327260
ZWL WISEVIEW tile client=9 surface=7 x=83 y=86 width=380 height=253
ZWL WISEVIEW tile client=10 surface=1146 x=528 y=90 width=406 height=244
ZWL WISEVIEW tile client=10 surface=14 x=1036 y=90 width=305 height=244
ZWL WISEVIEW tile client=8 surface=7 x=1484 y=90 width=325 height=244
ZWL WISEVIEW tile client=7 surface=14 x=104 y=404 width=338 height=244
ZWL WISEVIEW tile client=6 surface=14 x=570 y=404 width=321 height=244
ZWL WISEVIEW tile client=5 surface=14 x=1012 y=404 width=353 height=244
ZWL WISEVIEW tile client=4 surface=8 x=1467 y=404 width=359 height=244
ZWL WISEVIEW tile client=3 surface=16 x=568 y=718 width=325 height=244
ZWL WISEVIEW tile client=2 surface=8 x=999 y=718 width=379 height=244
ZWL WISEVIEW close key at_ms=3329279
ZWL FIRST_FRAME what=wiseview-close frame=57439 request_ms=3329279 ms=25
ZWL WISEVIEW closed at_ms=3329479
ZGEARS FPS run=gears frames=45200 fps=12.6
ZWL PERF 5038ms: passes=639 timeouts=74 | poll 32.4% work 67.3%
ZWL PERF compose frames=100 draw_ms=31.39 (acquire 0.05 submit+present 29.33) frame_ms=32.17
ZWL HOME open via=launcher at_ms=3331661
ZWL FIRST_FRAME what=home-open frame=57477 request_ms=3331661 ms=50
ZWL HOME opened apps=12 pages=1 page=1 at_ms=3331942
ZWL HOME icon name="Files" x=600 y=386
ZWL HOME icon name="Notes" x=744 y=386
ZWL HOME icon name="Settings" x=888 y=386
ZWL HOME icon name="Terminal" x=1032 y=386
ZWL HOME icon name="PDF Viewer" x=1176 y=386
ZWL HOME icon name="Image Viewer" x=1320 y=386
ZWL HOME icon name="Browser" x=600 y=538
ZWL HOME icon name="Model viewer" x=744 y=538
ZWL HOME icon name="Gears" x=888 y=538
ZWL HOME icon name="X terminal" x=1032 y=538
ZWL HOME icon name="Lock Screen" x=1176 y=538
ZWL HOME icon name="Log Out" x=1320 y=538
ZWL HOME close via=escape at_ms=3333895
ZWL FIRST_FRAME what=home-close frame=57520 request_ms=3333895 ms=27
ZWL HOME closed at_ms=3334135
ZWL PERF 5011ms: passes=625 timeouts=66 | poll 31.1% work 68.5%
ZWL PERF compose frames=88 draw_ms=36.28 (acquire 0.06 submit+present 33.09) frame_ms=37.10
ZWL GLASS moved surface=7 x=980 y=372
ZWL GLASS moved surface=7 x=880 y=332
ZGEARS FPS run=gears frames=45300 fps=13.9
ZWL WISEVIEW opening key at_ms=3338679
ZWL FIRST_FRAME what=wiseview-open frame=57596 request_ms=3338680 ms=39
ZWL WISEVIEW open windows=10 at_ms=3338885
ZWL WISEVIEW tile client=9 surface=7 x=83 y=86 width=380 height=253
ZWL WISEVIEW tile client=10 surface=1146 x=528 y=90 width=406 height=244
ZWL WISEVIEW tile client=10 surface=14 x=1036 y=90 width=305 height=244
ZWL WISEVIEW tile client=8 surface=7 x=1484 y=90 width=325 height=244
ZWL WISEVIEW tile client=7 surface=14 x=104 y=404 width=338 height=244
ZWL WISEVIEW tile client=6 surface=14 x=570 y=404 width=321 height=244
ZWL WISEVIEW tile client=5 surface=14 x=1012 y=404 width=353 height=244
ZWL WISEVIEW tile client=4 surface=8 x=1467 y=404 width=359 height=244
ZWL WISEVIEW tile client=3 surface=16 x=568 y=718 width=325 height=244
ZWL WISEVIEW tile client=2 surface=8 x=999 y=718 width=379 height=244
ZWL WISEVIEW close key at_ms=3340918
ZWL FIRST_FRAME what=wiseview-close frame=57651 request_ms=3340918 ms=32
ZWL WISEVIEW closed at_ms=3341119
ZWL PERF 5026ms: passes=631 timeouts=73 | poll 32.5% work 67.1%
ZWL PERF compose frames=98 draw_ms=31.83 (acquire 0.06 submit+present 29.79) frame_ms=32.67
ZWL HOME open via=launcher at_ms=3343312
ZWL FIRST_FRAME what=home-open frame=57688 request_ms=3343312 ms=49
ZWL HOME opened apps=12 pages=1 page=1 at_ms=3343604
ZWL HOME icon name="Files" x=600 y=386
ZWL HOME icon name="Notes" x=744 y=386
ZWL HOME icon name="Settings" x=888 y=386
ZWL HOME icon name="Terminal" x=1032 y=386
ZWL HOME icon name="PDF Viewer" x=1176 y=386
ZWL HOME icon name="Image Viewer" x=1320 y=386
ZWL HOME icon name="Browser" x=600 y=538
ZWL HOME icon name="Model viewer" x=744 y=538
ZWL HOME icon name="Gears" x=888 y=538
ZWL HOME icon name="X terminal" x=1032 y=538
ZWL HOME icon name="Lock Screen" x=1176 y=538
ZWL HOME icon name="Log Out" x=1320 y=538
ZWL HOME close via=escape at_ms=3345524
ZWL FIRST_FRAME what=home-close frame=57729 request_ms=3345524 ms=30
ZGEARS FPS run=gears frames=45400 fps=13.7
ZWL HOME closed at_ms=3345782
ZWL PERF 5003ms: passes=670 timeouts=78 | poll 32.5% work 67.2%
ZWL PERF compose frames=84 draw_ms=37.26 (acquire 0.06 submit+present 34.38) frame_ms=37.65
ZWL GLASS moved surface=7 x=980 y=372
ZWL GLASS moved surface=7 x=880 y=332
ZWL WISEVIEW opening key at_ms=3350336
ZWL FIRST_FRAME what=wiseview-open frame=57805 request_ms=3350336 ms=41
ZWL WISEVIEW open windows=10 at_ms=3350550
ZWL WISEVIEW tile client=9 surface=7 x=83 y=86 width=380 height=253
ZWL WISEVIEW tile client=10 surface=1146 x=528 y=90 width=406 height=244
ZWL WISEVIEW tile client=10 surface=14 x=1036 y=90 width=305 height=244
ZWL WISEVIEW tile client=8 surface=7 x=1484 y=90 width=325 height=244
ZWL WISEVIEW tile client=7 surface=14 x=104 y=404 width=338 height=244
ZWL WISEVIEW tile client=6 surface=14 x=570 y=404 width=321 height=244
ZWL WISEVIEW tile client=5 surface=14 x=1012 y=404 width=353 height=244
ZWL WISEVIEW tile client=4 surface=8 x=1467 y=404 width=359 height=244
ZWL WISEVIEW tile client=3 surface=16 x=568 y=718 width=325 height=244
ZWL WISEVIEW tile client=2 surface=8 x=999 y=718 width=379 height=244
ZWL PERF 5001ms: passes=603 timeouts=73 | poll 31.7% work 67.9%
ZWL PERF compose frames=89 draw_ms=35.20 (acquire 0.06 submit+present 32.72) frame_ms=36.48
ZWL WISEVIEW close key at_ms=3352568
ZWL FIRST_FRAME what=wiseview-close frame=57860 request_ms=3352568 ms=28
ZWL WISEVIEW closed at_ms=3352786
ZGEARS FPS run=gears frames=45500 fps=13.2
ZWL HOME open via=launcher at_ms=3354921
ZWL FIRST_FRAME what=home-open frame=57898 request_ms=3354921 ms=64
ZWL HOME opened apps=12 pages=1 page=1 at_ms=3355215
ZWL HOME icon name="Files" x=600 y=386
ZWL HOME icon name="Notes" x=744 y=386
ZWL HOME icon name="Settings" x=888 y=386
ZWL HOME icon name="Terminal" x=1032 y=386
ZWL HOME icon name="PDF Viewer" x=1176 y=386
ZWL HOME icon name="Image Viewer" x=1320 y=386
ZWL HOME icon name="Browser" x=600 y=538
ZWL HOME icon name="Model viewer" x=744 y=538
ZWL HOME icon name="Gears" x=888 y=538
ZWL HOME icon name="X terminal" x=1032 y=538
ZWL HOME icon name="Lock Screen" x=1176 y=538
ZWL HOME icon name="Log Out" x=1320 y=538
ZWL PERF 5000ms: passes=618 timeouts=73 | poll 32.3% work 67.4%
ZWL PERF compose frames=95 draw_ms=32.90 (acquire 0.06 submit+present 30.27) frame_ms=33.66
ZWL HOME close via=escape at_ms=3357159
ZWL FIRST_FRAME what=home-close frame=57941 request_ms=3357159 ms=24
ZWL HOME closed at_ms=3357399
ZWL GLASS moved surface=7 x=980 y=372
ZGEARS FPS run=gears frames=45600 fps=13.9
ZWL GLASS moved surface=7 x=880 y=332
ZWL PERF 5013ms: passes=668 timeouts=54 | poll 30.6% work 69.0%
ZWL PERF compose frames=82 draw_ms=38.88 (acquire 0.08 submit+present 35.76) frame_ms=39.69
ZWL WISEVIEW opening key at_ms=3361931
ZWL FIRST_FRAME what=wiseview-open frame=58016 request_ms=3361931 ms=39
ZWL WISEVIEW open windows=10 at_ms=3362133
ZWL WISEVIEW tile client=9 surface=7 x=83 y=86 width=380 height=253
ZWL WISEVIEW tile client=10 surface=1146 x=528 y=90 width=406 height=244
ZWL WISEVIEW tile client=10 surface=14 x=1036 y=90 width=305 height=244
ZWL WISEVIEW tile client=8 surface=7 x=1484 y=90 width=325 height=244
ZWL WISEVIEW tile client=7 surface=14 x=104 y=404 width=338 height=244
ZWL WISEVIEW tile client=6 surface=14 x=570 y=404 width=321 height=244
ZWL WISEVIEW tile client=5 surface=14 x=1012 y=404 width=353 height=244
ZWL WISEVIEW tile client=4 surface=8 x=1467 y=404 width=359 height=244
ZWL WISEVIEW tile client=3 surface=16 x=568 y=718 width=325 height=244
ZWL WISEVIEW tile client=2 surface=8 x=999 y=718 width=379 height=244
ZWL WISEVIEW close key at_ms=3364158
ZWL FIRST_FRAME what=wiseview-close frame=58072 request_ms=3364158 ms=29
ZWL WISEVIEW closed at_ms=3364359
ZWL PERF 5014ms: passes=649 timeouts=72 | poll 32.1% work 67.5%
ZWL PERF compose frames=100 draw_ms=31.21 (acquire 0.07 submit+present 29.10) frame_ms=31.83
ZWL HOME open via=launcher at_ms=3366536
ZWL FIRST_FRAME what=home-open frame=58110 request_ms=3366536 ms=52
ZWL HOME opened apps=12 pages=1 page=1 at_ms=3366829
ZWL HOME icon name="Files" x=600 y=386
ZWL HOME icon name="Notes" x=744 y=386
ZWL HOME icon name="Settings" x=888 y=386
ZWL HOME icon name="Terminal" x=1032 y=386
ZWL HOME icon name="PDF Viewer" x=1176 y=386
ZWL HOME icon name="Image Viewer" x=1320 y=386
ZWL HOME icon name="Browser" x=600 y=538
ZWL HOME icon name="Model viewer" x=744 y=538
ZWL HOME icon name="Gears" x=888 y=538
ZWL HOME icon name="X terminal" x=1032 y=538
ZWL HOME icon name="Lock Screen" x=1176 y=538
ZWL HOME icon name="Log Out" x=1320 y=538
ZGEARS FPS run=gears frames=45700 fps=13.2
ZWL HOME close via=escape at_ms=3368797
ZWL FIRST_FRAME what=home-close frame=58152 request_ms=3368797 ms=35
ZWL HOME closed at_ms=3369060
ZWL PERF 5020ms: passes=654 timeouts=60 | poll 31.6% work 68.0%
ZWL PERF compose frames=86 draw_ms=36.74 (acquire 0.06 submit+present 33.69) frame_ms=38.03
ZWL GLASS moved surface=7 x=980 y=372
ZWL GLASS moved surface=7 x=880 y=332
ZWL WISEVIEW opening key at_ms=3373563
ZWL FIRST_FRAME what=wiseview-open frame=58226 request_ms=3373563 ms=35
ZWL WISEVIEW open windows=10 at_ms=3373764
ZWL WISEVIEW tile client=9 surface=7 x=83 y=86 width=380 height=253
ZWL WISEVIEW tile client=10 surface=1146 x=528 y=90 width=406 height=244
ZWL WISEVIEW tile client=10 surface=14 x=1036 y=90 width=305 height=244
ZWL WISEVIEW tile client=8 surface=7 x=1484 y=90 width=325 height=244
ZWL WISEVIEW tile client=7 surface=14 x=104 y=404 width=338 height=244
ZWL WISEVIEW tile client=6 surface=14 x=570 y=404 width=321 height=244
ZWL WISEVIEW tile client=5 surface=14 x=1012 y=404 width=353 height=244
ZWL WISEVIEW tile client=4 surface=8 x=1467 y=404 width=359 height=244
ZWL WISEVIEW tile client=3 surface=16 x=568 y=718 width=325 height=244
ZWL WISEVIEW tile client=2 surface=8 x=999 y=718 width=379 height=244
ZGEARS FPS run=gears frames=45800 fps=13.2
ZWL WISEVIEW close key at_ms=3375776
ZWL FIRST_FRAME what=wiseview-close frame=58282 request_ms=3375776 ms=26
ZWL WISEVIEW closed at_ms=3375976
ZWL PERF 5009ms: passes=671 timeouts=77 | poll 32.1% work 67.6%
ZWL PERF compose frames=100 draw_ms=31.10 (acquire 0.06 submit+present 28.87) frame_ms=31.98
ZWL HOME open via=launcher at_ms=3378143
ZWL FIRST_FRAME what=home-open frame=58320 request_ms=3378143 ms=47
ZWL HOME opened apps=12 pages=1 page=1 at_ms=3378451
ZWL HOME icon name="Files" x=600 y=386
ZWL HOME icon name="Notes" x=744 y=386
ZWL HOME icon name="Settings" x=888 y=386
ZWL HOME icon name="Terminal" x=1032 y=386
ZWL HOME icon name="PDF Viewer" x=1176 y=386
ZWL HOME icon name="Image Viewer" x=1320 y=386
ZWL HOME icon name="Browser" x=600 y=538
ZWL HOME icon name="Model viewer" x=744 y=538
ZWL HOME icon name="Gears" x=888 y=538
ZWL HOME icon name="X terminal" x=1032 y=538
ZWL HOME icon name="Lock Screen" x=1176 y=538
ZWL HOME icon name="Log Out" x=1320 y=538
ZWL HOME close via=escape at_ms=3380370
ZWL FIRST_FRAME what=home-close frame=58362 request_ms=3380370 ms=34
ZWL HOME closed at_ms=3380610
ZWL PERF 5005ms: passes=630 timeouts=75 | poll 32.9% work 66.8%
ZWL PERF compose frames=85 draw_ms=36.75 (acquire 0.06 submit+present 33.49) frame_ms=37.45
ZGEARS FPS run=gears frames=45900 fps=14.0
ZWL GLASS moved surface=7 x=980 y=372
ZWL GLASS moved surface=7 x=880 y=332
ZWL WISEVIEW opening key at_ms=3385137
ZWL FIRST_FRAME what=wiseview-open frame=58436 request_ms=3385137 ms=48
ZWL WISEVIEW open windows=10 at_ms=3385343
ZWL WISEVIEW tile client=9 surface=7 x=83 y=86 width=380 height=253
ZWL WISEVIEW tile client=10 surface=1146 x=528 y=90 width=406 height=244
ZWL WISEVIEW tile client=10 surface=14 x=1036 y=90 width=305 height=244
ZWL WISEVIEW tile client=8 surface=7 x=1484 y=90 width=325 height=244
ZWL WISEVIEW tile client=7 surface=14 x=104 y=404 width=338 height=244
ZWL WISEVIEW tile client=6 surface=14 x=570 y=404 width=321 height=244
ZWL WISEVIEW tile client=5 surface=14 x=1012 y=404 width=353 height=244
ZWL WISEVIEW tile client=4 surface=8 x=1467 y=404 width=359 height=244
ZWL WISEVIEW tile client=3 surface=16 x=568 y=718 width=325 height=244
ZWL WISEVIEW tile client=2 surface=8 x=999 y=718 width=379 height=244
ZWL PERF 5018ms: passes=628 timeouts=68 | poll 31.1% work 68.6%
ZWL PERF compose frames=90 draw_ms=35.17 (acquire 0.07 submit+present 32.70) frame_ms=36.08
ZWL WISEVIEW close key at_ms=3387369
ZWL FIRST_FRAME what=wiseview-close frame=58491 request_ms=3387369 ms=20
ZWL WISEVIEW closed at_ms=3387572
ZWL HOME open via=launcher at_ms=3389751
ZWL FIRST_FRAME what=home-open frame=58528 request_ms=3389751 ms=55
ZWL HOME opened apps=12 pages=1 page=1 at_ms=3390037
ZWL HOME icon name="Files" x=600 y=386
ZWL HOME icon name="Notes" x=744 y=386
ZWL HOME icon name="Settings" x=888 y=386
ZWL HOME icon name="Terminal" x=1032 y=386
ZWL HOME icon name="PDF Viewer" x=1176 y=386
ZWL HOME icon name="Image Viewer" x=1320 y=386
ZWL HOME icon name="Browser" x=600 y=538
ZWL HOME icon name="Model viewer" x=744 y=538
ZWL HOME icon name="Gears" x=888 y=538
ZWL HOME icon name="X terminal" x=1032 y=538
ZWL HOME icon name="Lock Screen" x=1176 y=538
ZWL HOME icon name="Log Out" x=1320 y=538
ZGEARS FPS run=gears frames=46000 fps=13.1
ZWL PERF 5008ms: passes=671 timeouts=73 | poll 32.2% work 67.5%
ZWL PERF compose frames=95 draw_ms=32.82 (acquire 0.05 submit+present 30.12) frame_ms=33.66
ZWL HOME close via=escape at_ms=3391986
ZWL FIRST_FRAME what=home-close frame=58574 request_ms=3391986 ms=31
ZWL HOME closed at_ms=3392227
ZWL GLASS moved surface=7 x=980 y=372
ZWL GLASS moved surface=7 x=880 y=332
ZWL PERF 5014ms: passes=671 timeouts=71 | poll 31.3% work 68.4%
ZWL PERF compose frames=81 draw_ms=38.92 (acquire 0.06 submit+present 36.31) frame_ms=39.84
ZWL WISEVIEW opening key at_ms=3396764
ZWL FIRST_FRAME what=wiseview-open frame=58649 request_ms=3396764 ms=49
ZWL WISEVIEW open windows=10 at_ms=3396982
ZWL WISEVIEW tile client=9 surface=7 x=83 y=86 width=380 height=253
ZWL WISEVIEW tile client=10 surface=1146 x=528 y=90 width=406 height=244
ZWL WISEVIEW tile client=10 surface=14 x=1036 y=90 width=305 height=244
ZWL WISEVIEW tile client=8 surface=7 x=1484 y=90 width=325 height=244
ZWL WISEVIEW tile client=7 surface=14 x=104 y=404 width=338 height=244
ZWL WISEVIEW tile client=6 surface=14 x=570 y=404 width=321 height=244
ZWL WISEVIEW tile client=5 surface=14 x=1012 y=404 width=353 height=244
ZWL WISEVIEW tile client=4 surface=8 x=1467 y=404 width=359 height=244
ZWL WISEVIEW tile client=3 surface=16 x=568 y=718 width=325 height=244
ZWL WISEVIEW tile client=2 surface=8 x=999 y=718 width=379 height=244
ZGEARS FPS run=gears frames=46100 fps=13.2
ZWL WISEVIEW close key at_ms=3399009
ZWL FIRST_FRAME what=wiseview-close frame=58705 request_ms=3399009 ms=30
ZWL WISEVIEW closed at_ms=3399218
ZWL HOME open via=launcher at_ms=3401372
ZWL FIRST_FRAME what=home-open frame=58742 request_ms=3401372 ms=48
ZWL PERF 5029ms: passes=632 timeouts=76 | poll 32.1% work 67.6%
ZWL PERF compose frames=100 draw_ms=31.45 (acquire 0.06 submit+present 29.40) frame_ms=32.31
ZWL HOME opened apps=12 pages=1 page=1 at_ms=3401661
ZWL HOME icon name="Files" x=600 y=386
ZWL HOME icon name="Notes" x=744 y=386
ZWL HOME icon name="Settings" x=888 y=386
ZWL HOME icon name="Terminal" x=1032 y=386
ZWL HOME icon name="PDF Viewer" x=1176 y=386
ZWL HOME icon name="Image Viewer" x=1320 y=386
ZWL HOME icon name="Browser" x=600 y=538
ZWL HOME icon name="Model viewer" x=744 y=538
ZWL HOME icon name="Gears" x=888 y=538
ZWL HOME icon name="X terminal" x=1032 y=538
ZWL HOME icon name="Lock Screen" x=1176 y=538
ZWL HOME icon name="Log Out" x=1320 y=538
ZWL HOME close via=escape at_ms=3403603
ZWL FIRST_FRAME what=home-close frame=58784 request_ms=3403604 ms=36
ZWL HOME closed at_ms=3403850
ZGEARS FPS run=gears frames=46200 fps=13.5
ZWL GLASS moved surface=7 x=980 y=372
ZWL PERF 5000ms: passes=661 timeouts=70 | poll 32.5% work 67.2%
ZWL PERF compose frames=85 draw_ms=36.62 (acquire 0.06 submit+present 33.34) frame_ms=37.43
ZWL GLASS moved surface=7 x=880 y=332
ZWL WISEVIEW opening key at_ms=3408389
ZWL FIRST_FRAME what=wiseview-open frame=58858 request_ms=3408389 ms=39
ZWL WISEVIEW open windows=10 at_ms=3408593
ZWL WISEVIEW tile client=9 surface=7 x=83 y=86 width=380 height=253
ZWL WISEVIEW tile client=10 surface=1146 x=528 y=90 width=406 height=244
ZWL WISEVIEW tile client=10 surface=14 x=1036 y=90 width=305 height=244
ZWL WISEVIEW tile client=8 surface=7 x=1484 y=90 width=325 height=244
ZWL WISEVIEW tile client=7 surface=14 x=104 y=404 width=338 height=244
ZWL WISEVIEW tile client=6 surface=14 x=570 y=404 width=321 height=244
ZWL WISEVIEW tile client=5 surface=14 x=1012 y=404 width=353 height=244
ZWL WISEVIEW tile client=4 surface=8 x=1467 y=404 width=359 height=244
ZWL WISEVIEW tile client=3 surface=16 x=568 y=718 width=325 height=244
ZWL WISEVIEW tile client=2 surface=8 x=999 y=718 width=379 height=244
ZWL WISEVIEW close key at_ms=3410600
ZWL FIRST_FRAME what=wiseview-close frame=58912 request_ms=3410600 ms=17
ZWL WISEVIEW closed at_ms=3410800
ZWL PERF 5004ms: passes=664 timeouts=77 | poll 32.7% work 67.0%
ZWL PERF compose frames=98 draw_ms=31.44 (acquire 0.06 submit+present 29.54) frame_ms=32.34
ZWL HOME open via=launcher at_ms=3412960
ZWL FIRST_FRAME what=home-open frame=58950 request_ms=3412960 ms=51
ZGEARS FPS run=gears frames=46300 fps=12.9
ZWL HOME opened apps=12 pages=1 page=1 at_ms=3413264
ZWL HOME icon name="Files" x=600 y=386
ZWL HOME icon name="Notes" x=744 y=386
ZWL HOME icon name="Settings" x=888 y=386
ZWL HOME icon name="Terminal" x=1032 y=386
ZWL HOME icon name="PDF Viewer" x=1176 y=386
ZWL HOME icon name="Image Viewer" x=1320 y=386
ZWL HOME icon name="Browser" x=600 y=538
ZWL HOME icon name="Model viewer" x=744 y=538
ZWL HOME icon name="Gears" x=888 y=538
ZWL HOME icon name="X terminal" x=1032 y=538
ZWL HOME icon name="Lock Screen" x=1176 y=538
ZWL HOME icon name="Log Out" x=1320 y=538
ZWL HOME close via=escape at_ms=3415203
ZWL FIRST_FRAME what=home-close frame=58992 request_ms=3415204 ms=34
ZWL HOME closed at_ms=3415447
ZWL PERF 5004ms: passes=676 timeouts=71 | poll 31.9% work 67.7%
ZWL PERF compose frames=85 draw_ms=36.80 (acquire 0.05 submit+present 34.06) frame_ms=37.61
ZWL GLASS moved surface=7 x=980 y=372
ZWL GLASS moved surface=7 x=880 y=332
ZWL HOME open via=launcher at_ms=3420132
ZGEARS FPS run=gears frames=46400 fps=14.3
ZWL FIRST_FRAME what=home-open frame=59068 request_ms=3420133 ms=55
ZWL HOME opened apps=12 pages=1 page=1 at_ms=3420415
ZWL HOME icon name="Files" x=600 y=386
ZWL HOME icon name="Notes" x=744 y=386
ZWL HOME icon name="Settings" x=888 y=386
ZWL HOME icon name="Terminal" x=1032 y=386
ZWL HOME icon name="PDF Viewer" x=1176 y=386
ZWL HOME icon name="Image Viewer" x=1320 y=386
ZWL HOME icon name="Browser" x=600 y=538
ZWL HOME icon name="Model viewer" x=744 y=538
ZWL HOME icon name="Gears" x=888 y=538
ZWL HOME icon name="X terminal" x=1032 y=538
ZWL HOME icon name="Lock Screen" x=1176 y=538
ZWL HOME icon name="Log Out" x=1320 y=538
ZWL PERF 5010ms: passes=672 timeouts=76 | poll 32.1% work 67.5%
ZWL PERF compose frames=82 draw_ms=38.22 (acquire 0.06 submit+present 35.53) frame_ms=39.04
ZWL HOME launch name=Terminal pid=102
ZWL HOME close via=launch at_ms=3421753
ZWL FIRST_FRAME what=home-close frame=59099 request_ms=3421753 ms=36
ZWL CLIENT client=36 fd=25
ZWL INSET create client=36 inset=20 toplevel=16
ZWL EDIT create client=36 edit=24 toplevel=16
ZWL BOUNDS client=36 surface=14 width=1896 height=970
ZWL CONFIGURE client=36 surface=14 serial=1594 width=0 height=0 fullscreen=0
ZWL SEAT client=36 pointer=1 keyboard=0 touch=0
ZWL SEAT client=36 pointer=1 keyboard=1 touch=0
ZWL IMPORT client=36 buffer=37 width=916 height=632 bytes=2318336
ZWL IMPORT client=36 buffer=38 width=916 height=632 bytes=2318336
ZWL IMPORT client=36 buffer=39 width=916 height=632 bytes=2318336
ZTERM MENU state selection=0 clipboard=0 pixels=16 fullscreen=0
ZWL MENU commit client=36 menu=43 serial=1 items=30 generation=1
ZWL MENU set client=36 place=44 menu=43
ZWL MENU commit client=36 menu=43 serial=2 items=30 generation=2
ZTERM MENU ready items=30
ZTERM TAB active id=1
ZTERM TAB new run=term id=1 count=1
ZTERM START run=term columns=90 rows=28 cell=10x22 window=916x632
ZWL TITLEBAR create client=36 titlebar=48 toplevel=16
ZWL EDIT state client=36 edit=24 actions=0xff flags=0xd
ZTERM TABS count=1 active=1 mode=0
ZTERM TITLE tab=1 title=Terminal
ZWL TITLEBAR commit client=36 titlebar=48 serial=1 mode=0 controls=0 tabs=1 generation=1
ZWL MAP client=36 surface=14 x=348 y=420
ZWL HOME launched waited_ms=171 at_ms=3421924
ZWL GLASS launch surface=14 from=996,350 to=348,420 size=916x632
ZTERM CLIPBOARD selection text=0
ZTERM PRIMARY offer text=0
ZWL HOME closed at_ms=3422012
ZWL MENU bar client=36 surface=14 where=floating item=1 offset=127 top=368 width=55 height=44
ZWL MENU bar client=36 surface=14 where=floating item=2 offset=184 top=368 width=47 height=44
ZWL MENU bar client=36 surface=14 where=floating item=3 offset=233 top=368 width=55 height=44
ZWL MENU bar client=36 surface=14 where=floating item=4 offset=290 top=368 width=76 height=44
ZWL MENU bar client=36 surface=14 where=floating item=5 offset=368 top=368 width=53 height=44
ZWL PERF 5010ms: passes=609 timeouts=72 | poll 30.7% work 68.9%
ZWL PERF compose frames=74 draw_ms=42.64 (acquire 0.08 submit+present 39.49) frame_ms=43.62
ZGEARS FPS run=gears frames=46500 fps=12.9
ZTERM TAB closed run=term id=1 count=0
ZTERM DONE run=term reason=shell-exited
ZWL CLIENT gone client=36 reason=hangup
ZWL CLEANUP client=36 objects=34 unread_fds=0
ZWL HOME ended pid=102 status=0
ZWL PERF 5020ms: passes=618 timeouts=71 | poll 32.2% work 67.4%
ZWL PERF compose frames=74 draw_ms=42.41 (acquire 0.05 submit+present 39.82) frame_ms=43.33
ZWL WISEVIEW opening key at_ms=3432363
ZWL FIRST_FRAME what=wiseview-open frame=59254 request_ms=3432363 ms=41
ZWL WISEVIEW open windows=10 at_ms=3432570
ZWL WISEVIEW tile client=9 surface=7 x=83 y=86 width=380 height=253
ZWL WISEVIEW tile client=10 surface=1146 x=528 y=90 width=406 height=244
ZWL WISEVIEW tile client=10 surface=14 x=1036 y=90 width=305 height=244
ZWL WISEVIEW tile client=8 surface=7 x=1484 y=90 width=325 height=244
ZWL WISEVIEW tile client=7 surface=14 x=104 y=404 width=338 height=244
ZWL WISEVIEW tile client=6 surface=14 x=570 y=404 width=321 height=244
ZWL WISEVIEW tile client=5 surface=14 x=1012 y=404 width=353 height=244
ZWL WISEVIEW tile client=4 surface=8 x=1467 y=404 width=359 height=244
ZWL WISEVIEW tile client=3 surface=16 x=568 y=718 width=325 height=244
ZWL WISEVIEW tile client=2 surface=8 x=999 y=718 width=379 height=244
ZWL WISEVIEW close key at_ms=3434623
ZWL FIRST_FRAME what=wiseview-close frame=59310 request_ms=3434623 ms=23
ZWL WISEVIEW closed at_ms=3434828
ZGEARS FPS run=gears frames=46600 fps=12.7
ZWL PERF 5018ms: passes=631 timeouts=76 | poll 32.2% work 67.4%
ZWL PERF compose frames=98 draw_ms=31.45 (acquire 0.06 submit+present 29.45) frame_ms=32.46
ZWL HOME open via=launcher at_ms=3437005
ZWL FIRST_FRAME what=home-open frame=59348 request_ms=3437005 ms=50
ZWL HOME opened apps=12 pages=1 page=1 at_ms=3437314
ZWL HOME icon name="Files" x=600 y=386
ZWL HOME icon name="Notes" x=744 y=386
ZWL HOME icon name="Settings" x=888 y=386
ZWL HOME icon name="Terminal" x=1032 y=386
ZWL HOME icon name="PDF Viewer" x=1176 y=386
ZWL HOME icon name="Image Viewer" x=1320 y=386
ZWL HOME icon name="Browser" x=600 y=538
ZWL HOME icon name="Model viewer" x=744 y=538
ZWL HOME icon name="Gears" x=888 y=538
ZWL HOME icon name="X terminal" x=1032 y=538
ZWL HOME icon name="Lock Screen" x=1176 y=538
ZWL HOME icon name="Log Out" x=1320 y=538
ZWL HOME close via=escape at_ms=3439250
ZWL FIRST_FRAME what=home-close frame=59390 request_ms=3439250 ms=31
ZWL HOME closed at_ms=3439492
ZWL PERF 5018ms: passes=642 timeouts=76 | poll 32.2% work 67.5%
ZWL PERF compose frames=86 draw_ms=36.61 (acquire 0.07 submit+present 33.27) frame_ms=37.37
ZWL GLASS moved surface=7 x=980 y=372
ZWL GLASS moved surface=7 x=880 y=332
ZGEARS FPS run=gears frames=46700 fps=13.3
ZWL WISEVIEW opening key at_ms=3444006
ZWL FIRST_FRAME what=wiseview-open frame=59464 request_ms=3444007 ms=34
ZWL WISEVIEW open windows=10 at_ms=3444221
ZWL WISEVIEW tile client=9 surface=7 x=83 y=86 width=380 height=253
ZWL WISEVIEW tile client=10 surface=1146 x=528 y=90 width=406 height=244
ZWL WISEVIEW tile client=10 surface=14 x=1036 y=90 width=305 height=244
ZWL WISEVIEW tile client=8 surface=7 x=1484 y=90 width=325 height=244
ZWL WISEVIEW tile client=7 surface=14 x=104 y=404 width=338 height=244
ZWL WISEVIEW tile client=6 surface=14 x=570 y=404 width=321 height=244
ZWL WISEVIEW tile client=5 surface=14 x=1012 y=404 width=353 height=244
ZWL WISEVIEW tile client=4 surface=8 x=1467 y=404 width=359 height=244
ZWL WISEVIEW tile client=3 surface=16 x=568 y=718 width=325 height=244
ZWL WISEVIEW tile client=2 surface=8 x=999 y=718 width=379 height=244
ZWL WISEVIEW close key at_ms=3446264
ZWL FIRST_FRAME what=wiseview-close frame=59520 request_ms=3446264 ms=18
ZWL WISEVIEW closed at_ms=3446464
ZWL PERF 5009ms: passes=620 timeouts=69 | poll 31.4% work 68.2%
ZWL PERF compose frames=100 draw_ms=31.40 (acquire 0.07 submit+present 29.35) frame_ms=32.21
ZWL HOME open via=launcher at_ms=3448604
ZWL FIRST_FRAME what=home-open frame=59558 request_ms=3448604 ms=50
ZWL HOME opened apps=12 pages=1 page=1 at_ms=3448899
ZWL HOME icon name="Files" x=600 y=386
ZWL HOME icon name="Notes" x=744 y=386
ZWL HOME icon name="Settings" x=888 y=386
ZWL HOME icon name="Terminal" x=1032 y=386
ZWL HOME icon name="PDF Viewer" x=1176 y=386
ZWL HOME icon name="Image Viewer" x=1320 y=386
ZWL HOME icon name="Browser" x=600 y=538
ZWL HOME icon name="Model viewer" x=744 y=538
ZWL HOME icon name="Gears" x=888 y=538
ZWL HOME icon name="X terminal" x=1032 y=538
ZWL HOME icon name="Lock Screen" x=1176 y=538
ZWL HOME icon name="Log Out" x=1320 y=538
ZGEARS FPS run=gears frames=46800 fps=13.4
ZWL HOME close via=escape at_ms=3450848
ZWL FIRST_FRAME what=home-close frame=59600 request_ms=3450848 ms=29
ZWL HOME closed at_ms=3451109
ZWL PERF 5012ms: passes=661 timeouts=67 | poll 31.9% work 67.8%
ZWL PERF compose frames=86 draw_ms=36.62 (acquire 0.06 submit+present 33.54) frame_ms=37.40
ZWL GLASS moved surface=7 x=980 y=372
ZWL GLASS moved surface=7 x=880 y=332
ZWL WISEVIEW opening key at_ms=3455611
ZWL FIRST_FRAME what=wiseview-open frame=59675 request_ms=3455612 ms=41
ZWL WISEVIEW open windows=10 at_ms=3455813
ZWL WISEVIEW tile client=9 surface=7 x=83 y=86 width=380 height=253
ZWL WISEVIEW tile client=10 surface=1146 x=528 y=90 width=406 height=244
ZWL WISEVIEW tile client=10 surface=14 x=1036 y=90 width=305 height=244
ZWL WISEVIEW tile client=8 surface=7 x=1484 y=90 width=325 height=244
ZWL WISEVIEW tile client=7 surface=14 x=104 y=404 width=338 height=244
ZWL WISEVIEW tile client=6 surface=14 x=570 y=404 width=321 height=244
ZWL WISEVIEW tile client=5 surface=14 x=1012 y=404 width=353 height=244
ZWL WISEVIEW tile client=4 surface=8 x=1467 y=404 width=359 height=244
ZWL WISEVIEW tile client=3 surface=16 x=568 y=718 width=325 height=244
ZWL WISEVIEW tile client=2 surface=8 x=999 y=718 width=379 height=244
ZWL PERF 5016ms: passes=632 timeouts=70 | poll 31.8% work 67.8%
ZWL PERF compose frames=87 draw_ms=36.23 (acquire 0.05 submit+present 33.89) frame_ms=37.05
ZWL WISEVIEW close key at_ms=3457882
ZWL FIRST_FRAME what=wiseview-close frame=59730 request_ms=3457882 ms=19
ZWL WISEVIEW closed at_ms=3458111
ZGEARS FPS run=gears frames=46900 fps=12.8
ZWL HOME open via=launcher at_ms=3460215
ZWL FIRST_FRAME what=home-open frame=59767 request_ms=3460215 ms=50
ZWL HOME opened apps=12 pages=1 page=1 at_ms=3460523
ZWL HOME icon name="Files" x=600 y=386
ZWL HOME icon name="Notes" x=744 y=386
ZWL HOME icon name="Settings" x=888 y=386
ZWL HOME icon name="Terminal" x=1032 y=386
ZWL HOME icon name="PDF Viewer" x=1176 y=386
ZWL HOME icon name="Image Viewer" x=1320 y=386
ZWL HOME icon name="Browser" x=600 y=538
ZWL HOME icon name="Model viewer" x=744 y=538
ZWL HOME icon name="Gears" x=888 y=538
ZWL HOME icon name="X terminal" x=1032 y=538
ZWL HOME icon name="Lock Screen" x=1176 y=538
ZWL HOME icon name="Log Out" x=1320 y=538
ZWL PERF 5022ms: passes=628 timeouts=69 | poll 31.9% work 67.8%
ZWL PERF compose frames=94 draw_ms=33.67 (acquire 0.06 submit+present 30.97) frame_ms=34.42
ZWL HOME close via=escape at_ms=3462466
ZWL FIRST_FRAME what=home-close frame=59809 request_ms=3462466 ms=45
ZWL HOME closed at_ms=3462733
ZWL GLASS moved surface=7 x=980 y=372
ZGEARS FPS run=gears frames=47000 fps=13.8
ZWL GLASS moved surface=7 x=880 y=332
ZWL PERF 5042ms: passes=642 timeouts=69 | poll 31.1% work 68.6%
ZWL PERF compose frames=80 draw_ms=39.97 (acquire 0.09 submit+present 37.01) frame_ms=40.84
ZWL WISEVIEW opening key at_ms=3467268
ZWL FIRST_FRAME what=wiseview-open frame=59882 request_ms=3467268 ms=36
ZWL WISEVIEW open windows=10 at_ms=3467479
ZWL WISEVIEW tile client=9 surface=7 x=83 y=86 width=380 height=253
ZWL WISEVIEW tile client=10 surface=1146 x=528 y=90 width=406 height=244
ZWL WISEVIEW tile client=10 surface=14 x=1036 y=90 width=305 height=244
ZWL WISEVIEW tile client=8 surface=7 x=1484 y=90 width=325 height=244
ZWL WISEVIEW tile client=7 surface=14 x=104 y=404 width=338 height=244
ZWL WISEVIEW tile client=6 surface=14 x=570 y=404 width=321 height=244
ZWL WISEVIEW tile client=5 surface=14 x=1012 y=404 width=353 height=244
ZWL WISEVIEW tile client=4 surface=8 x=1467 y=404 width=359 height=244
ZWL WISEVIEW tile client=3 surface=16 x=568 y=718 width=325 height=244
ZWL WISEVIEW tile client=2 surface=8 x=999 y=718 width=379 height=244
ZWL WISEVIEW close key at_ms=3469478
ZWL FIRST_FRAME what=wiseview-close frame=59935 request_ms=3469478 ms=27
ZWL WISEVIEW closed at_ms=3469699
ZWL PERF 5030ms: passes=622 timeouts=78 | poll 32.5% work 67.1%
ZWL PERF compose frames=96 draw_ms=32.44 (acquire 0.07 submit+present 30.27) frame_ms=33.30
ZWL HOME open via=launcher at_ms=3471824
ZWL FIRST_FRAME what=home-open frame=59971 request_ms=3471824 ms=40
ZWL HOME opened apps=12 pages=1 page=1 at_ms=3472105
ZWL HOME icon name="Files" x=600 y=386
ZWL HOME icon name="Notes" x=744 y=386
ZWL HOME icon name="Settings" x=888 y=386
ZWL HOME icon name="Terminal" x=1032 y=386
ZWL HOME icon name="PDF Viewer" x=1176 y=386
ZWL HOME icon name="Image Viewer" x=1320 y=386
ZWL HOME icon name="Browser" x=600 y=538
ZWL HOME icon name="Model viewer" x=744 y=538
ZWL HOME icon name="Gears" x=888 y=538
ZWL HOME icon name="X terminal" x=1032 y=538
ZWL HOME icon name="Lock Screen" x=1176 y=538
ZWL HOME icon name="Log Out" x=1320 y=538
ZGEARS FPS run=gears frames=47100 fps=13.6
ZWL HOME close via=escape at_ms=3474045
ZWL FIRST_FRAME what=home-close frame=60011 request_ms=3474045 ms=22
ZWL HOME closed at_ms=3474295
ZWL GLASS moved surface=7 x=980 y=372
ZWL PERF 5051ms: passes=646 timeouts=77 | poll 31.4% work 68.3%
ZWL PERF compose frames=83 draw_ms=38.57 (acquire 0.05 submit+present 35.49) frame_ms=39.39
ZWL GLASS moved surface=7 x=880 y=332
ZWL WISEVIEW opening key at_ms=3478855
ZWL FIRST_FRAME what=wiseview-open frame=60084 request_ms=3478855 ms=49
ZWL WISEVIEW open windows=10 at_ms=3479074
ZWL WISEVIEW tile client=9 surface=7 x=83 y=86 width=380 height=253
ZWL WISEVIEW tile client=10 surface=1146 x=528 y=90 width=406 height=244
ZWL WISEVIEW tile client=10 surface=14 x=1036 y=90 width=305 height=244
ZWL WISEVIEW tile client=8 surface=7 x=1484 y=90 width=325 height=244
ZWL WISEVIEW tile client=7 surface=14 x=104 y=404 width=338 height=244
ZWL WISEVIEW tile client=6 surface=14 x=570 y=404 width=321 height=244
ZWL WISEVIEW tile client=5 surface=14 x=1012 y=404 width=353 height=244
ZWL WISEVIEW tile client=4 surface=8 x=1467 y=404 width=359 height=244
ZWL WISEVIEW tile client=3 surface=16 x=568 y=718 width=325 height=244
ZWL WISEVIEW tile client=2 surface=8 x=999 y=718 width=379 height=244
ZGEARS FPS run=gears frames=47200 fps=13.1
ZWL WISEVIEW close key at_ms=3481062
ZWL FIRST_FRAME what=wiseview-close frame=60139 request_ms=3481062 ms=23
ZWL WISEVIEW closed at_ms=3481267
ZWL PERF 5021ms: passes=640 timeouts=73 | poll 32.0% work 67.6%
ZWL PERF compose frames=99 draw_ms=31.41 (acquire 0.07 submit+present 29.51) frame_ms=32.42
ZWL HOME open via=launcher at_ms=3483443
ZWL FIRST_FRAME what=home-open frame=60177 request_ms=3483443 ms=56
ZWL HOME opened apps=12 pages=1 page=1 at_ms=3483753
ZWL HOME icon name="Files" x=600 y=386
ZWL HOME icon name="Notes" x=744 y=386
ZWL HOME icon name="Settings" x=888 y=386
ZWL HOME icon name="Terminal" x=1032 y=386
ZWL HOME icon name="PDF Viewer" x=1176 y=386
ZWL HOME icon name="Image Viewer" x=1320 y=386
ZWL HOME icon name="Browser" x=600 y=538
ZWL HOME icon name="Model viewer" x=744 y=538
ZWL HOME icon name="Gears" x=888 y=538
ZWL HOME icon name="X terminal" x=1032 y=538
ZWL HOME icon name="Lock Screen" x=1176 y=538
ZWL HOME icon name="Log Out" x=1320 y=538
ZWL HOME close via=escape at_ms=3485651
ZWL FIRST_FRAME what=home-close frame=60218 request_ms=3485652 ms=24
ZWL HOME closed at_ms=3485920
ZWL PERF 5001ms: passes=632 timeouts=65 | poll 31.5% work 68.2%
ZWL PERF compose frames=85 draw_ms=37.22 (acquire 0.06 submit+present 33.86) frame_ms=37.98
ZGEARS FPS run=gears frames=47300 fps=13.9
ZWL GLASS moved surface=7 x=980 y=372
ZWL GLASS moved surface=7 x=880 y=332
ZWL WISEVIEW opening key at_ms=3490445
ZWL FIRST_FRAME what=wiseview-open frame=60293 request_ms=3490445 ms=38
ZWL WISEVIEW open windows=10 at_ms=3490645
ZWL WISEVIEW tile client=9 surface=7 x=83 y=86 width=380 height=253
ZWL WISEVIEW tile client=10 surface=1146 x=528 y=90 width=406 height=244
ZWL WISEVIEW tile client=10 surface=14 x=1036 y=90 width=305 height=244
ZWL WISEVIEW tile client=8 surface=7 x=1484 y=90 width=325 height=244
ZWL WISEVIEW tile client=7 surface=14 x=104 y=404 width=338 height=244
ZWL WISEVIEW tile client=6 surface=14 x=570 y=404 width=321 height=244
ZWL WISEVIEW tile client=5 surface=14 x=1012 y=404 width=353 height=244
ZWL WISEVIEW tile client=4 surface=8 x=1467 y=404 width=359 height=244
ZWL WISEVIEW tile client=3 surface=16 x=568 y=718 width=325 height=244
ZWL WISEVIEW tile client=2 surface=8 x=999 y=718 width=379 height=244
ZWL PERF 5006ms: passes=668 timeouts=66 | poll 31.2% work 68.4%
ZWL PERF compose frames=90 draw_ms=35.06 (acquire 0.06 submit+present 32.90) frame_ms=35.91
ZWL WISEVIEW close key at_ms=3492682
ZWL FIRST_FRAME what=wiseview-close frame=60349 request_ms=3492682 ms=24
ZWL WISEVIEW closed at_ms=3492882
ZWL HOME open via=launcher at_ms=3495063
ZWL FIRST_FRAME what=home-open frame=60388 request_ms=3495063 ms=50
ZWL HOME opened apps=12 pages=1 page=1 at_ms=3495348
ZWL HOME icon name="Files" x=600 y=386
ZWL HOME icon name="Notes" x=744 y=386
ZWL HOME icon name="Settings" x=888 y=386
ZWL HOME icon name="Terminal" x=1032 y=386
ZWL HOME icon name="PDF Viewer" x=1176 y=386
ZWL HOME icon name="Image Viewer" x=1320 y=386
ZWL HOME icon name="Browser" x=600 y=538
ZWL HOME icon name="Model viewer" x=744 y=538
ZWL HOME icon name="Gears" x=888 y=538
ZWL HOME icon name="X terminal" x=1032 y=538
ZWL HOME icon name="Lock Screen" x=1176 y=538
ZWL HOME icon name="Log Out" x=1320 y=538
ZGEARS FPS run=gears frames=47400 fps=13.0
ZWL PERF 5032ms: passes=627 timeouts=75 | poll 32.1% work 67.5%
ZWL PERF compose frames=96 draw_ms=32.72 (acquire 0.05 submit+present 29.81) frame_ms=33.56
ZWL HOME close via=escape at_ms=3497256
ZWL FIRST_FRAME what=home-close frame=60429 request_ms=3497256 ms=47
ZWL HOME closed at_ms=3497532
ZWL GLASS moved surface=7 x=980 y=372
ZWL GLASS moved surface=7 x=880 y=332
ZWL PERF 5018ms: passes=631 timeouts=68 | poll 31.6% work 68.1%
ZWL PERF compose frames=78 draw_ms=40.39 (acquire 0.05 submit+present 37.72) frame_ms=41.30
ZWL WISEVIEW opening key at_ms=3502085
ZWL FIRST_FRAME what=wiseview-open frame=60504 request_ms=3502085 ms=48
ZWL WISEVIEW open windows=10 at_ms=3502304
ZWL WISEVIEW tile client=9 surface=7 x=83 y=86 width=380 height=253
ZWL WISEVIEW tile client=10 surface=1146 x=528 y=90 width=406 height=244
ZWL WISEVIEW tile client=10 surface=14 x=1036 y=90 width=305 height=244
ZWL WISEVIEW tile client=8 surface=7 x=1484 y=90 width=325 height=244
ZWL WISEVIEW tile client=7 surface=14 x=104 y=404 width=338 height=244
ZWL WISEVIEW tile client=6 surface=14 x=570 y=404 width=321 height=244
ZWL WISEVIEW tile client=5 surface=14 x=1012 y=404 width=353 height=244
ZWL WISEVIEW tile client=4 surface=8 x=1467 y=404 width=359 height=244
ZWL WISEVIEW tile client=3 surface=16 x=568 y=718 width=325 height=244
ZWL WISEVIEW tile client=2 surface=8 x=999 y=718 width=379 height=244
ZGEARS FPS run=gears frames=47500 fps=13.7
ZWL WISEVIEW close key at_ms=3504284
ZWL FIRST_FRAME what=wiseview-close frame=60559 request_ms=3504284 ms=24
ZWL WISEVIEW closed at_ms=3504486
ZWL HOME open via=launcher at_ms=3506653
ZWL FIRST_FRAME what=home-open frame=60596 request_ms=3506654 ms=51
ZWL HOME opened apps=12 pages=1 page=1 at_ms=3506962
ZWL HOME icon name="Files" x=600 y=386
ZWL HOME icon name="Notes" x=744 y=386
ZWL HOME icon name="Settings" x=888 y=386
ZWL HOME icon name="Terminal" x=1032 y=386
ZWL HOME icon name="PDF Viewer" x=1176 y=386
ZWL HOME icon name="Image Viewer" x=1320 y=386
ZWL HOME icon name="Browser" x=600 y=538
ZWL HOME icon name="Model viewer" x=744 y=538
ZWL HOME icon name="Gears" x=888 y=538
ZWL HOME icon name="X terminal" x=1032 y=538
ZWL HOME icon name="Lock Screen" x=1176 y=538
ZWL HOME icon name="Log Out" x=1320 y=538
ZWL PERF 5073ms: passes=628 timeouts=77 | poll 32.1% work 67.6%
ZWL PERF compose frames=100 draw_ms=31.50 (acquire 0.06 submit+present 29.14) frame_ms=32.41
ZWL HOME close via=escape at_ms=3508878
ZWL FIRST_FRAME what=home-close frame=60636 request_ms=3508878 ms=26
ZWL HOME closed at_ms=3509121
ZGEARS FPS run=gears frames=47600 fps=13.6
ZWL GLASS moved surface=7 x=980 y=372
ZWL PERF 5025ms: passes=642 timeouts=69 | poll 32.3% work 67.3%
ZWL PERF compose frames=84 draw_ms=37.43 (acquire 0.07 submit+present 34.33) frame_ms=38.21
ZWL GLASS moved surface=7 x=880 y=332
ZWL WISEVIEW opening key at_ms=3513656
ZWL FIRST_FRAME what=wiseview-open frame=60711 request_ms=3513656 ms=31
ZWL WISEVIEW open windows=10 at_ms=3513857
ZWL WISEVIEW tile client=9 surface=7 x=83 y=86 width=380 height=253
ZWL WISEVIEW tile client=10 surface=1146 x=528 y=90 width=406 height=244
ZWL WISEVIEW tile client=10 surface=14 x=1036 y=90 width=305 height=244
ZWL WISEVIEW tile client=8 surface=7 x=1484 y=90 width=325 height=244
ZWL WISEVIEW tile client=7 surface=14 x=104 y=404 width=338 height=244
ZWL WISEVIEW tile client=6 surface=14 x=570 y=404 width=321 height=244
ZWL WISEVIEW tile client=5 surface=14 x=1012 y=404 width=353 height=244
ZWL WISEVIEW tile client=4 surface=8 x=1467 y=404 width=359 height=244
ZWL WISEVIEW tile client=3 surface=16 x=568 y=718 width=325 height=244
ZWL WISEVIEW tile client=2 surface=8 x=999 y=718 width=379 height=244
ZWL WISEVIEW close key at_ms=3515876
ZWL FIRST_FRAME what=wiseview-close frame=60767 request_ms=3515876 ms=24
ZWL WISEVIEW closed at_ms=3516085
ZWL PERF 5044ms: passes=659 timeouts=81 | poll 32.7% work 66.9%
ZWL PERF compose frames=101 draw_ms=30.71 (acquire 0.06 submit+present 28.73) frame_ms=31.62
ZWL HOME open via=launcher at_ms=3518224
ZWL FIRST_FRAME what=home-open frame=60805 request_ms=3518224 ms=54
ZWL HOME opened apps=12 pages=1 page=1 at_ms=3518533
ZWL HOME icon name="Files" x=600 y=386
ZWL HOME icon name="Notes" x=744 y=386
ZWL HOME icon name="Settings" x=888 y=386
ZWL HOME icon name="Terminal" x=1032 y=386
ZWL HOME icon name="PDF Viewer" x=1176 y=386
ZWL HOME icon name="Image Viewer" x=1320 y=386
ZWL HOME icon name="Browser" x=600 y=538
ZWL HOME icon name="Model viewer" x=744 y=538
ZWL HOME icon name="Gears" x=888 y=538
ZWL HOME icon name="X terminal" x=1032 y=538
ZWL HOME icon name="Lock Screen" x=1176 y=538
ZWL HOME icon name="Log Out" x=1320 y=538
ZGEARS FPS run=gears frames=47700 fps=12.2
ZWL HOME close via=escape at_ms=3520471
ZWL FIRST_FRAME what=home-close frame=60847 request_ms=3520471 ms=33
ZWL HOME closed at_ms=3520714
ZWL PERF 5038ms: passes=623 timeouts=69 | poll 32.0% work 67.7%
ZWL PERF compose frames=86 draw_ms=36.97 (acquire 0.05 submit+present 33.68) frame_ms=37.75
ZWL GLASS moved surface=7 x=980 y=372
ZWL GLASS moved surface=7 x=880 y=332
ZWL WISEVIEW opening key at_ms=3525258
ZWL FIRST_FRAME what=wiseview-open frame=60921 request_ms=3525258 ms=37
ZWL WISEVIEW open windows=10 at_ms=3525467
ZWL WISEVIEW tile client=9 surface=7 x=83 y=86 width=380 height=253
ZWL WISEVIEW tile client=10 surface=1146 x=528 y=90 width=406 height=244
ZWL WISEVIEW tile client=10 surface=14 x=1036 y=90 width=305 height=244
ZWL WISEVIEW tile client=8 surface=7 x=1484 y=90 width=325 height=244
ZWL WISEVIEW tile client=7 surface=14 x=104 y=404 width=338 height=244
ZWL WISEVIEW tile client=6 surface=14 x=570 y=404 width=321 height=244
ZWL WISEVIEW tile client=5 surface=14 x=1012 y=404 width=353 height=244
ZWL WISEVIEW tile client=4 surface=8 x=1467 y=404 width=359 height=244
ZWL WISEVIEW tile client=3 surface=16 x=568 y=718 width=325 height=244
ZWL WISEVIEW tile client=2 surface=8 x=999 y=718 width=379 height=244
ZGEARS FPS run=gears frames=47800 fps=13.1
ZWL PERF 5023ms: passes=597 timeouts=79 | poll 32.3% work 67.3%
ZWL PERF compose frames=95 draw_ms=32.82 (acquire 0.06 submit+present 30.74) frame_ms=33.79
ZWL WISEVIEW close key at_ms=3527496
ZWL FIRST_FRAME what=wiseview-close frame=60977 request_ms=3527497 ms=23
ZWL WISEVIEW closed at_ms=3527699
ZWL HOME open via=launcher at_ms=3529867
ZWL FIRST_FRAME what=home-open frame=61015 request_ms=3529867 ms=52
ZWL HOME opened apps=12 pages=1 page=1 at_ms=3530148
ZWL HOME icon name="Files" x=600 y=386
ZWL HOME icon name="Notes" x=744 y=386
ZWL HOME icon name="Settings" x=888 y=386
ZWL HOME icon name="Terminal" x=1032 y=386
ZWL HOME icon name="PDF Viewer" x=1176 y=386
ZWL HOME icon name="Image Viewer" x=1320 y=386
ZWL HOME icon name="Browser" x=600 y=538
ZWL HOME icon name="Model viewer" x=744 y=538
ZWL HOME icon name="Gears" x=888 y=538
ZWL HOME icon name="X terminal" x=1032 y=538
ZWL HOME icon name="Lock Screen" x=1176 y=538
ZWL HOME icon name="Log Out" x=1320 y=538
ZWL HOME close via=escape at_ms=3532106
ZWL FIRST_FRAME what=home-close frame=61056 request_ms=3532106 ms=34
ZWL PERF 5015ms: passes=625 timeouts=66 | poll 32.1% work 67.6%
ZWL PERF compose frames=89 draw_ms=35.44 (acquire 0.06 submit+present 32.34) frame_ms=35.85
ZWL HOME closed at_ms=3532354
ZGEARS FPS run=gears frames=47900 fps=12.9
ZWL GLASS moved surface=7 x=980 y=372
ZWL GLASS moved surface=7 x=880 y=332
ZWL PERF 5028ms: passes=585 timeouts=72 | poll 31.6% work 68.0%
ZWL PERF compose frames=77 draw_ms=41.29 (acquire 0.09 submit+present 38.52) frame_ms=42.58
ZWL WISEVIEW opening key at_ms=3537268
ZWL FIRST_FRAME what=wiseview-open frame=61135 request_ms=3537268 ms=38
ZWL WISEVIEW open windows=10 at_ms=3537481
ZWL WISEVIEW tile client=9 surface=7 x=83 y=86 width=380 height=253
ZWL WISEVIEW tile client=10 surface=1146 x=528 y=90 width=406 height=244
ZWL WISEVIEW tile client=10 surface=14 x=1036 y=90 width=305 height=244
ZWL WISEVIEW tile client=8 surface=7 x=1484 y=90 width=325 height=244
ZWL WISEVIEW tile client=7 surface=14 x=104 y=404 width=338 height=244
ZWL WISEVIEW tile client=6 surface=14 x=570 y=404 width=321 height=244
ZWL WISEVIEW tile client=5 surface=14 x=1012 y=404 width=353 height=244
ZWL WISEVIEW tile client=4 surface=8 x=1467 y=404 width=359 height=244
ZWL WISEVIEW tile client=3 surface=16 x=568 y=718 width=325 height=244
ZWL WISEVIEW tile client=2 surface=8 x=999 y=718 width=379 height=244
ZWL WISEVIEW close key at_ms=3539481
ZWL FIRST_FRAME what=wiseview-close frame=61189 request_ms=3539481 ms=19
ZWL WISEVIEW closed at_ms=3539688
ZWL HOME open via=launcher at_ms=3541877
ZWL FIRST_FRAME what=home-open frame=61226 request_ms=3541877 ms=53
ZGEARS FPS run=gears frames=48000 fps=12.4
ZWL PERF 5006ms: passes=596 timeouts=79 | poll 31.7% work 67.9%
ZWL PERF compose frames=98 draw_ms=31.78 (acquire 0.06 submit+present 29.70) frame_ms=32.45
ZWL HOME opened apps=12 pages=1 page=1 at_ms=3542184
ZWL HOME icon name="Files" x=600 y=386
ZWL HOME icon name="Notes" x=744 y=386
ZWL HOME icon name="Settings" x=888 y=386
ZWL HOME icon name="Terminal" x=1032 y=386
ZWL HOME icon name="PDF Viewer" x=1176 y=386
ZWL HOME icon name="Image Viewer" x=1320 y=386
ZWL HOME icon name="Browser" x=600 y=538
ZWL HOME icon name="Model viewer" x=744 y=538
ZWL HOME icon name="Gears" x=888 y=538
ZWL HOME icon name="X terminal" x=1032 y=538
ZWL HOME icon name="Lock Screen" x=1176 y=538
ZWL HOME icon name="Log Out" x=1320 y=538
ZWL HOME close via=escape at_ms=3544080
ZWL FIRST_FRAME what=home-close frame=61268 request_ms=3544080 ms=23
ZWL HOME closed at_ms=3544365
ZWL GLASS moved surface=7 x=980 y=372
ZWL PERF 5030ms: passes=630 timeouts=69 | poll 31.9% work 67.7%
ZWL PERF compose frames=86 draw_ms=36.58 (acquire 0.07 submit+present 33.37) frame_ms=37.86
ZWL GLASS moved surface=7 x=880 y=332
ZWL HOME open via=launcher at_ms=3548955
ZWL FIRST_FRAME what=home-open frame=61345 request_ms=3548955 ms=60
ZWL HOME opened apps=12 pages=1 page=1 at_ms=3549262
ZWL HOME icon name="Files" x=600 y=386
ZWL HOME icon name="Notes" x=744 y=386
ZWL HOME icon name="Settings" x=888 y=386
ZWL HOME icon name="Terminal" x=1032 y=386
ZWL HOME icon name="PDF Viewer" x=1176 y=386
ZWL HOME icon name="Image Viewer" x=1320 y=386
ZWL HOME icon name="Browser" x=600 y=538
ZWL HOME icon name="Model viewer" x=744 y=538
ZWL HOME icon name="Gears" x=888 y=538
ZWL HOME icon name="X terminal" x=1032 y=538
ZWL HOME icon name="Lock Screen" x=1176 y=538
ZWL HOME icon name="Log Out" x=1320 y=538
ZGEARS FPS run=gears frames=48100 fps=13.5
ZWL HOME launch name=Terminal pid=104
ZWL HOME close via=launch at_ms=3550617
ZWL FIRST_FRAME what=home-close frame=61378 request_ms=3550617 ms=29
ZWL CLIENT client=37 fd=25
ZWL INSET create client=37 inset=20 toplevel=16
ZWL EDIT create client=37 edit=24 toplevel=16
ZWL BOUNDS client=37 surface=14 width=1896 height=970
ZWL CONFIGURE client=37 surface=14 serial=1655 width=0 height=0 fullscreen=0
ZWL SEAT client=37 pointer=1 keyboard=0 touch=0
ZWL SEAT client=37 pointer=1 keyboard=1 touch=0
ZWL IMPORT client=37 buffer=37 width=916 height=632 bytes=2318336
ZWL IMPORT client=37 buffer=38 width=916 height=632 bytes=2318336
ZWL IMPORT client=37 buffer=39 width=916 height=632 bytes=2318336
ZTERM MENU state selection=0 clipboard=0 pixels=16 fullscreen=0
ZWL MENU commit client=37 menu=43 serial=1 items=30 generation=1
ZWL MENU set client=37 place=44 menu=43
ZWL MENU commit client=37 menu=43 serial=2 items=30 generation=2
ZTERM MENU ready items=30
ZTERM TAB active id=1
ZTERM TAB new run=term id=1 count=1
ZTERM START run=term columns=90 rows=28 cell=10x22 window=916x632
ZWL TITLEBAR create client=37 titlebar=48 toplevel=16
ZWL EDIT state client=37 edit=24 actions=0xff flags=0xd
ZTERM TABS count=1 active=1 mode=0
ZTERM TITLE tab=1 title=Terminal
ZWL TITLEBAR commit client=37 titlebar=48 serial=1 mode=0 controls=0 tabs=1 generation=1
ZWL MAP client=37 surface=14 x=348 y=420
ZWL HOME launched waited_ms=185 at_ms=3550802
ZWL GLASS launch surface=14 from=996,350 to=348,420 size=916x632
ZTERM CLIPBOARD selection text=0
ZTERM PRIMARY offer text=0
ZWL HOME closed at_ms=3550897
ZWL MENU bar client=37 surface=14 where=floating item=1 offset=127 top=368 width=55 height=44
ZWL MENU bar client=37 surface=14 where=floating item=2 offset=184 top=368 width=47 height=44
ZWL MENU bar client=37 surface=14 where=floating item=3 offset=233 top=368 width=55 height=44
ZWL MENU bar client=37 surface=14 where=floating item=4 offset=290 top=368 width=76 height=44
ZWL MENU bar client=37 surface=14 where=floating item=5 offset=368 top=368 width=53 height=44
ZWL PERF 5019ms: passes=656 timeouts=71 | poll 30.8% work 68.8%
ZWL PERF compose frames=83 draw_ms=38.27 (acquire 0.09 submit+present 34.79) frame_ms=39.09
ZWL PERF 5029ms: passes=568 timeouts=83 | poll 32.2% work 67.4%
ZWL PERF compose frames=72 draw_ms=43.71 (acquire 0.06 submit+present 40.64) frame_ms=44.65
ZTERM TAB closed run=term id=1 count=0
ZTERM DONE run=term reason=shell-exited
ZWL CLIENT gone client=37 reason=flush
ZWL CLEANUP client=37 objects=34 unread_fds=0
ZWL HOME ended pid=104 status=0
ZGEARS FPS run=gears frames=48200 fps=12.4
ZWL WISEVIEW opening key at_ms=3561193
ZWL FIRST_FRAME what=wiseview-open frame=61532 request_ms=3561193 ms=34
ZWL WISEVIEW open windows=10 at_ms=3561409
ZWL WISEVIEW tile client=9 surface=7 x=83 y=86 width=380 height=253
ZWL WISEVIEW tile client=10 surface=1146 x=528 y=90 width=406 height=244
ZWL WISEVIEW tile client=10 surface=14 x=1036 y=90 width=305 height=244
ZWL WISEVIEW tile client=8 surface=7 x=1484 y=90 width=325 height=244
ZWL WISEVIEW tile client=7 surface=14 x=104 y=404 width=338 height=244
ZWL WISEVIEW tile client=6 surface=14 x=570 y=404 width=321 height=244
ZWL WISEVIEW tile client=5 surface=14 x=1012 y=404 width=353 height=244
ZWL WISEVIEW tile client=4 surface=8 x=1467 y=404 width=359 height=244
ZWL WISEVIEW tile client=3 surface=16 x=568 y=718 width=325 height=244
ZWL WISEVIEW tile client=2 surface=8 x=999 y=718 width=379 height=244
ZWL PERF 5021ms: passes=666 timeouts=73 | poll 32.1% work 67.5%
ZWL PERF compose frames=84 draw_ms=36.88 (acquire 0.07 submit+present 34.56) frame_ms=37.78
ZWL WISEVIEW close key at_ms=3563414
ZWL FIRST_FRAME what=wiseview-close frame=61584 request_ms=3563414 ms=34
ZWL WISEVIEW closed at_ms=3563634
ZWL HOME open via=launcher at_ms=3565778
ZWL FIRST_FRAME what=home-open frame=61621 request_ms=3565778 ms=34
ZGEARS FPS run=gears frames=48300 fps=12.2
ZWL HOME opened apps=12 pages=1 page=1 at_ms=3566075
ZWL HOME icon name="Files" x=600 y=386
ZWL HOME icon name="Notes" x=744 y=386
ZWL HOME icon name="Settings" x=888 y=386
ZWL HOME icon name="Terminal" x=1032 y=386
ZWL HOME icon name="PDF Viewer" x=1176 y=386
ZWL HOME icon name="Image Viewer" x=1320 y=386
ZWL HOME icon name="Browser" x=600 y=538
ZWL HOME icon name="Model viewer" x=744 y=538
ZWL HOME icon name="Gears" x=888 y=538
ZWL HOME icon name="X terminal" x=1032 y=538
ZWL HOME icon name="Lock Screen" x=1176 y=538
ZWL HOME icon name="Log Out" x=1320 y=538
ZWL PERF 5001ms: passes=654 timeouts=69 | poll 32.1% work 67.5%
ZWL PERF compose frames=92 draw_ms=33.71 (acquire 0.05 submit+present 31.14) frame_ms=34.60
ZWL HOME close via=escape at_ms=3568023
ZWL FIRST_FRAME what=home-close frame=61664 request_ms=3568023 ms=35
ZWL HOME closed at_ms=3568272
ZWL GLASS moved surface=7 x=980 y=372
ZWL GLASS moved surface=7 x=880 y=332
ZWL PERF 5031ms: passes=636 timeouts=68 | poll 31.3% work 68.3%
ZWL PERF compose frames=80 draw_ms=39.80 (acquire 0.06 submit+present 37.12) frame_ms=40.64
ZWL WISEVIEW opening key at_ms=3572809
ZWL FIRST_FRAME what=wiseview-open frame=61736 request_ms=3572810 ms=36
ZWL WISEVIEW open windows=10 at_ms=3573015
ZWL WISEVIEW tile client=9 surface=7 x=83 y=86 width=380 height=253
ZWL WISEVIEW tile client=10 surface=1146 x=528 y=90 width=406 height=244
ZWL WISEVIEW tile client=10 surface=14 x=1036 y=90 width=305 height=244
ZWL WISEVIEW tile client=8 surface=7 x=1484 y=90 width=325 height=244
ZWL WISEVIEW tile client=7 surface=14 x=104 y=404 width=338 height=244
ZWL WISEVIEW tile client=6 surface=14 x=570 y=404 width=321 height=244
ZWL WISEVIEW tile client=5 surface=14 x=1012 y=404 width=353 height=244
ZWL WISEVIEW tile client=4 surface=8 x=1467 y=404 width=359 height=244
ZWL WISEVIEW tile client=3 surface=16 x=568 y=718 width=325 height=244
ZWL WISEVIEW tile client=2 surface=8 x=999 y=718 width=379 height=244
ZGEARS FPS run=gears frames=48400 fps=13.3
ZWL WISEVIEW close key at_ms=3575055
ZWL FIRST_FRAME what=wiseview-close frame=61791 request_ms=3575055 ms=22
ZWL WISEVIEW closed at_ms=3575256
ZWL PERF 5042ms: passes=638 timeouts=79 | poll 32.5% work 67.1%
ZWL PERF compose frames=99 draw_ms=31.39 (acquire 0.06 submit+present 29.25) frame_ms=31.95
ZWL HOME open via=launcher at_ms=3577415
ZWL FIRST_FRAME what=home-open frame=61829 request_ms=3577415 ms=51
ZWL HOME opened apps=12 pages=1 page=1 at_ms=3577701
ZWL HOME icon name="Files" x=600 y=386
ZWL HOME icon name="Notes" x=744 y=386
ZWL HOME icon name="Settings" x=888 y=386
ZWL HOME icon name="Terminal" x=1032 y=386
ZWL HOME icon name="PDF Viewer" x=1176 y=386
ZWL HOME icon name="Image Viewer" x=1320 y=386
ZWL HOME icon name="Browser" x=600 y=538
ZWL HOME icon name="Model viewer" x=744 y=538
ZWL HOME icon name="Gears" x=888 y=538
ZWL HOME icon name="X terminal" x=1032 y=538
ZWL HOME icon name="Lock Screen" x=1176 y=538
ZWL HOME icon name="Log Out" x=1320 y=538
ZWL HOME close via=escape at_ms=3579640
ZWL FIRST_FRAME what=home-close frame=61870 request_ms=3579640 ms=34
ZWL HOME closed at_ms=3579919
ZGEARS FPS run=gears frames=48500 fps=13.4
ZWL PERF 5019ms: passes=644 timeouts=65 | poll 31.3% work 68.3%
ZWL PERF compose frames=85 draw_ms=37.41 (acquire 0.05 submit+present 34.25) frame_ms=38.60
ZWL GLASS moved surface=7 x=980 y=372
ZWL GLASS moved surface=7 x=880 y=332
ZWL WISEVIEW opening key at_ms=3584450
ZWL FIRST_FRAME what=wiseview-open frame=61944 request_ms=3584450 ms=39
ZWL WISEVIEW open windows=10 at_ms=3584673
ZWL WISEVIEW tile client=9 surface=7 x=83 y=86 width=380 height=253
ZWL WISEVIEW tile client=10 surface=1146 x=528 y=90 width=406 height=244
ZWL WISEVIEW tile client=10 surface=14 x=1036 y=90 width=305 height=244
ZWL WISEVIEW tile client=8 surface=7 x=1484 y=90 width=325 height=244
ZWL WISEVIEW tile client=7 surface=14 x=104 y=404 width=338 height=244
ZWL WISEVIEW tile client=6 surface=14 x=570 y=404 width=321 height=244
ZWL WISEVIEW tile client=5 surface=14 x=1012 y=404 width=353 height=244
ZWL WISEVIEW tile client=4 surface=8 x=1467 y=404 width=359 height=244
ZWL WISEVIEW tile client=3 surface=16 x=568 y=718 width=325 height=244
ZWL WISEVIEW tile client=2 surface=8 x=999 y=718 width=379 height=244
ZWL WISEVIEW close key at_ms=3586692
ZWL FIRST_FRAME what=wiseview-close frame=62001 request_ms=3586692 ms=23
ZWL WISEVIEW closed at_ms=3586900
ZWL PERF 5026ms: passes=640 timeouts=74 | poll 31.9% work 67.7%
ZWL PERF compose frames=100 draw_ms=31.17 (acquire 0.06 submit+present 29.02) frame_ms=32.07
ZGEARS FPS run=gears frames=48600 fps=12.4
ZWL HOME open via=launcher at_ms=3589056
ZWL FIRST_FRAME what=home-open frame=62038 request_ms=3589056 ms=38
ZWL HOME opened apps=12 pages=1 page=1 at_ms=3589341
ZWL HOME icon name="Files" x=600 y=386
ZWL HOME icon name="Notes" x=744 y=386
ZWL HOME icon name="Settings" x=888 y=386
ZWL HOME icon name="Terminal" x=1032 y=386
ZWL HOME icon name="PDF Viewer" x=1176 y=386
ZWL HOME icon name="Image Viewer" x=1320 y=386
ZWL HOME icon name="Browser" x=600 y=538
ZWL HOME icon name="Model viewer" x=744 y=538
ZWL HOME icon name="Gears" x=888 y=538
ZWL HOME icon name="X terminal" x=1032 y=538
ZWL HOME icon name="Lock Screen" x=1176 y=538
ZWL HOME icon name="Log Out" x=1320 y=538
ZWL HOME close via=escape at_ms=3591276
ZWL FIRST_FRAME what=home-close frame=62078 request_ms=3591276 ms=27
ZWL HOME closed at_ms=3591567
ZWL PERF 5016ms: passes=652 timeouts=75 | poll 32.2% work 67.4%
ZWL PERF compose frames=83 draw_ms=37.74 (acquire 0.06 submit+present 34.72) frame_ms=38.58
ZWL GLASS moved surface=7 x=980 y=372
ZWL GLASS moved surface=7 x=880 y=332
ZWL WISEVIEW opening key at_ms=3596084
ZWL FIRST_FRAME what=wiseview-open frame=62153 request_ms=3596084 ms=43
ZWL WISEVIEW open windows=10 at_ms=3596284
ZWL WISEVIEW tile client=9 surface=7 x=83 y=86 width=380 height=253
ZWL WISEVIEW tile client=10 surface=1146 x=528 y=90 width=406 height=244
ZWL WISEVIEW tile client=10 surface=14 x=1036 y=90 width=305 height=244
ZWL WISEVIEW tile client=8 surface=7 x=1484 y=90 width=325 height=244
ZWL WISEVIEW tile client=7 surface=14 x=104 y=404 width=338 height=244
ZWL WISEVIEW tile client=6 surface=14 x=570 y=404 width=321 height=244
ZWL WISEVIEW tile client=5 surface=14 x=1012 y=404 width=353 height=244
ZWL WISEVIEW tile client=4 surface=8 x=1467 y=404 width=359 height=244
ZWL WISEVIEW tile client=3 surface=16 x=568 y=718 width=325 height=244
ZWL WISEVIEW tile client=2 surface=8 x=999 y=718 width=379 height=244
ZGEARS FPS run=gears frames=48700 fps=12.7
ZWL PERF 5003ms: passes=618 timeouts=73 | poll 32.4% work 67.3%
ZWL PERF compose frames=89 draw_ms=35.06 (acquire 0.06 submit+present 32.73) frame_ms=35.80
ZWL WISEVIEW close key at_ms=3598331
ZWL FIRST_FRAME what=wiseview-close frame=62207 request_ms=3598331 ms=24
ZWL WISEVIEW closed at_ms=3598535
ZWL HOME open via=launcher at_ms=3600680
ZWL FIRST_FRAME what=home-open frame=62245 request_ms=3600680 ms=49
ZWL HOME opened apps=12 pages=1 page=1 at_ms=3600963
ZWL HOME icon name="Files" x=600 y=386
ZWL HOME icon name="Notes" x=744 y=386
ZWL HOME icon name="Settings" x=888 y=386
ZWL HOME icon name="Terminal" x=1032 y=386
ZWL HOME icon name="PDF Viewer" x=1176 y=386
ZWL HOME icon name="Image Viewer" x=1320 y=386
ZWL HOME icon name="Browser" x=600 y=538
ZWL HOME icon name="Model viewer" x=744 y=538
ZWL HOME icon name="Gears" x=888 y=538
ZWL HOME icon name="X terminal" x=1032 y=538
ZWL HOME icon name="Lock Screen" x=1176 y=538
ZWL HOME icon name="Log Out" x=1320 y=538
ZWL PERF 5011ms: passes=607 timeouts=62 | poll 31.8% work 67.8%
ZWL PERF compose frames=94 draw_ms=33.37 (acquire 0.06 submit+present 30.65) frame_ms=34.24
ZWL HOME close via=escape at_ms=3602923
ZWL FIRST_FRAME what=home-close frame=62288 request_ms=3602923 ms=25
ZWL HOME closed at_ms=3603218
ZGEARS FPS run=gears frames=48800 fps=13.3
ZWL GLASS moved surface=7 x=980 y=372
ZWL GLASS moved surface=7 x=880 y=332
ZWL PERF 5030ms: passes=589 timeouts=67 | poll 31.1% work 68.6%
ZWL PERF compose frames=81 draw_ms=39.52 (acquire 0.06 submit+present 36.75) frame_ms=40.39
ZWL WISEVIEW opening key at_ms=3607743
ZWL FIRST_FRAME what=wiseview-open frame=62364 request_ms=3607743 ms=36
ZWL WISEVIEW open windows=10 at_ms=3607947
ZWL WISEVIEW tile client=9 surface=7 x=83 y=86 width=380 height=253
ZWL WISEVIEW tile client=10 surface=1146 x=528 y=90 width=406 height=244
ZWL WISEVIEW tile client=10 surface=14 x=1036 y=90 width=305 height=244
ZWL WISEVIEW tile client=8 surface=7 x=1484 y=90 width=325 height=244
ZWL WISEVIEW tile client=7 surface=14 x=104 y=404 width=338 height=244
ZWL WISEVIEW tile client=6 surface=14 x=570 y=404 width=321 height=244
ZWL WISEVIEW tile client=5 surface=14 x=1012 y=404 width=353 height=244
ZWL WISEVIEW tile client=4 surface=8 x=1467 y=404 width=359 height=244
ZWL WISEVIEW tile client=3 surface=16 x=568 y=718 width=325 height=244
ZWL WISEVIEW tile client=2 surface=8 x=999 y=718 width=379 height=244
ZWL WISEVIEW close key at_ms=3609966
ZWL FIRST_FRAME what=wiseview-close frame=62419 request_ms=3609966 ms=25
ZWL WISEVIEW closed at_ms=3610186
ZWL HOME open via=launcher at_ms=3612334
ZWL FIRST_FRAME what=home-open frame=62457 request_ms=3612334 ms=50
ZGEARS FPS run=gears frames=48900 fps=12.2
ZWL PERF 5035ms: passes=638 timeouts=82 | poll 32.2% work 67.5%
ZWL PERF compose frames=100 draw_ms=31.26 (acquire 0.08 submit+present 29.08) frame_ms=32.13
ZWL HOME opened apps=12 pages=1 page=1 at_ms=3612620
ZWL HOME icon name="Files" x=600 y=386
ZWL HOME icon name="Notes" x=744 y=386
ZWL HOME icon name="Settings" x=888 y=386
ZWL HOME icon name="Terminal" x=1032 y=386
ZWL HOME icon name="PDF Viewer" x=1176 y=386
ZWL HOME icon name="Image Viewer" x=1320 y=386
ZWL HOME icon name="Browser" x=600 y=538
ZWL HOME icon name="Model viewer" x=744 y=538
ZWL HOME icon name="Gears" x=888 y=538
ZWL HOME icon name="X terminal" x=1032 y=538
ZWL HOME icon name="Lock Screen" x=1176 y=538
ZWL HOME icon name="Log Out" x=1320 y=538
ZWL HOME close via=escape at_ms=3614557
ZWL FIRST_FRAME what=home-close frame=62496 request_ms=3614557 ms=26
ZWL HOME closed at_ms=3614797
ZWL GLASS moved surface=7 x=980 y=372
ZWL PERF 5004ms: passes=658 timeouts=69 | poll 31.6% work 68.0%
ZWL PERF compose frames=83 draw_ms=37.96 (acquire 0.06 submit+present 34.87) frame_ms=38.88
ZWL GLASS moved surface=7 x=880 y=332
ZWL WISEVIEW opening key at_ms=3619333
ZWL FIRST_FRAME what=wiseview-open frame=62571 request_ms=3619333 ms=41
ZWL WISEVIEW open windows=10 at_ms=3619533
ZWL WISEVIEW tile client=9 surface=7 x=83 y=86 width=380 height=253
ZWL WISEVIEW tile client=10 surface=1146 x=528 y=90 width=406 height=244
ZWL WISEVIEW tile client=10 surface=14 x=1036 y=90 width=305 height=244
ZWL WISEVIEW tile client=8 surface=7 x=1484 y=90 width=325 height=244
ZWL WISEVIEW tile client=7 surface=14 x=104 y=404 width=338 height=244
ZWL WISEVIEW tile client=6 surface=14 x=570 y=404 width=321 height=244
ZWL WISEVIEW tile client=5 surface=14 x=1012 y=404 width=353 height=244
ZWL WISEVIEW tile client=4 surface=8 x=1467 y=404 width=359 height=244
ZWL WISEVIEW tile client=3 surface=16 x=568 y=718 width=325 height=244
ZWL WISEVIEW tile client=2 surface=8 x=999 y=718 width=379 height=244
ZGEARS FPS run=gears frames=49000 fps=13.1
ZWL WISEVIEW close key at_ms=3621571
ZWL FIRST_FRAME what=wiseview-close frame=62626 request_ms=3621572 ms=19
ZWL WISEVIEW closed at_ms=3621802
ZWL PERF 5001ms: passes=627 timeouts=70 | poll 32.1% work 67.5%
ZWL PERF compose frames=99 draw_ms=31.48 (acquire 0.07 submit+present 29.42) frame_ms=32.37
ZWL HOME open via=launcher at_ms=3623949
ZWL FIRST_FRAME what=home-open frame=62663 request_ms=3623949 ms=44
ZWL HOME opened apps=12 pages=1 page=1 at_ms=3624258
ZWL HOME icon name="Files" x=600 y=386
ZWL HOME icon name="Notes" x=744 y=386
ZWL HOME icon name="Settings" x=888 y=386
ZWL HOME icon name="Terminal" x=1032 y=386
ZWL HOME icon name="PDF Viewer" x=1176 y=386
ZWL HOME icon name="Image Viewer" x=1320 y=386
ZWL HOME icon name="Browser" x=600 y=538
ZWL HOME icon name="Model viewer" x=744 y=538
ZWL HOME icon name="Gears" x=888 y=538
ZWL HOME icon name="X terminal" x=1032 y=538
ZWL HOME icon name="Lock Screen" x=1176 y=538
ZWL HOME icon name="Log Out" x=1320 y=538
ZWL HOME close via=escape at_ms=3626187
ZWL FIRST_FRAME what=home-close frame=62709 request_ms=3626188 ms=36
ZWL HOME closed at_ms=3626466
ZGEARS FPS run=gears frames=49100 fps=13.5
ZWL PERF 5015ms: passes=630 timeouts=78 | poll 31.6% work 68.1%
ZWL PERF compose frames=87 draw_ms=36.41 (acquire 0.06 submit+present 33.04) frame_ms=37.26
ZWL GLASS moved surface=7 x=980 y=372
ZWL GLASS moved surface=7 x=880 y=332
ZWL WISEVIEW opening key at_ms=3630999
ZWL FIRST_FRAME what=wiseview-open frame=62782 request_ms=3630999 ms=41
ZWL WISEVIEW open windows=10 at_ms=3631212
ZWL WISEVIEW tile client=9 surface=7 x=83 y=86 width=380 height=253
ZWL WISEVIEW tile client=10 surface=1146 x=528 y=90 width=406 height=244
ZWL WISEVIEW tile client=10 surface=14 x=1036 y=90 width=305 height=244
ZWL WISEVIEW tile client=8 surface=7 x=1484 y=90 width=325 height=244
ZWL WISEVIEW tile client=7 surface=14 x=104 y=404 width=338 height=244
ZWL WISEVIEW tile client=6 surface=14 x=570 y=404 width=321 height=244
ZWL WISEVIEW tile client=5 surface=14 x=1012 y=404 width=353 height=244
ZWL WISEVIEW tile client=4 surface=8 x=1467 y=404 width=359 height=244
ZWL WISEVIEW tile client=3 surface=16 x=568 y=718 width=325 height=244
ZWL WISEVIEW tile client=2 surface=8 x=999 y=718 width=379 height=244
ZWL PERF 5033ms: passes=624 timeouts=71 | poll 31.6% work 68.0%
ZWL PERF compose frames=92 draw_ms=34.28 (acquire 0.07 submit+present 31.89) frame_ms=35.12
ZWL WISEVIEW close key at_ms=3633194
ZWL FIRST_FRAME what=wiseview-close frame=62836 request_ms=3633194 ms=17
ZWL WISEVIEW closed at_ms=3633417
ZWL HOME open via=launcher at_ms=3635567
ZWL FIRST_FRAME what=home-open frame=62874 request_ms=3635567 ms=38
ZGEARS FPS run=gears frames=49200 fps=12.3
ZWL HOME opened apps=12 pages=1 page=1 at_ms=3635872
ZWL HOME icon name="Files" x=600 y=386
ZWL HOME icon name="Notes" x=744 y=386
ZWL HOME icon name="Settings" x=888 y=386
ZWL HOME icon name="Terminal" x=1032 y=386
ZWL HOME icon name="PDF Viewer" x=1176 y=386
ZWL HOME icon name="Image Viewer" x=1320 y=386
ZWL HOME icon name="Browser" x=600 y=538
ZWL HOME icon name="Model viewer" x=744 y=538
ZWL HOME icon name="Gears" x=888 y=538
ZWL HOME icon name="X terminal" x=1032 y=538
ZWL HOME icon name="Lock Screen" x=1176 y=538
ZWL HOME icon name="Log Out" x=1320 y=538
ZWL PERF 5017ms: passes=641 timeouts=74 | poll 32.4% work 67.2%
ZWL PERF compose frames=91 draw_ms=34.16 (acquire 0.05 submit+present 31.42) frame_ms=35.01
ZWL HOME close via=escape at_ms=3637806
ZWL FIRST_FRAME what=home-close frame=62916 request_ms=3637806 ms=30
ZWL HOME closed at_ms=3638081
ZWL GLASS moved surface=7 x=980 y=372
ZWL GLASS moved surface=7 x=880 y=332
ZWL PERF 5024ms: passes=656 timeouts=68 | poll 31.1% work 68.6%
ZWL PERF compose frames=79 draw_ms=40.37 (acquire 0.07 submit+present 37.57) frame_ms=41.23
ZWL WISEVIEW opening key at_ms=3642607
ZWL FIRST_FRAME what=wiseview-open frame=62991 request_ms=3642607 ms=44
ZWL WISEVIEW open windows=10 at_ms=3642809
ZWL WISEVIEW tile client=9 surface=7 x=83 y=86 width=380 height=253
ZWL WISEVIEW tile client=10 surface=1146 x=528 y=90 width=406 height=244
ZWL WISEVIEW tile client=10 surface=14 x=1036 y=90 width=305 height=244
ZWL WISEVIEW tile client=8 surface=7 x=1484 y=90 width=325 height=244
ZWL WISEVIEW tile client=7 surface=14 x=104 y=404 width=338 height=244
ZWL WISEVIEW tile client=6 surface=14 x=570 y=404 width=321 height=244
ZWL WISEVIEW tile client=5 surface=14 x=1012 y=404 width=353 height=244
ZWL WISEVIEW tile client=4 surface=8 x=1467 y=404 width=359 height=244
ZWL WISEVIEW tile client=3 surface=16 x=568 y=718 width=325 height=244
ZWL WISEVIEW tile client=2 surface=8 x=999 y=718 width=379 height=244
ZGEARS FPS run=gears frames=49300 fps=12.9
ZWL WISEVIEW close key at_ms=3644860
ZWL FIRST_FRAME what=wiseview-close frame=63048 request_ms=3644860 ms=26
ZWL WISEVIEW closed at_ms=3645062
ZWL HOME open via=launcher at_ms=3647205
ZWL FIRST_FRAME what=home-open frame=63085 request_ms=3647205 ms=50
ZWL HOME opened apps=12 pages=1 page=1 at_ms=3647485
ZWL HOME icon name="Files" x=600 y=386
ZWL HOME icon name="Notes" x=744 y=386
ZWL HOME icon name="Settings" x=888 y=386
ZWL HOME icon name="Terminal" x=1032 y=386
ZWL HOME icon name="PDF Viewer" x=1176 y=386
ZWL HOME icon name="Image Viewer" x=1320 y=386
ZWL HOME icon name="Browser" x=600 y=538
ZWL HOME icon name="Model viewer" x=744 y=538
ZWL HOME icon name="Gears" x=888 y=538
ZWL HOME icon name="X terminal" x=1032 y=538
ZWL HOME icon name="Lock Screen" x=1176 y=538
ZWL HOME icon name="Log Out" x=1320 y=538
ZWL PERF 5005ms: passes=634 timeouts=76 | poll 31.6% work 68.0%
ZWL PERF compose frames=101 draw_ms=31.07 (acquire 0.17 submit+present 28.88) frame_ms=31.92
ZWL HOME close via=escape at_ms=3649437
ZWL FIRST_FRAME what=home-close frame=63128 request_ms=3649437 ms=25
ZWL HOME closed at_ms=3649683
ZGEARS FPS run=gears frames=49400 fps=13.1
ZWL GLASS moved surface=7 x=980 y=372
ZWL PERF 5016ms: passes=634 timeouts=66 | poll 32.0% work 67.7%
ZWL PERF compose frames=86 draw_ms=36.64 (acquire 0.06 submit+present 33.61) frame_ms=37.46
ZWL GLASS moved surface=7 x=880 y=332
ZWL WISEVIEW opening key at_ms=3654214
ZWL FIRST_FRAME what=wiseview-open frame=63201 request_ms=3654214 ms=36
ZWL WISEVIEW open windows=10 at_ms=3654432
ZWL WISEVIEW tile client=9 surface=7 x=83 y=86 width=380 height=253
ZWL WISEVIEW tile client=10 surface=1146 x=528 y=90 width=406 height=244
ZWL WISEVIEW tile client=10 surface=14 x=1036 y=90 width=305 height=244
ZWL WISEVIEW tile client=8 surface=7 x=1484 y=90 width=325 height=244
ZWL WISEVIEW tile client=7 surface=14 x=104 y=404 width=338 height=244
ZWL WISEVIEW tile client=6 surface=14 x=570 y=404 width=321 height=244
ZWL WISEVIEW tile client=5 surface=14 x=1012 y=404 width=353 height=244
ZWL WISEVIEW tile client=4 surface=8 x=1467 y=404 width=359 height=244
ZWL WISEVIEW tile client=3 surface=16 x=568 y=718 width=325 height=244
ZWL WISEVIEW tile client=2 surface=8 x=999 y=718 width=379 height=244
ZWL WISEVIEW close key at_ms=3656435
ZWL FIRST_FRAME what=wiseview-close frame=63256 request_ms=3656435 ms=25
ZWL WISEVIEW closed at_ms=3656672
ZWL PERF 5000ms: passes=608 timeouts=71 | poll 31.8% work 67.8%
ZWL PERF compose frames=98 draw_ms=31.72 (acquire 0.07 submit+present 29.66) frame_ms=32.66
ZWL HOME open via=launcher at_ms=3658843
ZWL FIRST_FRAME what=home-open frame=63295 request_ms=3658843 ms=55
ZGEARS FPS run=gears frames=49500 fps=12.4
ZWL HOME opened apps=12 pages=1 page=1 at_ms=3659140
ZWL HOME icon name="Files" x=600 y=386
ZWL HOME icon name="Notes" x=744 y=386
ZWL HOME icon name="Settings" x=888 y=386
ZWL HOME icon name="Terminal" x=1032 y=386
ZWL HOME icon name="PDF Viewer" x=1176 y=386
ZWL HOME icon name="Image Viewer" x=1320 y=386
ZWL HOME icon name="Browser" x=600 y=538
ZWL HOME icon name="Model viewer" x=744 y=538
ZWL HOME icon name="Gears" x=888 y=538
ZWL HOME icon name="X terminal" x=1032 y=538
ZWL HOME icon name="Lock Screen" x=1176 y=538
ZWL HOME icon name="Log Out" x=1320 y=538
ZWL HOME close via=escape at_ms=3661093
ZWL FIRST_FRAME what=home-close frame=63338 request_ms=3661093 ms=38
ZWL HOME closed at_ms=3661334
ZWL PERF 5024ms: passes=614 timeouts=68 | poll 31.6% work 68.0%
ZWL PERF compose frames=87 draw_ms=36.53 (acquire 0.10 submit+present 33.20) frame_ms=37.29
ZWL GLASS moved surface=7 x=980 y=372
ZWL GLASS moved surface=7 x=880 y=332
ZWL WISEVIEW opening key at_ms=3665854
ZWL FIRST_FRAME what=wiseview-open frame=63414 request_ms=3665854 ms=36
ZWL WISEVIEW open windows=10 at_ms=3666061
ZWL WISEVIEW tile client=9 surface=7 x=83 y=86 width=380 height=253
ZWL WISEVIEW tile client=10 surface=1146 x=528 y=90 width=406 height=244
ZWL WISEVIEW tile client=10 surface=14 x=1036 y=90 width=305 height=244
ZWL WISEVIEW tile client=8 surface=7 x=1484 y=90 width=325 height=244
ZWL WISEVIEW tile client=7 surface=14 x=104 y=404 width=338 height=244
ZWL WISEVIEW tile client=6 surface=14 x=570 y=404 width=321 height=244
ZWL WISEVIEW tile client=5 surface=14 x=1012 y=404 width=353 height=244
ZWL WISEVIEW tile client=4 surface=8 x=1467 y=404 width=359 height=244
ZWL WISEVIEW tile client=3 surface=16 x=568 y=718 width=325 height=244
ZWL WISEVIEW tile client=2 surface=8 x=999 y=718 width=379 height=244
ZGEARS FPS run=gears frames=49600 fps=13.0
ZWL PERF 5022ms: passes=641 timeouts=77 | poll 32.0% work 67.6%
ZWL PERF compose frames=94 draw_ms=33.41 (acquire 0.05 submit+present 31.43) frame_ms=34.26
ZWL WISEVIEW close key at_ms=3668101
ZWL FIRST_FRAME what=wiseview-close frame=63468 request_ms=3668101 ms=22
ZWL WISEVIEW closed at_ms=3668307
ZWL HOME open via=launcher at_ms=3670462
ZWL FIRST_FRAME what=home-open frame=63507 request_ms=3670462 ms=54
ZWL HOME opened apps=12 pages=1 page=1 at_ms=3670743
ZWL HOME icon name="Files" x=600 y=386
ZWL HOME icon name="Notes" x=744 y=386
ZWL HOME icon name="Settings" x=888 y=386
ZWL HOME icon name="Terminal" x=1032 y=386
ZWL HOME icon name="PDF Viewer" x=1176 y=386
ZWL HOME icon name="Image Viewer" x=1320 y=386
ZWL HOME icon name="Browser" x=600 y=538
ZWL HOME icon name="Model viewer" x=744 y=538
ZWL HOME icon name="Gears" x=888 y=538
ZWL HOME icon name="X terminal" x=1032 y=538
ZWL HOME icon name="Lock Screen" x=1176 y=538
ZWL HOME icon name="Log Out" x=1320 y=538
ZWL PERF 5016ms: passes=705 timeouts=72 | poll 32.3% work 67.3%
ZWL PERF compose frames=94 draw_ms=33.24 (acquire 0.06 submit+present 30.16) frame_ms=34.06
ZWL HOME close via=escape at_ms=3672687
ZWL FIRST_FRAME what=home-close frame=63551 request_ms=3672687 ms=39
ZWL HOME closed at_ms=3672957
ZGEARS FPS run=gears frames=49700 fps=13.4
ZWL GLASS moved surface=7 x=980 y=372
ZWL GLASS moved surface=7 x=880 y=332
ZWL HOME open via=launcher at_ms=3677556
ZWL FIRST_FRAME what=home-open frame=63625 request_ms=3677556 ms=36
ZWL PERF 5027ms: passes=643 timeouts=68 | poll 31.6% work 68.0%
ZWL PERF compose frames=77 draw_ms=41.12 (acquire 0.08 submit+present 38.32) frame_ms=42.03
ZWL HOME opened apps=12 pages=1 page=1 at_ms=3677838
ZWL HOME icon name="Files" x=600 y=386
ZWL HOME icon name="Notes" x=744 y=386
ZWL HOME icon name="Settings" x=888 y=386
ZWL HOME icon name="Terminal" x=1032 y=386
ZWL HOME icon name="PDF Viewer" x=1176 y=386
ZWL HOME icon name="Image Viewer" x=1320 y=386
ZWL HOME icon name="Browser" x=600 y=538
ZWL HOME icon name="Model viewer" x=744 y=538
ZWL HOME icon name="Gears" x=888 y=538
ZWL HOME icon name="X terminal" x=1032 y=538
ZWL HOME icon name="Lock Screen" x=1176 y=538
ZWL HOME icon name="Log Out" x=1320 y=538
ZWL HOME launch name=Terminal pid=106
ZWL HOME close via=launch at_ms=3679210
ZWL FIRST_FRAME what=home-close frame=63658 request_ms=3679210 ms=24
ZWL CLIENT client=38 fd=25
ZWL SEAT client=38 pointer=1 keyboard=0 touch=0
ZWL SEAT client=38 pointer=1 keyboard=1 touch=0
ZWL INSET create client=38 inset=22 toplevel=18
ZWL EDIT create client=38 edit=26 toplevel=18
ZWL BOUNDS client=38 surface=16 width=1896 height=970
ZWL CONFIGURE client=38 surface=16 serial=1716 width=0 height=0 fullscreen=0
ZWL IMPORT client=38 buffer=37 width=916 height=632 bytes=2318336
ZWL IMPORT client=38 buffer=38 width=916 height=632 bytes=2318336
ZWL IMPORT client=38 buffer=39 width=916 height=632 bytes=2318336
ZTERM MENU state selection=0 clipboard=0 pixels=16 fullscreen=0
ZWL MENU commit client=38 menu=43 serial=1 items=30 generation=1
ZWL MENU set client=38 place=44 menu=43
ZWL MENU commit client=38 menu=43 serial=2 items=30 generation=2
ZTERM MENU ready items=30
ZTERM TAB active id=1
ZTERM TAB new run=term id=1 count=1
ZTERM START run=term columns=90 rows=28 cell=10x22 window=916x632
ZWL TITLEBAR create client=38 titlebar=48 toplevel=18
ZWL EDIT state client=38 edit=26 actions=0xff flags=0xd
ZTERM TABS count=1 active=1 mode=0
ZTERM TITLE tab=1 title=Terminal
ZWL TITLEBAR commit client=38 titlebar=48 serial=1 mode=0 controls=0 tabs=1 generation=1
ZWL MAP client=38 surface=16 x=348 y=420
ZWL HOME launched waited_ms=123 at_ms=3679333
ZWL GLASS launch surface=16 from=996,350 to=348,420 size=916x632
ZTERM CLIPBOARD selection text=0
ZTERM PRIMARY offer text=0
ZWL HOME closed at_ms=3679497
ZWL MENU bar client=38 surface=16 where=floating item=1 offset=127 top=368 width=55 height=44
ZWL MENU bar client=38 surface=16 where=floating item=2 offset=184 top=368 width=47 height=44
ZWL MENU bar client=38 surface=16 where=floating item=3 offset=233 top=368 width=55 height=44
ZWL MENU bar client=38 surface=16 where=floating item=4 offset=290 top=368 width=76 height=44
ZWL MENU bar client=38 surface=16 where=floating item=5 offset=368 top=368 width=53 height=44
ZGEARS FPS run=gears frames=49800 fps=12.9
ZWL PERF 5007ms: passes=675 timeouts=70 | poll 31.9% work 67.7%
ZWL PERF compose frames=82 draw_ms=37.92 (acquire 0.05 submit+present 35.01) frame_ms=38.77
ZTERM TAB closed run=term id=1 count=0
ZTERM DONE run=term reason=shell-exited
ZWL CLIENT gone client=38 reason=flush
ZWL CLEANUP client=38 objects=35 unread_fds=0
ZWL HOME ended pid=106 status=0
ZWL PERF 5006ms: passes=644 timeouts=66 | poll 31.3% work 68.3%
ZWL PERF compose frames=74 draw_ms=42.42 (acquire 0.09 submit+present 39.53) frame_ms=43.33
ZWL WISEVIEW opening key at_ms=3689806
ZWL FIRST_FRAME what=wiseview-open frame=63816 request_ms=3689806 ms=38
ZWL WISEVIEW open windows=10 at_ms=3690013
ZWL WISEVIEW tile client=9 surface=7 x=83 y=86 width=380 height=253
ZWL WISEVIEW tile client=10 surface=1146 x=528 y=90 width=406 height=244
ZWL WISEVIEW tile client=10 surface=14 x=1036 y=90 width=305 height=244
ZWL WISEVIEW tile client=8 surface=7 x=1484 y=90 width=325 height=244
ZWL WISEVIEW tile client=7 surface=14 x=104 y=404 width=338 height=244
ZWL WISEVIEW tile client=6 surface=14 x=570 y=404 width=321 height=244
ZWL WISEVIEW tile client=5 surface=14 x=1012 y=404 width=353 height=244
ZWL WISEVIEW tile client=4 surface=8 x=1467 y=404 width=359 height=244
ZWL WISEVIEW tile client=3 surface=16 x=568 y=718 width=325 height=244
ZWL WISEVIEW tile client=2 surface=8 x=999 y=718 width=379 height=244
ZGEARS FPS run=gears frames=49900 fps=12.1
ZWL WISEVIEW close key at_ms=3692030
ZWL FIRST_FRAME what=wiseview-close frame=63872 request_ms=3692030 ms=28
ZWL WISEVIEW closed at_ms=3692239
ZWL PERF 5004ms: passes=636 timeouts=75 | poll 32.3% work 67.3%
ZWL PERF compose frames=100 draw_ms=30.81 (acquire 0.06 submit+present 28.76) frame_ms=31.72
ZWL HOME open via=launcher at_ms=3694392
ZWL FIRST_FRAME what=home-open frame=63910 request_ms=3694393 ms=52
ZWL HOME opened apps=12 pages=1 page=1 at_ms=3694673
ZWL HOME icon name="Files" x=600 y=386
ZWL HOME icon name="Notes" x=744 y=386
ZWL HOME icon name="Settings" x=888 y=386
ZWL HOME icon name="Terminal" x=1032 y=386
ZWL HOME icon name="PDF Viewer" x=1176 y=386
ZWL HOME icon name="Image Viewer" x=1320 y=386
ZWL HOME icon name="Browser" x=600 y=538
ZWL HOME icon name="Model viewer" x=744 y=538
ZWL HOME icon name="Gears" x=888 y=538
ZWL HOME icon name="X terminal" x=1032 y=538
ZWL HOME icon name="Lock Screen" x=1176 y=538
ZWL HOME icon name="Log Out" x=1320 y=538
ZWL HOME close via=escape at_ms=3696614
ZWL FIRST_FRAME what=home-close frame=63952 request_ms=3696614 ms=26
ZWL HOME closed at_ms=3696855
ZGEARS FPS run=gears frames=50000 fps=13.9
ZWL PERF 5009ms: passes=646 timeouts=71 | poll 31.1% work 68.5%
ZWL PERF compose frames=87 draw_ms=36.44 (acquire 0.10 submit+present 33.18) frame_ms=37.22
ZWL GLASS moved surface=7 x=980 y=372
ZWL GLASS moved surface=7 x=880 y=332
ZWL WISEVIEW opening key at_ms=3701411
ZWL FIRST_FRAME what=wiseview-open frame=64025 request_ms=3701411 ms=40
ZWL WISEVIEW open windows=10 at_ms=3701611
ZWL WISEVIEW tile client=9 surface=7 x=83 y=86 width=380 height=253
ZWL WISEVIEW tile client=10 surface=1146 x=528 y=90 width=406 height=244
ZWL WISEVIEW tile client=10 surface=14 x=1036 y=90 width=305 height=244
ZWL WISEVIEW tile client=8 surface=7 x=1484 y=90 width=325 height=244
ZWL WISEVIEW tile client=7 surface=14 x=104 y=404 width=338 height=244
ZWL WISEVIEW tile client=6 surface=14 x=570 y=404 width=321 height=244
ZWL WISEVIEW tile client=5 surface=14 x=1012 y=404 width=353 height=244
ZWL WISEVIEW tile client=4 surface=8 x=1467 y=404 width=359 height=244
ZWL WISEVIEW tile client=3 surface=16 x=568 y=718 width=325 height=244
ZWL WISEVIEW tile client=2 surface=8 x=999 y=718 width=379 height=244
ZWL PERF 5002ms: passes=639 timeouts=76 | poll 31.8% work 67.8%
ZWL PERF compose frames=86 draw_ms=36.42 (acquire 0.07 submit+present 34.13) frame_ms=37.35
ZWL WISEVIEW close key at_ms=3703657
ZWL FIRST_FRAME what=wiseview-close frame=64080 request_ms=3703657 ms=18
ZWL WISEVIEW closed at_ms=3703857
ZGEARS FPS run=gears frames=50100 fps=12.6
ZWL HOME open via=launcher at_ms=3706073
ZWL FIRST_FRAME what=home-open frame=64119 request_ms=3706073 ms=54
ZWL HOME opened apps=12 pages=1 page=1 at_ms=3706368
ZWL HOME icon name="Files" x=600 y=386
ZWL HOME icon name="Notes" x=744 y=386
ZWL HOME icon name="Settings" x=888 y=386
ZWL HOME icon name="Terminal" x=1032 y=386
ZWL HOME icon name="PDF Viewer" x=1176 y=386
ZWL HOME icon name="Image Viewer" x=1320 y=386
ZWL HOME icon name="Browser" x=600 y=538
ZWL HOME icon name="Model viewer" x=744 y=538
ZWL HOME icon name="Gears" x=888 y=538
ZWL HOME icon name="X terminal" x=1032 y=538
ZWL HOME icon name="Lock Screen" x=1176 y=538
ZWL HOME icon name="Log Out" x=1320 y=538
ZWL PERF 5014ms: passes=632 timeouts=71 | poll 31.9% work 67.8%
ZWL PERF compose frames=93 draw_ms=33.67 (acquire 0.06 submit+present 30.96) frame_ms=34.57
ZWL HOME close via=escape at_ms=3708277
ZWL FIRST_FRAME what=home-close frame=64160 request_ms=3708277 ms=31
ZWL HOME closed at_ms=3708563
ZWL GLASS moved surface=7 x=980 y=372
ZWL GLASS moved surface=7 x=880 y=332
ZWL PERF 5005ms: passes=630 timeouts=66 | poll 31.3% work 68.4%
ZWL PERF compose frames=79 draw_ms=40.02 (acquire 0.07 submit+present 37.08) frame_ms=40.91
ZWL WISEVIEW opening key at_ms=3713031
ZWL FIRST_FRAME what=wiseview-open frame=64232 request_ms=3713031 ms=36
ZWL WISEVIEW open windows=10 at_ms=3713231
ZWL WISEVIEW tile client=9 surface=7 x=83 y=86 width=380 height=253
ZWL WISEVIEW tile client=10 surface=1146 x=528 y=90 width=406 height=244
ZWL WISEVIEW tile client=10 surface=14 x=1036 y=90 width=305 height=244
ZWL WISEVIEW tile client=8 surface=7 x=1484 y=90 width=325 height=244
ZWL WISEVIEW tile client=7 surface=14 x=104 y=404 width=338 height=244
ZWL WISEVIEW tile client=6 surface=14 x=570 y=404 width=321 height=244
ZWL WISEVIEW tile client=5 surface=14 x=1012 y=404 width=353 height=244
ZWL WISEVIEW tile client=4 surface=8 x=1467 y=404 width=359 height=244
ZWL WISEVIEW tile client=3 surface=16 x=568 y=718 width=325 height=244
ZWL WISEVIEW tile client=2 surface=8 x=999 y=718 width=379 height=244
ZGEARS FPS run=gears frames=50200 fps=12.8
ZWL WISEVIEW close key at_ms=3715258
ZWL FIRST_FRAME what=wiseview-close frame=64287 request_ms=3715258 ms=24
ZWL WISEVIEW closed at_ms=3715464
ZWL HOME open via=launcher at_ms=3717623
ZWL FIRST_FRAME what=home-open frame=64324 request_ms=3717623 ms=32
ZWL PERF 5016ms: passes=654 timeouts=75 | poll 32.3% work 67.3%
ZWL PERF compose frames=98 draw_ms=31.75 (acquire 0.05 submit+present 29.77) frame_ms=32.59
ZWL HOME opened apps=12 pages=1 page=1 at_ms=3717916
ZWL HOME icon name="Files" x=600 y=386
ZWL HOME icon name="Notes" x=744 y=386
ZWL HOME icon name="Settings" x=888 y=386
ZWL HOME icon name="Terminal" x=1032 y=386
ZWL HOME icon name="PDF Viewer" x=1176 y=386
ZWL HOME icon name="Image Viewer" x=1320 y=386
ZWL HOME icon name="Browser" x=600 y=538
ZWL HOME icon name="Model viewer" x=744 y=538
ZWL HOME icon name="Gears" x=888 y=538
ZWL HOME icon name="X terminal" x=1032 y=538
ZWL HOME icon name="Lock Screen" x=1176 y=538
ZWL HOME icon name="Log Out" x=1320 y=538
ZWL HOME close via=escape at_ms=3719854
ZWL FIRST_FRAME what=home-close frame=64366 request_ms=3719854 ms=33
ZWL HOME closed at_ms=3720101
ZGEARS FPS run=gears frames=50300 fps=13.4
ZWL GLASS moved surface=7 x=980 y=372
ZWL PERF 5030ms: passes=664 timeouts=73 | poll 32.1% work 67.6%
ZWL PERF compose frames=85 draw_ms=37.17 (acquire 0.07 submit+present 34.05) frame_ms=37.97
ZWL GLASS moved surface=7 x=880 y=332
ZWL WISEVIEW opening key at_ms=3724657
ZWL FIRST_FRAME what=wiseview-open frame=64440 request_ms=3724657 ms=45
ZWL WISEVIEW open windows=10 at_ms=3724872
ZWL WISEVIEW tile client=9 surface=7 x=83 y=86 width=380 height=253
ZWL WISEVIEW tile client=10 surface=1146 x=528 y=90 width=406 height=244
ZWL WISEVIEW tile client=10 surface=14 x=1036 y=90 width=305 height=244
ZWL WISEVIEW tile client=8 surface=7 x=1484 y=90 width=325 height=244
ZWL WISEVIEW tile client=7 surface=14 x=104 y=404 width=338 height=244
ZWL WISEVIEW tile client=6 surface=14 x=570 y=404 width=321 height=244
ZWL WISEVIEW tile client=5 surface=14 x=1012 y=404 width=353 height=244
ZWL WISEVIEW tile client=4 surface=8 x=1467 y=404 width=359 height=244
ZWL WISEVIEW tile client=3 surface=16 x=568 y=718 width=325 height=244
ZWL WISEVIEW tile client=2 surface=8 x=999 y=718 width=379 height=244
ZWL WISEVIEW close key at_ms=3726879
ZWL FIRST_FRAME what=wiseview-close frame=64494 request_ms=3726879 ms=26
ZWL WISEVIEW closed at_ms=3727082
ZWL PERF 5000ms: passes=625 timeouts=85 | poll 33.1% work 66.5%
ZWL PERF compose frames=97 draw_ms=31.68 (acquire 0.05 submit+present 29.62) frame_ms=32.13
ZGEARS FPS run=gears frames=50400 fps=12.7
ZWL HOME open via=launcher at_ms=3729272
ZWL FIRST_FRAME what=home-open frame=64532 request_ms=3729272 ms=54
ZWL HOME opened apps=12 pages=1 page=1 at_ms=3729559
ZWL HOME icon name="Files" x=600 y=386
ZWL HOME icon name="Notes" x=744 y=386
ZWL HOME icon name="Settings" x=888 y=386
ZWL HOME icon name="Terminal" x=1032 y=386
ZWL HOME icon name="PDF Viewer" x=1176 y=386
ZWL HOME icon name="Image Viewer" x=1320 y=386
ZWL HOME icon name="Browser" x=600 y=538
ZWL HOME icon name="Model viewer" x=744 y=538
ZWL HOME icon name="Gears" x=888 y=538
ZWL HOME icon name="X terminal" x=1032 y=538
ZWL HOME icon name="Lock Screen" x=1176 y=538
ZWL HOME icon name="Log Out" x=1320 y=538
ZWL HOME close via=escape at_ms=3731477
ZWL FIRST_FRAME what=home-close frame=64576 request_ms=3731477 ms=28
ZWL HOME closed at_ms=3731717
ZWL PERF 5013ms: passes=649 timeouts=71 | poll 31.1% work 68.6%
ZWL PERF compose frames=89 draw_ms=35.71 (acquire 0.08 submit+present 32.62) frame_ms=36.93
ZWL GLASS moved surface=7 x=980 y=372
ZWL GLASS moved surface=7 x=880 y=332
ZGEARS FPS run=gears frames=50500 fps=13.1
ZWL WISEVIEW opening key at_ms=3736278
ZWL FIRST_FRAME what=wiseview-open frame=64653 request_ms=3736278 ms=40
ZWL WISEVIEW open windows=10 at_ms=3736501
ZWL WISEVIEW tile client=9 surface=7 x=83 y=86 width=380 height=253
ZWL WISEVIEW tile client=10 surface=1146 x=528 y=90 width=406 height=244
ZWL WISEVIEW tile client=10 surface=14 x=1036 y=90 width=305 height=244
ZWL WISEVIEW tile client=8 surface=7 x=1484 y=90 width=325 height=244
ZWL WISEVIEW tile client=7 surface=14 x=104 y=404 width=338 height=244
ZWL WISEVIEW tile client=6 surface=14 x=570 y=404 width=321 height=244
ZWL WISEVIEW tile client=5 surface=14 x=1012 y=404 width=353 height=244
ZWL WISEVIEW tile client=4 surface=8 x=1467 y=404 width=359 height=244
ZWL WISEVIEW tile client=3 surface=16 x=568 y=718 width=325 height=244
ZWL WISEVIEW tile client=2 surface=8 x=999 y=718 width=379 height=244
ZWL PERF 5018ms: passes=606 timeouts=73 | poll 31.9% work 67.8%
ZWL PERF compose frames=92 draw_ms=33.97 (acquire 0.06 submit+present 31.68) frame_ms=34.92
ZWL WISEVIEW close key at_ms=3738488
ZWL FIRST_FRAME what=wiseview-close frame=64707 request_ms=3738488 ms=28
ZWL WISEVIEW closed at_ms=3738694
ZWL HOME open via=launcher at_ms=3740869
ZWL FIRST_FRAME what=home-open frame=64743 request_ms=3740869 ms=49
ZWL HOME opened apps=12 pages=1 page=1 at_ms=3741174
ZWL HOME icon name="Files" x=600 y=386
ZWL HOME icon name="Notes" x=744 y=386
ZWL HOME icon name="Settings" x=888 y=386
ZWL HOME icon name="Terminal" x=1032 y=386
ZWL HOME icon name="PDF Viewer" x=1176 y=386
ZWL HOME icon name="Image Viewer" x=1320 y=386
ZWL HOME icon name="Browser" x=600 y=538
ZWL HOME icon name="Model viewer" x=744 y=538
ZWL HOME icon name="Gears" x=888 y=538
ZWL HOME icon name="X terminal" x=1032 y=538
ZWL HOME icon name="Lock Screen" x=1176 y=538
ZWL HOME icon name="Log Out" x=1320 y=538
ZWL PERF 5007ms: passes=657 timeouts=78 | poll 32.8% work 66.8%
ZWL PERF compose frames=90 draw_ms=34.47 (acquire 0.05 submit+present 31.72) frame_ms=35.29
ZWL HOME close via=escape at_ms=3743098
ZWL FIRST_FRAME what=home-close frame=64785 request_ms=3743098 ms=27
ZWL HOME closed at_ms=3743341
ZGEARS FPS run=gears frames=50600 fps=13.8
ZWL GLASS moved surface=7 x=980 y=372
ZWL GLASS moved surface=7 x=880 y=332
ZWL PERF 5001ms: passes=633 timeouts=73 | poll 31.7% work 68.0%
ZWL PERF compose frames=78 draw_ms=40.50 (acquire 0.05 submit+present 37.82) frame_ms=41.40
ZWL WISEVIEW opening key at_ms=3747881
ZWL FIRST_FRAME what=wiseview-open frame=64858 request_ms=3747881 ms=39
ZWL WISEVIEW open windows=10 at_ms=3748089
ZWL WISEVIEW tile client=9 surface=7 x=83 y=86 width=380 height=253
ZWL WISEVIEW tile client=10 surface=1146 x=528 y=90 width=406 height=244
ZWL WISEVIEW tile client=10 surface=14 x=1036 y=90 width=305 height=244
ZWL WISEVIEW tile client=8 surface=7 x=1484 y=90 width=325 height=244
ZWL WISEVIEW tile client=7 surface=14 x=104 y=404 width=338 height=244
ZWL WISEVIEW tile client=6 surface=14 x=570 y=404 width=321 height=244
ZWL WISEVIEW tile client=5 surface=14 x=1012 y=404 width=353 height=244
ZWL WISEVIEW tile client=4 surface=8 x=1467 y=404 width=359 height=244
ZWL WISEVIEW tile client=3 surface=16 x=568 y=718 width=325 height=244
ZWL WISEVIEW tile client=2 surface=8 x=999 y=718 width=379 height=244
ZWL WISEVIEW close key at_ms=3750149
ZWL FIRST_FRAME what=wiseview-close frame=64915 request_ms=3750149 ms=30
ZWL WISEVIEW closed at_ms=3750364
ZGEARS FPS run=gears frames=50700 fps=12.4
ZWL HOME open via=launcher at_ms=3752485
ZWL FIRST_FRAME what=home-open frame=64951 request_ms=3752486 ms=52
ZWL HOME opened apps=12 pages=1 page=1 at_ms=3752774
ZWL HOME icon name="Files" x=600 y=386
ZWL HOME icon name="Notes" x=744 y=386
ZWL HOME icon name="Settings" x=888 y=386
ZWL HOME icon name="Terminal" x=1032 y=386
ZWL HOME icon name="PDF Viewer" x=1176 y=386
ZWL HOME icon name="Image Viewer" x=1320 y=386
ZWL HOME icon name="Browser" x=600 y=538
ZWL HOME icon name="Model viewer" x=744 y=538
ZWL HOME icon name="Gears" x=888 y=538
ZWL HOME icon name="X terminal" x=1032 y=538
ZWL HOME icon name="Lock Screen" x=1176 y=538
ZWL HOME icon name="Log Out" x=1320 y=538
ZWL PERF 5016ms: passes=610 timeouts=78 | poll 32.2% work 67.4%
ZWL PERF compose frames=100 draw_ms=30.91 (acquire 0.05 submit+present 28.75) frame_ms=31.77
ZWL HOME close via=escape at_ms=3754731
ZWL FIRST_FRAME what=home-close frame=64996 request_ms=3754731 ms=38
ZWL HOME closed at_ms=3754987
ZWL GLASS moved surface=7 x=980 y=372
ZWL PERF 5031ms: passes=645 timeouts=80 | poll 32.4% work 67.3%
ZWL PERF compose frames=87 draw_ms=36.18 (acquire 0.06 submit+present 33.04) frame_ms=36.94
ZWL GLASS moved surface=7 x=880 y=332
ZGEARS FPS run=gears frames=50800 fps=13.4
ZWL WISEVIEW opening key at_ms=3759518
ZWL FIRST_FRAME what=wiseview-open frame=65069 request_ms=3759518 ms=40
ZWL WISEVIEW open windows=10 at_ms=3759718
ZWL WISEVIEW tile client=9 surface=7 x=83 y=86 width=380 height=253
ZWL WISEVIEW tile client=10 surface=1146 x=528 y=90 width=406 height=244
ZWL WISEVIEW tile client=10 surface=14 x=1036 y=90 width=305 height=244
ZWL WISEVIEW tile client=8 surface=7 x=1484 y=90 width=325 height=244
ZWL WISEVIEW tile client=7 surface=14 x=104 y=404 width=338 height=244
ZWL WISEVIEW tile client=6 surface=14 x=570 y=404 width=321 height=244
ZWL WISEVIEW tile client=5 surface=14 x=1012 y=404 width=353 height=244
ZWL WISEVIEW tile client=4 surface=8 x=1467 y=404 width=359 height=244
ZWL WISEVIEW tile client=3 surface=16 x=568 y=718 width=325 height=244
ZWL WISEVIEW tile client=2 surface=8 x=999 y=718 width=379 height=244
ZWL WISEVIEW close key at_ms=3761723
ZWL FIRST_FRAME what=wiseview-close frame=65122 request_ms=3761723 ms=17
ZWL WISEVIEW closed at_ms=3761931
ZWL PERF 5036ms: passes=643 timeouts=72 | poll 32.5% work 67.1%
ZWL PERF compose frames=96 draw_ms=32.42 (acquire 0.05 submit+present 30.38) frame_ms=33.28
ZWL HOME open via=launcher at_ms=3764077
ZWL FIRST_FRAME what=home-open frame=65159 request_ms=3764077 ms=54
ZWL HOME opened apps=12 pages=1 page=1 at_ms=3764377
ZWL HOME icon name="Files" x=600 y=386
ZWL HOME icon name="Notes" x=744 y=386
ZWL HOME icon name="Settings" x=888 y=386
ZWL HOME icon name="Terminal" x=1032 y=386
ZWL HOME icon name="PDF Viewer" x=1176 y=386
ZWL HOME icon name="Image Viewer" x=1320 y=386
ZWL HOME icon name="Browser" x=600 y=538
ZWL HOME icon name="Model viewer" x=744 y=538
ZWL HOME icon name="Gears" x=888 y=538
ZWL HOME icon name="X terminal" x=1032 y=538
ZWL HOME icon name="Lock Screen" x=1176 y=538
ZWL HOME icon name="Log Out" x=1320 y=538
ZWL HOME close via=escape at_ms=3766344
ZWL FIRST_FRAME what=home-close frame=65205 request_ms=3766345 ms=32
ZGEARS FPS run=gears frames=50900 fps=13.4
ZWL HOME closed at_ms=3766637
ZWL PERF 5003ms: passes=604 timeouts=74 | poll 31.6% work 68.1%
ZWL PERF compose frames=90 draw_ms=35.08 (acquire 0.06 submit+present 32.01) frame_ms=35.84
ZWL GLASS moved surface=7 x=980 y=372
ZWL GLASS moved surface=7 x=880 y=332
ZWL HOME open via=launcher at_ms=3771213
ZWL FIRST_FRAME what=home-open frame=65282 request_ms=3771214 ms=56
ZWL HOME opened apps=12 pages=1 page=1 at_ms=3771508
ZWL HOME icon name="Files" x=600 y=386
ZWL HOME icon name="Notes" x=744 y=386
ZWL HOME icon name="Settings" x=888 y=386
ZWL HOME icon name="Terminal" x=1032 y=386
ZWL HOME icon name="PDF Viewer" x=1176 y=386
ZWL HOME icon name="Image Viewer" x=1320 y=386
ZWL HOME icon name="Browser" x=600 y=538
ZWL HOME icon name="Model viewer" x=744 y=538
ZWL HOME icon name="Gears" x=888 y=538
ZWL HOME icon name="X terminal" x=1032 y=538
ZWL HOME icon name="Lock Screen" x=1176 y=538
ZWL HOME icon name="Log Out" x=1320 y=538
ZWL HOME launch name=Terminal pid=108
ZWL HOME close via=launch at_ms=3772858
ZWL FIRST_FRAME what=home-close frame=65312 request_ms=3772858 ms=31
ZWL CLIENT client=39 fd=25
ZWL PERF 5015ms: passes=641 timeouts=65 | poll 31.0% work 68.7%
ZWL PERF compose frames=83 draw_ms=38.18 (acquire 0.08 submit+present 35.08) frame_ms=39.07
ZWL INSET create client=39 inset=20 toplevel=16
ZWL EDIT create client=39 edit=24 toplevel=16
ZWL BOUNDS client=39 surface=14 width=1896 height=970
ZWL CONFIGURE client=39 surface=14 serial=1765 width=0 height=0 fullscreen=0
ZWL SEAT client=39 pointer=1 keyboard=0 touch=0
ZWL SEAT client=39 pointer=1 keyboard=1 touch=0
ZWL IMPORT client=39 buffer=37 width=916 height=632 bytes=2318336
ZWL IMPORT client=39 buffer=38 width=916 height=632 bytes=2318336
ZWL IMPORT client=39 buffer=39 width=916 height=632 bytes=2318336
ZTERM MENU state selection=0 clipboard=0 pixels=16 fullscreen=0
ZWL MENU commit client=39 menu=43 serial=1 items=30 generation=1
ZWL MENU set client=39 place=44 menu=43
ZWL MENU commit client=39 menu=43 serial=2 items=30 generation=2
ZTERM MENU ready items=30
ZTERM TAB active id=1
ZTERM TAB new run=term id=1 count=1
ZTERM START run=term columns=90 rows=28 cell=10x22 window=916x632
ZWL TITLEBAR create client=39 titlebar=48 toplevel=16
ZWL EDIT state client=39 edit=24 actions=0xff flags=0xd
ZTERM TABS count=1 active=1 mode=0
ZTERM TITLE tab=1 title=Terminal
ZWL TITLEBAR commit client=39 titlebar=48 serial=1 mode=0 controls=0 tabs=1 generation=1
ZWL MAP client=39 surface=14 x=348 y=420
ZWL HOME launched waited_ms=136 at_ms=3772993
ZWL GLASS launch surface=14 from=996,350 to=348,420 size=916x632
ZTERM CLIPBOARD selection text=0
ZTERM PRIMARY offer text=0
ZWL HOME closed at_ms=3773108
ZWL MENU bar client=39 surface=14 where=floating item=1 offset=127 top=368 width=55 height=44
ZWL MENU bar client=39 surface=14 where=floating item=2 offset=184 top=368 width=47 height=44
ZWL MENU bar client=39 surface=14 where=floating item=3 offset=233 top=368 width=55 height=44
ZWL MENU bar client=39 surface=14 where=floating item=4 offset=290 top=368 width=76 height=44
ZWL MENU bar client=39 surface=14 where=floating item=5 offset=368 top=368 width=53 height=44
ZGEARS FPS run=gears frames=51000 fps=12.8
ZWL PERF 5030ms: passes=659 timeouts=76 | poll 31.9% work 67.7%
ZWL PERF compose frames=70 draw_ms=44.99 (acquire 0.08 submit+present 42.10) frame_ms=45.92
ZGEARS FPS run=gears frames=51100 fps=11.6
ZWL PERF 5002ms: passes=698 timeouts=59 | poll 30.5% work 69.1%
ZWL PERF compose frames=72 draw_ms=43.61 (acquire 0.06 submit+present 40.73) frame_ms=44.50
C10_HW_SAVED_1790918269
