ZWL PREFERENCES open
ZWL DISPLAY device=llvmpipe (LLVM 19.1.7, 256 bits) width=1280 height=800 refresh_mhz=74994
ZWL STARTUP step=vulkan-device ms=148
ZWL STARTUP step=vulkan-objects-arrow ms=36
ZWL STARTUP step=wallpaper-picture ms=6
ZWL STARTUP step=wallpaper ms=36
ZWL STARTUP step=glyphs-text ms=8
ZWL STARTUP step=glyphs-icons ms=5
ZWL STARTUP step=glyphs-mark ms=22
ZWL GLASS atlas cache-top=380 cells=273 faces=1
ZWL STARTUP step=glyphs ms=36
ZWL GLASS ready text=1
ZWL STARTUP step=compose ms=256 at_ms=14684
ZWL INPUT device=/dev/input/event5 kind=pointer abs=1
ZWL INPUT device=/dev/input/event3 kind=keyboard abs=0
ZWL INPUT device=/dev/input/event1 kind=pointer abs=0
ZWL INPUT device=/dev/input/event0 kind=keyboard abs=0
ZWL STARTUP step=input ms=52 at_ms=14736
ZWL KEYMAP format=xkb_v1 errno=0
ZWL STARTUP step=keymap ms=0 at_ms=14736
ZWL STARTUP step=socket ms=0 at_ms=14736
ZWL CLIENT client=1 fd=17 ime=1
ZWL IME started pid=994 client=1
ZWL READY socket=/run/keiland-0 width=1280 height=800 timeout_ms=18446744073709551615 pid=969
ZWL CORNER zone x=1252 y=0 width=28 height=28
ZWL OSK zone kind=flick x=1252 y=772 size=28
ZWL OSK zone kind=qwerty x=0 y=772 size=28
ZWL NETWORK state reachable=0 connected=1 kind=wired interface=enp0s5 wifi=absent ssid=
ZWL VOLUME reachable=1 device=1
ZWL DESKTOP start pid=995 command=/opt/keiland/bin/files --desktop at_ms=14749
ZWL STARTUP step=output-display ms=0
KEI-IME LANGUAGE id=direct
ZWL STARTUP step=output-pipelines ms=40
ZWL STARTUP step=output-swapchain ms=5
ZWL STARTUP step=output-targets ms=0
ZWL OUTPUT open width=1280 height=800 images=3 format=44
ZWL MODE window switch_ms=45 at_ms=14794
ZWL LAT draw frame=1 at_us=14794638
ZWL LAT acquired frame=1 at_us=14794675
ZWL GLASS desktops x=821 step=46 width=40
ZWL NETWORK icon x=1065 y=3 width=30 height=28
ZWL VOLUME icon x=1032 y=3 width=30 height=28
ZWL LAT recorded frame=1 at_us=14794880
ZWL COMPOSE frame=1 image=0 windows=0 at_ms=14958
ZWL LAT submit frame=1 at_us=14958329
ZWL CLIENT client=2 fd=22
ZWL LAT shown frame=1 at_us=14958428
ZWL IME language=direct
KEI-IME READY languages=2
ZWL DESKTOP role client=2 surface=8 x=0 y=34 width=1280 height=766
ZWL SEAT client=2 pointer=1 keyboard=0 touch=0
ZWL SEAT client=2 pointer=1 keyboard=1 touch=0
ZWL LAT draw frame=2 at_us=14958989
ZFILES ZWL LAT acquired frame=2 at_us=14958999
DESKTOP configure x=0 y=34 width=1280 height=766
ZWL LAT recorded frame=2 at_us=14959149
ZWL COMPOSE frame=2 image=0 windows=0 at_ms=14971
ZWL LAT submit frame=2 at_us=14971523
ZWL LAT shown frame=2 at_us=14971545
ZWL DESKTOP ack serial=2
ZFILES LOCATION kind=folder path=/root/Desktop items=0 error=0
ZFILES DESKTOP layout saved=0 error=0
ZFILES DESKTOP grid width=1280 height=766 columns=13 rows=7
ZFILES DESKTOP ready items=0 cells=0 width=1280 height=766 at_ms=15019 newest_age_ms=-1
ZWL IMPORT client=2 buffer=22 width=1280 height=766 bytes=3932160
ZWL IMPORT client=2 buffer=24 width=1280 height=766 bytes=3932160
ZWL IMPORT client=2 buffer=26 width=1280 height=766 bytes=3932160
ZWL CLIENT client=3 fd=23
ZWL CONFIGURE client=3 surface=6 serial=3 width=0 height=0 fullscreen=0
ZWL LAT draw frame=3 at_us=15102259
ZWL LAT acquired frame=3 at_us=15102279
ZWL LAT recorded frame=3 at_us=15102409
ZWL COMPOSE frame=3 image=0 windows=0 at_ms=15123
ZWL LAT submit frame=3 at_us=15123378
ZWL LAT shown frame=3 at_us=15123437
ZWL ACQUIRE_FENCE client=2 surface=8 generation=1
ZFILES ZWL LAT adopt surface=8 at_us=15123609
MENU context-only
ZFILES ZWL LAT draw frame=4 at_us=15123621
DESKTOP startup entered_ms=14761 fonts=7 instance=52 window=139 present=50 app=1 canvas=0 draw=9 shown=101 menus=3
ZFILES READY width=1280 height=766 token=-
ZWL LAT acquired frame=4 at_us=15123633
ZWL DESKTOP drawn at_ms=15123
ZWL LAT recorded frame=4 at_us=15123789
ZWL COMPOSE frame=4 image=0 windows=0 at_ms=15141
ZWL LAT submit frame=4 at_us=15141947
ZWL LAT shown frame=4 at_us=15141978
ZWL IMPORT client=3 buffer=15 width=640 height=420 bytes=1077248
ZWL IMPORT client=3 buffer=17 width=640 height=420 bytes=1077248
ZWL IMPORT client=3 buffer=19 width=640 height=420 bytes=1077248
ZWL COMMIT client=3 surface=6 buffer=15 queued=0
ZWL ACQUIRE_FENCE client=3 surface=6 generation=1
ZWL LAT adopt surface=6 at_us=15334348
ZWL MAP client=3 surface=6 x=320 y=233
ZWL LAT draw frame=5 at_us=15334370
ZWL LAT acquired frame=5 at_us=15334386
ZWL LAT recorded frame=5 at_us=15334594
ZWL COMPOSE frame=5 image=0 windows=1 at_ms=15355
ZWL LAT submit frame=5 at_us=15356017
ZWL LAT shown frame=5 at_us=15358179
ZWL COMMIT client=3 surface=6 buffer=17 queued=0
ZWL ACQUIRE_FENCE client=3 surface=6 generation=1
ZWL LAT adopt surface=6 at_us=15358406
ZWL RELEASE client=3 buffer=15 dead=0
ZWL LAT draw frame=6 at_us=15358415
ZWL LAT acquired frame=6 at_us=15358422
ZWL DAMAGE frame=6 image=0 x=320 y=233 width=640 height=420
ZWL LAT recorded frame=6 at_us=15358547
ZWL COMPOSE frame=6 image=0 windows=1 at_ms=15374
ZWL LAT submit frame=6 at_us=15374362
ZWL LAT shown frame=6 at_us=15376524
ZWL COMMIT client=3 surface=6 buffer=19 queued=0
ZWL ACQUIRE_FENCE client=3 surface=6 generation=1
ZWL LAT adopt surface=6 at_us=15376770
ZWL RELEASE client=3 buffer=17 dead=0
ZWL LAT draw frame=7 at_us=15376786
ZWL LAT acquired frame=7 at_us=15376796
ZWL DAMAGE frame=7 image=0 x=320 y=233 width=640 height=420
ZWL LAT recorded frame=7 at_us=15377010
ZWL COMPOSE frame=7 image=0 windows=1 at_ms=15385
ZWL LAT submit frame=7 at_us=15385854
ZWL LAT shown frame=7 at_us=15387980
ZWL COMMIT client=3 surface=6 buffer=15 queued=0
ZWL ACQUIRE_FENCE client=3 surface=6 generation=1
ZWL LAT adopt surface=6 at_us=15388298
ZWL RELEASE client=3 buffer=19 dead=0
ZWL LAT draw frame=8 at_us=15388312
ZWL LAT acquired frame=8 at_us=15388320
ZWL DAMAGE frame=8 image=0 x=320 y=233 width=640 height=420
ZWL LAT recorded frame=8 at_us=15388516
ZWL COMPOSE frame=8 image=0 windows=1 at_ms=15396
ZWL LAT submit frame=8 at_us=15396838
ZWL LAT shown frame=8 at_us=15398955
ZWL COMMIT client=3 surface=6 buffer=17 queued=0
ZWL ACQUIRE_FENCE client=3 surface=6 generation=1
ZWL LAT adopt surface=6 at_us=15399169
ZWL RELEASE client=3 buffer=15 dead=0
ZWL LAT draw frame=9 at_us=15399180
ZWL LAT acquired frame=9 at_us=15399188
ZWL DAMAGE frame=9 image=0 x=320 y=233 width=640 height=420
ZWL LAT recorded frame=9 at_us=15399362
ZWL COMPOSE frame=9 image=0 windows=1 at_ms=15410
ZWL LAT submit frame=9 at_us=15410491
ZWL LAT shown frame=9 at_us=15412615
ZWL COMMIT client=3 surface=6 buffer=19 queued=0
ZWL ACQUIRE_FENCE client=3 surface=6 generation=1
ZWL LAT adopt surface=6 at_us=15412789
ZWL RELEASE client=3 buffer=17 dead=0
ZWL LAT draw frame=10 at_us=15412797
ZWL LAT acquired frame=10 at_us=15412802
ZWL DAMAGE frame=10 image=0 x=320 y=233 width=640 height=420
ZWL LAT recorded frame=10 at_us=15412946
ZWL COMPOSE frame=10 image=0 windows=1 at_ms=15426
ZWL LAT submit frame=10 at_us=15426582
ZWL LAT shown frame=10 at_us=15428698
ZWL COMMIT client=3 surface=6 buffer=15 queued=0
ZWL ACQUIRE_FENCE client=3 surface=6 generation=1
ZWL LAT adopt surface=6 at_us=15428808
ZWL RELEASE client=3 buffer=19 dead=0
ZWL LAT draw frame=11 at_us=15428813
ZWL LAT acquired frame=11 at_us=15428818
ZWL DAMAGE frame=11 image=0 x=320 y=233 width=640 height=420
ZWL LAT recorded frame=11 at_us=15428936
ZWL COMPOSE frame=11 image=0 windows=1 at_ms=15438
ZWL LAT submit frame=11 at_us=15438919
ZWL LAT shown frame=11 at_us=15441023
ZWL COMMIT client=3 surface=6 buffer=17 queued=0
ZWL ACQUIRE_FENCE client=3 surface=6 generation=1
ZWL LAT adopt surface=6 at_us=15441141
ZWL RELEASE client=3 buffer=15 dead=0
ZWL LAT draw frame=12 at_us=15441148
ZWL LAT acquired frame=12 at_us=15441153
ZWL DAMAGE frame=12 image=0 x=320 y=233 width=640 height=420
ZWL LAT recorded frame=12 at_us=15441282
ZWL COMPOSE frame=12 image=0 windows=1 at_ms=15452
ZWL LAT submit frame=12 at_us=15452688
ZWL LAT shown frame=12 at_us=15454823
ZWL COMMIT client=3 surface=6 buffer=19 queued=0
ZWL ACQUIRE_FENCE client=3 surface=6 generation=1
ZWL LAT adopt surface=6 at_us=15454920
ZWL RELEASE client=3 buffer=17 dead=0
ZWL LAT draw frame=13 at_us=15454926
ZWL LAT acquired frame=13 at_us=15454931
ZWL DAMAGE frame=13 image=0 x=320 y=233 width=640 height=420
ZWL LAT recorded frame=13 at_us=15455159
ZWL COMPOSE frame=13 image=0 windows=1 at_ms=15463
ZWL LAT submit frame=13 at_us=15463326
ZWL LAT shown frame=13 at_us=15466056
ZWL COMMIT client=3 surface=6 buffer=15 queued=0
ZWL ACQUIRE_FENCE client=3 surface=6 generation=1
ZWL LAT adopt surface=6 at_us=15466147
ZWL RELEASE client=3 buffer=19 dead=0
ZWL LAT draw frame=14 at_us=15466152
ZWL LAT acquired frame=14 at_us=15466155
ZWL DAMAGE frame=14 image=0 x=320 y=233 width=640 height=420
ZWL LAT recorded frame=14 at_us=15466264
ZWL COMPOSE frame=14 image=0 windows=1 at_ms=15474
ZWL LAT submit frame=14 at_us=15474447
ZWL LAT shown frame=14 at_us=15476528
ZWL COMMIT client=3 surface=6 buffer=17 queued=0
ZWL ACQUIRE_FENCE client=3 surface=6 generation=1
ZWL LAT adopt surface=6 at_us=15476601
ZWL RELEASE client=3 buffer=15 dead=0
ZWL LAT draw frame=15 at_us=15476606
ZWL LAT acquired frame=15 at_us=15476609
ZWL DAMAGE frame=15 image=0 x=320 y=233 width=640 height=420
ZWL LAT recorded frame=15 at_us=15476683
ZWL COMPOSE frame=15 image=0 windows=1 at_ms=15485
ZWL LAT submit frame=15 at_us=15485934
ZWL LAT shown frame=15 at_us=15488029
ZWL COMMIT client=3 surface=6 buffer=19 queued=0
ZWL ACQUIRE_FENCE client=3 surface=6 generation=1
ZWL LAT adopt surface=6 at_us=15488187
ZWL RELEASE client=3 buffer=17 dead=0
ZWL LAT draw frame=16 at_us=15488192
ZWL LAT acquired frame=16 at_us=15488198
ZWL DAMAGE frame=16 image=0 x=320 y=233 width=640 height=420
ZWL LAT recorded frame=16 at_us=15488309
ZWL COMPOSE frame=16 image=0 windows=1 at_ms=15497
ZWL LAT submit frame=16 at_us=15497035
ZWL LAT shown frame=16 at_us=15499139
ZWL COMMIT client=3 surface=6 buffer=15 queued=0
ZWL ACQUIRE_FENCE client=3 surface=6 generation=1
ZWL LAT adopt surface=6 at_us=15499257
ZWL RELEASE client=3 buffer=19 dead=0
ZWL LAT draw frame=17 at_us=15499264
ZWL LAT acquired frame=17 at_us=15499270
ZWL DAMAGE frame=17 image=0 x=320 y=233 width=640 height=420
ZWL LAT recorded frame=17 at_us=15499393
ZWL COMPOSE frame=17 image=0 windows=1 at_ms=15508
ZWL LAT submit frame=17 at_us=15508451
ZWL LAT shown frame=17 at_us=15510545
ZWL COMMIT client=3 surface=6 buffer=17 queued=0
ZWL ACQUIRE_FENCE client=3 surface=6 generation=1
ZWL LAT adopt surface=6 at_us=15510632
ZWL RELEASE client=3 buffer=15 dead=0
ZWL LAT draw frame=18 at_us=15510639
ZWL LAT acquired frame=18 at_us=15510643
ZWL DAMAGE frame=18 image=0 x=320 y=233 width=640 height=420
ZWL LAT recorded frame=18 at_us=15510744
ZWL COMPOSE frame=18 image=0 windows=1 at_ms=15521
ZWL LAT submit frame=18 at_us=15521151
ZWL LAT shown frame=18 at_us=15523234
ZWL COMMIT client=3 surface=6 buffer=19 queued=0
ZWL ACQUIRE_FENCE client=3 surface=6 generation=1
ZWL LAT adopt surface=6 at_us=15523413
ZWL RELEASE client=3 buffer=17 dead=0
ZWL LAT draw frame=19 at_us=15523418
ZWL LAT acquired frame=19 at_us=15523421
ZWL DAMAGE frame=19 image=0 x=320 y=233 width=640 height=420
ZWL LAT recorded frame=19 at_us=15523501
ZWL COMPOSE frame=19 image=0 windows=1 at_ms=15532
ZWL LAT submit frame=19 at_us=15532971
ZWL LAT shown frame=19 at_us=15535055
ZWL COMMIT client=3 surface=6 buffer=15 queued=0
ZWL ACQUIRE_FENCE client=3 surface=6 generation=1
ZWL LAT adopt surface=6 at_us=15535181
ZWL RELEASE client=3 buffer=19 dead=0
ZWL LAT draw frame=20 at_us=15535186
ZWL LAT acquired frame=20 at_us=15535189
ZWL DAMAGE frame=20 image=0 x=320 y=233 width=640 height=420
ZWL LAT recorded frame=20 at_us=15535299
ZWL COMPOSE frame=20 image=0 windows=1 at_ms=15544
ZWL LAT submit frame=20 at_us=15544714
ZWL LAT shown frame=20 at_us=15546795
ZWL COMMIT client=3 surface=6 buffer=17 queued=0
ZWL ACQUIRE_FENCE client=3 surface=6 generation=1
ZWL LAT adopt surface=6 at_us=15546993
ZWL RELEASE client=3 buffer=15 dead=0
ZWL LAT draw frame=21 at_us=15546998
ZWL LAT acquired frame=21 at_us=15547001
ZWL DAMAGE frame=21 image=0 x=320 y=233 width=640 height=420
ZWL LAT recorded frame=21 at_us=15547117
ZWL COMPOSE frame=21 image=0 windows=1 at_ms=15556
ZWL LAT submit frame=21 at_us=15556615
ZWL LAT shown frame=21 at_us=15558790
ZWL COMMIT client=3 surface=6 buffer=19 queued=0
ZWL ACQUIRE_FENCE client=3 surface=6 generation=1
ZWL LAT adopt surface=6 at_us=15559068
ZWL RELEASE client=3 buffer=17 dead=0
ZWL LAT draw frame=22 at_us=15559085
ZWL LAT acquired frame=22 at_us=15559096
ZWL DAMAGE frame=22 image=0 x=320 y=233 width=640 height=420
ZWL LAT recorded frame=22 at_us=15559311
ZWL COMPOSE frame=22 image=0 windows=1 at_ms=15568
ZWL LAT submit frame=22 at_us=15568524
ZWL LAT shown frame=22 at_us=15570672
ZWL COMMIT client=3 surface=6 buffer=15 queued=0
ZWL ACQUIRE_FENCE client=3 surface=6 generation=1
ZWL LAT adopt surface=6 at_us=15570977
ZWL RELEASE client=3 buffer=19 dead=0
ZWL LAT draw frame=23 at_us=15570993
ZWL LAT acquired frame=23 at_us=15571004
ZWL DAMAGE frame=23 image=0 x=320 y=233 width=640 height=420
ZWL LAT recorded frame=23 at_us=15571225
ZWL COMPOSE frame=23 image=0 windows=1 at_ms=15583
ZWL LAT submit frame=23 at_us=15583647
ZWL LAT shown frame=23 at_us=15585794
ZWL COMMIT client=3 surface=6 buffer=17 queued=0
ZWL ACQUIRE_FENCE client=3 surface=6 generation=1
ZWL LAT adopt surface=6 at_us=15586050
ZWL RELEASE client=3 buffer=15 dead=0
ZWL LAT draw frame=24 at_us=15586065
ZWL LAT acquired frame=24 at_us=15586075
ZWL DAMAGE frame=24 image=0 x=320 y=233 width=640 height=420
ZWL LAT recorded frame=24 at_us=15586267
ZWL COMPOSE frame=24 image=0 windows=1 at_ms=15599
ZWL LAT submit frame=24 at_us=15599530
ZWL LAT shown frame=24 at_us=15601675
ZWL COMMIT client=3 surface=6 buffer=19 queued=0
ZWL ACQUIRE_FENCE client=3 surface=6 generation=1
ZWL LAT adopt surface=6 at_us=15601949
ZWL RELEASE client=3 buffer=17 dead=0
ZWL LAT draw frame=25 at_us=15601963
ZWL LAT acquired frame=25 at_us=15601973
ZWL DAMAGE frame=25 image=0 x=320 y=233 width=640 height=420
ZWL LAT recorded frame=25 at_us=15602163
ZWL COMPOSE frame=25 image=0 windows=1 at_ms=15615
ZWL LAT submit frame=25 at_us=15615829
ZWL LAT shown frame=25 at_us=15617952
ZWL COMMIT client=3 surface=6 buffer=15 queued=0
ZWL ACQUIRE_FENCE client=3 surface=6 generation=1
ZWL LAT adopt surface=6 at_us=15618250
ZWL RELEASE client=3 buffer=19 dead=0
ZWL LAT draw frame=26 at_us=15618262
ZWL LAT acquired frame=26 at_us=15618270
ZWL DAMAGE frame=26 image=0 x=320 y=233 width=640 height=420
ZWL LAT recorded frame=26 at_us=15618424
ZWL COMPOSE frame=26 image=0 windows=1 at_ms=15630
ZWL LAT submit frame=26 at_us=15630043
ZWL LAT shown frame=26 at_us=15632173
ZWL COMMIT client=3 surface=6 buffer=17 queued=0
ZWL ACQUIRE_FENCE client=3 surface=6 generation=1
ZWL LAT adopt surface=6 at_us=15632365
ZWL RELEASE client=3 buffer=15 dead=0
ZWL LAT draw frame=27 at_us=15632378
ZWL LAT acquired frame=27 at_us=15632387
ZWL DAMAGE frame=27 image=0 x=320 y=233 width=640 height=420
ZWL LAT recorded frame=27 at_us=15632585
ZWL COMPOSE frame=27 image=0 windows=1 at_ms=15642
ZWL LAT submit frame=27 at_us=15642753
ZWL LAT shown frame=27 at_us=15644920
ZWL COMMIT client=3 surface=6 buffer=19 queued=0
ZWL ACQUIRE_FENCE client=3 surface=6 generation=1
ZWL LAT adopt surface=6 at_us=15645096
ZWL RELEASE client=3 buffer=17 dead=0
ZWL LAT draw frame=28 at_us=15645110
ZWL LAT acquired frame=28 at_us=15645120
ZWL DAMAGE frame=28 image=0 x=320 y=233 width=640 height=420
ZWL LAT recorded frame=28 at_us=15645299
ZWL COMPOSE frame=28 image=0 windows=1 at_ms=15655
ZWL LAT submit frame=28 at_us=15655343
ZWL LAT shown frame=28 at_us=15657452
ZWL COMMIT client=3 surface=6 buffer=15 queued=0
ZWL ACQUIRE_FENCE client=3 surface=6 generation=1
ZWL LAT adopt surface=6 at_us=15657666
ZWL RELEASE client=3 buffer=19 dead=0
ZWL LAT draw frame=29 at_us=15657675
ZWL LAT acquired frame=29 at_us=15657682
ZWL DAMAGE frame=29 image=0 x=320 y=233 width=640 height=420
ZWL LAT recorded frame=29 at_us=15657824
ZWL COMPOSE frame=29 image=0 windows=1 at_ms=15667
ZWL LAT submit frame=29 at_us=15667302
ZWL LAT shown frame=29 at_us=15669400
ZWL COMMIT client=3 surface=6 buffer=17 queued=0
ZWL ACQUIRE_FENCE client=3 surface=6 generation=1
ZWL LAT adopt surface=6 at_us=15669663
ZWL RELEASE client=3 buffer=15 dead=0
ZWL LAT draw frame=30 at_us=15669671
ZWL LAT acquired frame=30 at_us=15669676
ZWL DAMAGE frame=30 image=0 x=320 y=233 width=640 height=420
ZWL LAT recorded frame=30 at_us=15669834
ZWL COMPOSE frame=30 image=0 windows=1 at_ms=15678
ZWL LAT submit frame=30 at_us=15678994
ZWL LAT shown frame=30 at_us=15681093
ZWL COMMIT client=3 surface=6 buffer=19 queued=0
ZWL ACQUIRE_FENCE client=3 surface=6 generation=1
ZWL LAT adopt surface=6 at_us=15681284
ZWL RELEASE client=3 buffer=17 dead=0
ZWL LAT draw frame=31 at_us=15681292
ZWL LAT acquired frame=31 at_us=15681297
ZWL DAMAGE frame=31 image=0 x=320 y=233 width=640 height=420
ZWL LAT recorded frame=31 at_us=15681443
ZWL COMPOSE frame=31 image=0 windows=1 at_ms=15690
ZWL LAT submit frame=31 at_us=15690215
ZWL LAT shown frame=31 at_us=15692313
ZWL COMMIT client=3 surface=6 buffer=15 queued=0
ZWL ACQUIRE_FENCE client=3 surface=6 generation=1
ZWL LAT adopt surface=6 at_us=15692433
ZWL RELEASE client=3 buffer=19 dead=0
ZWL LAT draw frame=32 at_us=15692441
ZWL LAT acquired frame=32 at_us=15692446
ZWL DAMAGE frame=32 image=0 x=320 y=233 width=640 height=420
ZWL LAT recorded frame=32 at_us=15692592
ZWL COMPOSE frame=32 image=0 windows=1 at_ms=15701
ZWL LAT submit frame=32 at_us=15701475
ZWL LAT shown frame=32 at_us=15703622
ZWL COMMIT client=3 surface=6 buffer=17 queued=0
ZWL ACQUIRE_FENCE client=3 surface=6 generation=1
ZWL LAT adopt surface=6 at_us=15703760
ZWL RELEASE client=3 buffer=15 dead=0
ZWL LAT draw frame=33 at_us=15703774
ZWL LAT acquired frame=33 at_us=15703783
ZWL DAMAGE frame=33 image=0 x=320 y=233 width=640 height=420
ZWL LAT recorded frame=33 at_us=15703955
ZWL COMPOSE frame=33 image=0 windows=1 at_ms=15713
ZWL LAT submit frame=33 at_us=15713962
ZWL LAT shown frame=33 at_us=15723465
ZWL COMMIT client=3 surface=6 buffer=19 queued=0
ZWL ACQUIRE_FENCE client=3 surface=6 generation=1
ZWL LAT adopt surface=6 at_us=15723840
ZWL RELEASE client=3 buffer=17 dead=0
ZWL LAT draw frame=34 at_us=15723849
ZWL LAT acquired frame=34 at_us=15723856
ZWL DAMAGE frame=34 image=0 x=320 y=233 width=640 height=420
ZWL LAT recorded frame=34 at_us=15724100
ZWL COMPOSE frame=34 image=0 windows=1 at_ms=15734
ZWL LAT submit frame=34 at_us=15734984
ZWL LAT shown frame=34 at_us=15737080
ZWL COMMIT client=3 surface=6 buffer=15 queued=0
ZWL ACQUIRE_FENCE client=3 surface=6 generation=1
ZWL LAT adopt surface=6 at_us=15737305
ZWL RELEASE client=3 buffer=19 dead=0
ZWL LAT draw frame=35 at_us=15737312
ZWL LAT acquired frame=35 at_us=15737317
ZWL DAMAGE frame=35 image=0 x=320 y=233 width=640 height=420
ZWL LAT recorded frame=35 at_us=15737443
ZWL COMPOSE frame=35 image=0 windows=1 at_ms=15747
ZWL LAT submit frame=35 at_us=15747279
ZWL LAT shown frame=35 at_us=15749384
ZWL COMMIT client=3 surface=6 buffer=17 queued=0
ZWL ACQUIRE_FENCE client=3 surface=6 generation=1
ZWL LAT adopt surface=6 at_us=15750059
ZWL RELEASE client=3 buffer=15 dead=0
ZWL LAT draw frame=36 at_us=15750066
ZWL LAT acquired frame=36 at_us=15750071
ZWL DAMAGE frame=36 image=0 x=320 y=233 width=640 height=420
ZWL LAT recorded frame=36 at_us=15750191
ZWL COMPOSE frame=36 image=0 windows=1 at_ms=15760
ZWL LAT submit frame=36 at_us=15760531
ZWL LAT shown frame=36 at_us=15762625
ZWL COMMIT client=3 surface=6 buffer=19 queued=0
ZWL ACQUIRE_FENCE client=3 surface=6 generation=1
ZWL LAT adopt surface=6 at_us=15762874
ZWL RELEASE client=3 buffer=17 dead=0
ZWL LAT draw frame=37 at_us=15762880
ZWL LAT acquired frame=37 at_us=15762884
ZWL DAMAGE frame=37 image=0 x=320 y=233 width=640 height=420
ZWL LAT recorded frame=37 at_us=15763011
ZWL COMPOSE frame=37 image=0 windows=1 at_ms=15772
ZWL LAT submit frame=37 at_us=15772144
ZWL LAT shown frame=37 at_us=15774414
ZWL COMMIT client=3 surface=6 buffer=15 queued=0
ZWL ACQUIRE_FENCE client=3 surface=6 generation=1
ZWL LAT adopt surface=6 at_us=15774812
ZWL RELEASE client=3 buffer=19 dead=0
ZWL LAT draw frame=38 at_us=15774828
ZWL LAT acquired frame=38 at_us=15774839
ZWL DAMAGE frame=38 image=0 x=320 y=233 width=640 height=420
ZWL LAT recorded frame=38 at_us=15775049
ZWL COMPOSE frame=38 image=0 windows=1 at_ms=15787
ZWL LAT submit frame=38 at_us=15787877
ZWL LAT shown frame=38 at_us=15790006
ZWL COMMIT client=3 surface=6 buffer=17 queued=0
ZWL ACQUIRE_FENCE client=3 surface=6 generation=1
ZWL LAT adopt surface=6 at_us=15790339
ZWL RELEASE client=3 buffer=15 dead=0
ZWL LAT draw frame=39 at_us=15790350
ZWL LAT acquired frame=39 at_us=15790359
ZWL DAMAGE frame=39 image=0 x=320 y=233 width=640 height=420
ZWL LAT recorded frame=39 at_us=15790523
ZWL COMPOSE frame=39 image=0 windows=1 at_ms=15801
ZWL LAT submit frame=39 at_us=15801550
ZWL LAT shown frame=39 at_us=15803693
ZWL COMMIT client=3 surface=6 buffer=19 queued=0
ZWL ACQUIRE_FENCE client=3 surface=6 generation=1
ZWL LAT adopt surface=6 at_us=15803878
ZWL RELEASE client=3 buffer=17 dead=0
ZWL LAT draw frame=40 at_us=15803896
ZWL LAT acquired frame=40 at_us=15803905
ZWL DAMAGE frame=40 image=0 x=320 y=233 width=640 height=420
ZWL LAT recorded frame=40 at_us=15804140
ZWL COMPOSE frame=40 image=0 windows=1 at_ms=15814
ZWL LAT submit frame=40 at_us=15814654
ZWL LAT shown frame=40 at_us=15816784
ZWL COMMIT client=3 surface=6 buffer=15 queued=0
ZWL ACQUIRE_FENCE client=3 surface=6 generation=1
ZWL LAT adopt surface=6 at_us=15817017
ZWL RELEASE client=3 buffer=19 dead=0
ZWL LAT draw frame=41 at_us=15817028
ZWL LAT acquired frame=41 at_us=15817035
ZWL DAMAGE frame=41 image=0 x=320 y=233 width=640 height=420
ZWL LAT recorded frame=41 at_us=15817185
ZWL COMPOSE frame=41 image=0 windows=1 at_ms=15826
ZWL LAT submit frame=41 at_us=15826982
ZWL LAT shown frame=41 at_us=15829095
ZWL COMMIT client=3 surface=6 buffer=17 queued=0
ZWL ACQUIRE_FENCE client=3 surface=6 generation=1
ZWL LAT adopt surface=6 at_us=15829355
ZWL RELEASE client=3 buffer=15 dead=0
ZWL LAT draw frame=42 at_us=15829364
ZWL LAT acquired frame=42 at_us=15829370
ZWL DAMAGE frame=42 image=0 x=320 y=233 width=640 height=420
ZWL LAT recorded frame=42 at_us=15829525
ZWL COMPOSE frame=42 image=0 windows=1 at_ms=15841
ZWL LAT submit frame=42 at_us=15841676
ZWL LAT shown frame=42 at_us=15843784
ZWL COMMIT client=3 surface=6 buffer=19 queued=0
ZWL ACQUIRE_FENCE client=3 surface=6 generation=1
ZWL LAT adopt surface=6 at_us=15843932
ZWL RELEASE client=3 buffer=17 dead=0
ZWL LAT draw frame=43 at_us=15843941
ZWL LAT acquired frame=43 at_us=15843947
ZWL DAMAGE frame=43 image=0 x=320 y=233 width=640 height=420
ZWL LAT recorded frame=43 at_us=15844086
ZWL COMPOSE frame=43 image=0 windows=1 at_ms=15853
ZWL LAT submit frame=43 at_us=15853642
ZWL LAT shown frame=43 at_us=15855769
ZWL COMMIT client=3 surface=6 buffer=15 queued=0
ZWL ACQUIRE_FENCE client=3 surface=6 generation=1
ZWL LAT adopt surface=6 at_us=15855917
ZWL RELEASE client=3 buffer=19 dead=0
ZWL LAT draw frame=44 at_us=15855927
ZWL LAT acquired frame=44 at_us=15855935
ZWL DAMAGE frame=44 image=0 x=320 y=233 width=640 height=420
ZWL LAT recorded frame=44 at_us=15856097
ZWL COMPOSE frame=44 image=0 windows=1 at_ms=15865
ZWL LAT submit frame=44 at_us=15865790
ZWL LAT shown frame=44 at_us=15867906
ZWL COMMIT client=3 surface=6 buffer=17 queued=0
ZWL ACQUIRE_FENCE client=3 surface=6 generation=1
ZWL LAT adopt surface=6 at_us=15868068
ZWL RELEASE client=3 buffer=15 dead=0
ZWL LAT draw frame=45 at_us=15868078
ZWL LAT acquired frame=45 at_us=15868084
ZWL DAMAGE frame=45 image=0 x=320 y=233 width=640 height=420
ZWL LAT recorded frame=45 at_us=15868203
ZWL COMPOSE frame=45 image=0 windows=1 at_ms=15877
ZWL LAT submit frame=45 at_us=15877243
ZWL LAT shown frame=45 at_us=15879357
ZWL COMMIT client=3 surface=6 buffer=19 queued=0
ZWL ACQUIRE_FENCE client=3 surface=6 generation=1
ZWL LAT adopt surface=6 at_us=15879492
ZWL RELEASE client=3 buffer=17 dead=0
ZWL LAT draw frame=46 at_us=15879501
ZWL LAT acquired frame=46 at_us=15879507
ZWL DAMAGE frame=46 image=0 x=320 y=233 width=640 height=420
ZWL LAT recorded frame=46 at_us=15879640
ZWL COMPOSE frame=46 image=0 windows=1 at_ms=15888
ZWL LAT submit frame=46 at_us=15888965
ZWL LAT shown frame=46 at_us=15891081
ZWL COMMIT client=3 surface=6 buffer=15 queued=0
ZWL ACQUIRE_FENCE client=3 surface=6 generation=1
ZWL LAT adopt surface=6 at_us=15891240
ZWL RELEASE client=3 buffer=19 dead=0
ZWL LAT draw frame=47 at_us=15891250
ZWL LAT acquired frame=47 at_us=15891256
ZWL DAMAGE frame=47 image=0 x=320 y=233 width=640 height=420
ZWL LAT recorded frame=47 at_us=15891392
ZWL COMPOSE frame=47 image=0 windows=1 at_ms=15900
ZWL LAT submit frame=47 at_us=15900669
ZWL LAT shown frame=47 at_us=15902777
ZWL COMMIT client=3 surface=6 buffer=17 queued=0
ZWL ACQUIRE_FENCE client=3 surface=6 generation=1
ZWL LAT adopt surface=6 at_us=15902955
ZWL RELEASE client=3 buffer=15 dead=0
ZWL LAT draw frame=48 at_us=15902963
ZWL LAT acquired frame=48 at_us=15902969
ZWL DAMAGE frame=48 image=0 x=320 y=233 width=640 height=420
ZWL LAT recorded frame=48 at_us=15903079
ZWL COMPOSE frame=48 image=0 windows=1 at_ms=15914
ZWL LAT submit frame=48 at_us=15914556
ZWL LAT shown frame=48 at_us=15916656
ZWL COMMIT client=3 surface=6 buffer=19 queued=0
ZWL ACQUIRE_FENCE client=3 surface=6 generation=1
ZWL LAT adopt surface=6 at_us=15916818
ZWL RELEASE client=3 buffer=17 dead=0
ZWL LAT draw frame=49 at_us=15916826
ZWL LAT acquired frame=49 at_us=15916831
ZWL DAMAGE frame=49 image=0 x=320 y=233 width=640 height=420
ZWL LAT recorded frame=49 at_us=15916964
ZWL COMPOSE frame=49 image=0 windows=1 at_ms=15929
ZWL LAT submit frame=49 at_us=15929352
ZWL LAT shown frame=49 at_us=15931455
ZWL COMMIT client=3 surface=6 buffer=15 queued=0
ZWL ACQUIRE_FENCE client=3 surface=6 generation=1
ZWL LAT adopt surface=6 at_us=15931605
ZWL RELEASE client=3 buffer=19 dead=0
ZWL LAT draw frame=50 at_us=15931612
ZWL LAT acquired frame=50 at_us=15931617
ZWL DAMAGE frame=50 image=0 x=320 y=233 width=640 height=420
ZWL LAT recorded frame=50 at_us=15931745
ZWL COMPOSE frame=50 image=0 windows=1 at_ms=15941
ZWL LAT submit frame=50 at_us=15941947
ZWL LAT shown frame=50 at_us=15944068
ZWL COMMIT client=3 surface=6 buffer=17 queued=0
ZWL ACQUIRE_FENCE client=3 surface=6 generation=1
ZWL LAT adopt surface=6 at_us=15944247
ZWL RELEASE client=3 buffer=15 dead=0
ZWL LAT draw frame=51 at_us=15944263
ZWL LAT acquired frame=51 at_us=15944273
ZWL DAMAGE frame=51 image=0 x=320 y=233 width=640 height=420
ZWL LAT recorded frame=51 at_us=15944449
ZWL COMPOSE frame=51 image=0 windows=1 at_ms=15954
ZWL LAT submit frame=51 at_us=15954077
ZWL LAT shown frame=51 at_us=15956224
ZWL COMMIT client=3 surface=6 buffer=19 queued=0
ZWL ACQUIRE_FENCE client=3 surface=6 generation=1
ZWL LAT adopt surface=6 at_us=15956412
ZWL RELEASE client=3 buffer=17 dead=0
ZWL LAT draw frame=52 at_us=15956426
ZWL LAT acquired frame=52 at_us=15956435
ZWL DAMAGE frame=52 image=0 x=320 y=233 width=640 height=420
ZWL LAT recorded frame=52 at_us=15956631
ZWL COMPOSE frame=52 image=0 windows=1 at_ms=15969
ZWL LAT submit frame=52 at_us=15969361
ZWL LAT shown frame=52 at_us=15971504
ZWL COMMIT client=3 surface=6 buffer=15 queued=0
ZWL ACQUIRE_FENCE client=3 surface=6 generation=1
ZWL LAT adopt surface=6 at_us=15971733
ZWL RELEASE client=3 buffer=19 dead=0
ZWL LAT draw frame=53 at_us=15971744
ZWL LAT acquired frame=53 at_us=15971752
ZWL DAMAGE frame=53 image=0 x=320 y=233 width=640 height=420
ZWL LAT recorded frame=53 at_us=15971920
ZWL COMPOSE frame=53 image=0 windows=1 at_ms=15984
ZWL LAT submit frame=53 at_us=15984105
ZWL LAT shown frame=53 at_us=15986293
ZWL COMMIT client=3 surface=6 buffer=17 queued=0
ZWL ACQUIRE_FENCE client=3 surface=6 generation=1
ZWL LAT adopt surface=6 at_us=15986595
ZWL RELEASE client=3 buffer=15 dead=0
ZWL LAT draw frame=54 at_us=15986604
ZWL LAT acquired frame=54 at_us=15986611
ZWL DAMAGE frame=54 image=0 x=320 y=233 width=640 height=420
ZWL LAT recorded frame=54 at_us=15986781
ZWL COMPOSE frame=54 image=0 windows=1 at_ms=15999
ZWL LAT submit frame=54 at_us=15999652
ZWL LAT shown frame=54 at_us=16001752
ZWL COMMIT client=3 surface=6 buffer=19 queued=0
ZWL ACQUIRE_FENCE client=3 surface=6 generation=1
ZWL LAT adopt surface=6 at_us=16002004
ZWL RELEASE client=3 buffer=17 dead=0
ZWL LAT draw frame=55 at_us=16002011
ZWL LAT acquired frame=55 at_us=16002016
ZWL DAMAGE frame=55 image=0 x=320 y=233 width=640 height=420
ZWL LAT recorded frame=55 at_us=16002150
ZWL COMPOSE frame=55 image=0 windows=1 at_ms=16012
ZWL LAT submit frame=55 at_us=16012987
ZWL LAT shown frame=55 at_us=16015187
ZWL COMMIT client=3 surface=6 buffer=15 queued=0
ZWL ACQUIRE_FENCE client=3 surface=6 generation=1
ZWL LAT adopt surface=6 at_us=16015428
ZWL RELEASE client=3 buffer=19 dead=0
ZWL LAT draw frame=56 at_us=16015443
ZWL LAT acquired frame=56 at_us=16015453
ZWL DAMAGE frame=56 image=0 x=320 y=233 width=640 height=420
ZWL LAT recorded frame=56 at_us=16015629
ZWL COMPOSE frame=56 image=0 windows=1 at_ms=16027
ZWL LAT submit frame=56 at_us=16027819
ZWL LAT shown frame=56 at_us=16029936
ZWL COMMIT client=3 surface=6 buffer=17 queued=0
ZWL ACQUIRE_FENCE client=3 surface=6 generation=1
ZWL LAT adopt surface=6 at_us=16030208
ZWL RELEASE client=3 buffer=15 dead=0
ZWL LAT draw frame=57 at_us=16030217
ZWL LAT acquired frame=57 at_us=16030224
ZWL DAMAGE frame=57 image=0 x=320 y=233 width=640 height=420
ZWL LAT recorded frame=57 at_us=16030363
ZWL COMPOSE frame=57 image=0 windows=1 at_ms=16040
ZWL LAT submit frame=57 at_us=16040190
ZWL LAT shown frame=57 at_us=16042300
ZWL COMMIT client=3 surface=6 buffer=19 queued=0
ZWL ACQUIRE_FENCE client=3 surface=6 generation=1
ZWL LAT adopt surface=6 at_us=16042534
ZWL RELEASE client=3 buffer=17 dead=0
ZWL LAT draw frame=58 at_us=16042542
ZWL LAT acquired frame=58 at_us=16042549
ZWL DAMAGE frame=58 image=0 x=320 y=233 width=640 height=420
ZWL LAT recorded frame=58 at_us=16042674
ZWL COMPOSE frame=58 image=0 windows=1 at_ms=16051
ZWL LAT submit frame=58 at_us=16051809
ZWL LAT shown frame=58 at_us=16053985
ZWL COMMIT client=3 surface=6 buffer=15 queued=0
ZWL ACQUIRE_FENCE client=3 surface=6 generation=1
ZWL LAT adopt surface=6 at_us=16054239
ZWL RELEASE client=3 buffer=19 dead=0
ZWL LAT draw frame=59 at_us=16054248
ZWL LAT acquired frame=59 at_us=16054255
ZWL DAMAGE frame=59 image=0 x=320 y=233 width=640 height=420
ZWL LAT recorded frame=59 at_us=16054381
ZWL COMPOSE frame=59 image=0 windows=1 at_ms=16063
ZWL LAT submit frame=59 at_us=16063753
ZWL LAT shown frame=59 at_us=16065979
ZWL COMMIT client=3 surface=6 buffer=17 queued=0
ZWL ACQUIRE_FENCE client=3 surface=6 generation=1
ZWL LAT adopt surface=6 at_us=16066265
ZWL RELEASE client=3 buffer=15 dead=0
ZWL LAT draw frame=60 at_us=16066279
ZWL LAT acquired frame=60 at_us=16066289
ZWL DAMAGE frame=60 image=0 x=320 y=233 width=640 height=420
ZWL LAT recorded frame=60 at_us=16066481
ZWL COMPOSE frame=60 image=0 windows=1 at_ms=16076
ZWL LAT submit frame=60 at_us=16076104
ZWL LAT shown frame=60 at_us=16078291
ZWL COMMIT client=3 surface=6 buffer=19 queued=0
ZWL ACQUIRE_FENCE client=3 surface=6 generation=1
ZWL LAT adopt surface=6 at_us=16078546
ZWL RELEASE client=3 buffer=17 dead=0
ZWL LAT draw frame=61 at_us=16078554
ZWL LAT acquired frame=61 at_us=16078559
ZWL DAMAGE frame=61 image=0 x=320 y=233 width=640 height=420
ZWL LAT recorded frame=61 at_us=16078680
ZWL COMPOSE frame=61 image=0 windows=1 at_ms=16090
ZWL LAT submit frame=61 at_us=16090216
ZWL LAT shown frame=61 at_us=16092332
ZWL COMMIT client=3 surface=6 buffer=15 queued=0
ZWL ACQUIRE_FENCE client=3 surface=6 generation=1
ZWL LAT adopt surface=6 at_us=16092498
ZWL RELEASE client=3 buffer=19 dead=0
ZWL LAT draw frame=62 at_us=16092506
ZWL LAT acquired frame=62 at_us=16092513
ZWL DAMAGE frame=62 image=0 x=320 y=233 width=640 height=420
ZWL LAT recorded frame=62 at_us=16092646
ZWL COMPOSE frame=62 image=0 windows=1 at_ms=16101
ZWL LAT submit frame=62 at_us=16101826
ZWL LAT shown frame=62 at_us=16103957
ZWL COMMIT client=3 surface=6 buffer=17 queued=0
ZWL ACQUIRE_FENCE client=3 surface=6 generation=1
ZWL LAT adopt surface=6 at_us=16104267
ZWL RELEASE client=3 buffer=15 dead=0
ZWL LAT draw frame=63 at_us=16104280
ZWL LAT acquired frame=63 at_us=16104289
ZWL DAMAGE frame=63 image=0 x=320 y=233 width=640 height=420
ZWL LAT recorded frame=63 at_us=16104476
ZWL COMPOSE frame=63 image=0 windows=1 at_ms=16113
ZWL LAT submit frame=63 at_us=16113674
ZWL LAT shown frame=63 at_us=16115792
ZWL COMMIT client=3 surface=6 buffer=19 queued=0
ZWL ACQUIRE_FENCE client=3 surface=6 generation=1
ZWL LAT adopt surface=6 at_us=16115946
ZWL RELEASE client=3 buffer=17 dead=0
ZWL LAT draw frame=64 at_us=16115957
ZWL LAT acquired frame=64 at_us=16115978
ZWL DAMAGE frame=64 image=0 x=320 y=233 width=640 height=420
ZWL LAT recorded frame=64 at_us=16116190
ZWL COMPOSE frame=64 image=0 windows=1 at_ms=16125
ZWL LAT submit frame=64 at_us=16125655
ZWL LAT shown frame=64 at_us=16127783
ZWL COMMIT client=3 surface=6 buffer=15 queued=0
ZWL ACQUIRE_FENCE client=3 surface=6 generation=1
ZWL LAT adopt surface=6 at_us=16128032
ZWL RELEASE client=3 buffer=19 dead=0
ZWL LAT draw frame=65 at_us=16128042
ZWL LAT acquired frame=65 at_us=16128049
ZWL DAMAGE frame=65 image=0 x=320 y=233 width=640 height=420
ZWL LAT recorded frame=65 at_us=16128187
ZWL COMPOSE frame=65 image=0 windows=1 at_ms=16138
ZWL LAT submit frame=65 at_us=16138020
ZWL LAT shown frame=65 at_us=16140131
ZWL COMMIT client=3 surface=6 buffer=17 queued=0
ZWL ACQUIRE_FENCE client=3 surface=6 generation=1
ZWL LAT adopt surface=6 at_us=16140298
ZWL RELEASE client=3 buffer=15 dead=0
ZWL LAT draw frame=66 at_us=16140306
ZWL LAT acquired frame=66 at_us=16140313
ZWL DAMAGE frame=66 image=0 x=320 y=233 width=640 height=420
ZWL LAT recorded frame=66 at_us=16140436
ZWL COMPOSE frame=66 image=0 windows=1 at_ms=16150
ZWL LAT submit frame=66 at_us=16150518
ZWL LAT shown frame=66 at_us=16152656
ZWL COMMIT client=3 surface=6 buffer=19 queued=0
ZWL ACQUIRE_FENCE client=3 surface=6 generation=1
ZWL LAT adopt surface=6 at_us=16152810
ZWL RELEASE client=3 buffer=17 dead=0
ZWL LAT draw frame=67 at_us=16152823
ZWL LAT acquired frame=67 at_us=16152831
ZWL DAMAGE frame=67 image=0 x=320 y=233 width=640 height=420
ZWL LAT recorded frame=67 at_us=16152984
ZWL COMPOSE frame=67 image=0 windows=1 at_ms=16165
ZWL LAT submit frame=67 at_us=16165068
ZWL LAT shown frame=67 at_us=16167185
ZWL COMMIT client=3 surface=6 buffer=15 queued=0
ZWL ACQUIRE_FENCE client=3 surface=6 generation=1
ZWL LAT adopt surface=6 at_us=16167361
ZWL RELEASE client=3 buffer=19 dead=0
ZWL LAT draw frame=68 at_us=16167371
ZWL LAT acquired frame=68 at_us=16167378
ZWL DAMAGE frame=68 image=0 x=320 y=233 width=640 height=420
ZWL LAT recorded frame=68 at_us=16167501
ZWL COMPOSE frame=68 image=0 windows=1 at_ms=16179
ZWL LAT submit frame=68 at_us=16179487
ZWL LAT shown frame=68 at_us=16181635
ZWL COMMIT client=3 surface=6 buffer=17 queued=0
ZWL ACQUIRE_FENCE client=3 surface=6 generation=1
ZWL LAT adopt surface=6 at_us=16181868
ZWL RELEASE client=3 buffer=15 dead=0
ZWL LAT draw frame=69 at_us=16181883
ZWL LAT acquired frame=69 at_us=16181892
ZWL DAMAGE frame=69 image=0 x=320 y=233 width=640 height=420
ZWL LAT recorded frame=69 at_us=16182065
ZWL COMPOSE frame=69 image=0 windows=1 at_ms=16195
ZWL LAT submit frame=69 at_us=16195096
ZWL LAT shown frame=69 at_us=16197214
ZWL COMMIT client=3 surface=6 buffer=19 queued=0
ZWL ACQUIRE_FENCE client=3 surface=6 generation=1
ZWL LAT adopt surface=6 at_us=16197485
ZWL RELEASE client=3 buffer=17 dead=0
ZWL LAT draw frame=70 at_us=16197495
ZWL LAT acquired frame=70 at_us=16197502
ZWL DAMAGE frame=70 image=0 x=320 y=233 width=640 height=420
ZWL LAT recorded frame=70 at_us=16197659
ZWL COMPOSE frame=70 image=0 windows=1 at_ms=16210
ZWL LAT submit frame=70 at_us=16210542
ZWL LAT shown frame=70 at_us=16212706
ZWL COMMIT client=3 surface=6 buffer=15 queued=0
ZWL ACQUIRE_FENCE client=3 surface=6 generation=1
ZWL LAT adopt surface=6 at_us=16212884
ZWL RELEASE client=3 buffer=19 dead=0
ZWL LAT draw frame=71 at_us=16212897
ZWL LAT acquired frame=71 at_us=16212906
ZWL DAMAGE frame=71 image=0 x=320 y=233 width=640 height=420
ZWL LAT recorded frame=71 at_us=16213080
ZWL COMPOSE frame=71 image=0 windows=1 at_ms=16225
ZWL LAT submit frame=71 at_us=16225122
ZWL LAT shown frame=71 at_us=16227231
ZWL COMMIT client=3 surface=6 buffer=17 queued=0
ZWL ACQUIRE_FENCE client=3 surface=6 generation=1
ZWL LAT adopt surface=6 at_us=16227413
ZWL RELEASE client=3 buffer=15 dead=0
ZWL LAT draw frame=72 at_us=16227422
ZWL LAT acquired frame=72 at_us=16227429
ZWL DAMAGE frame=72 image=0 x=320 y=233 width=640 height=420
ZWL LAT recorded frame=72 at_us=16227588
ZWL COMPOSE frame=72 image=0 windows=1 at_ms=16252
ZWL LAT submit frame=72 at_us=16252358
ZWL LAT shown frame=72 at_us=16254548
ZWL COMMIT client=3 surface=6 buffer=19 queued=0
ZWL ACQUIRE_FENCE client=3 surface=6 generation=1
ZWL LAT adopt surface=6 at_us=16254717
ZWL RELEASE client=3 buffer=17 dead=0
ZWL LAT draw frame=73 at_us=16254722
ZWL LAT acquired frame=73 at_us=16254726
ZWL DAMAGE frame=73 image=0 x=320 y=233 width=640 height=420
ZWL LAT recorded frame=73 at_us=16254896
ZWL COMPOSE frame=73 image=0 windows=1 at_ms=16262
ZWL LAT submit frame=73 at_us=16262327
ZWL LAT shown frame=73 at_us=16264457
ZWL COMMIT client=3 surface=6 buffer=15 queued=0
ZWL ACQUIRE_FENCE client=3 surface=6 generation=1
ZWL LAT adopt surface=6 at_us=16264586
ZWL RELEASE client=3 buffer=19 dead=0
ZWL LAT draw frame=74 at_us=16264596
ZWL LAT acquired frame=74 at_us=16264604
ZWL DAMAGE frame=74 image=0 x=320 y=233 width=640 height=420
ZWL LAT recorded frame=74 at_us=16264743
ZWL COMPOSE frame=74 image=0 windows=1 at_ms=16271
ZWL LAT submit frame=74 at_us=16271739
ZWL LAT shown frame=74 at_us=16273846
ZWL COMMIT client=3 surface=6 buffer=17 queued=0
ZWL ACQUIRE_FENCE client=3 surface=6 generation=1
ZWL LAT adopt surface=6 at_us=16274062
ZWL RELEASE client=3 buffer=15 dead=0
ZWL LAT draw frame=75 at_us=16274072
ZWL LAT acquired frame=75 at_us=16274078
ZWL DAMAGE frame=75 image=0 x=320 y=233 width=640 height=420
ZWL LAT recorded frame=75 at_us=16274236
ZWL COMPOSE frame=75 image=0 windows=1 at_ms=16281
ZWL LAT submit frame=75 at_us=16281673
ZWL LAT shown frame=75 at_us=16283775
ZWL COMMIT client=3 surface=6 buffer=19 queued=0
ZWL ACQUIRE_FENCE client=3 surface=6 generation=1
ZWL LAT adopt surface=6 at_us=16283944
ZWL RELEASE client=3 buffer=17 dead=0
ZWL LAT draw frame=76 at_us=16283953
ZWL LAT acquired frame=76 at_us=16283958
ZWL DAMAGE frame=76 image=0 x=320 y=233 width=640 height=420
ZWL LAT recorded frame=76 at_us=16284137
ZWL COMPOSE frame=76 image=0 windows=1 at_ms=16293
ZWL LAT submit frame=76 at_us=16293089
ZWL LAT shown frame=76 at_us=16295190
ZWL COMMIT client=3 surface=6 buffer=15 queued=0
ZWL ACQUIRE_FENCE client=3 surface=6 generation=1
ZWL LAT adopt surface=6 at_us=16295339
ZWL RELEASE client=3 buffer=19 dead=0
ZWL LAT draw frame=77 at_us=16295348
ZWL LAT acquired frame=77 at_us=16295353
ZWL DAMAGE frame=77 image=0 x=320 y=233 width=640 height=420
ZWL LAT recorded frame=77 at_us=16295455
ZWL COMPOSE frame=77 image=0 windows=1 at_ms=16303
ZWL LAT submit frame=77 at_us=16303620
ZWL LAT shown frame=77 at_us=16305798
ZWL COMMIT client=3 surface=6 buffer=17 queued=0
ZWL ACQUIRE_FENCE client=3 surface=6 generation=1
ZWL LAT adopt surface=6 at_us=16306006
ZWL RELEASE client=3 buffer=15 dead=0
ZWL LAT draw frame=78 at_us=16306014
ZWL LAT acquired frame=78 at_us=16306020
ZWL DAMAGE frame=78 image=0 x=320 y=233 width=640 height=420
ZWL LAT recorded frame=78 at_us=16306131
ZWL COMPOSE frame=78 image=0 windows=1 at_ms=16316
ZWL LAT submit frame=78 at_us=16316883
ZWL LAT shown frame=78 at_us=16318973
ZWL COMMIT client=3 surface=6 buffer=19 queued=0
ZWL ACQUIRE_FENCE client=3 surface=6 generation=1
ZWL LAT adopt surface=6 at_us=16319093
ZWL RELEASE client=3 buffer=17 dead=0
ZWL LAT draw frame=79 at_us=16319099
ZWL LAT acquired frame=79 at_us=16319102
ZWL DAMAGE frame=79 image=0 x=320 y=233 width=640 height=420
ZWL LAT recorded frame=79 at_us=16319222
ZWL COMPOSE frame=79 image=0 windows=1 at_ms=16330
ZWL LAT submit frame=79 at_us=16330959
ZWL LAT shown frame=79 at_us=16333055
ZWL COMMIT client=3 surface=6 buffer=15 queued=0
ZWL ACQUIRE_FENCE client=3 surface=6 generation=1
ZWL LAT adopt surface=6 at_us=16333208
ZWL RELEASE client=3 buffer=19 dead=0
ZWL LAT draw frame=80 at_us=16333216
ZWL LAT acquired frame=80 at_us=16333221
ZWL DAMAGE frame=80 image=0 x=320 y=233 width=640 height=420
ZWL LAT recorded frame=80 at_us=16333354
ZWL COMPOSE frame=80 image=0 windows=1 at_ms=16345
ZWL LAT submit frame=80 at_us=16345195
ZWL LAT shown frame=80 at_us=16347350
ZWL COMMIT client=3 surface=6 buffer=17 queued=0
ZWL ACQUIRE_FENCE client=3 surface=6 generation=1
ZWL LAT adopt surface=6 at_us=16347532
ZWL RELEASE client=3 buffer=15 dead=0
ZWL LAT draw frame=81 at_us=16347595
ZWL LAT acquired frame=81 at_us=16347607
ZWL DAMAGE frame=81 image=0 x=320 y=233 width=640 height=420
ZWL LAT recorded frame=81 at_us=16347804
ZWL COMPOSE frame=81 image=0 windows=1 at_ms=16358
ZWL LAT submit frame=81 at_us=16358529
ZWL LAT shown frame=81 at_us=16360633
ZWL COMMIT client=3 surface=6 buffer=19 queued=0
ZWL ACQUIRE_FENCE client=3 surface=6 generation=1
ZWL LAT adopt surface=6 at_us=16360786
ZWL RELEASE client=3 buffer=17 dead=0
ZWL LAT draw frame=82 at_us=16360794
ZWL LAT acquired frame=82 at_us=16360800
ZWL DAMAGE frame=82 image=0 x=320 y=233 width=640 height=420
ZWL LAT recorded frame=82 at_us=16360930
ZWL COMPOSE frame=82 image=0 windows=1 at_ms=16371
ZWL LAT submit frame=82 at_us=16371434
ZWL LAT shown frame=82 at_us=16373539
ZWL COMMIT client=3 surface=6 buffer=15 queued=0
ZWL ACQUIRE_FENCE client=3 surface=6 generation=1
ZWL LAT adopt surface=6 at_us=16373790
ZWL RELEASE client=3 buffer=19 dead=0
ZWL LAT draw frame=83 at_us=16373799
ZWL LAT acquired frame=83 at_us=16373805
ZWL DAMAGE frame=83 image=0 x=320 y=233 width=640 height=420
ZWL LAT recorded frame=83 at_us=16373950
ZWL COMPOSE frame=83 image=0 windows=1 at_ms=16383
ZWL LAT submit frame=83 at_us=16383191
ZWL LAT shown frame=83 at_us=16385282
ZWL COMMIT client=3 surface=6 buffer=17 queued=0
ZWL ACQUIRE_FENCE client=3 surface=6 generation=1
ZWL LAT adopt surface=6 at_us=16385492
ZWL RELEASE client=3 buffer=15 dead=0
ZWL LAT draw frame=84 at_us=16385498
ZWL LAT acquired frame=84 at_us=16385502
ZWL DAMAGE frame=84 image=0 x=320 y=233 width=640 height=420
ZWL LAT recorded frame=84 at_us=16385619
ZWL COMPOSE frame=84 image=0 windows=1 at_ms=16394
ZWL LAT submit frame=84 at_us=16394796
ZWL LAT shown frame=84 at_us=16396878
ZWL COMMIT client=3 surface=6 buffer=19 queued=0
ZWL ACQUIRE_FENCE client=3 surface=6 generation=1
ZWL LAT adopt surface=6 at_us=16396997
ZWL RELEASE client=3 buffer=17 dead=0
ZWL LAT draw frame=85 at_us=16397002
ZWL LAT acquired frame=85 at_us=16397006
ZWL DAMAGE frame=85 image=0 x=320 y=233 width=640 height=420
ZWL LAT recorded frame=85 at_us=16397118
ZWL COMPOSE frame=85 image=0 windows=1 at_ms=16405
ZWL LAT submit frame=85 at_us=16406015
ZWL LAT shown frame=85 at_us=16408146
ZWL COMMIT client=3 surface=6 buffer=15 queued=0
ZWL ACQUIRE_FENCE client=3 surface=6 generation=1
ZWL LAT adopt surface=6 at_us=16408313
ZWL RELEASE client=3 buffer=19 dead=0
ZWL LAT draw frame=86 at_us=16408323
ZWL LAT acquired frame=86 at_us=16408330
ZWL DAMAGE frame=86 image=0 x=320 y=233 width=640 height=420
ZWL LAT recorded frame=86 at_us=16408471
ZWL COMPOSE frame=86 image=0 windows=1 at_ms=16417
ZWL LAT submit frame=86 at_us=16417217
ZWL LAT shown frame=86 at_us=16419321
ZWL COMMIT client=3 surface=6 buffer=17 queued=0
ZWL ACQUIRE_FENCE client=3 surface=6 generation=1
ZWL LAT adopt surface=6 at_us=16419462
ZWL RELEASE client=3 buffer=15 dead=0
ZWL LAT draw frame=87 at_us=16419469
ZWL LAT acquired frame=87 at_us=16419475
ZWL DAMAGE frame=87 image=0 x=320 y=233 width=640 height=420
ZWL LAT recorded frame=87 at_us=16419615
ZWL COMPOSE frame=87 image=0 windows=1 at_ms=16428
ZWL LAT submit frame=87 at_us=16428144
ZWL LAT shown frame=87 at_us=16430305
ZWL COMMIT client=3 surface=6 buffer=19 queued=0
ZWL ACQUIRE_FENCE client=3 surface=6 generation=1
ZWL LAT adopt surface=6 at_us=16430550
ZWL RELEASE client=3 buffer=17 dead=0
ZWL LAT draw frame=88 at_us=16430557
ZWL LAT acquired frame=88 at_us=16430562
ZWL DAMAGE frame=88 image=0 x=320 y=233 width=640 height=420
ZWL LAT recorded frame=88 at_us=16430690
ZWL COMPOSE frame=88 image=0 windows=1 at_ms=16438
ZWL LAT submit frame=88 at_us=16438984
ZWL LAT shown frame=88 at_us=16441081
ZWL COMMIT client=3 surface=6 buffer=15 queued=0
ZWL ACQUIRE_FENCE client=3 surface=6 generation=1
ZWL LAT adopt surface=6 at_us=16441236
ZWL RELEASE client=3 buffer=19 dead=0
ZWL LAT draw frame=89 at_us=16441241
ZWL LAT acquired frame=89 at_us=16441245
ZWL DAMAGE frame=89 image=0 x=320 y=233 width=640 height=420
ZWL LAT recorded frame=89 at_us=16441361
ZWL COMPOSE frame=89 image=0 windows=1 at_ms=16449
ZWL LAT submit frame=89 at_us=16449822
ZWL LAT shown frame=89 at_us=16451913
ZWL COMMIT client=3 surface=6 buffer=17 queued=0
ZWL ACQUIRE_FENCE client=3 surface=6 generation=1
ZWL LAT adopt surface=6 at_us=16452066
ZWL RELEASE client=3 buffer=15 dead=0
ZWL LAT draw frame=90 at_us=16452071
ZWL LAT acquired frame=90 at_us=16452075
ZWL DAMAGE frame=90 image=0 x=320 y=233 width=640 height=420
ZWL LAT recorded frame=90 at_us=16452251
ZWL COMPOSE frame=90 image=0 windows=1 at_ms=16460
ZWL LAT submit frame=90 at_us=16460854
ZWL LAT shown frame=90 at_us=16462988
ZWL COMMIT client=3 surface=6 buffer=19 queued=0
ZWL ACQUIRE_FENCE client=3 surface=6 generation=1
ZWL LAT adopt surface=6 at_us=16463224
ZWL RELEASE client=3 buffer=17 dead=0
ZWL LAT draw frame=91 at_us=16463237
ZWL LAT acquired frame=91 at_us=16463245
ZWL DAMAGE frame=91 image=0 x=320 y=233 width=640 height=420
ZWL LAT recorded frame=91 at_us=16463435
ZWL COMPOSE frame=91 image=0 windows=1 at_ms=16472
ZWL LAT submit frame=91 at_us=16472108
ZWL LAT shown frame=91 at_us=16474228
ZWL COMMIT client=3 surface=6 buffer=15 queued=0
ZWL ACQUIRE_FENCE client=3 surface=6 generation=1
ZWL LAT adopt surface=6 at_us=16474445
ZWL RELEASE client=3 buffer=19 dead=0
ZWL LAT draw frame=92 at_us=16474456
ZWL LAT acquired frame=92 at_us=16474463
ZWL DAMAGE frame=92 image=0 x=320 y=233 width=640 height=420
ZWL LAT recorded frame=92 at_us=16474631
ZWL COMPOSE frame=92 image=0 windows=1 at_ms=16490
ZWL LAT submit frame=92 at_us=16490800
ZWL LAT shown frame=92 at_us=16492910
ZWL COMMIT client=3 surface=6 buffer=17 queued=0
ZWL ACQUIRE_FENCE client=3 surface=6 generation=1
ZWL LAT adopt surface=6 at_us=16493029
ZWL RELEASE client=3 buffer=15 dead=0
ZWL LAT draw frame=93 at_us=16493038
ZWL LAT acquired frame=93 at_us=16493044
ZWL DAMAGE frame=93 image=0 x=320 y=233 width=640 height=420
ZWL LAT recorded frame=93 at_us=16493186
ZWL COMPOSE frame=93 image=0 windows=1 at_ms=16500
ZWL LAT submit frame=93 at_us=16500815
ZWL LAT shown frame=93 at_us=16502911
ZWL COMMIT client=3 surface=6 buffer=19 queued=0
ZWL ACQUIRE_FENCE client=3 surface=6 generation=1
ZWL LAT adopt surface=6 at_us=16503025
ZWL RELEASE client=3 buffer=17 dead=0
ZWL LAT draw frame=94 at_us=16503032
ZWL LAT acquired frame=94 at_us=16503037
ZWL DAMAGE frame=94 image=0 x=320 y=233 width=640 height=420
ZWL LAT recorded frame=94 at_us=16503166
ZWL COMPOSE frame=94 image=0 windows=1 at_ms=16510
ZWL LAT submit frame=94 at_us=16510754
ZWL LAT shown frame=94 at_us=16512859
ZWL COMMIT client=3 surface=6 buffer=15 queued=0
ZWL ACQUIRE_FENCE client=3 surface=6 generation=1
ZWL LAT adopt surface=6 at_us=16513016
ZWL RELEASE client=3 buffer=19 dead=0
ZWL LAT draw frame=95 at_us=16513023
ZWL LAT acquired frame=95 at_us=16513028
ZWL DAMAGE frame=95 image=0 x=320 y=233 width=640 height=420
ZWL LAT recorded frame=95 at_us=16513151
ZWL COMPOSE frame=95 image=0 windows=1 at_ms=16520
ZWL LAT submit frame=95 at_us=16520919
ZWL LAT shown frame=95 at_us=16523010
ZWL COMMIT client=3 surface=6 buffer=17 queued=0
ZWL ACQUIRE_FENCE client=3 surface=6 generation=1
ZWL LAT adopt surface=6 at_us=16523192
ZWL RELEASE client=3 buffer=15 dead=0
ZWL LAT draw frame=96 at_us=16523198
ZWL LAT acquired frame=96 at_us=16523203
ZWL DAMAGE frame=96 image=0 x=320 y=233 width=640 height=420
ZWL LAT recorded frame=96 at_us=16523326
ZWL COMPOSE frame=96 image=0 windows=1 at_ms=16531
ZWL LAT submit frame=96 at_us=16531542
ZWL LAT shown frame=96 at_us=16533651
ZWL COMMIT client=3 surface=6 buffer=19 queued=0
ZWL ACQUIRE_FENCE client=3 surface=6 generation=1
ZWL LAT adopt surface=6 at_us=16533914
ZWL RELEASE client=3 buffer=17 dead=0
ZWL LAT draw frame=97 at_us=16533922
ZWL LAT acquired frame=97 at_us=16533928
ZWL DAMAGE frame=97 image=0 x=320 y=233 width=640 height=420
ZWL LAT recorded frame=97 at_us=16534063
ZWL COMPOSE frame=97 image=0 windows=1 at_ms=16542
ZWL LAT submit frame=97 at_us=16542360
ZWL LAT shown frame=97 at_us=16544457
ZWL COMMIT client=3 surface=6 buffer=15 queued=0
ZWL ACQUIRE_FENCE client=3 surface=6 generation=1
ZWL LAT adopt surface=6 at_us=16544572
ZWL RELEASE client=3 buffer=19 dead=0
ZWL LAT draw frame=98 at_us=16544590
ZWL LAT acquired frame=98 at_us=16544595
ZWL DAMAGE frame=98 image=0 x=320 y=233 width=640 height=420
ZWL LAT recorded frame=98 at_us=16544722
ZWL COMPOSE frame=98 image=0 windows=1 at_ms=16559
ZWL LAT submit frame=98 at_us=16559697
ZWL LAT shown frame=98 at_us=16561892
ZWL COMMIT client=3 surface=6 buffer=17 queued=0
ZWL ACQUIRE_FENCE client=3 surface=6 generation=1
ZWL LAT adopt surface=6 at_us=16562116
ZWL RELEASE client=3 buffer=15 dead=0
ZWL LAT draw frame=99 at_us=16562122
ZWL LAT acquired frame=99 at_us=16562132
ZWL DAMAGE frame=99 image=0 x=320 y=233 width=640 height=420
ZWL LAT recorded frame=99 at_us=16562427
ZWL COMPOSE frame=99 image=0 windows=1 at_ms=16573
ZWL LAT submit frame=99 at_us=16573850
ZWL LAT shown frame=99 at_us=16575941
ZWL COMMIT client=3 surface=6 buffer=19 queued=0
ZWL ACQUIRE_FENCE client=3 surface=6 generation=1
ZWL LAT adopt surface=6 at_us=16576039
ZWL RELEASE client=3 buffer=17 dead=0
ZWL LAT draw frame=100 at_us=16576044
ZWL LAT acquired frame=100 at_us=16576048
ZWL DAMAGE frame=100 image=0 x=320 y=233 width=640 height=420
ZWL LAT recorded frame=100 at_us=16576138
ZWL COMPOSE frame=100 image=0 windows=1 at_ms=16581
ZWL LAT submit frame=100 at_us=16581870
ZWL LAT shown frame=100 at_us=16583954
ZWL COMMIT client=3 surface=6 buffer=15 queued=0
ZWL ACQUIRE_FENCE client=3 surface=6 generation=1
ZWL LAT adopt surface=6 at_us=16584043
ZWL RELEASE client=3 buffer=19 dead=0
ZWL LAT draw frame=101 at_us=16584048
ZWL LAT acquired frame=101 at_us=16584051
ZWL DAMAGE frame=101 image=0 x=320 y=233 width=640 height=420
ZWL LAT recorded frame=101 at_us=16584130
ZWL COMPOSE frame=101 image=0 windows=1 at_ms=16590
ZWL LAT submit frame=101 at_us=16590304
ZWL LAT shown frame=101 at_us=16592385
ZWL COMMIT client=3 surface=6 buffer=17 queued=0
ZWL ACQUIRE_FENCE client=3 surface=6 generation=1
ZWL LAT adopt surface=6 at_us=16592475
ZWL RELEASE client=3 buffer=15 dead=0
ZWL LAT draw frame=102 at_us=16592479
ZWL LAT acquired frame=102 at_us=16592482
ZWL DAMAGE frame=102 image=0 x=320 y=233 width=640 height=420
ZWL LAT recorded frame=102 at_us=16592560
ZWL COMPOSE frame=102 image=0 windows=1 at_ms=16600
ZWL LAT submit frame=102 at_us=16600492
ZWL LAT shown frame=102 at_us=16602577
ZWL COMMIT client=3 surface=6 buffer=19 queued=0
ZWL ACQUIRE_FENCE client=3 surface=6 generation=1
ZWL LAT adopt surface=6 at_us=16602738
ZWL RELEASE client=3 buffer=17 dead=0
ZWL LAT draw frame=103 at_us=16602743
ZWL LAT acquired frame=103 at_us=16602746
ZWL DAMAGE frame=103 image=0 x=320 y=233 width=640 height=420
ZWL LAT recorded frame=103 at_us=16602867
ZWL COMPOSE frame=103 image=0 windows=1 at_ms=16847
ZWL LAT submit frame=103 at_us=16847305
ZWL LAT shown frame=103 at_us=16892188
ZWL COMMIT client=3 surface=6 buffer=15 queued=0
ZWL ACQUIRE_FENCE client=3 surface=6 generation=1
ZWL LAT adopt surface=6 at_us=16893202
ZWL RELEASE client=3 buffer=19 dead=0
ZWL LAT draw frame=104 at_us=16893225
ZWL LAT acquired frame=104 at_us=16893239
ZWL DAMAGE frame=104 image=0 x=320 y=233 width=640 height=420
ZWL LAT recorded frame=104 at_us=16893472
ZWL COMPOSE frame=104 image=0 windows=1 at_ms=16906
ZWL LAT submit frame=104 at_us=16906889
ZWL LAT shown frame=104 at_us=16909034
ZWL COMMIT client=3 surface=6 buffer=17 queued=0
ZWL ACQUIRE_FENCE client=3 surface=6 generation=1
ZWL LAT adopt surface=6 at_us=16909262
ZWL RELEASE client=3 buffer=15 dead=0
ZWL LAT draw frame=105 at_us=16909278
ZWL LAT acquired frame=105 at_us=16909289
ZWL DAMAGE frame=105 image=0 x=320 y=233 width=640 height=420
ZWL LAT recorded frame=105 at_us=16909517
ZWL COMPOSE frame=105 image=0 windows=1 at_ms=16922
ZWL LAT submit frame=105 at_us=16922380
ZWL LAT shown frame=105 at_us=16924508
ZWL COMMIT client=3 surface=6 buffer=19 queued=0
ZWL ACQUIRE_FENCE client=3 surface=6 generation=1
ZWL LAT adopt surface=6 at_us=16924668
ZWL RELEASE client=3 buffer=17 dead=0
ZWL LAT draw frame=106 at_us=16924680
ZWL LAT acquired frame=106 at_us=16924688
ZWL DAMAGE frame=106 image=0 x=320 y=233 width=640 height=420
ZWL LAT recorded frame=106 at_us=16924873
ZWL COMPOSE frame=106 image=0 windows=1 at_ms=16938
ZWL LAT submit frame=106 at_us=16938397
ZWL LAT shown frame=106 at_us=16940526
ZWL COMMIT client=3 surface=6 buffer=15 queued=0
ZWL ACQUIRE_FENCE client=3 surface=6 generation=1
ZWL LAT adopt surface=6 at_us=16940707
ZWL RELEASE client=3 buffer=19 dead=0
ZWL LAT draw frame=107 at_us=16940718
ZWL LAT acquired frame=107 at_us=16940725
ZWL DAMAGE frame=107 image=0 x=320 y=233 width=640 height=420
ZWL LAT recorded frame=107 at_us=16940902
ZWL COMPOSE frame=107 image=0 windows=1 at_ms=16953
ZWL LAT submit frame=107 at_us=16953455
ZWL LAT shown frame=107 at_us=16955590
ZWL COMMIT client=3 surface=6 buffer=17 queued=0
ZWL ACQUIRE_FENCE client=3 surface=6 generation=1
ZWL LAT adopt surface=6 at_us=16955778
ZWL RELEASE client=3 buffer=15 dead=0
ZWL LAT draw frame=108 at_us=16955794
ZWL LAT acquired frame=108 at_us=16955804
ZWL DAMAGE frame=108 image=0 x=320 y=233 width=640 height=420
ZWL LAT recorded frame=108 at_us=16955983
ZWL COMPOSE frame=108 image=0 windows=1 at_ms=16965
ZWL LAT submit frame=108 at_us=16965944
ZWL LAT shown frame=108 at_us=16968085
ZWL COMMIT client=3 surface=6 buffer=19 queued=0
ZWL ACQUIRE_FENCE client=3 surface=6 generation=1
ZWL LAT adopt surface=6 at_us=16968223
ZWL RELEASE client=3 buffer=17 dead=0
ZWL LAT draw frame=109 at_us=16968233
ZWL LAT acquired frame=109 at_us=16968239
ZWL DAMAGE frame=109 image=0 x=320 y=233 width=640 height=420
ZWL LAT recorded frame=109 at_us=16968356
ZWL COMPOSE frame=109 image=0 windows=1 at_ms=16977
ZWL LAT submit frame=109 at_us=16977655
ZWL LAT shown frame=109 at_us=16979758
ZWL COMMIT client=3 surface=6 buffer=15 queued=0
ZWL ACQUIRE_FENCE client=3 surface=6 generation=1
ZWL LAT adopt surface=6 at_us=16979879
ZWL RELEASE client=3 buffer=19 dead=0
ZWL LAT draw frame=110 at_us=16979887
ZWL LAT acquired frame=110 at_us=16979892
ZWL DAMAGE frame=110 image=0 x=320 y=233 width=640 height=420
ZWL LAT recorded frame=110 at_us=16979986
ZWL COMPOSE frame=110 image=0 windows=1 at_ms=16988
ZWL LAT submit frame=110 at_us=16988800
ZWL LAT shown frame=110 at_us=16990905
ZWL COMMIT client=3 surface=6 buffer=17 queued=0
ZWL ACQUIRE_FENCE client=3 surface=6 generation=1
ZWL LAT adopt surface=6 at_us=16991044
ZWL RELEASE client=3 buffer=15 dead=0
ZWL LAT draw frame=111 at_us=16991052
ZWL LAT acquired frame=111 at_us=16991057
ZWL DAMAGE frame=111 image=0 x=320 y=233 width=640 height=420
ZWL LAT recorded frame=111 at_us=16991199
ZWL COMPOSE frame=111 image=0 windows=1 at_ms=16998
ZWL LAT submit frame=111 at_us=16998277
ZWL LAT shown frame=111 at_us=17000423
ZWL COMMIT client=3 surface=6 buffer=19 queued=0
ZWL ACQUIRE_FENCE client=3 surface=6 generation=1
ZWL LAT adopt surface=6 at_us=17000613
ZWL RELEASE client=3 buffer=17 dead=0
ZWL LAT draw frame=112 at_us=17000629
ZWL LAT acquired frame=112 at_us=17000639
ZWL DAMAGE frame=112 image=0 x=320 y=233 width=640 height=420
ZWL LAT recorded frame=112 at_us=17000851
ZWL COMPOSE frame=112 image=0 windows=1 at_ms=17012
ZWL LAT submit frame=112 at_us=17012330
ZWL LAT shown frame=112 at_us=17014465
ZWL COMMIT client=3 surface=6 buffer=15 queued=0
ZWL ACQUIRE_FENCE client=3 surface=6 generation=1
ZWL LAT adopt surface=6 at_us=17014785
ZWL RELEASE client=3 buffer=19 dead=0
ZWL LAT draw frame=113 at_us=17014801
ZWL LAT acquired frame=113 at_us=17014811
ZWL DAMAGE frame=113 image=0 x=320 y=233 width=640 height=420
ZWL LAT recorded frame=113 at_us=17014985
ZWL COMPOSE frame=113 image=0 windows=1 at_ms=17024
ZWL LAT submit frame=113 at_us=17024967
ZWL LAT shown frame=113 at_us=17027095
ZWL COMMIT client=3 surface=6 buffer=17 queued=0
ZWL ACQUIRE_FENCE client=3 surface=6 generation=1
ZWL LAT adopt surface=6 at_us=17027286
ZWL RELEASE client=3 buffer=15 dead=0
ZWL LAT draw frame=114 at_us=17027300
ZWL LAT acquired frame=114 at_us=17027309
ZWL DAMAGE frame=114 image=0 x=320 y=233 width=640 height=420
ZWL LAT recorded frame=114 at_us=17027477
ZWL COMPOSE frame=114 image=0 windows=1 at_ms=17037
ZWL LAT submit frame=114 at_us=17037883
ZWL LAT shown frame=114 at_us=17040033
ZWL COMMIT client=3 surface=6 buffer=19 queued=0
ZWL ACQUIRE_FENCE client=3 surface=6 generation=1
ZWL LAT adopt surface=6 at_us=17040204
ZWL RELEASE client=3 buffer=17 dead=0
ZWL LAT draw frame=115 at_us=17040217
ZWL LAT acquired frame=115 at_us=17040226
ZWL DAMAGE frame=115 image=0 x=320 y=233 width=640 height=420
ZWL LAT recorded frame=115 at_us=17040410
ZWL COMPOSE frame=115 image=0 windows=1 at_ms=17053
ZWL LAT submit frame=115 at_us=17053635
ZWL LAT shown frame=115 at_us=17055759
ZWL COMMIT client=3 surface=6 buffer=15 queued=0
ZWL ACQUIRE_FENCE client=3 surface=6 generation=1
ZWL LAT adopt surface=6 at_us=17055916
ZWL RELEASE client=3 buffer=19 dead=0
ZWL LAT draw frame=116 at_us=17055924
ZWL LAT acquired frame=116 at_us=17055930
ZWL DAMAGE frame=116 image=0 x=320 y=233 width=640 height=420
ZWL LAT recorded frame=116 at_us=17056101
ZWL COMPOSE frame=116 image=0 windows=1 at_ms=17065
ZWL LAT submit frame=116 at_us=17065702
ZWL LAT shown frame=116 at_us=17067845
ZWL COMMIT client=3 surface=6 buffer=17 queued=0
ZWL ACQUIRE_FENCE client=3 surface=6 generation=1
ZWL LAT adopt surface=6 at_us=17068080
ZWL RELEASE client=3 buffer=15 dead=0
ZWL LAT draw frame=117 at_us=17068097
ZWL LAT acquired frame=117 at_us=17068107
ZWL DAMAGE frame=117 image=0 x=320 y=233 width=640 height=420
ZWL LAT recorded frame=117 at_us=17068249
ZWL COMPOSE frame=117 image=0 windows=1 at_ms=17080
ZWL LAT submit frame=117 at_us=17080782
ZWL LAT shown frame=117 at_us=17082945
ZWL COMMIT client=3 surface=6 buffer=19 queued=0
ZWL ACQUIRE_FENCE client=3 surface=6 generation=1
ZWL LAT adopt surface=6 at_us=17083239
ZWL RELEASE client=3 buffer=17 dead=0
ZWL LAT draw frame=118 at_us=17083256
ZWL LAT acquired frame=118 at_us=17083267
ZWL DAMAGE frame=118 image=0 x=320 y=233 width=640 height=420
ZWL LAT recorded frame=118 at_us=17083486
ZWL COMPOSE frame=118 image=0 windows=1 at_ms=17092
ZWL LAT submit frame=118 at_us=17092455
ZWL LAT shown frame=118 at_us=17094680
ZWL COMMIT client=3 surface=6 buffer=15 queued=0
ZWL ACQUIRE_FENCE client=3 surface=6 generation=1
ZWL LAT adopt surface=6 at_us=17094972
ZWL RELEASE client=3 buffer=19 dead=0
ZWL LAT draw frame=119 at_us=17094988
ZWL LAT acquired frame=119 at_us=17094999
ZWL DAMAGE frame=119 image=0 x=320 y=233 width=640 height=420
ZWL LAT recorded frame=119 at_us=17095175
ZWL COMPOSE frame=119 image=0 windows=1 at_ms=17103
ZWL LAT submit frame=119 at_us=17103390
ZWL LAT shown frame=119 at_us=17105686
ZWL COMMIT client=3 surface=6 buffer=17 queued=0
ZWL ACQUIRE_FENCE client=3 surface=6 generation=1
ZWL LAT adopt surface=6 at_us=17105834
ZWL RELEASE client=3 buffer=15 dead=0
ZWL LAT draw frame=120 at_us=17105848
ZWL LAT acquired frame=120 at_us=17105857
ZWL DAMAGE frame=120 image=0 x=320 y=233 width=640 height=420
ZWL LAT recorded frame=120 at_us=17106054
ZWL COMPOSE frame=120 image=0 windows=1 at_ms=17115
ZWL LAT submit frame=120 at_us=17115581
ZWL LAT shown frame=120 at_us=17117678
ZWL COMMIT client=3 surface=6 buffer=19 queued=0
ZWL ACQUIRE_FENCE client=3 surface=6 generation=1
ZWL LAT adopt surface=6 at_us=17117867
ZWL RELEASE client=3 buffer=17 dead=0
ZWL LAT draw frame=121 at_us=17117880
ZWL LAT acquired frame=121 at_us=17117892
ZWL DAMAGE frame=121 image=0 x=320 y=233 width=640 height=420
ZWL LAT recorded frame=121 at_us=17118070
ZWL COMPOSE frame=121 image=0 windows=1 at_ms=17128
ZWL LAT submit frame=121 at_us=17128392
ZWL LAT shown frame=121 at_us=17130500
ZWL COMMIT client=3 surface=6 buffer=15 queued=0
ZWL ACQUIRE_FENCE client=3 surface=6 generation=1
ZWL LAT adopt surface=6 at_us=17130602
ZWL RELEASE client=3 buffer=19 dead=0
ZWL LAT draw frame=122 at_us=17130610
ZWL LAT acquired frame=122 at_us=17130616
ZWL DAMAGE frame=122 image=0 x=320 y=233 width=640 height=420
ZWL LAT recorded frame=122 at_us=17130730
ZWL COMPOSE frame=122 image=0 windows=1 at_ms=17140
ZWL LAT submit frame=122 at_us=17140931
ZWL LAT shown frame=122 at_us=17143020
ZWL COMMIT client=3 surface=6 buffer=17 queued=0
ZWL ACQUIRE_FENCE client=3 surface=6 generation=1
ZWL LAT adopt surface=6 at_us=17143139
ZWL RELEASE client=3 buffer=15 dead=0
ZWL LAT draw frame=123 at_us=17143152
ZWL LAT acquired frame=123 at_us=17143155
ZWL DAMAGE frame=123 image=0 x=320 y=233 width=640 height=420
ZWL LAT recorded frame=123 at_us=17143235
ZWL COMPOSE frame=123 image=0 windows=1 at_ms=17150
ZWL LAT submit frame=123 at_us=17150975
ZWL LAT shown frame=123 at_us=17153059
ZWL COMMIT client=3 surface=6 buffer=19 queued=0
ZWL ACQUIRE_FENCE client=3 surface=6 generation=1
ZWL LAT adopt surface=6 at_us=17153162
ZWL RELEASE client=3 buffer=17 dead=0
ZWL LAT draw frame=124 at_us=17153166
ZWL LAT acquired frame=124 at_us=17153170
ZWL DAMAGE frame=124 image=0 x=320 y=233 width=640 height=420
ZWL LAT recorded frame=124 at_us=17153246
ZWL COMPOSE frame=124 image=0 windows=1 at_ms=17161
ZWL LAT submit frame=124 at_us=17161803
ZWL LAT shown frame=124 at_us=17163888
ZWL COMMIT client=3 surface=6 buffer=15 queued=0
ZWL ACQUIRE_FENCE client=3 surface=6 generation=1
ZWL LAT adopt surface=6 at_us=17164017
ZWL RELEASE client=3 buffer=19 dead=0
ZWL LAT draw frame=125 at_us=17164023
ZWL LAT acquired frame=125 at_us=17164027
ZWL DAMAGE frame=125 image=0 x=320 y=233 width=640 height=420
ZWL LAT recorded frame=125 at_us=17164142
ZWL COMPOSE frame=125 image=0 windows=1 at_ms=17174
ZWL LAT submit frame=125 at_us=17174833
ZWL LAT shown frame=125 at_us=17176914
ZWL COMMIT client=3 surface=6 buffer=17 queued=0
ZWL ACQUIRE_FENCE client=3 surface=6 generation=1
ZWL LAT adopt surface=6 at_us=17177035
ZWL RELEASE client=3 buffer=15 dead=0
ZWL LAT draw frame=126 at_us=17177040
ZWL LAT acquired frame=126 at_us=17177043
ZWL DAMAGE frame=126 image=0 x=320 y=233 width=640 height=420
ZWL LAT recorded frame=126 at_us=17177153
ZWL COMPOSE frame=126 image=0 windows=1 at_ms=17186
ZWL LAT submit frame=126 at_us=17186860
ZWL LAT shown frame=126 at_us=17188947
ZWL COMMIT client=3 surface=6 buffer=19 queued=0
ZWL ACQUIRE_FENCE client=3 surface=6 generation=1
ZWL LAT adopt surface=6 at_us=17189075
ZWL RELEASE client=3 buffer=17 dead=0
ZWL LAT draw frame=127 at_us=17189081
ZWL LAT acquired frame=127 at_us=17189085
ZWL DAMAGE frame=127 image=0 x=320 y=233 width=640 height=420
ZWL LAT recorded frame=127 at_us=17189203
ZWL COMPOSE frame=127 image=0 windows=1 at_ms=17199
ZWL LAT submit frame=127 at_us=17199080
ZWL LAT shown frame=127 at_us=17201172
ZWL COMMIT client=3 surface=6 buffer=15 queued=0
ZWL ACQUIRE_FENCE client=3 surface=6 generation=1
ZWL LAT adopt surface=6 at_us=17201378
ZWL RELEASE client=3 buffer=19 dead=0
ZWL LAT draw frame=128 at_us=17201384
ZWL LAT acquired frame=128 at_us=17201388
ZWL DAMAGE frame=128 image=0 x=320 y=233 width=640 height=420
ZWL LAT recorded frame=128 at_us=17201511
ZWL COMPOSE frame=128 image=0 windows=1 at_ms=17210
ZWL LAT submit frame=128 at_us=17210984
ZWL LAT shown frame=128 at_us=17213071
ZWL COMMIT client=3 surface=6 buffer=17 queued=0
ZWL ACQUIRE_FENCE client=3 surface=6 generation=1
ZWL LAT adopt surface=6 at_us=17213241
ZWL RELEASE client=3 buffer=15 dead=0
ZWL LAT draw frame=129 at_us=17213247
ZWL LAT acquired frame=129 at_us=17213250
ZWL DAMAGE frame=129 image=0 x=320 y=233 width=640 height=420
ZWL LAT recorded frame=129 at_us=17213361
ZWL COMPOSE frame=129 image=0 windows=1 at_ms=17222
ZWL LAT submit frame=129 at_us=17222697
ZWL LAT shown frame=129 at_us=17224779
ZWL COMMIT client=3 surface=6 buffer=19 queued=0
ZWL ACQUIRE_FENCE client=3 surface=6 generation=1
ZWL LAT adopt surface=6 at_us=17224924
ZWL RELEASE client=3 buffer=17 dead=0
ZWL LAT draw frame=130 at_us=17224929
ZWL LAT acquired frame=130 at_us=17224932
ZWL DAMAGE frame=130 image=0 x=320 y=233 width=640 height=420
ZWL LAT recorded frame=130 at_us=17225039
ZWL COMPOSE frame=130 image=0 windows=1 at_ms=17235
ZWL LAT submit frame=130 at_us=17235047
ZWL LAT shown frame=130 at_us=17237167
ZWL COMMIT client=3 surface=6 buffer=15 queued=0
ZWL ACQUIRE_FENCE client=3 surface=6 generation=1
ZWL LAT adopt surface=6 at_us=17237431
ZWL RELEASE client=3 buffer=19 dead=0
ZWL LAT draw frame=131 at_us=17237439
ZWL LAT acquired frame=131 at_us=17237446
ZWL DAMAGE frame=131 image=0 x=320 y=233 width=640 height=420
ZWL LAT recorded frame=131 at_us=17237582
ZWL COMPOSE frame=131 image=0 windows=1 at_ms=17247
ZWL LAT submit frame=131 at_us=17247400
ZWL LAT shown frame=131 at_us=17249493
ZWL COMMIT client=3 surface=6 buffer=17 queued=0
ZWL ACQUIRE_FENCE client=3 surface=6 generation=1
ZWL LAT adopt surface=6 at_us=17249748
ZWL RELEASE client=3 buffer=15 dead=0
ZWL LAT draw frame=132 at_us=17249755
ZWL LAT acquired frame=132 at_us=17249759
ZWL DAMAGE frame=132 image=0 x=320 y=233 width=640 height=420
ZWL LAT recorded frame=132 at_us=17249899
ZWL COMPOSE frame=132 image=0 windows=1 at_ms=17259
ZWL LAT submit frame=132 at_us=17259311
ZWL LAT shown frame=132 at_us=17261403
ZWL COMMIT client=3 surface=6 buffer=19 queued=0
ZWL ACQUIRE_FENCE client=3 surface=6 generation=1
ZWL LAT adopt surface=6 at_us=17261653
ZWL RELEASE client=3 buffer=17 dead=0
ZWL LAT draw frame=133 at_us=17261659
ZWL LAT acquired frame=133 at_us=17261663
ZWL DAMAGE frame=133 image=0 x=320 y=233 width=640 height=420
ZWL LAT recorded frame=133 at_us=17261794
ZWL COMPOSE frame=133 image=0 windows=1 at_ms=17271
ZWL LAT submit frame=133 at_us=17271008
ZWL LAT shown frame=133 at_us=17273099
ZWL COMMIT client=3 surface=6 buffer=15 queued=0
ZWL ACQUIRE_FENCE client=3 surface=6 generation=1
ZWL LAT adopt surface=6 at_us=17273278
ZWL RELEASE client=3 buffer=19 dead=0
ZWL LAT draw frame=134 at_us=17273284
ZWL LAT acquired frame=134 at_us=17273288
ZWL DAMAGE frame=134 image=0 x=320 y=233 width=640 height=420
ZWL LAT recorded frame=134 at_us=17273408
ZWL COMPOSE frame=134 image=0 windows=1 at_ms=17282
ZWL LAT submit frame=134 at_us=17282394
ZWL LAT shown frame=134 at_us=17284546
ZWL COMMIT client=3 surface=6 buffer=17 queued=0
ZWL ACQUIRE_FENCE client=3 surface=6 generation=1
ZWL LAT adopt surface=6 at_us=17284788
ZWL RELEASE client=3 buffer=15 dead=0
ZWL LAT draw frame=135 at_us=17284809
ZWL LAT acquired frame=135 at_us=17284826
ZWL DAMAGE frame=135 image=0 x=320 y=233 width=640 height=420
ZWL LAT recorded frame=135 at_us=17285040
ZWL COMPOSE frame=135 image=0 windows=1 at_ms=17295
ZWL LAT submit frame=135 at_us=17295092
ZWL LAT shown frame=135 at_us=17297244
ZWL COMMIT client=3 surface=6 buffer=19 queued=0
ZWL ACQUIRE_FENCE client=3 surface=6 generation=1
ZWL LAT adopt surface=6 at_us=17297563
ZWL RELEASE client=3 buffer=17 dead=0
ZWL LAT draw frame=136 at_us=17297577
ZWL LAT acquired frame=136 at_us=17297587
ZWL DAMAGE frame=136 image=0 x=320 y=233 width=640 height=420
ZWL LAT recorded frame=136 at_us=17297761
ZWL COMPOSE frame=136 image=0 windows=1 at_ms=17306
ZWL LAT submit frame=136 at_us=17306815
ZWL LAT shown frame=136 at_us=17308949
ZWL COMMIT client=3 surface=6 buffer=15 queued=0
ZWL ACQUIRE_FENCE client=3 surface=6 generation=1
ZWL LAT adopt surface=6 at_us=17309161
ZWL RELEASE client=3 buffer=19 dead=0
ZWL LAT draw frame=137 at_us=17309175
ZWL LAT acquired frame=137 at_us=17309184
ZWL DAMAGE frame=137 image=0 x=320 y=233 width=640 height=420
ZWL LAT recorded frame=137 at_us=17309352
ZWL COMPOSE frame=137 image=0 windows=1 at_ms=17318
ZWL LAT submit frame=137 at_us=17318063
ZWL LAT shown frame=137 at_us=17320198
ZWL COMMIT client=3 surface=6 buffer=17 queued=0
ZWL ACQUIRE_FENCE client=3 surface=6 generation=1
ZWL LAT adopt surface=6 at_us=17320388
ZWL RELEASE client=3 buffer=15 dead=0
ZWL LAT draw frame=138 at_us=17320400
ZWL LAT acquired frame=138 at_us=17320408
ZWL DAMAGE frame=138 image=0 x=320 y=233 width=640 height=420
ZWL LAT recorded frame=138 at_us=17320552
ZWL COMPOSE frame=138 image=0 windows=1 at_ms=17328
ZWL LAT submit frame=138 at_us=17328773
ZWL LAT shown frame=138 at_us=17330904
ZWL COMMIT client=3 surface=6 buffer=19 queued=0
ZWL ACQUIRE_FENCE client=3 surface=6 generation=1
ZWL LAT adopt surface=6 at_us=17331084
ZWL RELEASE client=3 buffer=17 dead=0
ZWL LAT draw frame=139 at_us=17331099
ZWL LAT acquired frame=139 at_us=17331108
ZWL DAMAGE frame=139 image=0 x=320 y=233 width=640 height=420
ZWL LAT recorded frame=139 at_us=17331277
ZWL COMPOSE frame=139 image=0 windows=1 at_ms=17339
ZWL LAT submit frame=139 at_us=17339759
ZWL LAT shown frame=139 at_us=17341913
ZWL COMMIT client=3 surface=6 buffer=15 queued=0
ZWL ACQUIRE_FENCE client=3 surface=6 generation=1
ZWL LAT adopt surface=6 at_us=17342232
ZWL RELEASE client=3 buffer=19 dead=0
ZWL LAT draw frame=140 at_us=17342245
ZWL LAT acquired frame=140 at_us=17342255
ZWL DAMAGE frame=140 image=0 x=320 y=233 width=640 height=420
ZWL LAT recorded frame=140 at_us=17342432
ZWL COMPOSE frame=140 image=0 windows=1 at_ms=17354
ZWL LAT submit frame=140 at_us=17354784
ZWL LAT shown frame=140 at_us=17357022
ZWL COMMIT client=3 surface=6 buffer=17 queued=0
ZWL ACQUIRE_FENCE client=3 surface=6 generation=1
ZWL LAT adopt surface=6 at_us=17357356
ZWL RELEASE client=3 buffer=15 dead=0
ZWL LAT draw frame=141 at_us=17357373
ZWL LAT acquired frame=141 at_us=17357384
ZWL DAMAGE frame=141 image=0 x=320 y=233 width=640 height=420
ZWL LAT recorded frame=141 at_us=17357555
ZWL COMPOSE frame=141 image=0 windows=1 at_ms=17368
ZWL LAT submit frame=141 at_us=17369013
ZWL LAT shown frame=141 at_us=17371200
ZWL COMMIT client=3 surface=6 buffer=19 queued=0
ZWL ACQUIRE_FENCE client=3 surface=6 generation=1
ZWL LAT adopt surface=6 at_us=17371425
ZWL RELEASE client=3 buffer=17 dead=0
ZWL LAT draw frame=142 at_us=17371440
ZWL LAT acquired frame=142 at_us=17371451
ZWL DAMAGE frame=142 image=0 x=320 y=233 width=640 height=420
ZWL LAT recorded frame=142 at_us=17371670
ZWL COMPOSE frame=142 image=0 windows=1 at_ms=17386
ZWL LAT submit frame=142 at_us=17386214
ZWL LAT shown frame=142 at_us=17388348
ZWL COMMIT client=3 surface=6 buffer=15 queued=0
ZWL ACQUIRE_FENCE client=3 surface=6 generation=1
ZWL LAT adopt surface=6 at_us=17388590
ZWL RELEASE client=3 buffer=19 dead=0
ZWL LAT draw frame=143 at_us=17388605
ZWL LAT acquired frame=143 at_us=17388615
ZWL DAMAGE frame=143 image=0 x=320 y=233 width=640 height=420
ZWL LAT recorded frame=143 at_us=17388835
ZWL COMPOSE frame=143 image=0 windows=1 at_ms=17401
ZWL LAT submit frame=143 at_us=17401360
ZWL LAT shown frame=143 at_us=17403532
ZWL COMMIT client=3 surface=6 buffer=17 queued=0
ZWL ACQUIRE_FENCE client=3 surface=6 generation=1
ZWL LAT adopt surface=6 at_us=17403804
ZWL RELEASE client=3 buffer=15 dead=0
ZWL LAT draw frame=144 at_us=17403820
ZWL LAT acquired frame=144 at_us=17403830
ZWL DAMAGE frame=144 image=0 x=320 y=233 width=640 height=420
ZWL LAT recorded frame=144 at_us=17404061
ZWL COMPOSE frame=144 image=0 windows=1 at_ms=17417
ZWL LAT submit frame=144 at_us=17417646
ZWL LAT shown frame=144 at_us=17419780
ZWL COMMIT client=3 surface=6 buffer=19 queued=0
ZWL ACQUIRE_FENCE client=3 surface=6 generation=1
ZWL LAT adopt surface=6 at_us=17420035
ZWL RELEASE client=3 buffer=17 dead=0
ZWL LAT draw frame=145 at_us=17420044
ZWL LAT acquired frame=145 at_us=17420049
ZWL DAMAGE frame=145 image=0 x=320 y=233 width=640 height=420
ZWL LAT recorded frame=145 at_us=17420185
ZWL COMPOSE frame=145 image=0 windows=1 at_ms=17433
ZWL LAT submit frame=145 at_us=17433306
ZWL LAT shown frame=145 at_us=17435473
ZWL COMMIT client=3 surface=6 buffer=15 queued=0
ZWL ACQUIRE_FENCE client=3 surface=6 generation=1
ZWL LAT adopt surface=6 at_us=17435738
ZWL RELEASE client=3 buffer=19 dead=0
ZWL LAT draw frame=146 at_us=17435754
ZWL LAT acquired frame=146 at_us=17435764
ZWL DAMAGE frame=146 image=0 x=320 y=233 width=640 height=420
ZWL LAT recorded frame=146 at_us=17435978
ZWL COMPOSE frame=146 image=0 windows=1 at_ms=17448
ZWL LAT submit frame=146 at_us=17448240
ZWL LAT shown frame=146 at_us=17450401
ZWL COMMIT client=3 surface=6 buffer=17 queued=0
ZWL ACQUIRE_FENCE client=3 surface=6 generation=1
ZWL LAT adopt surface=6 at_us=17450640
ZWL RELEASE client=3 buffer=15 dead=0
ZWL LAT draw frame=147 at_us=17450654
ZWL LAT acquired frame=147 at_us=17450663
ZWL DAMAGE frame=147 image=0 x=320 y=233 width=640 height=420
ZWL LAT recorded frame=147 at_us=17450853
ZWL COMPOSE frame=147 image=0 windows=1 at_ms=17463
ZWL LAT submit frame=147 at_us=17463533
ZWL LAT shown frame=147 at_us=17465668
ZWL COMMIT client=3 surface=6 buffer=19 queued=0
ZWL ACQUIRE_FENCE client=3 surface=6 generation=1
ZWL LAT adopt surface=6 at_us=17465962
ZWL RELEASE client=3 buffer=17 dead=0
ZWL LAT draw frame=148 at_us=17465991
ZWL LAT acquired frame=148 at_us=17466000
ZWL DAMAGE frame=148 image=0 x=320 y=233 width=640 height=420
ZWL LAT recorded frame=148 at_us=17466191
ZWL COMPOSE frame=148 image=0 windows=1 at_ms=17479
ZWL LAT submit frame=148 at_us=17479288
ZWL LAT shown frame=148 at_us=17481417
ZWL COMMIT client=3 surface=6 buffer=15 queued=0
ZWL ACQUIRE_FENCE client=3 surface=6 generation=1
ZWL LAT adopt surface=6 at_us=17481678
ZWL RELEASE client=3 buffer=19 dead=0
ZWL LAT draw frame=149 at_us=17481688
ZWL LAT acquired frame=149 at_us=17481695
ZWL DAMAGE frame=149 image=0 x=320 y=233 width=640 height=420
ZWL LAT recorded frame=149 at_us=17481867
ZWL COMPOSE frame=149 image=0 windows=1 at_ms=17493
ZWL LAT submit frame=149 at_us=17493457
ZWL LAT shown frame=149 at_us=17495623
ZWL COMMIT client=3 surface=6 buffer=17 queued=0
ZWL ACQUIRE_FENCE client=3 surface=6 generation=1
ZWL LAT adopt surface=6 at_us=17495813
ZWL RELEASE client=3 buffer=15 dead=0
ZWL LAT draw frame=150 at_us=17495825
ZWL LAT acquired frame=150 at_us=17495833
ZWL DAMAGE frame=150 image=0 x=320 y=233 width=640 height=420
ZWL LAT recorded frame=150 at_us=17496044
ZWL COMPOSE frame=150 image=0 windows=1 at_ms=17506
ZWL LAT submit frame=150 at_us=17506765
ZWL LAT shown frame=150 at_us=17508944
ZWL COMMIT client=3 surface=6 buffer=19 queued=0
ZWL ACQUIRE_FENCE client=3 surface=6 generation=1
ZWL LAT adopt surface=6 at_us=17509266
ZWL RELEASE client=3 buffer=17 dead=0
ZWL LAT draw frame=151 at_us=17509282
ZWL LAT acquired frame=151 at_us=17509292
ZWL DAMAGE frame=151 image=0 x=320 y=233 width=640 height=420
ZWL LAT recorded frame=151 at_us=17509484
ZWL COMPOSE frame=151 image=0 windows=1 at_ms=17523
ZWL LAT submit frame=151 at_us=17523013
ZWL LAT shown frame=151 at_us=17525130
ZWL COMMIT client=3 surface=6 buffer=15 queued=0
ZWL ACQUIRE_FENCE client=3 surface=6 generation=1
ZWL LAT adopt surface=6 at_us=17525410
ZWL RELEASE client=3 buffer=19 dead=0
ZWL LAT draw frame=152 at_us=17525420
ZWL LAT acquired frame=152 at_us=17525427
ZWL DAMAGE frame=152 image=0 x=320 y=233 width=640 height=420
ZWL LAT recorded frame=152 at_us=17525614
ZWL COMPOSE frame=152 image=0 windows=1 at_ms=17536
ZWL LAT submit frame=152 at_us=17536951
ZWL LAT shown frame=152 at_us=17539072
ZWL COMMIT client=3 surface=6 buffer=17 queued=0
ZWL ACQUIRE_FENCE client=3 surface=6 generation=1
ZWL LAT adopt surface=6 at_us=17539250
ZWL RELEASE client=3 buffer=15 dead=0
ZWL LAT draw frame=153 at_us=17539261
ZWL LAT acquired frame=153 at_us=17539268
ZWL DAMAGE frame=153 image=0 x=320 y=233 width=640 height=420
ZWL LAT recorded frame=153 at_us=17539472
ZWL COMPOSE frame=153 image=0 windows=1 at_ms=17552
ZWL LAT submit frame=153 at_us=17552558
ZWL LAT shown frame=153 at_us=17554652
ZWL COMMIT client=3 surface=6 buffer=19 queued=0
ZWL ACQUIRE_FENCE client=3 surface=6 generation=1
ZWL LAT adopt surface=6 at_us=17554921
ZWL RELEASE client=3 buffer=17 dead=0
ZWL LAT draw frame=154 at_us=17554927
ZWL LAT acquired frame=154 at_us=17554932
ZWL DAMAGE frame=154 image=0 x=320 y=233 width=640 height=420
ZWL LAT recorded frame=154 at_us=17555056
ZWL COMPOSE frame=154 image=0 windows=1 at_ms=17565
ZWL LAT submit frame=154 at_us=17565649
ZWL LAT shown frame=154 at_us=17567806
ZWL COMMIT client=3 surface=6 buffer=15 queued=0
ZWL ACQUIRE_FENCE client=3 surface=6 generation=1
ZWL LAT adopt surface=6 at_us=17567972
ZWL RELEASE client=3 buffer=19 dead=0
ZWL LAT draw frame=155 at_us=17567984
ZWL LAT acquired frame=155 at_us=17567993
ZWL DAMAGE frame=155 image=0 x=320 y=233 width=640 height=420
ZWL LAT recorded frame=155 at_us=17568193
ZWL COMPOSE frame=155 image=0 windows=1 at_ms=17577
ZWL LAT submit frame=155 at_us=17577942
ZWL LAT shown frame=155 at_us=17580051
ZWL COMMIT client=3 surface=6 buffer=17 queued=0
ZWL ACQUIRE_FENCE client=3 surface=6 generation=1
ZWL LAT adopt surface=6 at_us=17580198
ZWL RELEASE client=3 buffer=15 dead=0
ZWL LAT draw frame=156 at_us=17580210
ZWL LAT acquired frame=156 at_us=17580218
ZWL DAMAGE frame=156 image=0 x=320 y=233 width=640 height=420
ZWL LAT recorded frame=156 at_us=17580416
ZWL COMPOSE frame=156 image=0 windows=1 at_ms=17589
ZWL LAT submit frame=156 at_us=17589718
ZWL LAT shown frame=156 at_us=17591838
ZWL COMMIT client=3 surface=6 buffer=19 queued=0
ZWL ACQUIRE_FENCE client=3 surface=6 generation=1
ZWL LAT adopt surface=6 at_us=17592051
ZWL RELEASE client=3 buffer=17 dead=0
ZWL LAT draw frame=157 at_us=17592068
ZWL LAT acquired frame=157 at_us=17592079
ZWL DAMAGE frame=157 image=0 x=320 y=233 width=640 height=420
ZWL LAT recorded frame=157 at_us=17592239
ZWL COMPOSE frame=157 image=0 windows=1 at_ms=17604
ZWL LAT submit frame=157 at_us=17604133
ZWL LAT shown frame=157 at_us=17606267
ZWL COMMIT client=3 surface=6 buffer=15 queued=0
ZWL ACQUIRE_FENCE client=3 surface=6 generation=1
ZWL LAT adopt surface=6 at_us=17606526
ZWL RELEASE client=3 buffer=19 dead=0
ZWL LAT draw frame=158 at_us=17606538
ZWL LAT acquired frame=158 at_us=17606545
ZWL DAMAGE frame=158 image=0 x=320 y=233 width=640 height=420
ZWL LAT recorded frame=158 at_us=17606719
ZWL COMPOSE frame=158 image=0 windows=1 at_ms=17618
ZWL LAT submit frame=158 at_us=17618574
ZWL LAT shown frame=158 at_us=17620685
ZWL COMMIT client=3 surface=6 buffer=17 queued=0
ZWL ACQUIRE_FENCE client=3 surface=6 generation=1
ZWL LAT adopt surface=6 at_us=17620973
ZWL RELEASE client=3 buffer=15 dead=0
ZWL LAT draw frame=159 at_us=17620982
ZWL LAT acquired frame=159 at_us=17620988
ZWL DAMAGE frame=159 image=0 x=320 y=233 width=640 height=420
ZWL LAT recorded frame=159 at_us=17621137
ZWL COMPOSE frame=159 image=0 windows=1 at_ms=17633
ZWL LAT submit frame=159 at_us=17633482
ZWL LAT shown frame=159 at_us=17635598
ZWL COMMIT client=3 surface=6 buffer=19 queued=0
ZWL ACQUIRE_FENCE client=3 surface=6 generation=1
ZWL LAT adopt surface=6 at_us=17635832
ZWL RELEASE client=3 buffer=17 dead=0
ZWL LAT draw frame=160 at_us=17635843
ZWL LAT acquired frame=160 at_us=17635851
ZWL DAMAGE frame=160 image=0 x=320 y=233 width=640 height=420
ZWL LAT recorded frame=160 at_us=17636051
ZWL COMPOSE frame=160 image=0 windows=1 at_ms=17647
ZWL LAT submit frame=160 at_us=17647906
ZWL LAT shown frame=160 at_us=17650019
ZWL COMMIT client=3 surface=6 buffer=15 queued=0
ZWL ACQUIRE_FENCE client=3 surface=6 generation=1
ZWL LAT adopt surface=6 at_us=17650282
ZWL RELEASE client=3 buffer=19 dead=0
ZWL LAT draw frame=161 at_us=17650292
ZWL LAT acquired frame=161 at_us=17650298
ZWL DAMAGE frame=161 image=0 x=320 y=233 width=640 height=420
ZWL LAT recorded frame=161 at_us=17650457
ZWL COMPOSE frame=161 image=0 windows=1 at_ms=17661
ZWL LAT submit frame=161 at_us=17661763
ZWL LAT shown frame=161 at_us=17663876
ZWL COMMIT client=3 surface=6 buffer=17 queued=0
ZWL ACQUIRE_FENCE client=3 surface=6 generation=1
ZWL LAT adopt surface=6 at_us=17664071
ZWL RELEASE client=3 buffer=15 dead=0
ZWL LAT draw frame=162 at_us=17664080
ZWL LAT acquired frame=162 at_us=17664087
ZWL DAMAGE frame=162 image=0 x=320 y=233 width=640 height=420
ZWL LAT recorded frame=162 at_us=17664245
ZWL COMPOSE frame=162 image=0 windows=1 at_ms=17677
ZWL LAT submit frame=162 at_us=17677597
ZWL LAT shown frame=162 at_us=17679692
ZWL COMMIT client=3 surface=6 buffer=19 queued=0
ZWL ACQUIRE_FENCE client=3 surface=6 generation=1
ZWL LAT adopt surface=6 at_us=17679811
ZWL RELEASE client=3 buffer=17 dead=0
ZWL LAT draw frame=163 at_us=17679818
ZWL LAT acquired frame=163 at_us=17679822
ZWL DAMAGE frame=163 image=0 x=320 y=233 width=640 height=420
ZWL LAT recorded frame=163 at_us=17679949
ZWL COMPOSE frame=163 image=0 windows=1 at_ms=17691
ZWL LAT submit frame=163 at_us=17691521
ZWL LAT shown frame=163 at_us=17693623
ZWL COMMIT client=3 surface=6 buffer=15 queued=0
ZWL ACQUIRE_FENCE client=3 surface=6 generation=1
ZWL LAT adopt surface=6 at_us=17693786
ZWL RELEASE client=3 buffer=19 dead=0
ZWL LAT draw frame=164 at_us=17693793
ZWL LAT acquired frame=164 at_us=17693798
ZWL DAMAGE frame=164 image=0 x=320 y=233 width=640 height=420
ZWL LAT recorded frame=164 at_us=17693932
ZWL COMPOSE frame=164 image=0 windows=1 at_ms=17703
ZWL LAT submit frame=164 at_us=17703625
ZWL LAT shown frame=164 at_us=17706557
ZWL COMMIT client=3 surface=6 buffer=17 queued=0
ZWL ACQUIRE_FENCE client=3 surface=6 generation=1
ZWL LAT adopt surface=6 at_us=17706720
ZWL RELEASE client=3 buffer=15 dead=0
ZWL LAT draw frame=165 at_us=17706728
ZWL LAT acquired frame=165 at_us=17706733
ZWL DAMAGE frame=165 image=0 x=320 y=233 width=640 height=420
ZWL LAT recorded frame=165 at_us=17706859
ZWL COMPOSE frame=165 image=0 windows=1 at_ms=17718
ZWL LAT submit frame=165 at_us=17718104
ZWL LAT shown frame=165 at_us=17720193
ZWL COMMIT client=3 surface=6 buffer=19 queued=0
ZWL ACQUIRE_FENCE client=3 surface=6 generation=1
ZWL LAT adopt surface=6 at_us=17720282
ZWL RELEASE client=3 buffer=17 dead=0
ZWL LAT draw frame=166 at_us=17720288
ZWL LAT acquired frame=166 at_us=17720291
ZWL DAMAGE frame=166 image=0 x=320 y=233 width=640 height=420
ZWL LAT recorded frame=166 at_us=17720380
ZWL COMPOSE frame=166 image=0 windows=1 at_ms=17729
ZWL LAT submit frame=166 at_us=17729320
ZWL LAT shown frame=166 at_us=17731405
ZWL COMMIT client=3 surface=6 buffer=15 queued=0
ZWL ACQUIRE_FENCE client=3 surface=6 generation=1
ZWL LAT adopt surface=6 at_us=17731509
ZWL RELEASE client=3 buffer=19 dead=0
ZWL LAT draw frame=167 at_us=17731516
ZWL LAT acquired frame=167 at_us=17731522
ZWL DAMAGE frame=167 image=0 x=320 y=233 width=640 height=420
ZWL LAT recorded frame=167 at_us=17731614
ZWL COMPOSE frame=167 image=0 windows=1 at_ms=17740
ZWL LAT submit frame=167 at_us=17740204
ZWL LAT shown frame=167 at_us=17742292
ZWL COMMIT client=3 surface=6 buffer=17 queued=0
ZWL ACQUIRE_FENCE client=3 surface=6 generation=1
ZWL LAT adopt surface=6 at_us=17742455
ZWL RELEASE client=3 buffer=15 dead=0
ZWL LAT draw frame=168 at_us=17742460
ZWL LAT acquired frame=168 at_us=17742464
ZWL DAMAGE frame=168 image=0 x=320 y=233 width=640 height=420
ZWL LAT recorded frame=168 at_us=17742583
ZWL COMPOSE frame=168 image=0 windows=1 at_ms=17750
ZWL LAT submit frame=168 at_us=17750855
ZWL LAT shown frame=168 at_us=17752945
ZWL COMMIT client=3 surface=6 buffer=19 queued=0
ZWL ACQUIRE_FENCE client=3 surface=6 generation=1
ZWL LAT adopt surface=6 at_us=17753085
ZWL RELEASE client=3 buffer=17 dead=0
ZWL LAT draw frame=169 at_us=17753090
ZWL LAT acquired frame=169 at_us=17753094
ZWL DAMAGE frame=169 image=0 x=320 y=233 width=640 height=420
ZWL LAT recorded frame=169 at_us=17753204
ZWL COMPOSE frame=169 image=0 windows=1 at_ms=17760
ZWL LAT submit frame=169 at_us=17760978
ZWL LAT shown frame=169 at_us=17763064
ZWL COMMIT client=3 surface=6 buffer=15 queued=0
ZWL ACQUIRE_FENCE client=3 surface=6 generation=1
ZWL LAT adopt surface=6 at_us=17763207
ZWL RELEASE client=3 buffer=19 dead=0
ZWL LAT draw frame=170 at_us=17763212
ZWL LAT acquired frame=170 at_us=17763215
ZWL DAMAGE frame=170 image=0 x=320 y=233 width=640 height=420
ZWL LAT recorded frame=170 at_us=17763328
ZWL COMPOSE frame=170 image=0 windows=1 at_ms=17772
ZWL LAT submit frame=170 at_us=17772109
ZWL LAT shown frame=170 at_us=17774229
ZWL COMMIT client=3 surface=6 buffer=17 queued=0
ZWL ACQUIRE_FENCE client=3 surface=6 generation=1
ZWL LAT adopt surface=6 at_us=17774377
ZWL RELEASE client=3 buffer=15 dead=0
ZWL LAT draw frame=171 at_us=17774386
ZWL LAT acquired frame=171 at_us=17774392
ZWL DAMAGE frame=171 image=0 x=320 y=233 width=640 height=420
ZWL LAT recorded frame=171 at_us=17774506
ZWL COMPOSE frame=171 image=0 windows=1 at_ms=17783
ZWL LAT submit frame=171 at_us=17783485
ZWL LAT shown frame=171 at_us=17785586
ZWL COMMIT client=3 surface=6 buffer=19 queued=0
ZWL ACQUIRE_FENCE client=3 surface=6 generation=1
ZWL LAT adopt surface=6 at_us=17785845
ZWL RELEASE client=3 buffer=17 dead=0
ZWL LAT draw frame=172 at_us=17785852
ZWL LAT acquired frame=172 at_us=17785857
ZWL DAMAGE frame=172 image=0 x=320 y=233 width=640 height=420
ZWL LAT recorded frame=172 at_us=17785987
ZWL COMPOSE frame=172 image=0 windows=1 at_ms=17794
ZWL LAT submit frame=172 at_us=17794495
ZWL LAT shown frame=172 at_us=17796592
ZWL COMMIT client=3 surface=6 buffer=15 queued=0
ZWL ACQUIRE_FENCE client=3 surface=6 generation=1
ZWL LAT adopt surface=6 at_us=17796739
ZWL RELEASE client=3 buffer=19 dead=0
ZWL LAT draw frame=173 at_us=17796760
ZWL LAT acquired frame=173 at_us=17796765
ZWL DAMAGE frame=173 image=0 x=320 y=233 width=640 height=420
ZWL LAT recorded frame=173 at_us=17796891
ZWL COMPOSE frame=173 image=0 windows=1 at_ms=17805
ZWL LAT submit frame=173 at_us=17805090
ZWL LAT shown frame=173 at_us=17807187
ZWL COMMIT client=3 surface=6 buffer=17 queued=0
ZWL ACQUIRE_FENCE client=3 surface=6 generation=1
ZWL LAT adopt surface=6 at_us=17807320
ZWL RELEASE client=3 buffer=15 dead=0
ZWL LAT draw frame=174 at_us=17807326
ZWL LAT acquired frame=174 at_us=17807331
ZWL DAMAGE frame=174 image=0 x=320 y=233 width=640 height=420
ZWL LAT recorded frame=174 at_us=17807454
ZWL COMPOSE frame=174 image=0 windows=1 at_ms=17815
ZWL LAT submit frame=174 at_us=17815507
ZWL LAT shown frame=174 at_us=17817601
ZWL COMMIT client=3 surface=6 buffer=19 queued=0
ZWL ACQUIRE_FENCE client=3 surface=6 generation=1
ZWL LAT adopt surface=6 at_us=17817721
ZWL RELEASE client=3 buffer=17 dead=0
ZWL LAT draw frame=175 at_us=17817727
ZWL LAT acquired frame=175 at_us=17817731
ZWL DAMAGE frame=175 image=0 x=320 y=233 width=640 height=420
ZWL LAT recorded frame=175 at_us=17817850
ZWL COMPOSE frame=175 image=0 windows=1 at_ms=17825
ZWL LAT submit frame=175 at_us=17825972
ZWL LAT shown frame=175 at_us=17828028
ZWL COMMIT client=3 surface=6 buffer=15 queued=0
ZWL ACQUIRE_FENCE client=3 surface=6 generation=1
ZWL LAT adopt surface=6 at_us=17828144
ZWL RELEASE client=3 buffer=19 dead=0
ZWL LAT draw frame=176 at_us=17828149
ZWL LAT acquired frame=176 at_us=17828153
ZWL DAMAGE frame=176 image=0 x=320 y=233 width=640 height=420
ZWL LAT recorded frame=176 at_us=17828268
ZWL COMPOSE frame=176 image=0 windows=1 at_ms=17835
ZWL LAT submit frame=176 at_us=17835729
ZWL LAT shown frame=176 at_us=17837829
ZWL COMMIT client=3 surface=6 buffer=17 queued=0
ZWL ACQUIRE_FENCE client=3 surface=6 generation=1
ZWL LAT adopt surface=6 at_us=17838051
ZWL RELEASE client=3 buffer=15 dead=0
ZWL LAT draw frame=177 at_us=17838057
ZWL LAT acquired frame=177 at_us=17838062
ZWL DAMAGE frame=177 image=0 x=320 y=233 width=640 height=420
ZWL LAT recorded frame=177 at_us=17838151
ZWL COMPOSE frame=177 image=0 windows=1 at_ms=17846
ZWL LAT submit frame=177 at_us=17846337
ZWL LAT shown frame=177 at_us=17848422
ZWL COMMIT client=3 surface=6 buffer=19 queued=0
ZWL ACQUIRE_FENCE client=3 surface=6 generation=1
ZWL LAT adopt surface=6 at_us=17848571
ZWL RELEASE client=3 buffer=17 dead=0
ZWL LAT draw frame=178 at_us=17848576
ZWL LAT acquired frame=178 at_us=17848579
ZWL DAMAGE frame=178 image=0 x=320 y=233 width=640 height=420
ZWL LAT recorded frame=178 at_us=17848695
ZWL COMPOSE frame=178 image=0 windows=1 at_ms=17856
ZWL LAT submit frame=178 at_us=17856470
ZWL LAT shown frame=178 at_us=17858688
ZWL COMMIT client=3 surface=6 buffer=15 queued=0
ZWL ACQUIRE_FENCE client=3 surface=6 generation=1
ZWL LAT adopt surface=6 at_us=17858945
ZWL RELEASE client=3 buffer=19 dead=0
ZWL LAT draw frame=179 at_us=17858959
ZWL LAT acquired frame=179 at_us=17858968
ZWL DAMAGE frame=179 image=0 x=320 y=233 width=640 height=420
ZWL LAT recorded frame=179 at_us=17859161
ZWL COMPOSE frame=179 image=0 windows=1 at_ms=17866
ZWL LAT submit frame=179 at_us=17866690
ZWL LAT shown frame=179 at_us=17868774
ZWL COMMIT client=3 surface=6 buffer=17 queued=0
ZWL ACQUIRE_FENCE client=3 surface=6 generation=1
ZWL LAT adopt surface=6 at_us=17868874
ZWL RELEASE client=3 buffer=15 dead=0
ZWL LAT draw frame=180 at_us=17868888
ZWL LAT acquired frame=180 at_us=17868892
ZWL DAMAGE frame=180 image=0 x=320 y=233 width=640 height=420
ZWL LAT recorded frame=180 at_us=17869007
ZWL COMPOSE frame=180 image=0 windows=1 at_ms=17876
ZWL LAT submit frame=180 at_us=17876883
ZWL LAT shown frame=180 at_us=17878965
ZWL COMMIT client=3 surface=6 buffer=19 queued=0
ZWL ACQUIRE_FENCE client=3 surface=6 generation=1
ZWL LAT adopt surface=6 at_us=17879133
ZWL RELEASE client=3 buffer=17 dead=0
ZWL LAT draw frame=181 at_us=17879137
ZWL LAT acquired frame=181 at_us=17879140
ZWL DAMAGE frame=181 image=0 x=320 y=233 width=640 height=420
ZWL LAT recorded frame=181 at_us=17879244
ZWL COMPOSE frame=181 image=0 windows=1 at_ms=17886
ZWL LAT submit frame=181 at_us=17886787
ZWL LAT shown frame=181 at_us=17888893
ZWL COMMIT client=3 surface=6 buffer=15 queued=0
ZWL ACQUIRE_FENCE client=3 surface=6 generation=1
ZWL LAT adopt surface=6 at_us=17889036
ZWL RELEASE client=3 buffer=19 dead=0
ZWL LAT draw frame=182 at_us=17889041
ZWL LAT acquired frame=182 at_us=17889046
ZWL DAMAGE frame=182 image=0 x=320 y=233 width=640 height=420
ZWL LAT recorded frame=182 at_us=17889143
ZWL COMPOSE frame=182 image=0 windows=1 at_ms=17897
ZWL LAT submit frame=182 at_us=17897820
ZWL LAT shown frame=182 at_us=17899959
ZWL COMMIT client=3 surface=6 buffer=17 queued=0
ZWL ACQUIRE_FENCE client=3 surface=6 generation=1
ZWL LAT adopt surface=6 at_us=17900530
ZWL RELEASE client=3 buffer=15 dead=0
ZWL LAT draw frame=183 at_us=17900542
ZWL LAT acquired frame=183 at_us=17900551
ZWL DAMAGE frame=183 image=0 x=320 y=233 width=640 height=420
ZWL LAT recorded frame=183 at_us=17900696
ZWL COMPOSE frame=183 image=0 windows=1 at_ms=17909
ZWL LAT submit frame=183 at_us=17909331
ZWL LAT shown frame=183 at_us=17911483
ZWL COMMIT client=3 surface=6 buffer=19 queued=0
ZWL ACQUIRE_FENCE client=3 surface=6 generation=1
ZWL LAT adopt surface=6 at_us=17911657
ZWL RELEASE client=3 buffer=17 dead=0
ZWL LAT draw frame=184 at_us=17911673
ZWL LAT acquired frame=184 at_us=17911683
ZWL DAMAGE frame=184 image=0 x=320 y=233 width=640 height=420
ZWL LAT recorded frame=184 at_us=17911867
ZWL COMPOSE frame=184 image=0 windows=1 at_ms=17921
ZWL LAT submit frame=184 at_us=17921058
ZWL LAT shown frame=184 at_us=17923193
ZWL COMMIT client=3 surface=6 buffer=15 queued=0
ZWL ACQUIRE_FENCE client=3 surface=6 generation=1
ZWL LAT adopt surface=6 at_us=17923380
ZWL RELEASE client=3 buffer=19 dead=0
ZWL LAT draw frame=185 at_us=17923391
ZWL LAT acquired frame=185 at_us=17923398
ZWL DAMAGE frame=185 image=0 x=320 y=233 width=640 height=420
ZWL LAT recorded frame=185 at_us=17923579
ZWL COMPOSE frame=185 image=0 windows=1 at_ms=17932
ZWL LAT submit frame=185 at_us=17932263
ZWL LAT shown frame=185 at_us=17934471
ZWL COMMIT client=3 surface=6 buffer=17 queued=0
ZWL ACQUIRE_FENCE client=3 surface=6 generation=1
ZWL LAT adopt surface=6 at_us=17934732
ZWL RELEASE client=3 buffer=15 dead=0
ZWL LAT draw frame=186 at_us=17934744
ZWL LAT acquired frame=186 at_us=17934753
ZWL DAMAGE frame=186 image=0 x=320 y=233 width=640 height=420
ZWL LAT recorded frame=186 at_us=17934923
ZWL COMPOSE frame=186 image=0 windows=1 at_ms=17944
ZWL LAT submit frame=186 at_us=17944178
ZWL LAT shown frame=186 at_us=17946287
ZWL COMMIT client=3 surface=6 buffer=19 queued=0
ZWL ACQUIRE_FENCE client=3 surface=6 generation=1
ZWL LAT adopt surface=6 at_us=17946400
ZWL RELEASE client=3 buffer=17 dead=0
ZWL LAT draw frame=187 at_us=17946409
ZWL LAT acquired frame=187 at_us=17946415
ZWL DAMAGE frame=187 image=0 x=320 y=233 width=640 height=420
ZWL LAT recorded frame=187 at_us=17946547
ZWL COMPOSE frame=187 image=0 windows=1 at_ms=17956
ZWL LAT submit frame=187 at_us=17956691
ZWL LAT shown frame=187 at_us=17958819
ZWL COMMIT client=3 surface=6 buffer=15 queued=0
ZWL ACQUIRE_FENCE client=3 surface=6 generation=1
ZWL LAT adopt surface=6 at_us=17959047
ZWL RELEASE client=3 buffer=19 dead=0
ZWL LAT draw frame=188 at_us=17959059
ZWL LAT acquired frame=188 at_us=17959067
ZWL DAMAGE frame=188 image=0 x=320 y=233 width=640 height=420
ZWL LAT recorded frame=188 at_us=17959245
ZWL COMPOSE frame=188 image=0 windows=1 at_ms=17971
ZWL LAT submit frame=188 at_us=17971503
ZWL LAT shown frame=188 at_us=17973644
ZWL COMMIT client=3 surface=6 buffer=17 queued=0
ZWL ACQUIRE_FENCE client=3 surface=6 generation=1
ZWL LAT adopt surface=6 at_us=17973861
ZWL RELEASE client=3 buffer=15 dead=0
ZWL LAT draw frame=189 at_us=17973876
ZWL LAT acquired frame=189 at_us=17973886
ZWL DAMAGE frame=189 image=0 x=320 y=233 width=640 height=420
ZWL LAT recorded frame=189 at_us=17974100
ZWL COMPOSE frame=189 image=0 windows=1 at_ms=17985
ZWL LAT submit frame=189 at_us=17985038
ZWL LAT shown frame=189 at_us=17987181
ZWL COMMIT client=3 surface=6 buffer=19 queued=0
ZWL ACQUIRE_FENCE client=3 surface=6 generation=1
ZWL LAT adopt surface=6 at_us=17987373
ZWL RELEASE client=3 buffer=17 dead=0
ZWL LAT draw frame=190 at_us=17987384
ZWL LAT acquired frame=190 at_us=17987391
ZWL DAMAGE frame=190 image=0 x=320 y=233 width=640 height=420
ZWL LAT recorded frame=190 at_us=17987552
ZWL COMPOSE frame=190 image=0 windows=1 at_ms=17998
ZWL LAT submit frame=190 at_us=17998286
ZWL LAT shown frame=190 at_us=18000402
ZWL COMMIT client=3 surface=6 buffer=15 queued=0
ZWL ACQUIRE_FENCE client=3 surface=6 generation=1
ZWL LAT adopt surface=6 at_us=18000562
ZWL RELEASE client=3 buffer=19 dead=0
ZWL LAT draw frame=191 at_us=18000571
ZWL LAT acquired frame=191 at_us=18000577
ZWL DAMAGE frame=191 image=0 x=320 y=233 width=640 height=420
ZWL LAT recorded frame=191 at_us=18000718
ZWL COMPOSE frame=191 image=0 windows=1 at_ms=18013
ZWL LAT submit frame=191 at_us=18013377
ZWL LAT shown frame=191 at_us=18015470
ZWL COMMIT client=3 surface=6 buffer=17 queued=0
ZWL ACQUIRE_FENCE client=3 surface=6 generation=1
ZWL LAT adopt surface=6 at_us=18015639
ZWL RELEASE client=3 buffer=15 dead=0
ZWL LAT draw frame=192 at_us=18015645
ZWL LAT acquired frame=192 at_us=18015650
ZWL DAMAGE frame=192 image=0 x=320 y=233 width=640 height=420
ZWL LAT recorded frame=192 at_us=18015776
ZWL COMPOSE frame=192 image=0 windows=1 at_ms=18026
ZWL LAT submit frame=192 at_us=18026393
ZWL LAT shown frame=192 at_us=18028503
ZWL COMMIT client=3 surface=6 buffer=19 queued=0
ZWL ACQUIRE_FENCE client=3 surface=6 generation=1
ZWL LAT adopt surface=6 at_us=18028650
ZWL RELEASE client=3 buffer=17 dead=0
ZWL LAT draw frame=193 at_us=18028657
ZWL LAT acquired frame=193 at_us=18028662
ZWL DAMAGE frame=193 image=0 x=320 y=233 width=640 height=420
ZWL LAT recorded frame=193 at_us=18028794
ZWL COMPOSE frame=193 image=0 windows=1 at_ms=18041
ZWL LAT submit frame=193 at_us=18041172
ZWL LAT shown frame=193 at_us=18043273
ZWL COMMIT client=3 surface=6 buffer=15 queued=0
ZWL ACQUIRE_FENCE client=3 surface=6 generation=1
ZWL LAT adopt surface=6 at_us=18043431
ZWL RELEASE client=3 buffer=19 dead=0
ZWL LAT draw frame=194 at_us=18043438
ZWL LAT acquired frame=194 at_us=18043443
ZWL DAMAGE frame=194 image=0 x=320 y=233 width=640 height=420
ZWL LAT recorded frame=194 at_us=18043549
ZWL COMPOSE frame=194 image=0 windows=1 at_ms=18055
ZWL LAT submit frame=194 at_us=18055370
ZWL LAT shown frame=194 at_us=18057464
ZWL COMMIT client=3 surface=6 buffer=17 queued=0
ZWL ACQUIRE_FENCE client=3 surface=6 generation=1
ZWL LAT adopt surface=6 at_us=18057710
ZWL RELEASE client=3 buffer=15 dead=0
ZWL LAT draw frame=195 at_us=18057717
ZWL LAT acquired frame=195 at_us=18057721
ZWL DAMAGE frame=195 image=0 x=320 y=233 width=640 height=420
ZWL LAT recorded frame=195 at_us=18057821
ZWL COMPOSE frame=195 image=0 windows=1 at_ms=18068
ZWL LAT submit frame=195 at_us=18068098
ZWL LAT shown frame=195 at_us=18070194
ZWL COMMIT client=3 surface=6 buffer=19 queued=0
ZWL ACQUIRE_FENCE client=3 surface=6 generation=1
ZWL LAT adopt surface=6 at_us=18070431
ZWL RELEASE client=3 buffer=17 dead=0
ZWL LAT draw frame=196 at_us=18070438
ZWL LAT acquired frame=196 at_us=18070443
ZWL DAMAGE frame=196 image=0 x=320 y=233 width=640 height=420
ZWL LAT recorded frame=196 at_us=18070547
ZWL COMPOSE frame=196 image=0 windows=1 at_ms=18083
ZWL LAT submit frame=196 at_us=18083009
ZWL LAT shown frame=196 at_us=18085092
ZWL COMMIT client=3 surface=6 buffer=15 queued=0
ZWL ACQUIRE_FENCE client=3 surface=6 generation=1
ZWL LAT adopt surface=6 at_us=18085271
ZWL RELEASE client=3 buffer=19 dead=0
ZWL LAT draw frame=197 at_us=18085276
ZWL LAT acquired frame=197 at_us=18085279
ZWL DAMAGE frame=197 image=0 x=320 y=233 width=640 height=420
ZWL LAT recorded frame=197 at_us=18085391
ZWL COMPOSE frame=197 image=0 windows=1 at_ms=18095
ZWL LAT submit frame=197 at_us=18095630
ZWL LAT shown frame=197 at_us=18097722
ZWL COMMIT client=3 surface=6 buffer=17 queued=0
ZWL ACQUIRE_FENCE client=3 surface=6 generation=1
ZWL LAT adopt surface=6 at_us=18097960
ZWL RELEASE client=3 buffer=15 dead=0
ZWL LAT draw frame=198 at_us=18097974
ZWL LAT acquired frame=198 at_us=18097978
ZWL DAMAGE frame=198 image=0 x=320 y=233 width=640 height=420
ZWL LAT recorded frame=198 at_us=18098098
ZWL COMPOSE frame=198 image=0 windows=1 at_ms=18109
ZWL LAT submit frame=198 at_us=18109201
ZWL LAT shown frame=198 at_us=18111374
ZWL COMMIT client=3 surface=6 buffer=19 queued=0
ZWL ACQUIRE_FENCE client=3 surface=6 generation=1
ZWL LAT adopt surface=6 at_us=18111556
ZWL RELEASE client=3 buffer=17 dead=0
ZWL LAT draw frame=199 at_us=18111569
ZWL LAT acquired frame=199 at_us=18111578
ZWL DAMAGE frame=199 image=0 x=320 y=233 width=640 height=420
ZWL LAT recorded frame=199 at_us=18111768
ZWL COMPOSE frame=199 image=0 windows=1 at_ms=18122
ZWL LAT submit frame=199 at_us=18122264
ZWL LAT shown frame=199 at_us=18124380
ZWL COMMIT client=3 surface=6 buffer=15 queued=0
ZWL ACQUIRE_FENCE client=3 surface=6 generation=1
ZWL LAT adopt surface=6 at_us=18124498
ZWL RELEASE client=3 buffer=19 dead=0
ZWL LAT draw frame=200 at_us=18124508
ZWL LAT acquired frame=200 at_us=18124515
ZWL DAMAGE frame=200 image=0 x=320 y=233 width=640 height=420
ZWL LAT recorded frame=200 at_us=18124680
ZWL COMPOSE frame=200 image=0 windows=1 at_ms=18134
ZWL LAT submit frame=200 at_us=18134430
ZWL LAT shown frame=200 at_us=18136543
ZWL COMMIT client=3 surface=6 buffer=17 queued=0
ZWL ACQUIRE_FENCE client=3 surface=6 generation=1
ZWL LAT adopt surface=6 at_us=18136660
ZWL RELEASE client=3 buffer=15 dead=0
ZWL LAT draw frame=201 at_us=18136670
ZWL LAT acquired frame=201 at_us=18136676
ZWL DAMAGE frame=201 image=0 x=320 y=233 width=640 height=420
ZWL LAT recorded frame=201 at_us=18136832
ZWL COMPOSE frame=201 image=0 windows=1 at_ms=18149
ZWL LAT submit frame=201 at_us=18149857
ZWL LAT shown frame=201 at_us=18152032
ZWL COMMIT client=3 surface=6 buffer=19 queued=0
ZWL ACQUIRE_FENCE client=3 surface=6 generation=1
ZWL LAT adopt surface=6 at_us=18152258
ZWL RELEASE client=3 buffer=17 dead=0
ZWL LAT draw frame=202 at_us=18152273
ZWL LAT acquired frame=202 at_us=18152283
ZWL DAMAGE frame=202 image=0 x=320 y=233 width=640 height=420
ZWL LAT recorded frame=202 at_us=18152489
ZWL COMPOSE frame=202 image=0 windows=1 at_ms=18164
ZWL LAT submit frame=202 at_us=18164239
ZWL LAT shown frame=202 at_us=18166448
ZWL COMMIT client=3 surface=6 buffer=15 queued=0
ZWL ACQUIRE_FENCE client=3 surface=6 generation=1
ZWL LAT adopt surface=6 at_us=18166694
ZWL RELEASE client=3 buffer=19 dead=0
ZWL LAT draw frame=203 at_us=18166707
ZWL LAT acquired frame=203 at_us=18166716
ZWL DAMAGE frame=203 image=0 x=320 y=233 width=640 height=420
ZWL LAT recorded frame=203 at_us=18166895
ZWL COMPOSE frame=203 image=0 windows=1 at_ms=18178
ZWL LAT submit frame=203 at_us=18178764
ZWL LAT shown frame=203 at_us=18180900
ZWL COMMIT client=3 surface=6 buffer=17 queued=0
ZWL ACQUIRE_FENCE client=3 surface=6 generation=1
ZWL LAT adopt surface=6 at_us=18181059
ZWL RELEASE client=3 buffer=15 dead=0
ZWL LAT draw frame=204 at_us=18181069
ZWL LAT acquired frame=204 at_us=18181076
ZWL DAMAGE frame=204 image=0 x=320 y=233 width=640 height=420
ZWL LAT recorded frame=204 at_us=18181231
ZWL COMPOSE frame=204 image=0 windows=1 at_ms=18191
ZWL LAT submit frame=204 at_us=18191593
ZWL LAT shown frame=204 at_us=18193716
ZWL COMMIT client=3 surface=6 buffer=19 queued=0
ZWL ACQUIRE_FENCE client=3 surface=6 generation=1
ZWL LAT adopt surface=6 at_us=18193954
ZWL RELEASE client=3 buffer=17 dead=0
ZWL LAT draw frame=205 at_us=18193965
ZWL LAT acquired frame=205 at_us=18193973
ZWL DAMAGE frame=205 image=0 x=320 y=233 width=640 height=420
ZWL LAT recorded frame=205 at_us=18194163
ZWL COMPOSE frame=205 image=0 windows=1 at_ms=18205
ZWL LAT submit frame=205 at_us=18205088
ZWL LAT shown frame=205 at_us=18207187
ZWL COMMIT client=3 surface=6 buffer=15 queued=0
ZWL ACQUIRE_FENCE client=3 surface=6 generation=1
ZWL LAT adopt surface=6 at_us=18207323
ZWL RELEASE client=3 buffer=19 dead=0
ZWL LAT draw frame=206 at_us=18207330
ZWL LAT acquired frame=206 at_us=18207335
ZWL DAMAGE frame=206 image=0 x=320 y=233 width=640 height=420
ZWL LAT recorded frame=206 at_us=18207432
ZWL COMPOSE frame=206 image=0 windows=1 at_ms=18217
ZWL LAT submit frame=206 at_us=18217859
ZWL LAT shown frame=206 at_us=18219952
ZWL COMMIT client=3 surface=6 buffer=17 queued=0
ZWL ACQUIRE_FENCE client=3 surface=6 generation=1
ZWL LAT adopt surface=6 at_us=18220129
ZWL RELEASE client=3 buffer=15 dead=0
ZWL LAT draw frame=207 at_us=18220136
ZWL LAT acquired frame=207 at_us=18220140
ZWL DAMAGE frame=207 image=0 x=320 y=233 width=640 height=420
ZWL LAT recorded frame=207 at_us=18220296
ZWL COMPOSE frame=207 image=0 windows=1 at_ms=18229
ZWL LAT submit frame=207 at_us=18229425
ZWL LAT shown frame=207 at_us=18231522
ZWL COMMIT client=3 surface=6 buffer=19 queued=0
ZWL ACQUIRE_FENCE client=3 surface=6 generation=1
ZWL LAT adopt surface=6 at_us=18231881
ZWL RELEASE client=3 buffer=17 dead=0
ZWL LAT draw frame=208 at_us=18231897
ZWL LAT acquired frame=208 at_us=18231910
ZWL DAMAGE frame=208 image=0 x=320 y=233 width=640 height=420
ZWL LAT recorded frame=208 at_us=18232134
ZWL COMPOSE frame=208 image=0 windows=1 at_ms=18244
ZWL LAT submit frame=208 at_us=18244637
ZWL LAT shown frame=208 at_us=18246855
ZWL COMMIT client=3 surface=6 buffer=15 queued=0
ZWL ACQUIRE_FENCE client=3 surface=6 generation=1
ZWL LAT adopt surface=6 at_us=18247035
ZWL RELEASE client=3 buffer=19 dead=0
ZWL LAT draw frame=209 at_us=18247045
ZWL LAT acquired frame=209 at_us=18247053
ZWL DAMAGE frame=209 image=0 x=320 y=233 width=640 height=420
ZWL LAT recorded frame=209 at_us=18247222
ZWL COMPOSE frame=209 image=0 windows=1 at_ms=18258
ZWL LAT submit frame=209 at_us=18258203
ZWL LAT shown frame=209 at_us=18260320
ZWL COMMIT client=3 surface=6 buffer=17 queued=0
ZWL ACQUIRE_FENCE client=3 surface=6 generation=1
ZWL LAT adopt surface=6 at_us=18260491
ZWL RELEASE client=3 buffer=15 dead=0
ZWL LAT draw frame=210 at_us=18260500
ZWL LAT acquired frame=210 at_us=18260507
ZWL DAMAGE frame=210 image=0 x=320 y=233 width=640 height=420
ZWL LAT recorded frame=210 at_us=18260672
ZWL COMPOSE frame=210 image=0 windows=1 at_ms=18270
ZWL LAT submit frame=210 at_us=18270357
ZWL LAT shown frame=210 at_us=18272467
ZWL COMMIT client=3 surface=6 buffer=19 queued=0
ZWL ACQUIRE_FENCE client=3 surface=6 generation=1
ZWL LAT adopt surface=6 at_us=18272620
ZWL RELEASE client=3 buffer=17 dead=0
ZWL LAT draw frame=211 at_us=18272630
ZWL LAT acquired frame=211 at_us=18272636
ZWL DAMAGE frame=211 image=0 x=320 y=233 width=640 height=420
ZWL LAT recorded frame=211 at_us=18272799
ZWL COMPOSE frame=211 image=0 windows=1 at_ms=18283
ZWL LAT submit frame=211 at_us=18283050
ZWL LAT shown frame=211 at_us=18285164
ZWL COMMIT client=3 surface=6 buffer=15 queued=0
ZWL ACQUIRE_FENCE client=3 surface=6 generation=1
ZWL LAT adopt surface=6 at_us=18285363
ZWL RELEASE client=3 buffer=19 dead=0
ZWL LAT draw frame=212 at_us=18285371
ZWL LAT acquired frame=212 at_us=18285376
ZWL DAMAGE frame=212 image=0 x=320 y=233 width=640 height=420
ZWL LAT recorded frame=212 at_us=18285516
ZWL COMPOSE frame=212 image=0 windows=1 at_ms=18294
ZWL LAT submit frame=212 at_us=18294354
ZWL LAT shown frame=212 at_us=18296494
ZWL COMMIT client=3 surface=6 buffer=17 queued=0
ZWL ACQUIRE_FENCE client=3 surface=6 generation=1
ZWL LAT adopt surface=6 at_us=18296694
ZWL RELEASE client=3 buffer=15 dead=0
ZWL LAT draw frame=213 at_us=18296701
ZWL LAT acquired frame=213 at_us=18296709
ZWL DAMAGE frame=213 image=0 x=320 y=233 width=640 height=420
ZWL LAT recorded frame=213 at_us=18296838
ZWL COMPOSE frame=213 image=0 windows=1 at_ms=18305
ZWL LAT submit frame=213 at_us=18305538
ZWL LAT shown frame=213 at_us=18307654
ZWL COMMIT client=3 surface=6 buffer=19 queued=0
ZWL ACQUIRE_FENCE client=3 surface=6 generation=1
ZWL LAT adopt surface=6 at_us=18307783
ZWL RELEASE client=3 buffer=17 dead=0
ZWL LAT draw frame=214 at_us=18307793
ZWL LAT acquired frame=214 at_us=18307799
ZWL DAMAGE frame=214 image=0 x=320 y=233 width=640 height=420
ZWL LAT recorded frame=214 at_us=18307932
ZWL COMPOSE frame=214 image=0 windows=1 at_ms=18317
ZWL LAT submit frame=214 at_us=18317343
ZWL LAT shown frame=214 at_us=18319444
ZWL COMMIT client=3 surface=6 buffer=15 queued=0
ZWL ACQUIRE_FENCE client=3 surface=6 generation=1
ZWL LAT adopt surface=6 at_us=18319566
ZWL RELEASE client=3 buffer=19 dead=0
ZWL LAT draw frame=215 at_us=18319575
ZWL LAT acquired frame=215 at_us=18319580
ZWL DAMAGE frame=215 image=0 x=320 y=233 width=640 height=420
ZWL LAT recorded frame=215 at_us=18319723
ZWL COMPOSE frame=215 image=0 windows=1 at_ms=18328
ZWL LAT submit frame=215 at_us=18328503
ZWL LAT shown frame=215 at_us=18330598
ZWL COMMIT client=3 surface=6 buffer=17 queued=0
ZWL ACQUIRE_FENCE client=3 surface=6 generation=1
ZWL LAT adopt surface=6 at_us=18330811
ZWL RELEASE client=3 buffer=15 dead=0
ZWL LAT draw frame=216 at_us=18330819
ZWL LAT acquired frame=216 at_us=18330824
ZWL DAMAGE frame=216 image=0 x=320 y=233 width=640 height=420
ZWL LAT recorded frame=216 at_us=18330957
ZWL COMPOSE frame=216 image=0 windows=1 at_ms=18340
ZWL LAT submit frame=216 at_us=18340975
ZWL LAT shown frame=216 at_us=18343074
ZWL COMMIT client=3 surface=6 buffer=19 queued=0
ZWL ACQUIRE_FENCE client=3 surface=6 generation=1
ZWL LAT adopt surface=6 at_us=18343278
ZWL RELEASE client=3 buffer=17 dead=0
ZWL LAT draw frame=217 at_us=18343285
ZWL LAT acquired frame=217 at_us=18343290
ZWL DAMAGE frame=217 image=0 x=320 y=233 width=640 height=420
ZWL LAT recorded frame=217 at_us=18343428
ZWL COMPOSE frame=217 image=0 windows=1 at_ms=18354
ZWL LAT submit frame=217 at_us=18354555
ZWL LAT shown frame=217 at_us=18356666
ZWL COMMIT client=3 surface=6 buffer=15 queued=0
ZWL ACQUIRE_FENCE client=3 surface=6 generation=1
ZWL LAT adopt surface=6 at_us=18356900
ZWL RELEASE client=3 buffer=19 dead=0
ZWL LAT draw frame=218 at_us=18356910
ZWL LAT acquired frame=218 at_us=18356916
ZWL DAMAGE frame=218 image=0 x=320 y=233 width=640 height=420
ZWL LAT recorded frame=218 at_us=18357066
ZWL COMPOSE frame=218 image=0 windows=1 at_ms=18366
ZWL LAT submit frame=218 at_us=18366745
ZWL LAT shown frame=218 at_us=18368846
ZWL COMMIT client=3 surface=6 buffer=17 queued=0
ZWL ACQUIRE_FENCE client=3 surface=6 generation=1
ZWL LAT adopt surface=6 at_us=18368974
ZWL RELEASE client=3 buffer=15 dead=0
ZWL LAT draw frame=219 at_us=18368981
ZWL LAT acquired frame=219 at_us=18368986
ZWL DAMAGE frame=219 image=0 x=320 y=233 width=640 height=420
ZWL LAT recorded frame=219 at_us=18369122
ZWL COMPOSE frame=219 image=0 windows=1 at_ms=18378
ZWL LAT submit frame=219 at_us=18378908
ZWL LAT shown frame=219 at_us=18381000
ZWL COMMIT client=3 surface=6 buffer=19 queued=0
ZWL ACQUIRE_FENCE client=3 surface=6 generation=1
ZWL LAT adopt surface=6 at_us=18381126
ZWL RELEASE client=3 buffer=17 dead=0
ZWL LAT draw frame=220 at_us=18381132
ZWL LAT acquired frame=220 at_us=18381136
ZWL DAMAGE frame=220 image=0 x=320 y=233 width=640 height=420
ZWL LAT recorded frame=220 at_us=18381259
ZWL COMPOSE frame=220 image=0 windows=1 at_ms=18391
ZWL LAT submit frame=220 at_us=18391403
ZWL LAT shown frame=220 at_us=18393567
ZWL COMMIT client=3 surface=6 buffer=15 queued=0
ZWL ACQUIRE_FENCE client=3 surface=6 generation=1
ZWL LAT adopt surface=6 at_us=18393876
ZWL RELEASE client=3 buffer=19 dead=0
ZWL LAT draw frame=221 at_us=18393893
ZWL LAT acquired frame=221 at_us=18393904
ZWL DAMAGE frame=221 image=0 x=320 y=233 width=640 height=420
ZWL LAT recorded frame=221 at_us=18394123
ZWL COMPOSE frame=221 image=0 windows=1 at_ms=18407
ZWL LAT submit frame=221 at_us=18407989
ZWL LAT shown frame=221 at_us=18410140
ZWL COMMIT client=3 surface=6 buffer=17 queued=0
ZWL ACQUIRE_FENCE client=3 surface=6 generation=1
ZWL LAT adopt surface=6 at_us=18410332
ZWL RELEASE client=3 buffer=15 dead=0
ZWL LAT draw frame=222 at_us=18410346
ZWL LAT acquired frame=222 at_us=18410354
ZWL DAMAGE frame=222 image=0 x=320 y=233 width=640 height=420
ZWL LAT recorded frame=222 at_us=18410505
ZWL COMPOSE frame=222 image=0 windows=1 at_ms=18421
ZWL LAT submit frame=222 at_us=18421376
ZWL LAT shown frame=222 at_us=18423497
ZWL COMMIT client=3 surface=6 buffer=19 queued=0
ZWL ACQUIRE_FENCE client=3 surface=6 generation=1
ZWL LAT adopt surface=6 at_us=18423675
ZWL RELEASE client=3 buffer=17 dead=0
ZWL LAT draw frame=223 at_us=18423687
ZWL LAT acquired frame=223 at_us=18423713
ZWL DAMAGE frame=223 image=0 x=320 y=233 width=640 height=420
ZWL LAT recorded frame=223 at_us=18423878
ZWL COMPOSE frame=223 image=0 windows=1 at_ms=18437
ZWL LAT submit frame=223 at_us=18437129
ZWL LAT shown frame=223 at_us=18439249
ZWL COMMIT client=3 surface=6 buffer=15 queued=0
ZWL ACQUIRE_FENCE client=3 surface=6 generation=1
ZWL LAT adopt surface=6 at_us=18439373
ZWL RELEASE client=3 buffer=19 dead=0
ZWL LAT draw frame=224 at_us=18439380
ZWL LAT acquired frame=224 at_us=18439385
ZWL DAMAGE frame=224 image=0 x=320 y=233 width=640 height=420
ZWL LAT recorded frame=224 at_us=18439519
ZWL COMPOSE frame=224 image=0 windows=1 at_ms=18449
ZWL LAT submit frame=224 at_us=18449663
ZWL LAT shown frame=224 at_us=18451760
ZWL COMMIT client=3 surface=6 buffer=17 queued=0
ZWL ACQUIRE_FENCE client=3 surface=6 generation=1
ZWL LAT adopt surface=6 at_us=18451872
ZWL RELEASE client=3 buffer=15 dead=0
ZWL LAT draw frame=225 at_us=18451878
ZWL LAT acquired frame=225 at_us=18451883
ZWL DAMAGE frame=225 image=0 x=320 y=233 width=640 height=420
ZWL LAT recorded frame=225 at_us=18452025
ZWL COMPOSE frame=225 image=0 windows=1 at_ms=18461
ZWL LAT submit frame=225 at_us=18461676
ZWL LAT shown frame=225 at_us=18463781
ZWL COMMIT client=3 surface=6 buffer=19 queued=0
ZWL ACQUIRE_FENCE client=3 surface=6 generation=1
ZWL LAT adopt surface=6 at_us=18463927
ZWL RELEASE client=3 buffer=17 dead=0
ZWL LAT draw frame=226 at_us=18463934
ZWL LAT acquired frame=226 at_us=18463939
ZWL DAMAGE frame=226 image=0 x=320 y=233 width=640 height=420
ZWL LAT recorded frame=226 at_us=18464093
ZWL COMPOSE frame=226 image=0 windows=1 at_ms=18477
ZWL LAT submit frame=226 at_us=18477105
ZWL LAT shown frame=226 at_us=18479214
ZWL COMMIT client=3 surface=6 buffer=15 queued=0
ZWL ACQUIRE_FENCE client=3 surface=6 generation=1
ZWL LAT adopt surface=6 at_us=18479354
ZWL RELEASE client=3 buffer=19 dead=0
ZWL LAT draw frame=227 at_us=18479362
ZWL LAT acquired frame=227 at_us=18479368
ZWL DAMAGE frame=227 image=0 x=320 y=233 width=640 height=420
ZWL LAT recorded frame=227 at_us=18479482
ZWL COMPOSE frame=227 image=0 windows=1 at_ms=18490
ZWL LAT submit frame=227 at_us=18490051
ZWL LAT shown frame=227 at_us=18492186
ZWL COMMIT client=3 surface=6 buffer=17 queued=0
ZWL ACQUIRE_FENCE client=3 surface=6 generation=1
ZWL LAT adopt surface=6 at_us=18492331
ZWL RELEASE client=3 buffer=15 dead=0
ZWL LAT draw frame=228 at_us=18492343
ZWL LAT acquired frame=228 at_us=18492352
ZWL DAMAGE frame=228 image=0 x=320 y=233 width=640 height=420
ZWL LAT recorded frame=228 at_us=18492523
ZWL COMPOSE frame=228 image=0 windows=1 at_ms=18502
ZWL LAT submit frame=228 at_us=18502353
ZWL LAT shown frame=228 at_us=18504513
ZWL COMMIT client=3 surface=6 buffer=19 queued=0
ZWL ACQUIRE_FENCE client=3 surface=6 generation=1
ZWL LAT adopt surface=6 at_us=18504672
ZWL RELEASE client=3 buffer=17 dead=0
ZWL LAT draw frame=229 at_us=18504688
ZWL LAT acquired frame=229 at_us=18504698
ZWL DAMAGE frame=229 image=0 x=320 y=233 width=640 height=420
ZWL LAT recorded frame=229 at_us=18504919
ZWL COMPOSE frame=229 image=0 windows=1 at_ms=18515
ZWL LAT submit frame=229 at_us=18515882
ZWL LAT shown frame=229 at_us=18518002
ZWL COMMIT client=3 surface=6 buffer=15 queued=0
ZWL ACQUIRE_FENCE client=3 surface=6 generation=1
ZWL LAT adopt surface=6 at_us=18518256
ZWL RELEASE client=3 buffer=19 dead=0
ZWL LAT draw frame=230 at_us=18518264
ZWL LAT acquired frame=230 at_us=18518269
ZWL DAMAGE frame=230 image=0 x=320 y=233 width=640 height=420
ZWL LAT recorded frame=230 at_us=18518371
ZWL COMPOSE frame=230 image=0 windows=1 at_ms=18528
ZWL LAT submit frame=230 at_us=18528074
ZWL LAT shown frame=230 at_us=18530235
ZWL COMMIT client=3 surface=6 buffer=17 queued=0
ZWL ACQUIRE_FENCE client=3 surface=6 generation=1
ZWL LAT adopt surface=6 at_us=18530524
ZWL RELEASE client=3 buffer=15 dead=0
ZWL LAT draw frame=231 at_us=18530540
ZWL LAT acquired frame=231 at_us=18530550
ZWL DAMAGE frame=231 image=0 x=320 y=233 width=640 height=420
ZWL LAT recorded frame=231 at_us=18530746
ZWL COMPOSE frame=231 image=0 windows=1 at_ms=18540
ZWL LAT submit frame=231 at_us=18540728
ZWL LAT shown frame=231 at_us=18542860
ZWL COMMIT client=3 surface=6 buffer=19 queued=0
ZWL ACQUIRE_FENCE client=3 surface=6 generation=1
ZWL LAT adopt surface=6 at_us=18543047
ZWL RELEASE client=3 buffer=17 dead=0
ZWL LAT draw frame=232 at_us=18543060
ZWL LAT acquired frame=232 at_us=18543069
ZWL DAMAGE frame=232 image=0 x=320 y=233 width=640 height=420
ZWL LAT recorded frame=232 at_us=18543235
ZWL COMPOSE frame=232 image=0 windows=1 at_ms=18553
ZWL LAT submit frame=232 at_us=18553864
ZWL LAT shown frame=232 at_us=18555981
ZWL COMMIT client=3 surface=6 buffer=15 queued=0
ZWL ACQUIRE_FENCE client=3 surface=6 generation=1
ZWL LAT adopt surface=6 at_us=18556145
ZWL RELEASE client=3 buffer=19 dead=0
ZWL LAT draw frame=233 at_us=18556155
ZWL LAT acquired frame=233 at_us=18556161
ZWL DAMAGE frame=233 image=0 x=320 y=233 width=640 height=420
ZWL LAT recorded frame=233 at_us=18556324
ZWL COMPOSE frame=233 image=0 windows=1 at_ms=18566
ZWL LAT submit frame=233 at_us=18566616
ZWL LAT shown frame=233 at_us=18568761
ZWL COMMIT client=3 surface=6 buffer=17 queued=0
ZWL ACQUIRE_FENCE client=3 surface=6 generation=1
ZWL LAT adopt surface=6 at_us=18568942
ZWL RELEASE client=3 buffer=15 dead=0
ZWL LAT draw frame=234 at_us=18568955
ZWL LAT acquired frame=234 at_us=18568963
ZWL DAMAGE frame=234 image=0 x=320 y=233 width=640 height=420
ZWL LAT recorded frame=234 at_us=18569109
ZWL COMPOSE frame=234 image=0 windows=1 at_ms=18579
ZWL LAT submit frame=234 at_us=18579971
ZWL LAT shown frame=234 at_us=18582117
ZWL COMMIT client=3 surface=6 buffer=19 queued=0
ZWL ACQUIRE_FENCE client=3 surface=6 generation=1
ZWL LAT adopt surface=6 at_us=18582368
ZWL RELEASE client=3 buffer=17 dead=0
ZWL LAT draw frame=235 at_us=18582380
ZWL LAT acquired frame=235 at_us=18582388
ZWL DAMAGE frame=235 image=0 x=320 y=233 width=640 height=420
ZWL LAT recorded frame=235 at_us=18582522
ZWL COMPOSE frame=235 image=0 windows=1 at_ms=18594
ZWL LAT submit frame=235 at_us=18594276
ZWL LAT shown frame=235 at_us=18596417
ZWL COMMIT client=3 surface=6 buffer=15 queued=0
ZWL ACQUIRE_FENCE client=3 surface=6 generation=1
ZWL LAT adopt surface=6 at_us=18596619
ZWL RELEASE client=3 buffer=19 dead=0
ZWL LAT draw frame=236 at_us=18596632
ZWL LAT acquired frame=236 at_us=18596641
ZWL DAMAGE frame=236 image=0 x=320 y=233 width=640 height=420
ZWL LAT recorded frame=236 at_us=18596813
ZWL COMPOSE frame=236 image=0 windows=1 at_ms=18611
ZWL LAT submit frame=236 at_us=18611321
ZWL LAT shown frame=236 at_us=18613427
ZWL COMMIT client=3 surface=6 buffer=17 queued=0
ZWL ACQUIRE_FENCE client=3 surface=6 generation=1
ZWL LAT adopt surface=6 at_us=18613691
ZWL RELEASE client=3 buffer=15 dead=0
ZWL LAT draw frame=237 at_us=18613700
ZWL LAT acquired frame=237 at_us=18613706
ZWL DAMAGE frame=237 image=0 x=320 y=233 width=640 height=420
ZWL LAT recorded frame=237 at_us=18613864
ZWL COMPOSE frame=237 image=0 windows=1 at_ms=18624
ZWL LAT submit frame=237 at_us=18624456
ZWL LAT shown frame=237 at_us=18626574
ZWL COMMIT client=3 surface=6 buffer=19 queued=0
ZWL ACQUIRE_FENCE client=3 surface=6 generation=1
ZWL LAT adopt surface=6 at_us=18626738
ZWL RELEASE client=3 buffer=17 dead=0
ZWL LAT draw frame=238 at_us=18626748
ZWL LAT acquired frame=238 at_us=18626756
ZWL DAMAGE frame=238 image=0 x=320 y=233 width=640 height=420
ZWL LAT recorded frame=238 at_us=18626943
ZWL COMPOSE frame=238 image=0 windows=1 at_ms=18637
ZWL LAT submit frame=238 at_us=18637877
ZWL LAT shown frame=238 at_us=18640029
ZWL COMMIT client=3 surface=6 buffer=15 queued=0
ZWL ACQUIRE_FENCE client=3 surface=6 generation=1
ZWL LAT adopt surface=6 at_us=18640176
ZWL RELEASE client=3 buffer=19 dead=0
ZWL LAT draw frame=239 at_us=18640192
ZWL LAT acquired frame=239 at_us=18640201
ZWL DAMAGE frame=239 image=0 x=320 y=233 width=640 height=420
ZWL LAT recorded frame=239 at_us=18640390
ZWL COMPOSE frame=239 image=0 windows=1 at_ms=18649
ZWL LAT submit frame=239 at_us=18649634
ZWL LAT shown frame=239 at_us=18651735
ZWL COMMIT client=3 surface=6 buffer=17 queued=0
ZWL ACQUIRE_FENCE client=3 surface=6 generation=1
ZWL LAT adopt surface=6 at_us=18651916
ZWL RELEASE client=3 buffer=15 dead=0
ZWL LAT draw frame=240 at_us=18651924
ZWL LAT acquired frame=240 at_us=18651930
ZWL DAMAGE frame=240 image=0 x=320 y=233 width=640 height=420
ZWL LAT recorded frame=240 at_us=18652051
ZWL COMPOSE frame=240 image=0 windows=1 at_ms=18661
ZWL LAT submit frame=240 at_us=18661623
ZWL LAT shown frame=240 at_us=18663768
ZWL COMMIT client=3 surface=6 buffer=19 queued=0
ZWL ACQUIRE_FENCE client=3 surface=6 generation=1
ZWL LAT adopt surface=6 at_us=18663901
ZWL RELEASE client=3 buffer=17 dead=0
ZWL LAT draw frame=241 at_us=18663914
ZWL LAT acquired frame=241 at_us=18663924
ZWL DAMAGE frame=241 image=0 x=320 y=233 width=640 height=420
ZWL LAT recorded frame=241 at_us=18664156
ZWL COMPOSE frame=241 image=0 windows=1 at_ms=18673
ZWL LAT submit frame=241 at_us=18673365
ZWL LAT shown frame=241 at_us=18675488
ZWL COMMIT client=3 surface=6 buffer=15 queued=0
ZWL ACQUIRE_FENCE client=3 surface=6 generation=1
ZWL LAT adopt surface=6 at_us=18675627
ZWL RELEASE client=3 buffer=19 dead=0
ZWL LAT draw frame=242 at_us=18675639
ZWL LAT acquired frame=242 at_us=18675646
ZWL DAMAGE frame=242 image=0 x=320 y=233 width=640 height=420
ZWL LAT recorded frame=242 at_us=18675833
ZWL COMPOSE frame=242 image=0 windows=1 at_ms=18685
ZWL LAT submit frame=242 at_us=18685160
ZWL LAT shown frame=242 at_us=18687263
ZWL COMMIT client=3 surface=6 buffer=17 queued=0
ZWL ACQUIRE_FENCE client=3 surface=6 generation=1
ZWL LAT adopt surface=6 at_us=18687374
ZWL RELEASE client=3 buffer=15 dead=0
ZWL LAT draw frame=243 at_us=18687381
ZWL LAT acquired frame=243 at_us=18687385
ZWL DAMAGE frame=243 image=0 x=320 y=233 width=640 height=420
ZWL LAT recorded frame=243 at_us=18687513
ZWL COMPOSE frame=243 image=0 windows=1 at_ms=18697
ZWL LAT submit frame=243 at_us=18697364
ZWL LAT shown frame=243 at_us=18699457
ZWL COMMIT client=3 surface=6 buffer=19 queued=0
ZWL ACQUIRE_FENCE client=3 surface=6 generation=1
ZWL LAT adopt surface=6 at_us=18699622
ZWL RELEASE client=3 buffer=17 dead=0
ZWL LAT draw frame=244 at_us=18699628
ZWL LAT acquired frame=244 at_us=18699633
ZWL DAMAGE frame=244 image=0 x=320 y=233 width=640 height=420
ZWL LAT recorded frame=244 at_us=18699760
ZWL COMPOSE frame=244 image=0 windows=1 at_ms=18710
ZWL LAT submit frame=244 at_us=18710094
ZWL LAT shown frame=244 at_us=18712184
ZWL COMMIT client=3 surface=6 buffer=15 queued=0
ZWL ACQUIRE_FENCE client=3 surface=6 generation=1
ZWL LAT adopt surface=6 at_us=18712323
ZWL RELEASE client=3 buffer=19 dead=0
ZWL LAT draw frame=245 at_us=18712329
ZWL LAT acquired frame=245 at_us=18712332
ZWL DAMAGE frame=245 image=0 x=320 y=233 width=640 height=420
ZWL LAT recorded frame=245 at_us=18712452
ZWL COMPOSE frame=245 image=0 windows=1 at_ms=18721
ZWL LAT submit frame=245 at_us=18721758
ZWL LAT shown frame=245 at_us=18723846
ZWL COMMIT client=3 surface=6 buffer=17 queued=0
ZWL ACQUIRE_FENCE client=3 surface=6 generation=1
ZWL LAT adopt surface=6 at_us=18723979
ZWL RELEASE client=3 buffer=15 dead=0
ZWL LAT draw frame=246 at_us=18723985
ZWL LAT acquired frame=246 at_us=18723989
ZWL DAMAGE frame=246 image=0 x=320 y=233 width=640 height=420
ZWL LAT recorded frame=246 at_us=18724119
ZWL COMPOSE frame=246 image=0 windows=1 at_ms=18733
ZWL LAT submit frame=246 at_us=18733602
ZWL LAT shown frame=246 at_us=18735693
ZWL COMMIT client=3 surface=6 buffer=19 queued=0
ZWL ACQUIRE_FENCE client=3 surface=6 generation=1
ZWL LAT adopt surface=6 at_us=18735821
ZWL RELEASE client=3 buffer=17 dead=0
ZWL LAT draw frame=247 at_us=18735827
ZWL LAT acquired frame=247 at_us=18735831
ZWL DAMAGE frame=247 image=0 x=320 y=233 width=640 height=420
ZWL LAT recorded frame=247 at_us=18735949
ZWL COMPOSE frame=247 image=0 windows=1 at_ms=18745
ZWL LAT submit frame=247 at_us=18745587
ZWL LAT shown frame=247 at_us=18747684
ZWL COMMIT client=3 surface=6 buffer=15 queued=0
ZWL ACQUIRE_FENCE client=3 surface=6 generation=1
ZWL LAT adopt surface=6 at_us=18747814
ZWL RELEASE client=3 buffer=19 dead=0
ZWL LAT draw frame=248 at_us=18747819
ZWL LAT acquired frame=248 at_us=18747848
ZWL DAMAGE frame=248 image=0 x=320 y=233 width=640 height=420
ZWL LAT recorded frame=248 at_us=18747941
ZWL COMPOSE frame=248 image=0 windows=1 at_ms=18759
ZWL LAT submit frame=248 at_us=18759240
ZWL LAT shown frame=248 at_us=18761384
ZWL COMMIT client=3 surface=6 buffer=17 queued=0
ZWL ACQUIRE_FENCE client=3 surface=6 generation=1
ZWL LAT adopt surface=6 at_us=18761639
ZWL RELEASE client=3 buffer=15 dead=0
ZWL LAT draw frame=249 at_us=18761650
ZWL LAT acquired frame=249 at_us=18761658
ZWL DAMAGE frame=249 image=0 x=320 y=233 width=640 height=420
ZWL LAT recorded frame=249 at_us=18761832
ZWL COMPOSE frame=249 image=0 windows=1 at_ms=18771
ZWL LAT submit frame=249 at_us=18771782
ZWL LAT shown frame=249 at_us=18773978
ZWL COMMIT client=3 surface=6 buffer=19 queued=0
ZWL ACQUIRE_FENCE client=3 surface=6 generation=1
ZWL LAT adopt surface=6 at_us=18774143
ZWL RELEASE client=3 buffer=17 dead=0
ZWL LAT draw frame=250 at_us=18774154
ZWL LAT acquired frame=250 at_us=18774162
ZWL DAMAGE frame=250 image=0 x=320 y=233 width=640 height=420
ZWL LAT recorded frame=250 at_us=18774333
ZWL COMPOSE frame=250 image=0 windows=1 at_ms=18785
ZWL LAT submit frame=250 at_us=18785758
ZWL LAT shown frame=250 at_us=18787871
ZWL COMMIT client=3 surface=6 buffer=15 queued=0
ZWL ACQUIRE_FENCE client=3 surface=6 generation=1
ZWL LAT adopt surface=6 at_us=18788057
ZWL RELEASE client=3 buffer=19 dead=0
ZWL LAT draw frame=251 at_us=18788068
ZWL LAT acquired frame=251 at_us=18788075
ZWL DAMAGE frame=251 image=0 x=320 y=233 width=640 height=420
ZWL LAT recorded frame=251 at_us=18788248
ZWL COMPOSE frame=251 image=0 windows=1 at_ms=18799
ZWL LAT submit frame=251 at_us=18799514
ZWL LAT shown frame=251 at_us=18801645
ZWL COMMIT client=3 surface=6 buffer=17 queued=0
ZWL ACQUIRE_FENCE client=3 surface=6 generation=1
ZWL LAT adopt surface=6 at_us=18801876
ZWL RELEASE client=3 buffer=15 dead=0
ZWL LAT draw frame=252 at_us=18801887
ZWL LAT acquired frame=252 at_us=18801894
ZWL DAMAGE frame=252 image=0 x=320 y=233 width=640 height=420
ZWL LAT recorded frame=252 at_us=18802075
ZWL COMPOSE frame=252 image=0 windows=1 at_ms=18811
ZWL LAT submit frame=252 at_us=18811610
ZWL LAT shown frame=252 at_us=18813719
ZWL COMMIT client=3 surface=6 buffer=19 queued=0
ZWL ACQUIRE_FENCE client=3 surface=6 generation=1
ZWL LAT adopt surface=6 at_us=18813936
ZWL RELEASE client=3 buffer=17 dead=0
ZWL LAT draw frame=253 at_us=18813945
ZWL LAT acquired frame=253 at_us=18813952
ZWL DAMAGE frame=253 image=0 x=320 y=233 width=640 height=420
ZWL LAT recorded frame=253 at_us=18814117
ZWL COMPOSE frame=253 image=0 windows=1 at_ms=18824
ZWL LAT submit frame=253 at_us=18824318
ZWL LAT shown frame=253 at_us=18826424
ZWL COMMIT client=3 surface=6 buffer=15 queued=0
ZWL ACQUIRE_FENCE client=3 surface=6 generation=1
ZWL LAT adopt surface=6 at_us=18826643
ZWL RELEASE client=3 buffer=19 dead=0
ZWL LAT draw frame=254 at_us=18826652
ZWL LAT acquired frame=254 at_us=18826657
ZWL DAMAGE frame=254 image=0 x=320 y=233 width=640 height=420
ZWL LAT recorded frame=254 at_us=18826825
ZWL COMPOSE frame=254 image=0 windows=1 at_ms=18838
ZWL LAT submit frame=254 at_us=18838210
ZWL LAT shown frame=254 at_us=18840349
ZWL COMMIT client=3 surface=6 buffer=17 queued=0
ZWL ACQUIRE_FENCE client=3 surface=6 generation=1
ZWL LAT adopt surface=6 at_us=18840551
ZWL RELEASE client=3 buffer=15 dead=0
ZWL LAT draw frame=255 at_us=18840565
ZWL LAT acquired frame=255 at_us=18840573
ZWL DAMAGE frame=255 image=0 x=320 y=233 width=640 height=420
ZWL LAT recorded frame=255 at_us=18840756
ZWL COMPOSE frame=255 image=0 windows=1 at_ms=18851
ZWL LAT submit frame=255 at_us=18851581
ZWL LAT shown frame=255 at_us=18910321
ZWL COMMIT client=3 surface=6 buffer=19 queued=0
ZWL ACQUIRE_FENCE client=3 surface=6 generation=1
ZWL LAT adopt surface=6 at_us=18911132
ZWL RELEASE client=3 buffer=17 dead=0
ZWL LAT draw frame=256 at_us=18911148
ZWL LAT acquired frame=256 at_us=18911160
ZWL DAMAGE frame=256 image=0 x=320 y=233 width=640 height=420
ZWL LAT recorded frame=256 at_us=18911376
ZWL COMPOSE frame=256 image=0 windows=1 at_ms=18925
ZWL LAT submit frame=256 at_us=18925576
ZWL LAT shown frame=256 at_us=18927711
ZWL COMMIT client=3 surface=6 buffer=15 queued=0
ZWL ACQUIRE_FENCE client=3 surface=6 generation=1
ZWL LAT adopt surface=6 at_us=18927924
ZWL RELEASE client=3 buffer=19 dead=0
ZWL LAT draw frame=257 at_us=18927939
ZWL LAT acquired frame=257 at_us=18927948
ZWL DAMAGE frame=257 image=0 x=320 y=233 width=640 height=420
ZWL LAT recorded frame=257 at_us=18928192
ZWL COMPOSE frame=257 image=0 windows=1 at_ms=18941
ZWL LAT submit frame=257 at_us=18941480
ZWL LAT shown frame=257 at_us=18943622
ZWL COMMIT client=3 surface=6 buffer=17 queued=0
ZWL ACQUIRE_FENCE client=3 surface=6 generation=1
ZWL LAT adopt surface=6 at_us=18943805
ZWL RELEASE client=3 buffer=15 dead=0
ZWL LAT draw frame=258 at_us=18943817
ZWL LAT acquired frame=258 at_us=18943825
ZWL DAMAGE frame=258 image=0 x=320 y=233 width=640 height=420
ZWL LAT recorded frame=258 at_us=18944040
ZWL COMPOSE frame=258 image=0 windows=1 at_ms=18954
ZWL LAT submit frame=258 at_us=18954745
ZWL LAT shown frame=258 at_us=18956874
ZWL COMMIT client=3 surface=6 buffer=19 queued=0
ZWL ACQUIRE_FENCE client=3 surface=6 generation=1
ZWL LAT adopt surface=6 at_us=18957045
ZWL RELEASE client=3 buffer=17 dead=0
ZWL LAT draw frame=259 at_us=18957055
ZWL LAT acquired frame=259 at_us=18957061
ZWL DAMAGE frame=259 image=0 x=320 y=233 width=640 height=420
ZWL LAT recorded frame=259 at_us=18957222
ZWL COMPOSE frame=259 image=0 windows=1 at_ms=18968
ZWL LAT submit frame=259 at_us=18968168
ZWL LAT shown frame=259 at_us=18970276
ZWL COMMIT client=3 surface=6 buffer=15 queued=0
ZWL ACQUIRE_FENCE client=3 surface=6 generation=1
ZWL LAT adopt surface=6 at_us=18970457
ZWL RELEASE client=3 buffer=19 dead=0
ZWL LAT draw frame=260 at_us=18970466
ZWL LAT acquired frame=260 at_us=18970472
ZWL DAMAGE frame=260 image=0 x=320 y=233 width=640 height=420
ZWL LAT recorded frame=260 at_us=18970631
ZWL COMPOSE frame=260 image=0 windows=1 at_ms=18980
ZWL LAT submit frame=260 at_us=18980745
ZWL LAT shown frame=260 at_us=18982841
ZWL COMMIT client=3 surface=6 buffer=17 queued=0
ZWL ACQUIRE_FENCE client=3 surface=6 generation=1
ZWL LAT adopt surface=6 at_us=18982964
ZWL RELEASE client=3 buffer=15 dead=0
ZWL LAT draw frame=261 at_us=18982970
ZWL LAT acquired frame=261 at_us=18982974
ZWL DAMAGE frame=261 image=0 x=320 y=233 width=640 height=420
ZWL LAT recorded frame=261 at_us=18983101
ZWL COMPOSE frame=261 image=0 windows=1 at_ms=18992
ZWL LAT submit frame=261 at_us=18992142
ZWL LAT shown frame=261 at_us=18994319
ZWL COMMIT client=3 surface=6 buffer=19 queued=0
ZWL ACQUIRE_FENCE client=3 surface=6 generation=1
ZWL LAT adopt surface=6 at_us=18994581
ZWL RELEASE client=3 buffer=17 dead=0
ZWL LAT draw frame=262 at_us=18994589
ZWL LAT acquired frame=262 at_us=18994595
ZWL DAMAGE frame=262 image=0 x=320 y=233 width=640 height=420
ZWL LAT recorded frame=262 at_us=18994717
ZWL COMPOSE frame=262 image=0 windows=1 at_ms=19004
ZWL LAT submit frame=262 at_us=19004179
ZWL LAT shown frame=262 at_us=19006349
ZWL COMMIT client=3 surface=6 buffer=15 queued=0
ZWL ACQUIRE_FENCE client=3 surface=6 generation=1
ZWL LAT adopt surface=6 at_us=19006555
ZWL RELEASE client=3 buffer=19 dead=0
ZWL LAT draw frame=263 at_us=19006564
ZWL LAT acquired frame=263 at_us=19006571
ZWL DAMAGE frame=263 image=0 x=320 y=233 width=640 height=420
ZWL LAT recorded frame=263 at_us=19006720
ZWL COMPOSE frame=263 image=0 windows=1 at_ms=19017
ZWL LAT submit frame=263 at_us=19017565
ZWL LAT shown frame=263 at_us=19019676
ZWL COMMIT client=3 surface=6 buffer=17 queued=0
ZWL ACQUIRE_FENCE client=3 surface=6 generation=1
ZWL LAT adopt surface=6 at_us=19019834
ZWL RELEASE client=3 buffer=15 dead=0
ZWL LAT draw frame=264 at_us=19019842
ZWL LAT acquired frame=264 at_us=19019848
ZWL DAMAGE frame=264 image=0 x=320 y=233 width=640 height=420
ZWL LAT recorded frame=264 at_us=19020021
ZWL COMPOSE frame=264 image=0 windows=1 at_ms=19032
ZWL LAT submit frame=264 at_us=19032690
ZWL LAT shown frame=264 at_us=19034801
ZWL COMMIT client=3 surface=6 buffer=19 queued=0
ZWL ACQUIRE_FENCE client=3 surface=6 generation=1
ZWL LAT adopt surface=6 at_us=19034972
ZWL RELEASE client=3 buffer=17 dead=0
ZWL LAT draw frame=265 at_us=19034979
ZWL LAT acquired frame=265 at_us=19034984
ZWL DAMAGE frame=265 image=0 x=320 y=233 width=640 height=420
ZWL LAT recorded frame=265 at_us=19035118
ZWL COMPOSE frame=265 image=0 windows=1 at_ms=19046
ZWL LAT submit frame=265 at_us=19046579
ZWL LAT shown frame=265 at_us=19048740
ZWL COMMIT client=3 surface=6 buffer=15 queued=0
ZWL ACQUIRE_FENCE client=3 surface=6 generation=1
ZWL LAT adopt surface=6 at_us=19049064
ZWL RELEASE client=3 buffer=19 dead=0
ZWL LAT draw frame=266 at_us=19049079
ZWL LAT acquired frame=266 at_us=19049090
ZWL DAMAGE frame=266 image=0 x=320 y=233 width=640 height=420
ZWL LAT recorded frame=266 at_us=19049312
ZWL COMPOSE frame=266 image=0 windows=1 at_ms=19061
ZWL LAT submit frame=266 at_us=19061791
ZWL LAT shown frame=266 at_us=19063954
ZWL COMMIT client=3 surface=6 buffer=17 queued=0
ZWL ACQUIRE_FENCE client=3 surface=6 generation=1
ZWL LAT adopt surface=6 at_us=19064133
ZWL RELEASE client=3 buffer=15 dead=0
ZWL LAT draw frame=267 at_us=19064143
ZWL LAT acquired frame=267 at_us=19064151
ZWL DAMAGE frame=267 image=0 x=320 y=233 width=640 height=420
ZWL LAT recorded frame=267 at_us=19064312
ZWL COMPOSE frame=267 image=0 windows=1 at_ms=19076
ZWL LAT submit frame=267 at_us=19076815
ZWL LAT shown frame=267 at_us=19078942
ZWL COMMIT client=3 surface=6 buffer=19 queued=0
ZWL ACQUIRE_FENCE client=3 surface=6 generation=1
ZWL LAT adopt surface=6 at_us=19079153
ZWL RELEASE client=3 buffer=17 dead=0
ZWL LAT draw frame=268 at_us=19079161
ZWL LAT acquired frame=268 at_us=19079167
ZWL DAMAGE frame=268 image=0 x=320 y=233 width=640 height=420
ZWL LAT recorded frame=268 at_us=19079316
ZWL COMPOSE frame=268 image=0 windows=1 at_ms=19090
ZWL LAT submit frame=268 at_us=19090383
ZWL LAT shown frame=268 at_us=19092524
ZWL COMMIT client=3 surface=6 buffer=15 queued=0
ZWL ACQUIRE_FENCE client=3 surface=6 generation=1
ZWL LAT adopt surface=6 at_us=19092718
ZWL RELEASE client=3 buffer=19 dead=0
ZWL LAT draw frame=269 at_us=19092730
ZWL LAT acquired frame=269 at_us=19092739
ZWL DAMAGE frame=269 image=0 x=320 y=233 width=640 height=420
ZWL LAT recorded frame=269 at_us=19092887
ZWL COMPOSE frame=269 image=0 windows=1 at_ms=19103
ZWL LAT submit frame=269 at_us=19103158
ZWL LAT shown frame=269 at_us=19105282
ZWL COMMIT client=3 surface=6 buffer=17 queued=0
ZWL ACQUIRE_FENCE client=3 surface=6 generation=1
ZWL LAT adopt surface=6 at_us=19105528
ZWL RELEASE client=3 buffer=15 dead=0
ZWL LAT draw frame=270 at_us=19105538
ZWL LAT acquired frame=270 at_us=19105546
ZWL DAMAGE frame=270 image=0 x=320 y=233 width=640 height=420
ZWL LAT recorded frame=270 at_us=19105713
ZWL COMPOSE frame=270 image=0 windows=1 at_ms=19117
ZWL LAT submit frame=270 at_us=19117945
ZWL LAT shown frame=270 at_us=19120030
ZWL COMMIT client=3 surface=6 buffer=19 queued=0
ZWL ACQUIRE_FENCE client=3 surface=6 generation=1
ZWL LAT adopt surface=6 at_us=19120175
ZWL RELEASE client=3 buffer=17 dead=0
ZWL LAT draw frame=271 at_us=19120184
ZWL LAT acquired frame=271 at_us=19120190
ZWL DAMAGE frame=271 image=0 x=320 y=233 width=640 height=420
ZWL LAT recorded frame=271 at_us=19120320
ZWL COMPOSE frame=271 image=0 windows=1 at_ms=19132
ZWL LAT submit frame=271 at_us=19132734
ZWL LAT shown frame=271 at_us=19134834
ZWL COMMIT client=3 surface=6 buffer=15 queued=0
ZWL ACQUIRE_FENCE client=3 surface=6 generation=1
ZWL LAT adopt surface=6 at_us=19134991
ZWL RELEASE client=3 buffer=19 dead=0
ZWL LAT draw frame=272 at_us=19134998
ZWL LAT acquired frame=272 at_us=19135002
ZWL DAMAGE frame=272 image=0 x=320 y=233 width=640 height=420
ZWL LAT recorded frame=272 at_us=19135106
ZWL COMPOSE frame=272 image=0 windows=1 at_ms=19147
ZWL LAT submit frame=272 at_us=19147160
ZWL LAT shown frame=272 at_us=19149307
ZWL COMMIT client=3 surface=6 buffer=17 queued=0
ZWL ACQUIRE_FENCE client=3 surface=6 generation=1
ZWL LAT adopt surface=6 at_us=19149549
ZWL RELEASE client=3 buffer=15 dead=0
ZWL LAT draw frame=273 at_us=19149563
ZWL LAT acquired frame=273 at_us=19149621
ZWL DAMAGE frame=273 image=0 x=320 y=233 width=640 height=420
ZWL LAT recorded frame=273 at_us=19149855
ZWL COMPOSE frame=273 image=0 windows=1 at_ms=19160
ZWL LAT submit frame=273 at_us=19160872
ZWL LAT shown frame=273 at_us=19163003
ZWL COMMIT client=3 surface=6 buffer=19 queued=0
ZWL ACQUIRE_FENCE client=3 surface=6 generation=1
ZWL LAT adopt surface=6 at_us=19163181
ZWL RELEASE client=3 buffer=17 dead=0
ZWL LAT draw frame=274 at_us=19163192
ZWL LAT acquired frame=274 at_us=19163199
ZWL DAMAGE frame=274 image=0 x=320 y=233 width=640 height=420
ZWL LAT recorded frame=274 at_us=19163373
ZWL COMPOSE frame=274 image=0 windows=1 at_ms=19173
ZWL LAT submit frame=274 at_us=19173110
ZWL LAT shown frame=274 at_us=19175259
ZWL COMMIT client=3 surface=6 buffer=15 queued=0
ZWL ACQUIRE_FENCE client=3 surface=6 generation=1
ZWL LAT adopt surface=6 at_us=19175467
ZWL RELEASE client=3 buffer=19 dead=0
ZWL LAT draw frame=275 at_us=19175477
ZWL LAT acquired frame=275 at_us=19175484
ZWL DAMAGE frame=275 image=0 x=320 y=233 width=640 height=420
ZWL LAT recorded frame=275 at_us=19175634
ZWL COMPOSE frame=275 image=0 windows=1 at_ms=19184
ZWL LAT submit frame=275 at_us=19184167
ZWL LAT shown frame=275 at_us=19186273
ZWL COMMIT client=3 surface=6 buffer=17 queued=0
ZWL ACQUIRE_FENCE client=3 surface=6 generation=1
ZWL LAT adopt surface=6 at_us=19186516
ZWL RELEASE client=3 buffer=15 dead=0
ZWL LAT draw frame=276 at_us=19186525
ZWL LAT acquired frame=276 at_us=19186530
ZWL DAMAGE frame=276 image=0 x=320 y=233 width=640 height=420
ZWL LAT recorded frame=276 at_us=19186677
ZWL COMPOSE frame=276 image=0 windows=1 at_ms=19195
ZWL LAT submit frame=276 at_us=19195459
ZWL LAT shown frame=276 at_us=19197554
ZWL COMMIT client=3 surface=6 buffer=19 queued=0
ZWL ACQUIRE_FENCE client=3 surface=6 generation=1
ZWL LAT adopt surface=6 at_us=19197738
ZWL RELEASE client=3 buffer=17 dead=0
ZWL LAT draw frame=277 at_us=19197745
ZWL LAT acquired frame=277 at_us=19197749
ZWL DAMAGE frame=277 image=0 x=320 y=233 width=640 height=420
ZWL LAT recorded frame=277 at_us=19197883
ZWL COMPOSE frame=277 image=0 windows=1 at_ms=19206
ZWL LAT submit frame=277 at_us=19206511
ZWL LAT shown frame=277 at_us=19208625
ZWL COMMIT client=3 surface=6 buffer=15 queued=0
ZWL ACQUIRE_FENCE client=3 surface=6 generation=1
ZWL LAT adopt surface=6 at_us=19208807
ZWL RELEASE client=3 buffer=19 dead=0
ZWL LAT draw frame=278 at_us=19208817
ZWL LAT acquired frame=278 at_us=19208824
ZWL DAMAGE frame=278 image=0 x=320 y=233 width=640 height=420
ZWL LAT recorded frame=278 at_us=19208988
ZWL COMPOSE frame=278 image=0 windows=1 at_ms=19221
ZWL LAT submit frame=278 at_us=19221477
ZWL LAT shown frame=278 at_us=19223580
ZWL COMMIT client=3 surface=6 buffer=17 queued=0
ZWL ACQUIRE_FENCE client=3 surface=6 generation=1
ZWL LAT adopt surface=6 at_us=19223722
ZWL RELEASE client=3 buffer=15 dead=0
ZWL LAT draw frame=279 at_us=19223730
ZWL LAT acquired frame=279 at_us=19223734
ZWL DAMAGE frame=279 image=0 x=320 y=233 width=640 height=420
ZWL LAT recorded frame=279 at_us=19223854
ZWL COMPOSE frame=279 image=0 windows=1 at_ms=19235
ZWL LAT submit frame=279 at_us=19235162
ZWL LAT shown frame=279 at_us=19237253
ZWL COMMIT client=3 surface=6 buffer=19 queued=0
ZWL ACQUIRE_FENCE client=3 surface=6 generation=1
ZWL LAT adopt surface=6 at_us=19237378
ZWL RELEASE client=3 buffer=17 dead=0
ZWL LAT draw frame=280 at_us=19237384
ZWL LAT acquired frame=280 at_us=19237388
ZWL DAMAGE frame=280 image=0 x=320 y=233 width=640 height=420
ZWL LAT recorded frame=280 at_us=19237481
ZWL COMPOSE frame=280 image=0 windows=1 at_ms=19249
ZWL LAT submit frame=280 at_us=19249307
ZWL LAT shown frame=280 at_us=19251398
ZWL COMMIT client=3 surface=6 buffer=15 queued=0
ZWL ACQUIRE_FENCE client=3 surface=6 generation=1
ZWL LAT adopt surface=6 at_us=19251567
ZWL RELEASE client=3 buffer=19 dead=0
ZWL LAT draw frame=281 at_us=19251574
ZWL LAT acquired frame=281 at_us=19251578
ZWL DAMAGE frame=281 image=0 x=320 y=233 width=640 height=420
ZWL LAT recorded frame=281 at_us=19251702
ZWL COMPOSE frame=281 image=0 windows=1 at_ms=19264
ZWL LAT submit frame=281 at_us=19264559
ZWL LAT shown frame=281 at_us=19266645
ZWL COMMIT client=3 surface=6 buffer=17 queued=0
ZWL ACQUIRE_FENCE client=3 surface=6 generation=1
ZWL LAT adopt surface=6 at_us=19266901
ZWL RELEASE client=3 buffer=15 dead=0
ZWL LAT draw frame=282 at_us=19266906
ZWL LAT acquired frame=282 at_us=19266909
ZWL DAMAGE frame=282 image=0 x=320 y=233 width=640 height=420
ZWL LAT recorded frame=282 at_us=19267022
ZWL COMPOSE frame=282 image=0 windows=1 at_ms=19278
ZWL LAT submit frame=282 at_us=19278739
ZWL LAT shown frame=282 at_us=19280829
ZWL COMMIT client=3 surface=6 buffer=19 queued=0
ZWL ACQUIRE_FENCE client=3 surface=6 generation=1
ZWL LAT adopt surface=6 at_us=19280977
ZWL RELEASE client=3 buffer=17 dead=0
ZWL LAT draw frame=283 at_us=19280983
ZWL LAT acquired frame=283 at_us=19280986
ZWL DAMAGE frame=283 image=0 x=320 y=233 width=640 height=420
ZWL LAT recorded frame=283 at_us=19281101
ZWL COMPOSE frame=283 image=0 windows=1 at_ms=19292
ZWL LAT submit frame=283 at_us=19292797
ZWL LAT shown frame=283 at_us=19294890
ZWL COMMIT client=3 surface=6 buffer=15 queued=0
ZWL ACQUIRE_FENCE client=3 surface=6 generation=1
ZWL LAT adopt surface=6 at_us=19295070
ZWL RELEASE client=3 buffer=19 dead=0
ZWL LAT draw frame=284 at_us=19295076
ZWL LAT acquired frame=284 at_us=19295080
ZWL DAMAGE frame=284 image=0 x=320 y=233 width=640 height=420
ZWL LAT recorded frame=284 at_us=19295197
ZWL COMPOSE frame=284 image=0 windows=1 at_ms=19306
ZWL LAT submit frame=284 at_us=19306742
ZWL LAT shown frame=284 at_us=19308829
ZWL COMMIT client=3 surface=6 buffer=17 queued=0
ZWL ACQUIRE_FENCE client=3 surface=6 generation=1
ZWL LAT adopt surface=6 at_us=19308969
ZWL RELEASE client=3 buffer=15 dead=0
ZWL LAT draw frame=285 at_us=19308975
ZWL LAT acquired frame=285 at_us=19308978
ZWL DAMAGE frame=285 image=0 x=320 y=233 width=640 height=420
ZWL LAT recorded frame=285 at_us=19309103
ZWL COMPOSE frame=285 image=0 windows=1 at_ms=19318
ZWL LAT submit frame=285 at_us=19318532
ZWL LAT shown frame=285 at_us=19320623
ZWL COMMIT client=3 surface=6 buffer=19 queued=0
ZWL ACQUIRE_FENCE client=3 surface=6 generation=1
ZWL LAT adopt surface=6 at_us=19320769
ZWL RELEASE client=3 buffer=17 dead=0
ZWL LAT draw frame=286 at_us=19320775
ZWL LAT acquired frame=286 at_us=19320779
ZWL DAMAGE frame=286 image=0 x=320 y=233 width=640 height=420
ZWL LAT recorded frame=286 at_us=19320873
ZWL COMPOSE frame=286 image=0 windows=1 at_ms=19331
ZWL LAT submit frame=286 at_us=19331142
ZWL LAT shown frame=286 at_us=19333230
ZWL COMMIT client=3 surface=6 buffer=15 queued=0
ZWL ACQUIRE_FENCE client=3 surface=6 generation=1
ZWL LAT adopt surface=6 at_us=19333471
ZWL RELEASE client=3 buffer=19 dead=0
ZWL LAT draw frame=287 at_us=19333477
ZWL LAT acquired frame=287 at_us=19333481
ZWL DAMAGE frame=287 image=0 x=320 y=233 width=640 height=420
ZWL LAT recorded frame=287 at_us=19333566
ZWL COMPOSE frame=287 image=0 windows=1 at_ms=19343
ZWL LAT submit frame=287 at_us=19343308
ZWL LAT shown frame=287 at_us=19345394
ZWL COMMIT client=3 surface=6 buffer=17 queued=0
ZWL ACQUIRE_FENCE client=3 surface=6 generation=1
ZWL LAT adopt surface=6 at_us=19345588
ZWL RELEASE client=3 buffer=15 dead=0
ZWL LAT draw frame=288 at_us=19345592
ZWL LAT acquired frame=288 at_us=19345596
ZWL DAMAGE frame=288 image=0 x=320 y=233 width=640 height=420
ZWL LAT recorded frame=288 at_us=19345714
ZWL COMPOSE frame=288 image=0 windows=1 at_ms=19356
ZWL LAT submit frame=288 at_us=19356911
ZWL LAT shown frame=288 at_us=19358989
ZWL COMMIT client=3 surface=6 buffer=19 queued=0
ZWL ACQUIRE_FENCE client=3 surface=6 generation=1
ZWL LAT adopt surface=6 at_us=19359133
ZWL RELEASE client=3 buffer=17 dead=0
ZWL LAT draw frame=289 at_us=19359137
ZWL LAT acquired frame=289 at_us=19359140
ZWL DAMAGE frame=289 image=0 x=320 y=233 width=640 height=420
ZWL LAT recorded frame=289 at_us=19359214
ZWL COMPOSE frame=289 image=0 windows=1 at_ms=19369
ZWL LAT submit frame=289 at_us=19369635
ZWL LAT shown frame=289 at_us=19371719
ZWL COMMIT client=3 surface=6 buffer=15 queued=0
ZWL ACQUIRE_FENCE client=3 surface=6 generation=1
ZWL LAT adopt surface=6 at_us=19371865
ZWL RELEASE client=3 buffer=19 dead=0
ZWL LAT draw frame=290 at_us=19371870
ZWL LAT acquired frame=290 at_us=19371873
ZWL DAMAGE frame=290 image=0 x=320 y=233 width=640 height=420
ZWL LAT recorded frame=290 at_us=19371990
ZWL COMPOSE frame=290 image=0 windows=1 at_ms=19382
ZWL LAT submit frame=290 at_us=19382536
ZWL LAT shown frame=290 at_us=19384626
ZWL COMMIT client=3 surface=6 buffer=17 queued=0
ZWL ACQUIRE_FENCE client=3 surface=6 generation=1
ZWL LAT adopt surface=6 at_us=19384766
ZWL RELEASE client=3 buffer=15 dead=0
ZWL LAT draw frame=291 at_us=19384772
ZWL LAT acquired frame=291 at_us=19384776
ZWL DAMAGE frame=291 image=0 x=320 y=233 width=640 height=420
ZWL LAT recorded frame=291 at_us=19384902
ZWL COMPOSE frame=291 image=0 windows=1 at_ms=19394
ZWL LAT submit frame=291 at_us=19394550
ZWL LAT shown frame=291 at_us=19396635
ZWL COMMIT client=3 surface=6 buffer=19 queued=0
ZWL ACQUIRE_FENCE client=3 surface=6 generation=1
ZWL LAT adopt surface=6 at_us=19396756
ZWL RELEASE client=3 buffer=17 dead=0
ZWL LAT draw frame=292 at_us=19396760
ZWL LAT acquired frame=292 at_us=19396764
ZWL DAMAGE frame=292 image=0 x=320 y=233 width=640 height=420
ZWL LAT recorded frame=292 at_us=19396871
ZWL COMPOSE frame=292 image=0 windows=1 at_ms=19405
ZWL LAT submit frame=292 at_us=19405633
ZWL LAT shown frame=292 at_us=19407712
ZWL COMMIT client=3 surface=6 buffer=15 queued=0
ZWL ACQUIRE_FENCE client=3 surface=6 generation=1
ZWL LAT adopt surface=6 at_us=19407836
ZWL RELEASE client=3 buffer=19 dead=0
ZWL LAT draw frame=293 at_us=19407841
ZWL LAT acquired frame=293 at_us=19407844
ZWL DAMAGE frame=293 image=0 x=320 y=233 width=640 height=420
ZWL LAT recorded frame=293 at_us=19407962
ZWL COMPOSE frame=293 image=0 windows=1 at_ms=19416
ZWL LAT submit frame=293 at_us=19416988
ZWL LAT shown frame=293 at_us=19419068
ZWL COMMIT client=3 surface=6 buffer=17 queued=0
ZWL ACQUIRE_FENCE client=3 surface=6 generation=1
ZWL LAT adopt surface=6 at_us=19419241
ZWL RELEASE client=3 buffer=15 dead=0
ZWL LAT draw frame=294 at_us=19419245
ZWL LAT acquired frame=294 at_us=19419249
ZWL DAMAGE frame=294 image=0 x=320 y=233 width=640 height=420
ZWL LAT recorded frame=294 at_us=19419368
ZWL COMPOSE frame=294 image=0 windows=1 at_ms=19428
ZWL LAT submit frame=294 at_us=19428493
ZWL LAT shown frame=294 at_us=19430715
ZWL COMMIT client=3 surface=6 buffer=19 queued=0
ZWL ACQUIRE_FENCE client=3 surface=6 generation=1
ZWL LAT adopt surface=6 at_us=19430957
ZWL RELEASE client=3 buffer=17 dead=0
ZWL LAT draw frame=295 at_us=19430971
ZWL LAT acquired frame=295 at_us=19430981
ZWL DAMAGE frame=295 image=0 x=320 y=233 width=640 height=420
ZWL LAT recorded frame=295 at_us=19431167
ZWL COMPOSE frame=295 image=0 windows=1 at_ms=19440
ZWL LAT submit frame=295 at_us=19440603
ZWL LAT shown frame=295 at_us=19442736
ZWL COMMIT client=3 surface=6 buffer=15 queued=0
ZWL ACQUIRE_FENCE client=3 surface=6 generation=1
ZWL LAT adopt surface=6 at_us=19442940
ZWL RELEASE client=3 buffer=19 dead=0
ZWL LAT draw frame=296 at_us=19442952
ZWL LAT acquired frame=296 at_us=19442960
ZWL DAMAGE frame=296 image=0 x=320 y=233 width=640 height=420
ZWL LAT recorded frame=296 at_us=19443139
ZWL COMPOSE frame=296 image=0 windows=1 at_ms=19451
ZWL LAT submit frame=296 at_us=19451905
ZWL LAT shown frame=296 at_us=19454003
ZWL COMMIT client=3 surface=6 buffer=17 queued=0
ZWL ACQUIRE_FENCE client=3 surface=6 generation=1
ZWL LAT adopt surface=6 at_us=19454168
ZWL RELEASE client=3 buffer=15 dead=0
ZWL LAT draw frame=297 at_us=19454175
ZWL LAT acquired frame=297 at_us=19454179
ZWL DAMAGE frame=297 image=0 x=320 y=233 width=640 height=420
ZWL LAT recorded frame=297 at_us=19454286
ZWL COMPOSE frame=297 image=0 windows=1 at_ms=19463
ZWL LAT submit frame=297 at_us=19463735
ZWL LAT shown frame=297 at_us=19465823
ZWL COMMIT client=3 surface=6 buffer=19 queued=0
ZWL ACQUIRE_FENCE client=3 surface=6 generation=1
ZWL LAT adopt surface=6 at_us=19465938
ZWL RELEASE client=3 buffer=17 dead=0
ZWL LAT draw frame=298 at_us=19465944
ZWL LAT acquired frame=298 at_us=19465948
ZWL DAMAGE frame=298 image=0 x=320 y=233 width=640 height=420
ZWL LAT recorded frame=298 at_us=19466077
ZWL COMPOSE frame=298 image=0 windows=1 at_ms=19474
ZWL LAT submit frame=298 at_us=19474972
ZWL LAT shown frame=298 at_us=19477052
ZWL COMMIT client=3 surface=6 buffer=15 queued=0
ZWL ACQUIRE_FENCE client=3 surface=6 generation=1
ZWL LAT adopt surface=6 at_us=19477164
ZWL RELEASE client=3 buffer=19 dead=0
ZWL LAT draw frame=299 at_us=19477168
ZWL LAT acquired frame=299 at_us=19477171
ZWL DAMAGE frame=299 image=0 x=320 y=233 width=640 height=420
ZWL LAT recorded frame=299 at_us=19477274
ZWL COMPOSE frame=299 image=0 windows=1 at_ms=19485
ZWL LAT submit frame=299 at_us=19485943
ZWL LAT shown frame=299 at_us=19488015
ZWL COMMIT client=3 surface=6 buffer=17 queued=0
ZWL ACQUIRE_FENCE client=3 surface=6 generation=1
ZWL LAT adopt surface=6 at_us=19488132
ZWL RELEASE client=3 buffer=15 dead=0
ZWL LAT draw frame=300 at_us=19488136
ZWL LAT acquired frame=300 at_us=19488139
ZWL DAMAGE frame=300 image=0 x=320 y=233 width=640 height=420
ZWL LAT recorded frame=300 at_us=19488238
ZWL COMPOSE frame=300 image=0 windows=1 at_ms=19497
ZWL LAT submit frame=300 at_us=19497280
ZWL LAT shown frame=300 at_us=19499413
ZWL COMMIT client=3 surface=6 buffer=19 queued=0
ZWL ACQUIRE_FENCE client=3 surface=6 generation=1
ZWL LAT adopt surface=6 at_us=19499656
ZWL RELEASE client=3 buffer=17 dead=0
ZWL LAT draw frame=301 at_us=19499670
ZWL LAT acquired frame=301 at_us=19499679
ZWL DAMAGE frame=301 image=0 x=320 y=233 width=640 height=420
ZWL LAT recorded frame=301 at_us=19499878
ZWL COMPOSE frame=301 image=0 windows=1 at_ms=19509
ZWL LAT submit frame=301 at_us=19509719
ZWL LAT shown frame=301 at_us=19511833
ZWL COMMIT client=3 surface=6 buffer=15 queued=0
ZWL ACQUIRE_FENCE client=3 surface=6 generation=1
ZWL LAT adopt surface=6 at_us=19512035
ZWL RELEASE client=3 buffer=19 dead=0
ZWL LAT draw frame=302 at_us=19512047
ZWL LAT acquired frame=302 at_us=19512054
ZWL DAMAGE frame=302 image=0 x=320 y=233 width=640 height=420
ZWL LAT recorded frame=302 at_us=19512224
ZWL COMPOSE frame=302 image=0 windows=1 at_ms=19522
ZWL LAT submit frame=302 at_us=19522178
ZWL LAT shown frame=302 at_us=19524300
ZWL COMMIT client=3 surface=6 buffer=17 queued=0
ZWL ACQUIRE_FENCE client=3 surface=6 generation=1
ZWL LAT adopt surface=6 at_us=19524451
ZWL RELEASE client=3 buffer=15 dead=0
ZWL LAT draw frame=303 at_us=19524463
ZWL LAT acquired frame=303 at_us=19524471
ZWL DAMAGE frame=303 image=0 x=320 y=233 width=640 height=420
ZWL LAT recorded frame=303 at_us=19524647
ZWL COMPOSE frame=303 image=0 windows=1 at_ms=19538
ZWL LAT submit frame=303 at_us=19538218
ZWL LAT shown frame=303 at_us=19540326
ZWL COMMIT client=3 surface=6 buffer=19 queued=0
ZWL ACQUIRE_FENCE client=3 surface=6 generation=1
ZWL LAT adopt surface=6 at_us=19540488
ZWL RELEASE client=3 buffer=17 dead=0
ZWL LAT draw frame=304 at_us=19540497
ZWL LAT acquired frame=304 at_us=19540503
ZWL DAMAGE frame=304 image=0 x=320 y=233 width=640 height=420
ZWL LAT recorded frame=304 at_us=19540651
ZWL COMPOSE frame=304 image=0 windows=1 at_ms=19550
ZWL LAT submit frame=304 at_us=19550517
ZWL LAT shown frame=304 at_us=19552648
ZWL COMMIT client=3 surface=6 buffer=15 queued=0
ZWL ACQUIRE_FENCE client=3 surface=6 generation=1
ZWL LAT adopt surface=6 at_us=19552838
ZWL RELEASE client=3 buffer=19 dead=0
ZWL LAT draw frame=305 at_us=19552850
ZWL LAT acquired frame=305 at_us=19552858
ZWL DAMAGE frame=305 image=0 x=320 y=233 width=640 height=420
ZWL LAT recorded frame=305 at_us=19553043
ZWL COMPOSE frame=305 image=0 windows=1 at_ms=19564
ZWL LAT submit frame=305 at_us=19564272
ZWL LAT shown frame=305 at_us=19566392
ZWL COMMIT client=3 surface=6 buffer=17 queued=0
ZWL ACQUIRE_FENCE client=3 surface=6 generation=1
ZWL LAT adopt surface=6 at_us=19566640
ZWL RELEASE client=3 buffer=15 dead=0
ZWL LAT draw frame=306 at_us=19566651
ZWL LAT acquired frame=306 at_us=19566658
ZWL DAMAGE frame=306 image=0 x=320 y=233 width=640 height=420
ZWL LAT recorded frame=306 at_us=19566821
ZWL COMPOSE frame=306 image=0 windows=1 at_ms=19579
ZWL LAT submit frame=306 at_us=19579746
ZWL LAT shown frame=306 at_us=19581916
ZWL COMMIT client=3 surface=6 buffer=19 queued=0
ZWL ACQUIRE_FENCE client=3 surface=6 generation=1
ZWL LAT adopt surface=6 at_us=19582117
ZWL RELEASE client=3 buffer=17 dead=0
ZWL LAT draw frame=307 at_us=19582125
ZWL LAT acquired frame=307 at_us=19582131
ZWL DAMAGE frame=307 image=0 x=320 y=233 width=640 height=420
ZWL LAT recorded frame=307 at_us=19582290
ZWL COMPOSE frame=307 image=0 windows=1 at_ms=19592
ZWL LAT submit frame=307 at_us=19592822
ZWL LAT shown frame=307 at_us=19594952
ZWL COMMIT client=3 surface=6 buffer=15 queued=0
ZWL ACQUIRE_FENCE client=3 surface=6 generation=1
ZWL LAT adopt surface=6 at_us=19595138
ZWL RELEASE client=3 buffer=19 dead=0
ZWL LAT draw frame=308 at_us=19595148
ZWL LAT acquired frame=308 at_us=19595154
ZWL DAMAGE frame=308 image=0 x=320 y=233 width=640 height=420
ZWL LAT recorded frame=308 at_us=19595316
ZWL COMPOSE frame=308 image=0 windows=1 at_ms=19606
ZWL LAT submit frame=308 at_us=19606245
ZWL LAT shown frame=308 at_us=19608344
ZWL COMMIT client=3 surface=6 buffer=17 queued=0
ZWL ACQUIRE_FENCE client=3 surface=6 generation=1
ZWL LAT adopt surface=6 at_us=19608460
ZWL RELEASE client=3 buffer=15 dead=0
ZWL LAT draw frame=309 at_us=19608468
ZWL LAT acquired frame=309 at_us=19608473
ZWL DAMAGE frame=309 image=0 x=320 y=233 width=640 height=420
ZWL LAT recorded frame=309 at_us=19608586
ZWL COMPOSE frame=309 image=0 windows=1 at_ms=19620
ZWL LAT submit frame=309 at_us=19620195
ZWL LAT shown frame=309 at_us=19622388
ZWL COMMIT client=3 surface=6 buffer=19 queued=0
ZWL ACQUIRE_FENCE client=3 surface=6 generation=1
ZWL LAT adopt surface=6 at_us=19622669
ZWL RELEASE client=3 buffer=17 dead=0
ZWL LAT draw frame=310 at_us=19622681
ZWL LAT acquired frame=310 at_us=19622689
ZWL DAMAGE frame=310 image=0 x=320 y=233 width=640 height=420
ZWL LAT recorded frame=310 at_us=19622848
ZWL COMPOSE frame=310 image=0 windows=1 at_ms=19633
ZWL LAT submit frame=310 at_us=19633402
ZWL LAT shown frame=310 at_us=19635570
ZWL COMMIT client=3 surface=6 buffer=15 queued=0
ZWL ACQUIRE_FENCE client=3 surface=6 generation=1
ZWL LAT adopt surface=6 at_us=19635816
ZWL RELEASE client=3 buffer=19 dead=0
ZWL LAT draw frame=311 at_us=19635831
ZWL LAT acquired frame=311 at_us=19635841
ZWL DAMAGE frame=311 image=0 x=320 y=233 width=640 height=420
ZWL LAT recorded frame=311 at_us=19636081
ZWL COMPOSE frame=311 image=0 windows=1 at_ms=19647
ZWL LAT submit frame=311 at_us=19647286
ZWL LAT shown frame=311 at_us=19649431
ZWL COMMIT client=3 surface=6 buffer=17 queued=0
ZWL ACQUIRE_FENCE client=3 surface=6 generation=1
ZWL LAT adopt surface=6 at_us=19649706
ZWL RELEASE client=3 buffer=15 dead=0
ZWL LAT draw frame=312 at_us=19649720
ZWL LAT acquired frame=312 at_us=19649729
ZWL DAMAGE frame=312 image=0 x=320 y=233 width=640 height=420
ZWL LAT recorded frame=312 at_us=19649927
ZWL COMPOSE frame=312 image=0 windows=1 at_ms=19660
ZWL LAT submit frame=312 at_us=19660094
ZWL LAT shown frame=312 at_us=19662216
ZWL COMMIT client=3 surface=6 buffer=19 queued=0
ZWL ACQUIRE_FENCE client=3 surface=6 generation=1
ZWL LAT adopt surface=6 at_us=19662451
ZWL RELEASE client=3 buffer=17 dead=0
ZWL LAT draw frame=313 at_us=19662463
ZWL LAT acquired frame=313 at_us=19662471
ZWL DAMAGE frame=313 image=0 x=320 y=233 width=640 height=420
ZWL LAT recorded frame=313 at_us=19662651
ZWL COMPOSE frame=313 image=0 windows=1 at_ms=19672
ZWL LAT submit frame=313 at_us=19672276
ZWL LAT shown frame=313 at_us=19674394
ZWL COMMIT client=3 surface=6 buffer=15 queued=0
ZWL ACQUIRE_FENCE client=3 surface=6 generation=1
ZWL LAT adopt surface=6 at_us=19674649
ZWL RELEASE client=3 buffer=19 dead=0
ZWL LAT draw frame=314 at_us=19674660
ZWL LAT acquired frame=314 at_us=19674668
ZWL DAMAGE frame=314 image=0 x=320 y=233 width=640 height=420
ZWL LAT recorded frame=314 at_us=19674860
ZWL COMPOSE frame=314 image=0 windows=1 at_ms=19684
ZWL LAT submit frame=314 at_us=19684720
ZWL LAT shown frame=314 at_us=19686833
ZWL COMMIT client=3 surface=6 buffer=17 queued=0
ZWL ACQUIRE_FENCE client=3 surface=6 generation=1
ZWL LAT adopt surface=6 at_us=19687041
ZWL RELEASE client=3 buffer=15 dead=0
ZWL LAT draw frame=315 at_us=19687049
ZWL LAT acquired frame=315 at_us=19687055
ZWL DAMAGE frame=315 image=0 x=320 y=233 width=640 height=420
ZWL LAT recorded frame=315 at_us=19687195
ZWL COMPOSE frame=315 image=0 windows=1 at_ms=19696
ZWL LAT submit frame=315 at_us=19696792
ZWL LAT shown frame=315 at_us=19698939
ZWL COMMIT client=3 surface=6 buffer=19 queued=0
ZWL ACQUIRE_FENCE client=3 surface=6 generation=1
ZWL LAT adopt surface=6 at_us=19699125
ZWL RELEASE client=3 buffer=17 dead=0
ZWL LAT draw frame=316 at_us=19699138
ZWL LAT acquired frame=316 at_us=19699147
ZWL DAMAGE frame=316 image=0 x=320 y=233 width=640 height=420
ZWL LAT recorded frame=316 at_us=19699320
ZWL COMPOSE frame=316 image=0 windows=1 at_ms=19707
ZWL LAT submit frame=316 at_us=19707356
ZWL LAT shown frame=316 at_us=19709479
ZWL COMMIT client=3 surface=6 buffer=15 queued=0
ZWL ACQUIRE_FENCE client=3 surface=6 generation=1
ZWL LAT adopt surface=6 at_us=19709681
ZWL RELEASE client=3 buffer=19 dead=0
ZWL LAT draw frame=317 at_us=19709691
ZWL LAT acquired frame=317 at_us=19709697
ZWL DAMAGE frame=317 image=0 x=320 y=233 width=640 height=420
ZWL LAT recorded frame=317 at_us=19709831
ZWL COMPOSE frame=317 image=0 windows=1 at_ms=19717
ZWL LAT submit frame=317 at_us=19717533
ZWL LAT shown frame=317 at_us=19719641
ZWL COMMIT client=3 surface=6 buffer=17 queued=0
ZWL ACQUIRE_FENCE client=3 surface=6 generation=1
ZWL LAT adopt surface=6 at_us=19719763
ZWL RELEASE client=3 buffer=15 dead=0
ZWL LAT draw frame=318 at_us=19719771
ZWL LAT acquired frame=318 at_us=19719776
ZWL DAMAGE frame=318 image=0 x=320 y=233 width=640 height=420
ZWL LAT recorded frame=318 at_us=19719900
ZWL COMPOSE frame=318 image=0 windows=1 at_ms=19728
ZWL LAT submit frame=318 at_us=19728077
ZWL LAT shown frame=318 at_us=19730195
ZWL COMMIT client=3 surface=6 buffer=19 queued=0
ZWL ACQUIRE_FENCE client=3 surface=6 generation=1
ZWL LAT adopt surface=6 at_us=19730387
ZWL RELEASE client=3 buffer=17 dead=0
ZWL LAT draw frame=319 at_us=19730397
ZWL LAT acquired frame=319 at_us=19730403
ZWL DAMAGE frame=319 image=0 x=320 y=233 width=640 height=420
ZWL LAT recorded frame=319 at_us=19730554
ZWL COMPOSE frame=319 image=0 windows=1 at_ms=19738
ZWL LAT submit frame=319 at_us=19738868
ZWL LAT shown frame=319 at_us=19740975
ZWL COMMIT client=3 surface=6 buffer=15 queued=0
ZWL ACQUIRE_FENCE client=3 surface=6 generation=1
ZWL LAT adopt surface=6 at_us=19741118
ZWL RELEASE client=3 buffer=19 dead=0
ZWL LAT draw frame=320 at_us=19741126
ZWL LAT acquired frame=320 at_us=19741132
ZWL DAMAGE frame=320 image=0 x=320 y=233 width=640 height=420
ZWL LAT recorded frame=320 at_us=19741278
ZWL COMPOSE frame=320 image=0 windows=1 at_ms=19750
ZWL LAT submit frame=320 at_us=19750672
ZWL PERF 5002ms: passes=699 timeouts=343 | poll 21.2% work 81.2%
ZWL PERF compose frames=319 draw_ms=12.39 (acquire 0.00 submit+present 12.21) frame_ms=14.92
ZWL LAT shown frame=320 at_us=19752951
ZWL COMMIT client=3 surface=6 buffer=17 queued=0
ZWL ACQUIRE_FENCE client=3 surface=6 generation=1
ZWL LAT adopt surface=6 at_us=19753080
ZWL RELEASE client=3 buffer=15 dead=0
ZWL LAT draw frame=321 at_us=19753087
ZWL LAT acquired frame=321 at_us=19753092
ZWL DAMAGE frame=321 image=0 x=320 y=233 width=640 height=420
ZWL LAT recorded frame=321 at_us=19753215
ZWL COMPOSE frame=321 image=0 windows=1 at_ms=19765
ZWL LAT submit frame=321 at_us=19765179
ZWL LAT shown frame=321 at_us=19767278
ZWL COMMIT client=3 surface=6 buffer=19 queued=0
ZWL ACQUIRE_FENCE client=3 surface=6 generation=1
ZWL LAT adopt surface=6 at_us=19767469
ZWL RELEASE client=3 buffer=17 dead=0
ZWL LAT draw frame=322 at_us=19767476
ZWL LAT acquired frame=322 at_us=19767481
ZWL DAMAGE frame=322 image=0 x=320 y=233 width=640 height=420
ZWL LAT recorded frame=322 at_us=19767622
ZWL COMPOSE frame=322 image=0 windows=1 at_ms=19779
ZWL LAT submit frame=322 at_us=19779573
ZWL LAT shown frame=322 at_us=19781662
ZWL COMMIT client=3 surface=6 buffer=15 queued=0
ZWL ACQUIRE_FENCE client=3 surface=6 generation=1
ZWL LAT adopt surface=6 at_us=19781924
ZWL RELEASE client=3 buffer=19 dead=0
ZWL LAT draw frame=323 at_us=19781931
ZWL LAT acquired frame=323 at_us=19781935
ZWL DAMAGE frame=323 image=0 x=320 y=233 width=640 height=420
ZWL LAT recorded frame=323 at_us=19782060
ZWL COMPOSE frame=323 image=0 windows=1 at_ms=19794
ZWL LAT submit frame=323 at_us=19794198
ZWL LAT shown frame=323 at_us=19796298
ZWL COMMIT client=3 surface=6 buffer=17 queued=0
ZWL ACQUIRE_FENCE client=3 surface=6 generation=1
ZWL LAT adopt surface=6 at_us=19796464
ZWL RELEASE client=3 buffer=15 dead=0
ZWL LAT draw frame=324 at_us=19796472
ZWL LAT acquired frame=324 at_us=19796478
ZWL DAMAGE frame=324 image=0 x=320 y=233 width=640 height=420
ZWL LAT recorded frame=324 at_us=19796620
ZWL COMPOSE frame=324 image=0 windows=1 at_ms=19807
ZWL LAT submit frame=324 at_us=19807993
ZWL LAT shown frame=324 at_us=19810157
ZWL COMMIT client=3 surface=6 buffer=19 queued=0
ZWL ACQUIRE_FENCE client=3 surface=6 generation=1
ZWL LAT adopt surface=6 at_us=19810449
ZWL RELEASE client=3 buffer=17 dead=0
ZWL LAT draw frame=325 at_us=19810462
ZWL LAT acquired frame=325 at_us=19810470
ZWL DAMAGE frame=325 image=0 x=320 y=233 width=640 height=420
ZWL LAT recorded frame=325 at_us=19810632
ZWL COMPOSE frame=325 image=0 windows=1 at_ms=19819
ZWL LAT submit frame=325 at_us=19819931
ZWL LAT shown frame=325 at_us=19822059
ZWL COMMIT client=3 surface=6 buffer=15 queued=0
ZWL ACQUIRE_FENCE client=3 surface=6 generation=1
ZWL LAT adopt surface=6 at_us=19822330
ZWL RELEASE client=3 buffer=19 dead=0
ZWL LAT draw frame=326 at_us=19822342
ZWL LAT acquired frame=326 at_us=19822350
ZWL DAMAGE frame=326 image=0 x=320 y=233 width=640 height=420
ZWL LAT recorded frame=326 at_us=19822497
ZWL COMPOSE frame=326 image=0 windows=1 at_ms=19831
ZWL LAT submit frame=326 at_us=19831767
ZWL LAT shown frame=326 at_us=19833871
ZWL COMMIT client=3 surface=6 buffer=17 queued=0
ZWL ACQUIRE_FENCE client=3 surface=6 generation=1
ZWL LAT adopt surface=6 at_us=19834115
ZWL RELEASE client=3 buffer=15 dead=0
ZWL LAT draw frame=327 at_us=19834124
ZWL LAT acquired frame=327 at_us=19834129
ZWL DAMAGE frame=327 image=0 x=320 y=233 width=640 height=420
ZWL LAT recorded frame=327 at_us=19834264
ZWL COMPOSE frame=327 image=0 windows=1 at_ms=19843
ZWL LAT submit frame=327 at_us=19843989
ZWL LAT shown frame=327 at_us=19846099
ZWL COMMIT client=3 surface=6 buffer=19 queued=0
ZWL ACQUIRE_FENCE client=3 surface=6 generation=1
ZWL LAT adopt surface=6 at_us=19846343
ZWL RELEASE client=3 buffer=17 dead=0
ZWL LAT draw frame=328 at_us=19846350
ZWL LAT acquired frame=328 at_us=19846355
ZWL DAMAGE frame=328 image=0 x=320 y=233 width=640 height=420
ZWL LAT recorded frame=328 at_us=19846498
ZWL COMPOSE frame=328 image=0 windows=1 at_ms=19857
ZWL LAT submit frame=328 at_us=19857202
ZWL LAT shown frame=328 at_us=19859298
ZWL COMMIT client=3 surface=6 buffer=15 queued=0
ZWL ACQUIRE_FENCE client=3 surface=6 generation=1
ZWL LAT adopt surface=6 at_us=19859450
ZWL RELEASE client=3 buffer=19 dead=0
ZWL LAT draw frame=329 at_us=19859457
ZWL LAT acquired frame=329 at_us=19859462
ZWL DAMAGE frame=329 image=0 x=320 y=233 width=640 height=420
ZWL LAT recorded frame=329 at_us=19859606
ZWL COMPOSE frame=329 image=0 windows=1 at_ms=19868
ZWL LAT submit frame=329 at_us=19869000
ZWL LAT shown frame=329 at_us=19871108
ZWL COMMIT client=3 surface=6 buffer=17 queued=0
ZWL ACQUIRE_FENCE client=3 surface=6 generation=1
ZWL LAT adopt surface=6 at_us=19871282
ZWL RELEASE client=3 buffer=15 dead=0
ZWL LAT draw frame=330 at_us=19871290
ZWL LAT acquired frame=330 at_us=19871295
ZWL DAMAGE frame=330 image=0 x=320 y=233 width=640 height=420
ZWL LAT recorded frame=330 at_us=19871410
ZWL COMPOSE frame=330 image=0 windows=1 at_ms=19880
ZWL LAT submit frame=330 at_us=19880040
ZWL LAT shown frame=330 at_us=19882131
ZWL COMMIT client=3 surface=6 buffer=19 queued=0
ZWL ACQUIRE_FENCE client=3 surface=6 generation=1
ZWL LAT adopt surface=6 at_us=19882349
ZWL RELEASE client=3 buffer=17 dead=0
ZWL LAT draw frame=331 at_us=19882355
ZWL LAT acquired frame=331 at_us=19882359
ZWL DAMAGE frame=331 image=0 x=320 y=233 width=640 height=420
ZWL LAT recorded frame=331 at_us=19882504
ZWL COMPOSE frame=331 image=0 windows=1 at_ms=19891
ZWL LAT submit frame=331 at_us=19891307
ZWL LAT shown frame=331 at_us=19893388
ZWL COMMIT client=3 surface=6 buffer=15 queued=0
ZWL ACQUIRE_FENCE client=3 surface=6 generation=1
ZWL LAT adopt surface=6 at_us=19893615
ZWL RELEASE client=3 buffer=19 dead=0
ZWL LAT draw frame=332 at_us=19893620
ZWL LAT acquired frame=332 at_us=19893624
ZWL DAMAGE frame=332 image=0 x=320 y=233 width=640 height=420
ZWL LAT recorded frame=332 at_us=19893733
ZWL COMPOSE frame=332 image=0 windows=1 at_ms=19902
ZWL LAT submit frame=332 at_us=19902329
ZWL LAT shown frame=332 at_us=19904414
ZWL COMMIT client=3 surface=6 buffer=17 queued=0
ZWL ACQUIRE_FENCE client=3 surface=6 generation=1
ZWL LAT adopt surface=6 at_us=19904558
ZWL RELEASE client=3 buffer=15 dead=0
ZWL LAT draw frame=333 at_us=19904563
ZWL LAT acquired frame=333 at_us=19904567
ZWL DAMAGE frame=333 image=0 x=320 y=233 width=640 height=420
ZWL LAT recorded frame=333 at_us=19904683
ZWL COMPOSE frame=333 image=0 windows=1 at_ms=19913
ZWL LAT submit frame=333 at_us=19913275
ZWL LAT shown frame=333 at_us=19915359
ZWL COMMIT client=3 surface=6 buffer=19 queued=0
ZWL ACQUIRE_FENCE client=3 surface=6 generation=1
ZWL LAT adopt surface=6 at_us=19915685
ZWL RELEASE client=3 buffer=17 dead=0
ZWL LAT draw frame=334 at_us=19915690
ZWL LAT acquired frame=334 at_us=19915694
ZWL DAMAGE frame=334 image=0 x=320 y=233 width=640 height=420
ZWL LAT recorded frame=334 at_us=19915808
ZWL COMPOSE frame=334 image=0 windows=1 at_ms=19924
ZWL LAT submit frame=334 at_us=19924876
ZWL LAT shown frame=334 at_us=19927072
ZWL COMMIT client=3 surface=6 buffer=15 queued=0
ZWL ACQUIRE_FENCE client=3 surface=6 generation=1
ZWL LAT adopt surface=6 at_us=19927309
ZWL RELEASE client=3 buffer=19 dead=0
ZWL LAT draw frame=335 at_us=19927326
ZWL LAT acquired frame=335 at_us=19927338
ZWL DAMAGE frame=335 image=0 x=320 y=233 width=640 height=420
ZWL LAT recorded frame=335 at_us=19927567
ZWL COMPOSE frame=335 image=0 windows=1 at_ms=19936
ZWL LAT submit frame=335 at_us=19936741
ZWL LAT shown frame=335 at_us=19938883
ZWL COMMIT client=3 surface=6 buffer=17 queued=0
ZWL ACQUIRE_FENCE client=3 surface=6 generation=1
ZWL LAT adopt surface=6 at_us=19939114
ZWL RELEASE client=3 buffer=15 dead=0
ZWL LAT draw frame=336 at_us=19939128
ZWL LAT acquired frame=336 at_us=19939138
ZWL DAMAGE frame=336 image=0 x=320 y=233 width=640 height=420
ZWL LAT recorded frame=336 at_us=19939317
ZWL COMPOSE frame=336 image=0 windows=1 at_ms=19948
ZWL LAT submit frame=336 at_us=19948526
ZWL LAT shown frame=336 at_us=19950650
ZWL COMMIT client=3 surface=6 buffer=19 queued=0
ZWL ACQUIRE_FENCE client=3 surface=6 generation=1
ZWL LAT adopt surface=6 at_us=19950856
ZWL RELEASE client=3 buffer=17 dead=0
ZWL LAT draw frame=337 at_us=19950865
ZWL LAT acquired frame=337 at_us=19950873
ZWL DAMAGE frame=337 image=0 x=320 y=233 width=640 height=420
ZWL LAT recorded frame=337 at_us=19951024
ZWL COMPOSE frame=337 image=0 windows=1 at_ms=19961
ZWL LAT submit frame=337 at_us=19961913
ZWL LAT shown frame=337 at_us=19964027
ZWL COMMIT client=3 surface=6 buffer=15 queued=0
ZWL ACQUIRE_FENCE client=3 surface=6 generation=1
ZWL LAT adopt surface=6 at_us=19964195
ZWL RELEASE client=3 buffer=19 dead=0
ZWL LAT draw frame=338 at_us=19964203
ZWL LAT acquired frame=338 at_us=19964208
ZWL DAMAGE frame=338 image=0 x=320 y=233 width=640 height=420
ZWL LAT recorded frame=338 at_us=19964351
ZWL COMPOSE frame=338 image=0 windows=1 at_ms=19975
ZWL LAT submit frame=338 at_us=19975548
ZWL LAT shown frame=338 at_us=19977663
ZWL COMMIT client=3 surface=6 buffer=17 queued=0
ZWL ACQUIRE_FENCE client=3 surface=6 generation=1
ZWL LAT adopt surface=6 at_us=19977947
ZWL RELEASE client=3 buffer=15 dead=0
ZWL LAT draw frame=339 at_us=19977956
ZWL LAT acquired frame=339 at_us=19977963
ZWL DAMAGE frame=339 image=0 x=320 y=233 width=640 height=420
ZWL LAT recorded frame=339 at_us=19978120
ZWL COMPOSE frame=339 image=0 windows=1 at_ms=19988
ZWL LAT submit frame=339 at_us=19988766
ZWL LAT shown frame=339 at_us=19990884
ZWL COMMIT client=3 surface=6 buffer=19 queued=0
ZWL ACQUIRE_FENCE client=3 surface=6 generation=1
ZWL LAT adopt surface=6 at_us=19991047
ZWL RELEASE client=3 buffer=17 dead=0
ZWL LAT draw frame=340 at_us=19991054
ZWL LAT acquired frame=340 at_us=19991059
ZWL DAMAGE frame=340 image=0 x=320 y=233 width=640 height=420
ZWL LAT recorded frame=340 at_us=19991199
ZWL COMPOSE frame=340 image=0 windows=1 at_ms=20000
ZWL LAT submit frame=340 at_us=20000500
ZWL LAT shown frame=340 at_us=20002595
ZWL COMMIT client=3 surface=6 buffer=15 queued=0
ZWL ACQUIRE_FENCE client=3 surface=6 generation=1
ZWL LAT adopt surface=6 at_us=20002700
ZWL RELEASE client=3 buffer=19 dead=0
ZWL LAT draw frame=341 at_us=20002706
ZWL LAT acquired frame=341 at_us=20002711
ZWL DAMAGE frame=341 image=0 x=320 y=233 width=640 height=420
ZWL LAT recorded frame=341 at_us=20002818
ZWL COMPOSE frame=341 image=0 windows=1 at_ms=20011
ZWL LAT submit frame=341 at_us=20011929
ZWL LAT shown frame=341 at_us=20014098
ZWL COMMIT client=3 surface=6 buffer=17 queued=0
ZWL ACQUIRE_FENCE client=3 surface=6 generation=1
ZWL LAT adopt surface=6 at_us=20014311
ZWL RELEASE client=3 buffer=15 dead=0
ZWL LAT draw frame=342 at_us=20014318
ZWL LAT acquired frame=342 at_us=20014323
ZWL DAMAGE frame=342 image=0 x=320 y=233 width=640 height=420
ZWL LAT recorded frame=342 at_us=20014417
ZWL COMPOSE frame=342 image=0 windows=1 at_ms=20024
ZWL LAT submit frame=342 at_us=20024738
ZWL LAT shown frame=342 at_us=20026831
ZWL COMMIT client=3 surface=6 buffer=19 queued=0
ZWL ACQUIRE_FENCE client=3 surface=6 generation=1
ZWL LAT adopt surface=6 at_us=20027025
ZWL RELEASE client=3 buffer=17 dead=0
ZWL LAT draw frame=343 at_us=20027031
ZWL LAT acquired frame=343 at_us=20027035
ZWL DAMAGE frame=343 image=0 x=320 y=233 width=640 height=420
ZWL LAT recorded frame=343 at_us=20027162
ZWL COMPOSE frame=343 image=0 windows=1 at_ms=20038
ZWL LAT submit frame=343 at_us=20038189
ZWL LAT shown frame=343 at_us=20040334
ZWL COMMIT client=3 surface=6 buffer=15 queued=0
ZWL ACQUIRE_FENCE client=3 surface=6 generation=1
ZWL LAT adopt surface=6 at_us=20040543
ZWL RELEASE client=3 buffer=19 dead=0
ZWL LAT draw frame=344 at_us=20040556
ZWL LAT acquired frame=344 at_us=20040565
ZWL DAMAGE frame=344 image=0 x=320 y=233 width=640 height=420
ZWL LAT recorded frame=344 at_us=20040755
ZWL COMPOSE frame=344 image=0 windows=1 at_ms=20051
ZWL LAT submit frame=344 at_us=20051148
ZWL LAT shown frame=344 at_us=20053244
ZWL COMMIT client=3 surface=6 buffer=17 queued=0
ZWL ACQUIRE_FENCE client=3 surface=6 generation=1
ZWL LAT adopt surface=6 at_us=20053479
ZWL RELEASE client=3 buffer=15 dead=0
ZWL LAT draw frame=345 at_us=20053485
ZWL LAT acquired frame=345 at_us=20053490
ZWL DAMAGE frame=345 image=0 x=320 y=233 width=640 height=420
ZWL LAT recorded frame=345 at_us=20053612
ZWL COMPOSE frame=345 image=0 windows=1 at_ms=20062
ZWL LAT submit frame=345 at_us=20062498
ZWL LAT shown frame=345 at_us=20064594
ZWL COMMIT client=3 surface=6 buffer=19 queued=0
ZWL ACQUIRE_FENCE client=3 surface=6 generation=1
ZWL LAT adopt surface=6 at_us=20064731
ZWL RELEASE client=3 buffer=17 dead=0
ZWL LAT draw frame=346 at_us=20064736
ZWL LAT acquired frame=346 at_us=20064740
ZWL DAMAGE frame=346 image=0 x=320 y=233 width=640 height=420
ZWL LAT recorded frame=346 at_us=20064855
ZWL COMPOSE frame=346 image=0 windows=1 at_ms=20075
ZWL LAT submit frame=346 at_us=20075657
ZWL LAT shown frame=346 at_us=20077876
ZWL COMMIT client=3 surface=6 buffer=15 queued=0
ZWL ACQUIRE_FENCE client=3 surface=6 generation=1
ZWL LAT adopt surface=6 at_us=20078203
ZWL RELEASE client=3 buffer=19 dead=0
ZWL LAT draw frame=347 at_us=20078217
ZWL LAT acquired frame=347 at_us=20078226
ZWL DAMAGE frame=347 image=0 x=320 y=233 width=640 height=420
ZWL LAT recorded frame=347 at_us=20078416
ZWL COMPOSE frame=347 image=0 windows=1 at_ms=20089
ZWL LAT submit frame=347 at_us=20089580
ZWL LAT shown frame=347 at_us=20091718
ZWL COMMIT client=3 surface=6 buffer=17 queued=0
ZWL ACQUIRE_FENCE client=3 surface=6 generation=1
ZWL LAT adopt surface=6 at_us=20091930
ZWL RELEASE client=3 buffer=15 dead=0
ZWL LAT draw frame=348 at_us=20091946
ZWL LAT acquired frame=348 at_us=20091955
ZWL DAMAGE frame=348 image=0 x=320 y=233 width=640 height=420
ZWL LAT recorded frame=348 at_us=20092180
ZWL COMPOSE frame=348 image=0 windows=1 at_ms=20104
ZWL LAT submit frame=348 at_us=20104136
ZWL LAT shown frame=348 at_us=20106237
ZWL COMMIT client=3 surface=6 buffer=19 queued=0
ZWL ACQUIRE_FENCE client=3 surface=6 generation=1
ZWL LAT adopt surface=6 at_us=20106431
ZWL RELEASE client=3 buffer=17 dead=0
ZWL LAT draw frame=349 at_us=20106439
ZWL LAT acquired frame=349 at_us=20106445
ZWL DAMAGE frame=349 image=0 x=320 y=233 width=640 height=420
ZWL LAT recorded frame=349 at_us=20106596
ZWL COMPOSE frame=349 image=0 windows=1 at_ms=20117
ZWL LAT submit frame=349 at_us=20117314
ZWL LAT shown frame=349 at_us=20119418
ZWL COMMIT client=3 surface=6 buffer=15 queued=0
ZWL ACQUIRE_FENCE client=3 surface=6 generation=1
ZWL LAT adopt surface=6 at_us=20119598
ZWL RELEASE client=3 buffer=19 dead=0
ZWL LAT draw frame=350 at_us=20119606
ZWL LAT acquired frame=350 at_us=20119612
ZWL DAMAGE frame=350 image=0 x=320 y=233 width=640 height=420
ZWL LAT recorded frame=350 at_us=20119764
ZWL COMPOSE frame=350 image=0 windows=1 at_ms=20134
ZWL LAT submit frame=350 at_us=20134069
ZWL LAT shown frame=350 at_us=20136168
ZWL COMMIT client=3 surface=6 buffer=17 queued=0
ZWL ACQUIRE_FENCE client=3 surface=6 generation=1
ZWL LAT adopt surface=6 at_us=20136330
ZWL RELEASE client=3 buffer=15 dead=0
ZWL LAT draw frame=351 at_us=20136337
ZWL LAT acquired frame=351 at_us=20136343
ZWL DAMAGE frame=351 image=0 x=320 y=233 width=640 height=420
ZWL LAT recorded frame=351 at_us=20136485
ZWL COMPOSE frame=351 image=0 windows=1 at_ms=20146
ZWL LAT submit frame=351 at_us=20146245
ZWL LAT shown frame=351 at_us=20148411
ZWL COMMIT client=3 surface=6 buffer=19 queued=0
ZWL ACQUIRE_FENCE client=3 surface=6 generation=1
ZWL LAT adopt surface=6 at_us=20148642
ZWL RELEASE client=3 buffer=17 dead=0
ZWL LAT draw frame=352 at_us=20148658
ZWL LAT acquired frame=352 at_us=20148669
ZWL DAMAGE frame=352 image=0 x=320 y=233 width=640 height=420
ZWL LAT recorded frame=352 at_us=20148893
ZWL COMPOSE frame=352 image=0 windows=1 at_ms=20162
ZWL LAT submit frame=352 at_us=20162842
ZWL LAT shown frame=352 at_us=20165067
ZWL COMMIT client=3 surface=6 buffer=15 queued=0
ZWL ACQUIRE_FENCE client=3 surface=6 generation=1
ZWL LAT adopt surface=6 at_us=20165305
ZWL RELEASE client=3 buffer=19 dead=0
ZWL LAT draw frame=353 at_us=20165320
ZWL LAT acquired frame=353 at_us=20165330
ZWL DAMAGE frame=353 image=0 x=320 y=233 width=640 height=420
ZWL LAT recorded frame=353 at_us=20165522
ZWL COMPOSE frame=353 image=0 windows=1 at_ms=20177
ZWL LAT submit frame=353 at_us=20177108
ZWL LAT shown frame=353 at_us=20179219
ZWL COMMIT client=3 surface=6 buffer=17 queued=0
ZWL ACQUIRE_FENCE client=3 surface=6 generation=1
ZWL LAT adopt surface=6 at_us=20179388
ZWL RELEASE client=3 buffer=15 dead=0
ZWL LAT draw frame=354 at_us=20179397
ZWL LAT acquired frame=354 at_us=20179403
ZWL DAMAGE frame=354 image=0 x=320 y=233 width=640 height=420
ZWL LAT recorded frame=354 at_us=20179536
ZWL COMPOSE frame=354 image=0 windows=1 at_ms=20189
ZWL LAT submit frame=354 at_us=20189907
ZWL LAT shown frame=354 at_us=20192071
ZWL COMMIT client=3 surface=6 buffer=19 queued=0
ZWL ACQUIRE_FENCE client=3 surface=6 generation=1
ZWL LAT adopt surface=6 at_us=20192231
ZWL RELEASE client=3 buffer=17 dead=0
ZWL LAT draw frame=355 at_us=20192244
ZWL LAT acquired frame=355 at_us=20192253
ZWL DAMAGE frame=355 image=0 x=320 y=233 width=640 height=420
ZWL LAT recorded frame=355 at_us=20192418
ZWL COMPOSE frame=355 image=0 windows=1 at_ms=20202
ZWL LAT submit frame=355 at_us=20202148
ZWL LAT shown frame=355 at_us=20204280
ZWL COMMIT client=3 surface=6 buffer=15 queued=0
ZWL ACQUIRE_FENCE client=3 surface=6 generation=1
ZWL LAT adopt surface=6 at_us=20204436
ZWL RELEASE client=3 buffer=19 dead=0
ZWL LAT draw frame=356 at_us=20204448
ZWL LAT acquired frame=356 at_us=20204456
ZWL DAMAGE frame=356 image=0 x=320 y=233 width=640 height=420
ZWL LAT recorded frame=356 at_us=20204637
ZWL COMPOSE frame=356 image=0 windows=1 at_ms=20213
ZWL LAT submit frame=356 at_us=20213528
ZWL LAT shown frame=356 at_us=20215643
ZWL COMMIT client=3 surface=6 buffer=17 queued=0
ZWL ACQUIRE_FENCE client=3 surface=6 generation=1
ZWL LAT adopt surface=6 at_us=20215781
ZWL RELEASE client=3 buffer=15 dead=0
ZWL LAT draw frame=357 at_us=20215791
ZWL LAT acquired frame=357 at_us=20215798
ZWL DAMAGE frame=357 image=0 x=320 y=233 width=640 height=420
ZWL LAT recorded frame=357 at_us=20215971
ZWL COMPOSE frame=357 image=0 windows=1 at_ms=20224
ZWL LAT submit frame=357 at_us=20224225
ZWL LAT shown frame=357 at_us=20226337
ZWL COMMIT client=3 surface=6 buffer=19 queued=0
ZWL ACQUIRE_FENCE client=3 surface=6 generation=1
ZWL LAT adopt surface=6 at_us=20226451
ZWL RELEASE client=3 buffer=17 dead=0
ZWL LAT draw frame=358 at_us=20226459
ZWL LAT acquired frame=358 at_us=20226465
ZWL DAMAGE frame=358 image=0 x=320 y=233 width=640 height=420
ZWL LAT recorded frame=358 at_us=20226581
ZWL COMPOSE frame=358 image=0 windows=1 at_ms=20238
ZWL LAT submit frame=358 at_us=20238415
ZWL LAT shown frame=358 at_us=20240510
ZWL COMMIT client=3 surface=6 buffer=15 queued=0
ZWL ACQUIRE_FENCE client=3 surface=6 generation=1
ZWL LAT adopt surface=6 at_us=20240655
ZWL RELEASE client=3 buffer=19 dead=0
ZWL LAT draw frame=359 at_us=20240662
ZWL LAT acquired frame=359 at_us=20240667
ZWL DAMAGE frame=359 image=0 x=320 y=233 width=640 height=420
ZWL LAT recorded frame=359 at_us=20240798
ZWL COMPOSE frame=359 image=0 windows=1 at_ms=20252
ZWL LAT submit frame=359 at_us=20252228
ZWL LAT shown frame=359 at_us=20254326
ZWL COMMIT client=3 surface=6 buffer=17 queued=0
ZWL ACQUIRE_FENCE client=3 surface=6 generation=1
ZWL LAT adopt surface=6 at_us=20254560
ZWL RELEASE client=3 buffer=15 dead=0
ZWL LAT draw frame=360 at_us=20254567
ZWL LAT acquired frame=360 at_us=20254572
ZWL DAMAGE frame=360 image=0 x=320 y=233 width=640 height=420
ZWL LAT recorded frame=360 at_us=20254711
ZWL COMPOSE frame=360 image=0 windows=1 at_ms=20264
ZWL LAT submit frame=360 at_us=20264712
ZWL LAT shown frame=360 at_us=20266841
ZWL COMMIT client=3 surface=6 buffer=19 queued=0
ZWL ACQUIRE_FENCE client=3 surface=6 generation=1
ZWL LAT adopt surface=6 at_us=20266987
ZWL RELEASE client=3 buffer=17 dead=0
ZWL LAT draw frame=361 at_us=20266998
ZWL LAT acquired frame=361 at_us=20267006
ZWL DAMAGE frame=361 image=0 x=320 y=233 width=640 height=420
ZWL LAT recorded frame=361 at_us=20267137
ZWL COMPOSE frame=361 image=0 windows=1 at_ms=20276
ZWL LAT submit frame=361 at_us=20276222
ZWL LAT shown frame=361 at_us=20278463
ZWL COMMIT client=3 surface=6 buffer=15 queued=0
ZWL ACQUIRE_FENCE client=3 surface=6 generation=1
ZWL LAT adopt surface=6 at_us=20278817
ZWL RELEASE client=3 buffer=19 dead=0
ZWL LAT draw frame=362 at_us=20278834
ZWL LAT acquired frame=362 at_us=20278845
ZWL DAMAGE frame=362 image=0 x=320 y=233 width=640 height=420
ZWL LAT recorded frame=362 at_us=20279045
ZWL COMPOSE frame=362 image=0 windows=1 at_ms=20289
ZWL LAT submit frame=362 at_us=20289513
ZWL LAT shown frame=362 at_us=20291654
ZWL COMMIT client=3 surface=6 buffer=17 queued=0
ZWL ACQUIRE_FENCE client=3 surface=6 generation=1
ZWL LAT adopt surface=6 at_us=20291850
ZWL RELEASE client=3 buffer=15 dead=0
ZWL LAT draw frame=363 at_us=20291864
ZWL LAT acquired frame=363 at_us=20291873
ZWL DAMAGE frame=363 image=0 x=320 y=233 width=640 height=420
ZWL LAT recorded frame=363 at_us=20292058
ZWL COMPOSE frame=363 image=0 windows=1 at_ms=20303
ZWL LAT submit frame=363 at_us=20303640
ZWL LAT shown frame=363 at_us=20305813
ZWL COMMIT client=3 surface=6 buffer=19 queued=0
ZWL ACQUIRE_FENCE client=3 surface=6 generation=1
ZWL LAT adopt surface=6 at_us=20306089
ZWL RELEASE client=3 buffer=17 dead=0
ZWL LAT draw frame=364 at_us=20306098
ZWL LAT acquired frame=364 at_us=20306105
ZWL DAMAGE frame=364 image=0 x=320 y=233 width=640 height=420
ZWL LAT recorded frame=364 at_us=20306258
ZWL COMPOSE frame=364 image=0 windows=1 at_ms=20317
ZWL LAT submit frame=364 at_us=20317413
ZWL LAT shown frame=364 at_us=20319602
ZWL COMMIT client=3 surface=6 buffer=15 queued=0
ZWL ACQUIRE_FENCE client=3 surface=6 generation=1
ZWL LAT adopt surface=6 at_us=20319824
ZWL RELEASE client=3 buffer=19 dead=0
ZWL LAT draw frame=365 at_us=20319837
ZWL LAT acquired frame=365 at_us=20319846
ZWL DAMAGE frame=365 image=0 x=320 y=233 width=640 height=420
ZWL LAT recorded frame=365 at_us=20320003
ZWL COMPOSE frame=365 image=0 windows=1 at_ms=20330
ZWL LAT submit frame=365 at_us=20330127
ZWL LAT shown frame=365 at_us=20332262
ZWL COMMIT client=3 surface=6 buffer=17 queued=0
ZWL ACQUIRE_FENCE client=3 surface=6 generation=1
ZWL LAT adopt surface=6 at_us=20332479
ZWL RELEASE client=3 buffer=15 dead=0
ZWL LAT draw frame=366 at_us=20332494
ZWL LAT acquired frame=366 at_us=20332504
ZWL DAMAGE frame=366 image=0 x=320 y=233 width=640 height=420
ZWL LAT recorded frame=366 at_us=20332690
ZWL COMPOSE frame=366 image=0 windows=1 at_ms=20344
ZWL LAT submit frame=366 at_us=20344654
ZWL LAT shown frame=366 at_us=20346800
ZWL COMMIT client=3 surface=6 buffer=19 queued=0
ZWL ACQUIRE_FENCE client=3 surface=6 generation=1
ZWL LAT adopt surface=6 at_us=20346993
ZWL RELEASE client=3 buffer=17 dead=0
ZWL LAT draw frame=367 at_us=20347002
ZWL LAT acquired frame=367 at_us=20347008
ZWL DAMAGE frame=367 image=0 x=320 y=233 width=640 height=420
ZWL LAT recorded frame=367 at_us=20347117
ZWL COMPOSE frame=367 image=0 windows=1 at_ms=20356
ZWL LAT submit frame=367 at_us=20356204
ZWL LAT shown frame=367 at_us=20358329
ZWL COMMIT client=3 surface=6 buffer=15 queued=0
ZWL ACQUIRE_FENCE client=3 surface=6 generation=1
ZWL LAT adopt surface=6 at_us=20358487
ZWL RELEASE client=3 buffer=19 dead=0
ZWL LAT draw frame=368 at_us=20358494
ZWL LAT acquired frame=368 at_us=20358499
ZWL DAMAGE frame=368 image=0 x=320 y=233 width=640 height=420
ZWL LAT recorded frame=368 at_us=20358598
ZWL COMPOSE frame=368 image=0 windows=1 at_ms=20367
ZWL LAT submit frame=368 at_us=20367508
ZWL LAT shown frame=368 at_us=20369640
ZWL COMMIT client=3 surface=6 buffer=17 queued=0
ZWL ACQUIRE_FENCE client=3 surface=6 generation=1
ZWL LAT adopt surface=6 at_us=20369920
ZWL RELEASE client=3 buffer=15 dead=0
ZWL LAT draw frame=369 at_us=20369927
ZWL LAT acquired frame=369 at_us=20369932
ZWL DAMAGE frame=369 image=0 x=320 y=233 width=640 height=420
ZWL LAT recorded frame=369 at_us=20370023
ZWL COMPOSE frame=369 image=0 windows=1 at_ms=20381
ZWL LAT submit frame=369 at_us=20381514
ZWL LAT shown frame=369 at_us=20383638
ZWL COMMIT client=3 surface=6 buffer=19 queued=0
ZWL ACQUIRE_FENCE client=3 surface=6 generation=1
ZWL LAT adopt surface=6 at_us=20383874
ZWL RELEASE client=3 buffer=17 dead=0
ZWL LAT draw frame=370 at_us=20383891
ZWL LAT acquired frame=370 at_us=20383902
ZWL DAMAGE frame=370 image=0 x=320 y=233 width=640 height=420
ZWL LAT recorded frame=370 at_us=20384189
ZWL COMPOSE frame=370 image=0 windows=1 at_ms=20398
ZWL LAT submit frame=370 at_us=20398449
ZWL LAT shown frame=370 at_us=20400634
ZWL COMMIT client=3 surface=6 buffer=15 queued=0
ZWL ACQUIRE_FENCE client=3 surface=6 generation=1
ZWL LAT adopt surface=6 at_us=20400861
ZWL RELEASE client=3 buffer=19 dead=0
ZWL LAT draw frame=371 at_us=20400876
ZWL LAT acquired frame=371 at_us=20400887
ZWL DAMAGE frame=371 image=0 x=320 y=233 width=640 height=420
ZWL LAT recorded frame=371 at_us=20401104
ZWL COMPOSE frame=371 image=0 windows=1 at_ms=20414
ZWL LAT submit frame=371 at_us=20414209
ZWL LAT shown frame=371 at_us=20416368
ZWL COMMIT client=3 surface=6 buffer=17 queued=0
ZWL ACQUIRE_FENCE client=3 surface=6 generation=1
ZWL LAT adopt surface=6 at_us=20416573
ZWL RELEASE client=3 buffer=15 dead=0
ZWL LAT draw frame=372 at_us=20416587
ZWL LAT acquired frame=372 at_us=20416596
ZWL DAMAGE frame=372 image=0 x=320 y=233 width=640 height=420
ZWL LAT recorded frame=372 at_us=20416761
ZWL COMPOSE frame=372 image=0 windows=1 at_ms=20427
ZWL LAT submit frame=372 at_us=20427138
ZWL LAT shown frame=372 at_us=20429279
ZWL COMMIT client=3 surface=6 buffer=19 queued=0
ZWL ACQUIRE_FENCE client=3 surface=6 generation=1
ZWL LAT adopt surface=6 at_us=20429561
ZWL RELEASE client=3 buffer=17 dead=0
ZWL LAT draw frame=373 at_us=20429593
ZWL LAT acquired frame=373 at_us=20429602
ZWL DAMAGE frame=373 image=0 x=320 y=233 width=640 height=420
ZWL LAT recorded frame=373 at_us=20429795
ZWL COMPOSE frame=373 image=0 windows=1 at_ms=20439
ZWL LAT submit frame=373 at_us=20439253
ZWL LAT shown frame=373 at_us=20441362
ZWL COMMIT client=3 surface=6 buffer=15 queued=0
ZWL ACQUIRE_FENCE client=3 surface=6 generation=1
ZWL LAT adopt surface=6 at_us=20441613
ZWL RELEASE client=3 buffer=19 dead=0
ZWL LAT draw frame=374 at_us=20441622
ZWL LAT acquired frame=374 at_us=20441628
ZWL DAMAGE frame=374 image=0 x=320 y=233 width=640 height=420
ZWL LAT recorded frame=374 at_us=20441757
ZWL COMPOSE frame=374 image=0 windows=1 at_ms=20452
ZWL LAT submit frame=374 at_us=20452282
ZWL LAT shown frame=374 at_us=20454388
ZWL COMMIT client=3 surface=6 buffer=17 queued=0
ZWL ACQUIRE_FENCE client=3 surface=6 generation=1
ZWL LAT adopt surface=6 at_us=20454607
ZWL RELEASE client=3 buffer=15 dead=0
ZWL LAT draw frame=375 at_us=20454615
ZWL LAT acquired frame=375 at_us=20454621
ZWL DAMAGE frame=375 image=0 x=320 y=233 width=640 height=420
ZWL LAT recorded frame=375 at_us=20454725
ZWL COMPOSE frame=375 image=0 windows=1 at_ms=20464
ZWL LAT submit frame=375 at_us=20464086
ZWL LAT shown frame=375 at_us=20466181
ZWL COMMIT client=3 surface=6 buffer=19 queued=0
ZWL ACQUIRE_FENCE client=3 surface=6 generation=1
ZWL LAT adopt surface=6 at_us=20466333
ZWL RELEASE client=3 buffer=17 dead=0
ZWL LAT draw frame=376 at_us=20466340
ZWL LAT acquired frame=376 at_us=20466344
ZWL DAMAGE frame=376 image=0 x=320 y=233 width=640 height=420
ZWL LAT recorded frame=376 at_us=20466446
ZWL COMPOSE frame=376 image=0 windows=1 at_ms=20475
ZWL LAT submit frame=376 at_us=20475331
ZWL LAT shown frame=376 at_us=20477423
ZWL COMMIT client=3 surface=6 buffer=15 queued=0
ZWL ACQUIRE_FENCE client=3 surface=6 generation=1
ZWL LAT adopt surface=6 at_us=20477631
ZWL RELEASE client=3 buffer=19 dead=0
ZWL LAT draw frame=377 at_us=20477638
ZWL LAT acquired frame=377 at_us=20477642
ZWL DAMAGE frame=377 image=0 x=320 y=233 width=640 height=420
ZWL LAT recorded frame=377 at_us=20477739
ZWL COMPOSE frame=377 image=0 windows=1 at_ms=20485
ZWL LAT submit frame=377 at_us=20485659
ZWL LAT shown frame=377 at_us=20487751
ZWL COMMIT client=3 surface=6 buffer=17 queued=0
ZWL ACQUIRE_FENCE client=3 surface=6 generation=1
ZWL LAT adopt surface=6 at_us=20487887
ZWL RELEASE client=3 buffer=15 dead=0
ZWL LAT draw frame=378 at_us=20487893
ZWL LAT acquired frame=378 at_us=20487896
ZWL DAMAGE frame=378 image=0 x=320 y=233 width=640 height=420
ZWL LAT recorded frame=378 at_us=20487989
ZWL COMPOSE frame=378 image=0 windows=1 at_ms=20495
ZWL LAT submit frame=378 at_us=20495548
ZWL LAT shown frame=378 at_us=20497631
ZWL COMMIT client=3 surface=6 buffer=19 queued=0
ZWL ACQUIRE_FENCE client=3 surface=6 generation=1
ZWL LAT adopt surface=6 at_us=20497851
ZWL RELEASE client=3 buffer=17 dead=0
ZWL LAT draw frame=379 at_us=20497856
ZWL LAT acquired frame=379 at_us=20497860
ZWL DAMAGE frame=379 image=0 x=320 y=233 width=640 height=420
ZWL LAT recorded frame=379 at_us=20497942
ZWL COMPOSE frame=379 image=0 windows=1 at_ms=20507
ZWL LAT submit frame=379 at_us=20507103
ZWL LAT shown frame=379 at_us=20509190
ZWL COMMIT client=3 surface=6 buffer=15 queued=0
ZWL ACQUIRE_FENCE client=3 surface=6 generation=1
ZWL LAT adopt surface=6 at_us=20509403
ZWL RELEASE client=3 buffer=19 dead=0
ZWL LAT draw frame=380 at_us=20509408
ZWL LAT acquired frame=380 at_us=20509412
ZWL DAMAGE frame=380 image=0 x=320 y=233 width=640 height=420
ZWL LAT recorded frame=380 at_us=20509494
ZWL COMPOSE frame=380 image=0 windows=1 at_ms=20518
ZWL LAT submit frame=380 at_us=20518498
ZWL LAT shown frame=380 at_us=20520637
ZWL COMMIT client=3 surface=6 buffer=17 queued=0
ZWL ACQUIRE_FENCE client=3 surface=6 generation=1
ZWL LAT adopt surface=6 at_us=20520823
ZWL RELEASE client=3 buffer=15 dead=0
ZWL LAT draw frame=381 at_us=20520835
ZWL LAT acquired frame=381 at_us=20520844
ZWL DAMAGE frame=381 image=0 x=320 y=233 width=640 height=420
ZWL LAT recorded frame=381 at_us=20521019
ZWL COMPOSE frame=381 image=0 windows=1 at_ms=20535
ZWL LAT submit frame=381 at_us=20535391
ZWL LAT shown frame=381 at_us=20537610
ZWL COMMIT client=3 surface=6 buffer=19 queued=0
ZWL ACQUIRE_FENCE client=3 surface=6 generation=1
ZWL LAT adopt surface=6 at_us=20537911
ZWL RELEASE client=3 buffer=17 dead=0
ZWL LAT draw frame=382 at_us=20537924
ZWL LAT acquired frame=382 at_us=20537933
ZWL DAMAGE frame=382 image=0 x=320 y=233 width=640 height=420
ZWL LAT recorded frame=382 at_us=20538110
ZWL COMPOSE frame=382 image=0 windows=1 at_ms=20548
ZWL LAT submit frame=382 at_us=20548577
ZWL LAT shown frame=382 at_us=20550691
ZWL COMMIT client=3 surface=6 buffer=15 queued=0
ZWL ACQUIRE_FENCE client=3 surface=6 generation=1
ZWL LAT adopt surface=6 at_us=20550959
ZWL RELEASE client=3 buffer=19 dead=0
ZWL LAT draw frame=383 at_us=20550969
ZWL LAT acquired frame=383 at_us=20550976
ZWL DAMAGE frame=383 image=0 x=320 y=233 width=640 height=420
ZWL LAT recorded frame=383 at_us=20551138
ZWL COMPOSE frame=383 image=0 windows=1 at_ms=20561
ZWL LAT submit frame=383 at_us=20561096
ZWL LAT shown frame=383 at_us=20563210
ZWL COMMIT client=3 surface=6 buffer=17 queued=0
ZWL ACQUIRE_FENCE client=3 surface=6 generation=1
ZWL LAT adopt surface=6 at_us=20563406
ZWL RELEASE client=3 buffer=15 dead=0
ZWL LAT draw frame=384 at_us=20563415
ZWL LAT acquired frame=384 at_us=20563422
ZWL DAMAGE frame=384 image=0 x=320 y=233 width=640 height=420
ZWL LAT recorded frame=384 at_us=20563559
ZWL COMPOSE frame=384 image=0 windows=1 at_ms=20586
ZWL LAT submit frame=384 at_us=20586380
ZWL LAT shown frame=384 at_us=20588509
ZWL COMMIT client=3 surface=6 buffer=19 queued=0
ZWL ACQUIRE_FENCE client=3 surface=6 generation=1
ZWL LAT adopt surface=6 at_us=20588778
ZWL RELEASE client=3 buffer=17 dead=0
ZWL LAT draw frame=385 at_us=20588784
ZWL LAT acquired frame=385 at_us=20588801
ZWL DAMAGE frame=385 image=0 x=320 y=233 width=640 height=420
ZWL LAT recorded frame=385 at_us=20589076
ZWL COMPOSE frame=385 image=0 windows=1 at_ms=20601
ZWL LAT submit frame=385 at_us=20601626
ZWL LAT shown frame=385 at_us=20603739
ZWL COMMIT client=3 surface=6 buffer=15 queued=0
ZWL ACQUIRE_FENCE client=3 surface=6 generation=1
ZWL LAT adopt surface=6 at_us=20603865
ZWL RELEASE client=3 buffer=19 dead=0
ZWL LAT draw frame=386 at_us=20603874
ZWL LAT acquired frame=386 at_us=20603880
ZWL DAMAGE frame=386 image=0 x=320 y=233 width=640 height=420
ZWL LAT recorded frame=386 at_us=20604021
ZWL COMPOSE frame=386 image=0 windows=1 at_ms=20613
ZWL LAT submit frame=386 at_us=20613400
ZWL LAT shown frame=386 at_us=20615505
ZWL COMMIT client=3 surface=6 buffer=17 queued=0
ZWL ACQUIRE_FENCE client=3 surface=6 generation=1
ZWL LAT adopt surface=6 at_us=20615675
ZWL RELEASE client=3 buffer=15 dead=0
ZWL LAT draw frame=387 at_us=20615683
ZWL LAT acquired frame=387 at_us=20615689
ZWL DAMAGE frame=387 image=0 x=320 y=233 width=640 height=420
ZWL LAT recorded frame=387 at_us=20615841
ZWL COMPOSE frame=387 image=0 windows=1 at_ms=20625
ZWL LAT submit frame=387 at_us=20625098
ZWL LAT shown frame=387 at_us=20627194
ZWL COMMIT client=3 surface=6 buffer=19 queued=0
ZWL ACQUIRE_FENCE client=3 surface=6 generation=1
ZWL LAT adopt surface=6 at_us=20627360
ZWL RELEASE client=3 buffer=17 dead=0
ZWL LAT draw frame=388 at_us=20627367
ZWL LAT acquired frame=388 at_us=20627372
ZWL DAMAGE frame=388 image=0 x=320 y=233 width=640 height=420
ZWL LAT recorded frame=388 at_us=20627505
ZWL COMPOSE frame=388 image=0 windows=1 at_ms=20636
ZWL LAT submit frame=388 at_us=20636870
ZWL LAT shown frame=388 at_us=20639012
ZWL COMMIT client=3 surface=6 buffer=15 queued=0
ZWL ACQUIRE_FENCE client=3 surface=6 generation=1
ZWL LAT adopt surface=6 at_us=20639201
ZWL RELEASE client=3 buffer=19 dead=0
ZWL LAT draw frame=389 at_us=20639214
ZWL LAT acquired frame=389 at_us=20639222
ZWL DAMAGE frame=389 image=0 x=320 y=233 width=640 height=420
ZWL LAT recorded frame=389 at_us=20639380
ZWL COMPOSE frame=389 image=0 windows=1 at_ms=20647
ZWL LAT submit frame=389 at_us=20647589
ZWL LAT shown frame=389 at_us=20649767
ZWL COMMIT client=3 surface=6 buffer=17 queued=0
ZWL ACQUIRE_FENCE client=3 surface=6 generation=1
ZWL LAT adopt surface=6 at_us=20649983
ZWL RELEASE client=3 buffer=15 dead=0
ZWL LAT draw frame=390 at_us=20649993
ZWL LAT acquired frame=390 at_us=20650000
ZWL DAMAGE frame=390 image=0 x=320 y=233 width=640 height=420
ZWL LAT recorded frame=390 at_us=20650146
ZWL COMPOSE frame=390 image=0 windows=1 at_ms=20659
ZWL LAT submit frame=390 at_us=20659716
ZWL LAT shown frame=390 at_us=20661863
ZWL COMMIT client=3 surface=6 buffer=19 queued=0
ZWL ACQUIRE_FENCE client=3 surface=6 generation=1
ZWL LAT adopt surface=6 at_us=20662093
ZWL RELEASE client=3 buffer=17 dead=0
ZWL LAT draw frame=391 at_us=20662103
ZWL LAT acquired frame=391 at_us=20662109
ZWL DAMAGE frame=391 image=0 x=320 y=233 width=640 height=420
ZWL LAT recorded frame=391 at_us=20662267
ZWL COMPOSE frame=391 image=0 windows=1 at_ms=20672
ZWL LAT submit frame=391 at_us=20672388
ZWL LAT shown frame=391 at_us=20674605
ZWL COMMIT client=3 surface=6 buffer=15 queued=0
ZWL ACQUIRE_FENCE client=3 surface=6 generation=1
ZWL LAT adopt surface=6 at_us=20674846
ZWL RELEASE client=3 buffer=19 dead=0
ZWL LAT draw frame=392 at_us=20674861
ZWL LAT acquired frame=392 at_us=20674871
ZWL DAMAGE frame=392 image=0 x=320 y=233 width=640 height=420
ZWL LAT recorded frame=392 at_us=20675080
ZWL COMPOSE frame=392 image=0 windows=1 at_ms=20686
ZWL LAT submit frame=392 at_us=20686550
ZWL LAT shown frame=392 at_us=20688675
ZWL COMMIT client=3 surface=6 buffer=17 queued=0
ZWL ACQUIRE_FENCE client=3 surface=6 generation=1
ZWL LAT adopt surface=6 at_us=20688830
ZWL RELEASE client=3 buffer=15 dead=0
ZWL LAT draw frame=393 at_us=20688840
ZWL LAT acquired frame=393 at_us=20688847
ZWL DAMAGE frame=393 image=0 x=320 y=233 width=640 height=420
ZWL LAT recorded frame=393 at_us=20689007
ZWL COMPOSE frame=393 image=0 windows=1 at_ms=20698
ZWL LAT submit frame=393 at_us=20698643
ZWL LAT shown frame=393 at_us=20700751
ZWL COMMIT client=3 surface=6 buffer=19 queued=0
ZWL ACQUIRE_FENCE client=3 surface=6 generation=1
ZWL LAT adopt surface=6 at_us=20700897
ZWL RELEASE client=3 buffer=17 dead=0
ZWL LAT draw frame=394 at_us=20700906
ZWL LAT acquired frame=394 at_us=20700912
ZWL DAMAGE frame=394 image=0 x=320 y=233 width=640 height=420
ZWL LAT recorded frame=394 at_us=20701065
ZWL COMPOSE frame=394 image=0 windows=1 at_ms=20710
ZWL LAT submit frame=394 at_us=20710130
ZWL LAT shown frame=394 at_us=20712229
ZWL COMMIT client=3 surface=6 buffer=15 queued=0
ZWL ACQUIRE_FENCE client=3 surface=6 generation=1
ZWL LAT adopt surface=6 at_us=20712398
ZWL RELEASE client=3 buffer=19 dead=0
ZWL LAT draw frame=395 at_us=20712407
ZWL LAT acquired frame=395 at_us=20712413
ZWL DAMAGE frame=395 image=0 x=320 y=233 width=640 height=420
ZWL LAT recorded frame=395 at_us=20712558
ZWL COMPOSE frame=395 image=0 windows=1 at_ms=20722
ZWL LAT submit frame=395 at_us=20722586
ZWL LAT shown frame=395 at_us=20724745
ZWL COMMIT client=3 surface=6 buffer=17 queued=0
ZWL ACQUIRE_FENCE client=3 surface=6 generation=1
ZWL LAT adopt surface=6 at_us=20724988
ZWL RELEASE client=3 buffer=15 dead=0
ZWL LAT draw frame=396 at_us=20725003
ZWL LAT acquired frame=396 at_us=20725014
ZWL DAMAGE frame=396 image=0 x=320 y=233 width=640 height=420
ZWL LAT recorded frame=396 at_us=20725212
ZWL COMPOSE frame=396 image=0 windows=1 at_ms=20736
ZWL LAT submit frame=396 at_us=20736263
ZWL LAT shown frame=396 at_us=20738465
ZWL COMMIT client=3 surface=6 buffer=19 queued=0
ZWL ACQUIRE_FENCE client=3 surface=6 generation=1
ZWL LAT adopt surface=6 at_us=20738737
ZWL RELEASE client=3 buffer=17 dead=0
ZWL LAT draw frame=397 at_us=20738748
ZWL LAT acquired frame=397 at_us=20738756
ZWL DAMAGE frame=397 image=0 x=320 y=233 width=640 height=420
ZWL LAT recorded frame=397 at_us=20738943
ZWL COMPOSE frame=397 image=0 windows=1 at_ms=20748
ZWL LAT submit frame=397 at_us=20748774
ZWL LAT shown frame=397 at_us=20750916
ZWL COMMIT client=3 surface=6 buffer=15 queued=0
ZWL ACQUIRE_FENCE client=3 surface=6 generation=1
ZWL LAT adopt surface=6 at_us=20751100
ZWL RELEASE client=3 buffer=19 dead=0
ZWL LAT draw frame=398 at_us=20751127
ZWL LAT acquired frame=398 at_us=20751133
ZWL DAMAGE frame=398 image=0 x=320 y=233 width=640 height=420
ZWL LAT recorded frame=398 at_us=20751276
ZWL COMPOSE frame=398 image=0 windows=1 at_ms=20760
ZWL LAT submit frame=398 at_us=20760622
ZWL LAT shown frame=398 at_us=20762759
ZWL COMMIT client=3 surface=6 buffer=17 queued=0
ZWL ACQUIRE_FENCE client=3 surface=6 generation=1
ZWL LAT adopt surface=6 at_us=20763004
ZWL RELEASE client=3 buffer=15 dead=0
ZWL LAT draw frame=399 at_us=20763018
ZWL LAT acquired frame=399 at_us=20763027
ZWL DAMAGE frame=399 image=0 x=320 y=233 width=640 height=420
ZWL LAT recorded frame=399 at_us=20763231
ZWL COMPOSE frame=399 image=0 windows=1 at_ms=20772
ZWL LAT submit frame=399 at_us=20772890
ZWL LAT shown frame=399 at_us=20775020
ZWL COMMIT client=3 surface=6 buffer=19 queued=0
ZWL ACQUIRE_FENCE client=3 surface=6 generation=1
ZWL LAT adopt surface=6 at_us=20775236
ZWL RELEASE client=3 buffer=17 dead=0
ZWL LAT draw frame=400 at_us=20775249
ZWL LAT acquired frame=400 at_us=20775257
ZWL DAMAGE frame=400 image=0 x=320 y=233 width=640 height=420
ZWL LAT recorded frame=400 at_us=20775455
ZWL COMPOSE frame=400 image=0 windows=1 at_ms=20785
ZWL LAT submit frame=400 at_us=20785491
ZWL LAT shown frame=400 at_us=20787684
ZWL COMMIT client=3 surface=6 buffer=15 queued=0
ZWL ACQUIRE_FENCE client=3 surface=6 generation=1
ZWL LAT adopt surface=6 at_us=20787918
ZWL RELEASE client=3 buffer=19 dead=0
ZWL LAT draw frame=401 at_us=20787930
ZWL LAT acquired frame=401 at_us=20787939
ZWL DAMAGE frame=401 image=0 x=320 y=233 width=640 height=420
ZWL LAT recorded frame=401 at_us=20788122
ZWL COMPOSE frame=401 image=0 windows=1 at_ms=20797
ZWL LAT submit frame=401 at_us=20797967
ZWL LAT shown frame=401 at_us=20800038
ZWL COMMIT client=3 surface=6 buffer=17 queued=0
ZWL ACQUIRE_FENCE client=3 surface=6 generation=1
ZWL LAT adopt surface=6 at_us=20800186
ZWL RELEASE client=3 buffer=15 dead=0
ZWL LAT draw frame=402 at_us=20800197
ZWL LAT acquired frame=402 at_us=20800204
ZWL DAMAGE frame=402 image=0 x=320 y=233 width=640 height=420
ZWL LAT recorded frame=402 at_us=20800366
ZWL COMPOSE frame=402 image=0 windows=1 at_ms=20809
ZWL LAT submit frame=402 at_us=20809275
ZWL LAT shown frame=402 at_us=20811387
ZWL COMMIT client=3 surface=6 buffer=19 queued=0
ZWL ACQUIRE_FENCE client=3 surface=6 generation=1
ZWL LAT adopt surface=6 at_us=20811570
ZWL RELEASE client=3 buffer=17 dead=0
ZWL LAT draw frame=403 at_us=20811580
ZWL LAT acquired frame=403 at_us=20811587
ZWL DAMAGE frame=403 image=0 x=320 y=233 width=640 height=420
ZWL LAT recorded frame=403 at_us=20811756
ZWL COMPOSE frame=403 image=0 windows=1 at_ms=20820
ZWL LAT submit frame=403 at_us=20820812
ZWL LAT shown frame=403 at_us=20822941
ZWL COMMIT client=3 surface=6 buffer=15 queued=0
ZWL ACQUIRE_FENCE client=3 surface=6 generation=1
ZWL LAT adopt surface=6 at_us=20823137
ZWL RELEASE client=3 buffer=19 dead=0
ZWL LAT draw frame=404 at_us=20823146
ZWL LAT acquired frame=404 at_us=20823152
ZWL DAMAGE frame=404 image=0 x=320 y=233 width=640 height=420
ZWL LAT recorded frame=404 at_us=20823306
ZWL COMPOSE frame=404 image=0 windows=1 at_ms=20832
ZWL LAT submit frame=404 at_us=20832595
ZWL LAT shown frame=404 at_us=20834741
ZWL COMMIT client=3 surface=6 buffer=17 queued=0
ZWL ACQUIRE_FENCE client=3 surface=6 generation=1
ZWL LAT adopt surface=6 at_us=20834896
ZWL RELEASE client=3 buffer=15 dead=0
ZWL LAT draw frame=405 at_us=20834911
ZWL LAT acquired frame=405 at_us=20834921
ZWL DAMAGE frame=405 image=0 x=320 y=233 width=640 height=420
ZWL LAT recorded frame=405 at_us=20835123
ZWL COMPOSE frame=405 image=0 windows=1 at_ms=20845
ZWL LAT submit frame=405 at_us=20845223
ZWL LAT shown frame=405 at_us=20847353
ZWL COMMIT client=3 surface=6 buffer=19 queued=0
ZWL ACQUIRE_FENCE client=3 surface=6 generation=1
ZWL LAT adopt surface=6 at_us=20847506
ZWL RELEASE client=3 buffer=17 dead=0
ZWL LAT draw frame=406 at_us=20847519
ZWL LAT acquired frame=406 at_us=20847528
ZWL DAMAGE frame=406 image=0 x=320 y=233 width=640 height=420
ZWL LAT recorded frame=406 at_us=20847729
ZWL COMPOSE frame=406 image=0 windows=1 at_ms=20859
ZWL LAT submit frame=406 at_us=20859687
ZWL LAT shown frame=406 at_us=20914381
ZWL COMMIT client=3 surface=6 buffer=15 queued=0
ZWL ACQUIRE_FENCE client=3 surface=6 generation=1
ZWL LAT adopt surface=6 at_us=20914749
ZWL RELEASE client=3 buffer=19 dead=0
ZWL LAT draw frame=407 at_us=20914765
ZWL LAT acquired frame=407 at_us=20914796
ZWL DAMAGE frame=407 image=0 x=320 y=233 width=640 height=420
ZWL LAT recorded frame=407 at_us=20915022
ZWL COMPOSE frame=407 image=0 windows=1 at_ms=20929
ZWL LAT submit frame=407 at_us=20930000
ZWL LAT shown frame=407 at_us=20932144
ZWL COMMIT client=3 surface=6 buffer=17 queued=0
ZWL ACQUIRE_FENCE client=3 surface=6 generation=1
ZWL LAT adopt surface=6 at_us=20932880
ZWL RELEASE client=3 buffer=15 dead=0
ZWL LAT draw frame=408 at_us=20932905
ZWL LAT acquired frame=408 at_us=20932913
ZWL DAMAGE frame=408 image=0 x=320 y=233 width=640 height=420
ZWL LAT recorded frame=408 at_us=20933083
ZWL COMPOSE frame=408 image=0 windows=1 at_ms=20945
ZWL LAT submit frame=408 at_us=20945197
ZWL LAT shown frame=408 at_us=20947375
ZWL COMMIT client=3 surface=6 buffer=19 queued=0
ZWL ACQUIRE_FENCE client=3 surface=6 generation=1
ZWL LAT adopt surface=6 at_us=20947642
ZWL RELEASE client=3 buffer=17 dead=0
ZWL LAT draw frame=409 at_us=20947657
ZWL LAT acquired frame=409 at_us=20947667
ZWL DAMAGE frame=409 image=0 x=320 y=233 width=640 height=420
ZWL LAT recorded frame=409 at_us=20947849
ZWL COMPOSE frame=409 image=0 windows=1 at_ms=20960
ZWL LAT submit frame=409 at_us=20960788
ZWL LAT shown frame=409 at_us=20962905
ZWL COMMIT client=3 surface=6 buffer=15 queued=0
ZWL ACQUIRE_FENCE client=3 surface=6 generation=1
ZWL LAT adopt surface=6 at_us=20963094
ZWL RELEASE client=3 buffer=19 dead=0
ZWL LAT draw frame=410 at_us=20963106
ZWL LAT acquired frame=410 at_us=20963114
ZWL DAMAGE frame=410 image=0 x=320 y=233 width=640 height=420
ZWL LAT recorded frame=410 at_us=20963299
ZWL COMPOSE frame=410 image=0 windows=1 at_ms=20973
ZWL LAT submit frame=410 at_us=20973319
ZWL LAT shown frame=410 at_us=20975461
ZWL COMMIT client=3 surface=6 buffer=17 queued=0
ZWL ACQUIRE_FENCE client=3 surface=6 generation=1
ZWL LAT adopt surface=6 at_us=20975729
ZWL RELEASE client=3 buffer=15 dead=0
ZWL LAT draw frame=411 at_us=20975743
ZWL LAT acquired frame=411 at_us=20975753
ZWL DAMAGE frame=411 image=0 x=320 y=233 width=640 height=420
ZWL LAT recorded frame=411 at_us=20975961
ZWL COMPOSE frame=411 image=0 windows=1 at_ms=20986
ZWL LAT submit frame=411 at_us=20986865
ZWL LAT shown frame=411 at_us=20989009
ZWL COMMIT client=3 surface=6 buffer=19 queued=0
ZWL ACQUIRE_FENCE client=3 surface=6 generation=1
ZWL LAT adopt surface=6 at_us=20989329
ZWL RELEASE client=3 buffer=17 dead=0
ZWL LAT draw frame=412 at_us=20989340
ZWL LAT acquired frame=412 at_us=20989348
ZWL DAMAGE frame=412 image=0 x=320 y=233 width=640 height=420
ZWL LAT recorded frame=412 at_us=20989527
ZWL COMPOSE frame=412 image=0 windows=1 at_ms=21000
ZWL LAT submit frame=412 at_us=21000494
ZWL LAT shown frame=412 at_us=21002595
ZWL COMMIT client=3 surface=6 buffer=15 queued=0
ZWL ACQUIRE_FENCE client=3 surface=6 generation=1
ZWL LAT adopt surface=6 at_us=21002868
ZWL RELEASE client=3 buffer=19 dead=0
ZWL LAT draw frame=413 at_us=21002876
ZWL LAT acquired frame=413 at_us=21002881
ZWL DAMAGE frame=413 image=0 x=320 y=233 width=640 height=420
ZWL LAT recorded frame=413 at_us=21003026
ZWL COMPOSE frame=413 image=0 windows=1 at_ms=21015
ZWL LAT submit frame=413 at_us=21015231
ZWL LAT shown frame=413 at_us=21017474
ZWL COMMIT client=3 surface=6 buffer=17 queued=0
ZWL ACQUIRE_FENCE client=3 surface=6 generation=1
ZWL LAT adopt surface=6 at_us=21017814
ZWL RELEASE client=3 buffer=15 dead=0
ZWL LAT draw frame=414 at_us=21017830
ZWL LAT acquired frame=414 at_us=21017841
ZWL DAMAGE frame=414 image=0 x=320 y=233 width=640 height=420
ZWL LAT recorded frame=414 at_us=21018017
ZWL COMPOSE frame=414 image=0 windows=1 at_ms=21028
ZWL LAT submit frame=414 at_us=21028542
ZWL LAT shown frame=414 at_us=21030671
ZWL COMMIT client=3 surface=6 buffer=19 queued=0
ZWL ACQUIRE_FENCE client=3 surface=6 generation=1
ZWL LAT adopt surface=6 at_us=21030967
ZWL RELEASE client=3 buffer=17 dead=0
ZWL LAT draw frame=415 at_us=21030974
ZWL LAT acquired frame=415 at_us=21030979
ZWL DAMAGE frame=415 image=0 x=320 y=233 width=640 height=420
ZWL LAT recorded frame=415 at_us=21031081
ZWL COMPOSE frame=415 image=0 windows=1 at_ms=21048
ZWL LAT submit frame=415 at_us=21048923
ZWL LAT shown frame=415 at_us=21051050
ZWL COMMIT client=3 surface=6 buffer=15 queued=0
ZWL ACQUIRE_FENCE client=3 surface=6 generation=1
ZWL LAT adopt surface=6 at_us=21051258
ZWL RELEASE client=3 buffer=19 dead=0
ZWL LAT draw frame=416 at_us=21051267
ZWL LAT acquired frame=416 at_us=21051273
ZWL DAMAGE frame=416 image=0 x=320 y=233 width=640 height=420
ZWL LAT recorded frame=416 at_us=21051421
ZWL COMPOSE frame=416 image=0 windows=1 at_ms=21063
ZWL LAT submit frame=416 at_us=21063410
ZWL LAT shown frame=416 at_us=21065641
ZWL COMMIT client=3 surface=6 buffer=17 queued=0
ZWL ACQUIRE_FENCE client=3 surface=6 generation=1
ZWL LAT adopt surface=6 at_us=21065979
ZWL RELEASE client=3 buffer=15 dead=0
ZWL LAT draw frame=417 at_us=21065995
ZWL LAT acquired frame=417 at_us=21066005
ZWL DAMAGE frame=417 image=0 x=320 y=233 width=640 height=420
ZWL LAT recorded frame=417 at_us=21066207
ZWL COMPOSE frame=417 image=0 windows=1 at_ms=21076
ZWL LAT submit frame=417 at_us=21076492
ZWL LAT shown frame=417 at_us=21078631
ZWL COMMIT client=3 surface=6 buffer=19 queued=0
ZWL ACQUIRE_FENCE client=3 surface=6 generation=1
ZWL LAT adopt surface=6 at_us=21078953
ZWL RELEASE client=3 buffer=17 dead=0
ZWL LAT draw frame=418 at_us=21078966
ZWL LAT acquired frame=418 at_us=21078975
ZWL DAMAGE frame=418 image=0 x=320 y=233 width=640 height=420
ZWL LAT recorded frame=418 at_us=21079160
ZWL COMPOSE frame=418 image=0 windows=1 at_ms=21091
ZWL LAT submit frame=418 at_us=21091738
ZWL LAT shown frame=418 at_us=21093956
ZWL COMMIT client=3 surface=6 buffer=15 queued=0
ZWL ACQUIRE_FENCE client=3 surface=6 generation=1
ZWL LAT adopt surface=6 at_us=21094230
ZWL RELEASE client=3 buffer=19 dead=0
ZWL LAT draw frame=419 at_us=21094244
ZWL LAT acquired frame=419 at_us=21094253
ZWL DAMAGE frame=419 image=0 x=320 y=233 width=640 height=420
ZWL LAT recorded frame=419 at_us=21094433
ZWL COMPOSE frame=419 image=0 windows=1 at_ms=21103
ZWL LAT submit frame=419 at_us=21103908
ZWL LAT shown frame=419 at_us=21106024
ZWL COMMIT client=3 surface=6 buffer=17 queued=0
ZWL ACQUIRE_FENCE client=3 surface=6 generation=1
ZWL LAT adopt surface=6 at_us=21106273
ZWL RELEASE client=3 buffer=15 dead=0
ZWL LAT draw frame=420 at_us=21106281
ZWL LAT acquired frame=420 at_us=21106287
ZWL DAMAGE frame=420 image=0 x=320 y=233 width=640 height=420
ZWL LAT recorded frame=420 at_us=21106411
ZWL COMPOSE frame=420 image=0 windows=1 at_ms=21119
ZWL LAT submit frame=420 at_us=21119073
ZWL LAT shown frame=420 at_us=21121232
ZWL COMMIT client=3 surface=6 buffer=19 queued=0
ZWL ACQUIRE_FENCE client=3 surface=6 generation=1
ZWL LAT adopt surface=6 at_us=21121538
ZWL RELEASE client=3 buffer=17 dead=0
ZWL LAT draw frame=421 at_us=21121554
ZWL LAT acquired frame=421 at_us=21121564
ZWL DAMAGE frame=421 image=0 x=320 y=233 width=640 height=420
ZWL LAT recorded frame=421 at_us=21121755
ZWL COMPOSE frame=421 image=0 windows=1 at_ms=21137
ZWL LAT submit frame=421 at_us=21137338
ZWL LAT shown frame=421 at_us=21139473
ZWL COMMIT client=3 surface=6 buffer=15 queued=0
ZWL ACQUIRE_FENCE client=3 surface=6 generation=1
ZWL LAT adopt surface=6 at_us=21139677
ZWL RELEASE client=3 buffer=19 dead=0
ZWL LAT draw frame=422 at_us=21139689
ZWL LAT acquired frame=422 at_us=21139697
ZWL DAMAGE frame=422 image=0 x=320 y=233 width=640 height=420
ZWL LAT recorded frame=422 at_us=21139858
ZWL COMPOSE frame=422 image=0 windows=1 at_ms=21152
ZWL LAT submit frame=422 at_us=21152862
ZWL LAT shown frame=422 at_us=21154967
ZWL COMMIT client=3 surface=6 buffer=17 queued=0
ZWL ACQUIRE_FENCE client=3 surface=6 generation=1
ZWL LAT adopt surface=6 at_us=21155127
ZWL RELEASE client=3 buffer=15 dead=0
ZWL LAT draw frame=423 at_us=21155159
ZWL LAT acquired frame=423 at_us=21155165
ZWL DAMAGE frame=423 image=0 x=320 y=233 width=640 height=420
ZWL LAT recorded frame=423 at_us=21155276
ZWL COMPOSE frame=423 image=0 windows=1 at_ms=21165
ZWL LAT submit frame=423 at_us=21165180
ZWL LAT shown frame=423 at_us=21167285
ZWL COMMIT client=3 surface=6 buffer=19 queued=0
ZWL ACQUIRE_FENCE client=3 surface=6 generation=1
ZWL LAT adopt surface=6 at_us=21167410
ZWL RELEASE client=3 buffer=17 dead=0
ZWL LAT draw frame=424 at_us=21167419
ZWL LAT acquired frame=424 at_us=21167425
ZWL DAMAGE frame=424 image=0 x=320 y=233 width=640 height=420
ZWL LAT recorded frame=424 at_us=21167612
ZWL COMPOSE frame=424 image=0 windows=1 at_ms=21179
ZWL LAT submit frame=424 at_us=21179900
ZWL LAT shown frame=424 at_us=21182127
ZWL COMMIT client=3 surface=6 buffer=15 queued=0
ZWL ACQUIRE_FENCE client=3 surface=6 generation=1
ZWL LAT adopt surface=6 at_us=21182285
ZWL RELEASE client=3 buffer=19 dead=0
ZWL LAT draw frame=425 at_us=21182293
ZWL LAT acquired frame=425 at_us=21182300
ZWL DAMAGE frame=425 image=0 x=320 y=233 width=640 height=420
ZWL LAT recorded frame=425 at_us=21182476
ZWL COMPOSE frame=425 image=0 windows=1 at_ms=21194
ZWL LAT submit frame=425 at_us=21194578
ZWL LAT shown frame=425 at_us=21196664
ZWL COMMIT client=3 surface=6 buffer=17 queued=0
ZWL ACQUIRE_FENCE client=3 surface=6 generation=1
ZWL LAT adopt surface=6 at_us=21196758
ZWL RELEASE client=3 buffer=15 dead=0
ZWL LAT draw frame=426 at_us=21196764
ZWL LAT acquired frame=426 at_us=21196768
ZWL DAMAGE frame=426 image=0 x=320 y=233 width=640 height=420
ZWL LAT recorded frame=426 at_us=21196848
ZWL COMPOSE frame=426 image=0 windows=1 at_ms=21207
ZWL LAT submit frame=426 at_us=21207368
ZWL LAT shown frame=426 at_us=21209497
ZWL COMMIT client=3 surface=6 buffer=19 queued=0
ZWL ACQUIRE_FENCE client=3 surface=6 generation=1
ZWL LAT adopt surface=6 at_us=21209719
ZWL RELEASE client=3 buffer=17 dead=0
ZWL LAT draw frame=427 at_us=21209732
ZWL LAT acquired frame=427 at_us=21209741
ZWL DAMAGE frame=427 image=0 x=320 y=233 width=640 height=420
ZWL LAT recorded frame=427 at_us=21209932
ZWL COMPOSE frame=427 image=0 windows=1 at_ms=21220
ZWL LAT submit frame=427 at_us=21220542
ZWL LAT shown frame=427 at_us=21222675
ZWL COMMIT client=3 surface=6 buffer=15 queued=0
ZWL ACQUIRE_FENCE client=3 surface=6 generation=1
ZWL LAT adopt surface=6 at_us=21222880
ZWL RELEASE client=3 buffer=19 dead=0
ZWL LAT draw frame=428 at_us=21222895
ZWL LAT acquired frame=428 at_us=21222904
ZWL DAMAGE frame=428 image=0 x=320 y=233 width=640 height=420
ZWL LAT recorded frame=428 at_us=21223082
ZWL COMPOSE frame=428 image=0 windows=1 at_ms=21234
ZWL LAT submit frame=428 at_us=21234517
ZWL LAT shown frame=428 at_us=21236649
ZWL COMMIT client=3 surface=6 buffer=17 queued=0
ZWL ACQUIRE_FENCE client=3 surface=6 generation=1
ZWL LAT adopt surface=6 at_us=21236867
ZWL RELEASE client=3 buffer=15 dead=0
ZWL LAT draw frame=429 at_us=21236883
ZWL LAT acquired frame=429 at_us=21236893
ZWL DAMAGE frame=429 image=0 x=320 y=233 width=640 height=420
ZWL LAT recorded frame=429 at_us=21237072
ZWL COMPOSE frame=429 image=0 windows=1 at_ms=21245
ZWL LAT submit frame=429 at_us=21245845
ZWL LAT shown frame=429 at_us=21247972
ZWL COMMIT client=3 surface=6 buffer=19 queued=0
ZWL ACQUIRE_FENCE client=3 surface=6 generation=1
ZWL LAT adopt surface=6 at_us=21248130
ZWL RELEASE client=3 buffer=17 dead=0
ZWL LAT draw frame=430 at_us=21248137
ZWL LAT acquired frame=430 at_us=21248141
ZWL DAMAGE frame=430 image=0 x=320 y=233 width=640 height=420
ZWL LAT recorded frame=430 at_us=21248233
ZWL COMPOSE frame=430 image=0 windows=1 at_ms=21257
ZWL LAT submit frame=430 at_us=21257506
ZWL LAT shown frame=430 at_us=21259636
ZWL COMMIT client=3 surface=6 buffer=15 queued=0
ZWL ACQUIRE_FENCE client=3 surface=6 generation=1
ZWL LAT adopt surface=6 at_us=21259811
ZWL RELEASE client=3 buffer=19 dead=0
ZWL LAT draw frame=431 at_us=21259818
ZWL LAT acquired frame=431 at_us=21259823
ZWL DAMAGE frame=431 image=0 x=320 y=233 width=640 height=420
ZWL LAT recorded frame=431 at_us=21259991
ZWL COMPOSE frame=431 image=0 windows=1 at_ms=21268
ZWL LAT submit frame=431 at_us=21268720
ZWL LAT shown frame=431 at_us=21270861
ZWL COMMIT client=3 surface=6 buffer=17 queued=0
ZWL ACQUIRE_FENCE client=3 surface=6 generation=1
ZWL LAT adopt surface=6 at_us=21270961
ZWL RELEASE client=3 buffer=15 dead=0
ZWL LAT draw frame=432 at_us=21270968
ZWL LAT acquired frame=432 at_us=21270973
ZWL DAMAGE frame=432 image=0 x=320 y=233 width=640 height=420
ZWL LAT recorded frame=432 at_us=21271123
ZWL COMPOSE frame=432 image=0 windows=1 at_ms=21280
ZWL LAT submit frame=432 at_us=21280796
ZWL LAT shown frame=432 at_us=21282982
ZWL COMMIT client=3 surface=6 buffer=19 queued=0
ZWL ACQUIRE_FENCE client=3 surface=6 generation=1
ZWL LAT adopt surface=6 at_us=21283178
ZWL RELEASE client=3 buffer=17 dead=0
ZWL LAT draw frame=433 at_us=21283191
ZWL LAT acquired frame=433 at_us=21283200
ZWL DAMAGE frame=433 image=0 x=320 y=233 width=640 height=420
ZWL LAT recorded frame=433 at_us=21283352
ZWL COMPOSE frame=433 image=0 windows=1 at_ms=21295
ZWL LAT submit frame=433 at_us=21295230
ZWL LAT shown frame=433 at_us=21297358
ZWL COMMIT client=3 surface=6 buffer=15 queued=0
ZWL ACQUIRE_FENCE client=3 surface=6 generation=1
ZWL LAT adopt surface=6 at_us=21297658
ZWL RELEASE client=3 buffer=19 dead=0
ZWL LAT draw frame=434 at_us=21297673
ZWL LAT acquired frame=434 at_us=21297682
ZWL DAMAGE frame=434 image=0 x=320 y=233 width=640 height=420
ZWL LAT recorded frame=434 at_us=21297860
ZWL COMPOSE frame=434 image=0 windows=1 at_ms=21307
ZWL LAT submit frame=434 at_us=21307729
ZWL LAT shown frame=434 at_us=21309859
ZWL COMMIT client=3 surface=6 buffer=17 queued=0
ZWL ACQUIRE_FENCE client=3 surface=6 generation=1
ZWL LAT adopt surface=6 at_us=21310093
ZWL RELEASE client=3 buffer=15 dead=0
ZWL LAT draw frame=435 at_us=21310102
ZWL LAT acquired frame=435 at_us=21310108
ZWL DAMAGE frame=435 image=0 x=320 y=233 width=640 height=420
ZWL LAT recorded frame=435 at_us=21310217
ZWL COMPOSE frame=435 image=0 windows=1 at_ms=21320
ZWL LAT submit frame=435 at_us=21320251
ZWL LAT shown frame=435 at_us=21322509
ZWL COMMIT client=3 surface=6 buffer=19 queued=0
ZWL ACQUIRE_FENCE client=3 surface=6 generation=1
ZWL LAT adopt surface=6 at_us=21322813
ZWL RELEASE client=3 buffer=17 dead=0
ZWL LAT draw frame=436 at_us=21322829
ZWL LAT acquired frame=436 at_us=21322840
ZWL DAMAGE frame=436 image=0 x=320 y=233 width=640 height=420
ZWL LAT recorded frame=436 at_us=21323027
ZWL COMPOSE frame=436 image=0 windows=1 at_ms=21334
ZWL LAT submit frame=436 at_us=21334411
ZWL LAT shown frame=436 at_us=21336536
ZWL COMMIT client=3 surface=6 buffer=15 queued=0
ZWL ACQUIRE_FENCE client=3 surface=6 generation=1
ZWL LAT adopt surface=6 at_us=21336750
ZWL RELEASE client=3 buffer=19 dead=0
ZWL LAT draw frame=437 at_us=21336765
ZWL LAT acquired frame=437 at_us=21336776
ZWL DAMAGE frame=437 image=0 x=320 y=233 width=640 height=420
ZWL LAT recorded frame=437 at_us=21336948
ZWL COMPOSE frame=437 image=0 windows=1 at_ms=21345
ZWL LAT submit frame=437 at_us=21345480
ZWL LAT shown frame=437 at_us=21347596
ZWL COMMIT client=3 surface=6 buffer=17 queued=0
ZWL ACQUIRE_FENCE client=3 surface=6 generation=1
ZWL LAT adopt surface=6 at_us=21347730
ZWL RELEASE client=3 buffer=15 dead=0
ZWL LAT draw frame=438 at_us=21347736
ZWL LAT acquired frame=438 at_us=21347740
ZWL DAMAGE frame=438 image=0 x=320 y=233 width=640 height=420
ZWL LAT recorded frame=438 at_us=21347827
ZWL COMPOSE frame=438 image=0 windows=1 at_ms=21355
ZWL LAT submit frame=438 at_us=21355547
ZWL LAT shown frame=438 at_us=21357680
ZWL COMMIT client=3 surface=6 buffer=19 queued=0
ZWL ACQUIRE_FENCE client=3 surface=6 generation=1
ZWL LAT adopt surface=6 at_us=21357911
ZWL RELEASE client=3 buffer=17 dead=0
ZWL LAT draw frame=439 at_us=21357925
ZWL LAT acquired frame=439 at_us=21357934
ZWL DAMAGE frame=439 image=0 x=320 y=233 width=640 height=420
ZWL LAT recorded frame=439 at_us=21358099
ZWL COMPOSE frame=439 image=0 windows=1 at_ms=21365
ZWL LAT submit frame=439 at_us=21365621
ZWL LAT shown frame=439 at_us=21367750
ZWL COMMIT client=3 surface=6 buffer=15 queued=0
ZWL ACQUIRE_FENCE client=3 surface=6 generation=1
ZWL LAT adopt surface=6 at_us=21368080
ZWL RELEASE client=3 buffer=19 dead=0
ZWL LAT draw frame=440 at_us=21368104
ZWL LAT acquired frame=440 at_us=21368133
ZWL DAMAGE frame=440 image=0 x=320 y=233 width=640 height=420
ZWL LAT recorded frame=440 at_us=21368238
ZWL COMPOSE frame=440 image=0 windows=1 at_ms=21377
ZWL LAT submit frame=440 at_us=21377807
ZWL LAT shown frame=440 at_us=21379957
ZWL COMMIT client=3 surface=6 buffer=17 queued=0
ZWL ACQUIRE_FENCE client=3 surface=6 generation=1
ZWL LAT adopt surface=6 at_us=21380177
ZWL RELEASE client=3 buffer=15 dead=0
ZWL LAT draw frame=441 at_us=21380192
ZWL LAT acquired frame=441 at_us=21380202
ZWL DAMAGE frame=441 image=0 x=320 y=233 width=640 height=420
ZWL LAT recorded frame=441 at_us=21380377
ZWL COMPOSE frame=441 image=0 windows=1 at_ms=21388
ZWL LAT submit frame=441 at_us=21388740
ZWL LAT shown frame=441 at_us=21390859
ZWL COMMIT client=3 surface=6 buffer=19 queued=0
ZWL ACQUIRE_FENCE client=3 surface=6 generation=1
ZWL LAT adopt surface=6 at_us=21391098
ZWL RELEASE client=3 buffer=17 dead=0
ZWL LAT draw frame=442 at_us=21391114
ZWL LAT acquired frame=442 at_us=21391123
ZWL DAMAGE frame=442 image=0 x=320 y=233 width=640 height=420
ZWL LAT recorded frame=442 at_us=21391264
ZWL COMPOSE frame=442 image=0 windows=1 at_ms=21401
ZWL LAT submit frame=442 at_us=21401061
ZWL LAT shown frame=442 at_us=21403181
ZWL COMMIT client=3 surface=6 buffer=15 queued=0
ZWL ACQUIRE_FENCE client=3 surface=6 generation=1
ZWL LAT adopt surface=6 at_us=21403342
ZWL RELEASE client=3 buffer=19 dead=0
ZWL LAT draw frame=443 at_us=21403349
ZWL LAT acquired frame=443 at_us=21403354
ZWL DAMAGE frame=443 image=0 x=320 y=233 width=640 height=420
ZWL LAT recorded frame=443 at_us=21403449
ZWL COMPOSE frame=443 image=0 windows=1 at_ms=21414
ZWL LAT submit frame=443 at_us=21414006
ZWL LAT shown frame=443 at_us=21416125
ZWL COMMIT client=3 surface=6 buffer=17 queued=0
ZWL ACQUIRE_FENCE client=3 surface=6 generation=1
ZWL LAT adopt surface=6 at_us=21416308
ZWL RELEASE client=3 buffer=15 dead=0
ZWL LAT draw frame=444 at_us=21416322
ZWL LAT acquired frame=444 at_us=21416330
ZWL DAMAGE frame=444 image=0 x=320 y=233 width=640 height=420
ZWL LAT recorded frame=444 at_us=21416501
ZWL COMPOSE frame=444 image=0 windows=1 at_ms=21425
ZWL LAT submit frame=444 at_us=21425619
ZWL LAT shown frame=444 at_us=21427854
ZWL COMMIT client=3 surface=6 buffer=19 queued=0
ZWL ACQUIRE_FENCE client=3 surface=6 generation=1
ZWL LAT adopt surface=6 at_us=21428125
ZWL RELEASE client=3 buffer=17 dead=0
ZWL LAT draw frame=445 at_us=21428142
ZWL LAT acquired frame=445 at_us=21428153
ZWL DAMAGE frame=445 image=0 x=320 y=233 width=640 height=420
ZWL LAT recorded frame=445 at_us=21428329
ZWL COMPOSE frame=445 image=0 windows=1 at_ms=21439
ZWL LAT submit frame=445 at_us=21439784
ZWL LAT shown frame=445 at_us=21442016
ZWL COMMIT client=3 surface=6 buffer=15 queued=0
ZWL ACQUIRE_FENCE client=3 surface=6 generation=1
ZWL LAT adopt surface=6 at_us=21442349
ZWL RELEASE client=3 buffer=19 dead=0
ZWL LAT draw frame=446 at_us=21442363
ZWL LAT acquired frame=446 at_us=21442373
ZWL DAMAGE frame=446 image=0 x=320 y=233 width=640 height=420
ZWL LAT recorded frame=446 at_us=21442541
ZWL COMPOSE frame=446 image=0 windows=1 at_ms=21452
ZWL LAT submit frame=446 at_us=21452182
ZWL LAT shown frame=446 at_us=21454311
ZWL COMMIT client=3 surface=6 buffer=17 queued=0
ZWL ACQUIRE_FENCE client=3 surface=6 generation=1
ZWL LAT adopt surface=6 at_us=21454606
ZWL RELEASE client=3 buffer=15 dead=0
ZWL LAT draw frame=447 at_us=21454621
ZWL LAT acquired frame=447 at_us=21454632
ZWL DAMAGE frame=447 image=0 x=320 y=233 width=640 height=420
ZWL LAT recorded frame=447 at_us=21454819
ZWL COMPOSE frame=447 image=0 windows=1 at_ms=21466
ZWL LAT submit frame=447 at_us=21466945
ZWL LAT shown frame=447 at_us=21469086
ZWL COMMIT client=3 surface=6 buffer=19 queued=0
ZWL ACQUIRE_FENCE client=3 surface=6 generation=1
ZWL LAT adopt surface=6 at_us=21469414
ZWL RELEASE client=3 buffer=17 dead=0
ZWL LAT draw frame=448 at_us=21469446
ZWL LAT acquired frame=448 at_us=21469457
ZWL DAMAGE frame=448 image=0 x=320 y=233 width=640 height=420
ZWL LAT recorded frame=448 at_us=21469617
ZWL COMPOSE frame=448 image=0 windows=1 at_ms=21480
ZWL LAT submit frame=448 at_us=21480703
ZWL LAT shown frame=448 at_us=21482831
ZWL COMMIT client=3 surface=6 buffer=15 queued=0
ZWL ACQUIRE_FENCE client=3 surface=6 generation=1
ZWL LAT adopt surface=6 at_us=21483081
ZWL RELEASE client=3 buffer=19 dead=0
ZWL LAT draw frame=449 at_us=21483091
ZWL LAT acquired frame=449 at_us=21483096
ZWL DAMAGE frame=449 image=0 x=320 y=233 width=640 height=420
ZWL LAT recorded frame=449 at_us=21483214
ZWL COMPOSE frame=449 image=0 windows=1 at_ms=21493
ZWL LAT submit frame=449 at_us=21493606
ZWL LAT shown frame=449 at_us=21495727
ZWL COMMIT client=3 surface=6 buffer=17 queued=0
ZWL ACQUIRE_FENCE client=3 surface=6 generation=1
ZWL LAT adopt surface=6 at_us=21495926
ZWL RELEASE client=3 buffer=15 dead=0
ZWL LAT draw frame=450 at_us=21495940
ZWL LAT acquired frame=450 at_us=21495949
ZWL DAMAGE frame=450 image=0 x=320 y=233 width=640 height=420
ZWL LAT recorded frame=450 at_us=21496153
ZWL COMPOSE frame=450 image=0 windows=1 at_ms=21505
ZWL LAT submit frame=450 at_us=21505134
ZWL LAT shown frame=450 at_us=21507246
ZWL COMMIT client=3 surface=6 buffer=19 queued=0
ZWL ACQUIRE_FENCE client=3 surface=6 generation=1
ZWL LAT adopt surface=6 at_us=21507482
ZWL RELEASE client=3 buffer=17 dead=0
ZWL LAT draw frame=451 at_us=21507496
ZWL LAT acquired frame=451 at_us=21507505
ZWL DAMAGE frame=451 image=0 x=320 y=233 width=640 height=420
ZWL LAT recorded frame=451 at_us=21507679
ZWL COMPOSE frame=451 image=0 windows=1 at_ms=21515
ZWL LAT submit frame=451 at_us=21515516
ZWL LAT shown frame=451 at_us=21517627
ZWL COMMIT client=3 surface=6 buffer=15 queued=0
ZWL ACQUIRE_FENCE client=3 surface=6 generation=1
ZWL LAT adopt surface=6 at_us=21517925
ZWL RELEASE client=3 buffer=19 dead=0
ZWL LAT draw frame=452 at_us=21517939
ZWL LAT acquired frame=452 at_us=21517948
ZWL DAMAGE frame=452 image=0 x=320 y=233 width=640 height=420
ZWL LAT recorded frame=452 at_us=21518118
ZWL COMPOSE frame=452 image=0 windows=1 at_ms=21526
ZWL LAT submit frame=452 at_us=21526526
ZWL LAT shown frame=452 at_us=21528651
ZWL COMMIT client=3 surface=6 buffer=17 queued=0
ZWL ACQUIRE_FENCE client=3 surface=6 generation=1
ZWL LAT adopt surface=6 at_us=21528851
ZWL RELEASE client=3 buffer=15 dead=0
ZWL LAT draw frame=453 at_us=21528865
ZWL LAT acquired frame=453 at_us=21528874
ZWL DAMAGE frame=453 image=0 x=320 y=233 width=640 height=420
ZWL LAT recorded frame=453 at_us=21529038
ZWL COMPOSE frame=453 image=0 windows=1 at_ms=21537
ZWL LAT submit frame=453 at_us=21537378
ZWL LAT shown frame=453 at_us=21539490
ZWL COMMIT client=3 surface=6 buffer=19 queued=0
ZWL ACQUIRE_FENCE client=3 surface=6 generation=1
ZWL LAT adopt surface=6 at_us=21539723
ZWL RELEASE client=3 buffer=17 dead=0
ZWL LAT draw frame=454 at_us=21539738
ZWL LAT acquired frame=454 at_us=21539746
ZWL DAMAGE frame=454 image=0 x=320 y=233 width=640 height=420
ZWL LAT recorded frame=454 at_us=21539915
ZWL COMPOSE frame=454 image=0 windows=1 at_ms=21548
ZWL LAT submit frame=454 at_us=21548724
ZWL LAT shown frame=454 at_us=21550866
ZWL COMMIT client=3 surface=6 buffer=15 queued=0
ZWL ACQUIRE_FENCE client=3 surface=6 generation=1
ZWL LAT adopt surface=6 at_us=21551109
ZWL RELEASE client=3 buffer=19 dead=0
ZWL LAT draw frame=455 at_us=21551124
ZWL LAT acquired frame=455 at_us=21551134
ZWL DAMAGE frame=455 image=0 x=320 y=233 width=640 height=420
ZWL LAT recorded frame=455 at_us=21551309
ZWL COMPOSE frame=455 image=0 windows=1 at_ms=21560
ZWL LAT submit frame=455 at_us=21560274
ZWL LAT shown frame=455 at_us=21562404
ZWL COMMIT client=3 surface=6 buffer=17 queued=0
ZWL ACQUIRE_FENCE client=3 surface=6 generation=1
ZWL LAT adopt surface=6 at_us=21562695
ZWL RELEASE client=3 buffer=15 dead=0
ZWL LAT draw frame=456 at_us=21562709
ZWL LAT acquired frame=456 at_us=21562719
ZWL DAMAGE frame=456 image=0 x=320 y=233 width=640 height=420
ZWL LAT recorded frame=456 at_us=21562949
ZWL COMPOSE frame=456 image=0 windows=1 at_ms=21574
ZWL LAT submit frame=456 at_us=21574266
ZWL LAT shown frame=456 at_us=21576399
ZWL COMMIT client=3 surface=6 buffer=19 queued=0
ZWL ACQUIRE_FENCE client=3 surface=6 generation=1
ZWL LAT adopt surface=6 at_us=21576595
ZWL RELEASE client=3 buffer=17 dead=0
ZWL LAT draw frame=457 at_us=21576610
ZWL LAT acquired frame=457 at_us=21576620
ZWL DAMAGE frame=457 image=0 x=320 y=233 width=640 height=420
ZWL LAT recorded frame=457 at_us=21576794
ZWL COMPOSE frame=457 image=0 windows=1 at_ms=21585
ZWL LAT submit frame=457 at_us=21585979
ZWL LAT shown frame=457 at_us=21588061
ZWL COMMIT client=3 surface=6 buffer=15 queued=0
ZWL ACQUIRE_FENCE client=3 surface=6 generation=1
ZWL LAT adopt surface=6 at_us=21588265
ZWL RELEASE client=3 buffer=19 dead=0
ZWL LAT draw frame=458 at_us=21588280
ZWL LAT acquired frame=458 at_us=21588290
ZWL DAMAGE frame=458 image=0 x=320 y=233 width=640 height=420
ZWL LAT recorded frame=458 at_us=21588471
ZWL COMPOSE frame=458 image=0 windows=1 at_ms=21596
ZWL LAT submit frame=458 at_us=21596660
ZWL LAT shown frame=458 at_us=21598799
ZWL COMMIT client=3 surface=6 buffer=17 queued=0
ZWL ACQUIRE_FENCE client=3 surface=6 generation=1
ZWL LAT adopt surface=6 at_us=21598974
ZWL RELEASE client=3 buffer=15 dead=0
ZWL LAT draw frame=459 at_us=21598988
ZWL LAT acquired frame=459 at_us=21598997
ZWL DAMAGE frame=459 image=0 x=320 y=233 width=640 height=420
ZWL LAT recorded frame=459 at_us=21599167
ZWL COMPOSE frame=459 image=0 windows=1 at_ms=21606
ZWL LAT submit frame=459 at_us=21606861
ZWL LAT shown frame=459 at_us=21608989
ZWL COMMIT client=3 surface=6 buffer=19 queued=0
ZWL ACQUIRE_FENCE client=3 surface=6 generation=1
ZWL LAT adopt surface=6 at_us=21609194
ZWL RELEASE client=3 buffer=17 dead=0
ZWL LAT draw frame=460 at_us=21609209
ZWL LAT acquired frame=460 at_us=21609220
ZWL DAMAGE frame=460 image=0 x=320 y=233 width=640 height=420
ZWL LAT recorded frame=460 at_us=21609395
ZWL COMPOSE frame=460 image=0 windows=1 at_ms=21618
ZWL LAT submit frame=460 at_us=21618983
ZWL LAT shown frame=460 at_us=21621102
ZWL COMMIT client=3 surface=6 buffer=15 queued=0
ZWL ACQUIRE_FENCE client=3 surface=6 generation=1
ZWL LAT adopt surface=6 at_us=21621406
ZWL RELEASE client=3 buffer=19 dead=0
ZWL LAT draw frame=461 at_us=21621420
ZWL LAT acquired frame=461 at_us=21621429
ZWL DAMAGE frame=461 image=0 x=320 y=233 width=640 height=420
ZWL LAT recorded frame=461 at_us=21621597
ZWL COMPOSE frame=461 image=0 windows=1 at_ms=21631
ZWL LAT submit frame=461 at_us=21631713
ZWL LAT shown frame=461 at_us=21633834
ZWL COMMIT client=3 surface=6 buffer=17 queued=0
ZWL ACQUIRE_FENCE client=3 surface=6 generation=1
ZWL LAT adopt surface=6 at_us=21634039
ZWL RELEASE client=3 buffer=15 dead=0
ZWL LAT draw frame=462 at_us=21634045
ZWL LAT acquired frame=462 at_us=21634049
ZWL DAMAGE frame=462 image=0 x=320 y=233 width=640 height=420
ZWL LAT recorded frame=462 at_us=21634139
ZWL COMPOSE frame=462 image=0 windows=1 at_ms=21644
ZWL LAT submit frame=462 at_us=21644896
ZWL LAT shown frame=462 at_us=21647008
ZWL COMMIT client=3 surface=6 buffer=19 queued=0
ZWL ACQUIRE_FENCE client=3 surface=6 generation=1
ZWL LAT adopt surface=6 at_us=21647245
ZWL RELEASE client=3 buffer=17 dead=0
ZWL LAT draw frame=463 at_us=21647259
ZWL LAT acquired frame=463 at_us=21647268
ZWL DAMAGE frame=463 image=0 x=320 y=233 width=640 height=420
ZWL LAT recorded frame=463 at_us=21647437
ZWL COMPOSE frame=463 image=0 windows=1 at_ms=21655
ZWL LAT submit frame=463 at_us=21655476
ZWL LAT shown frame=463 at_us=21657587
ZWL COMMIT client=3 surface=6 buffer=15 queued=0
ZWL ACQUIRE_FENCE client=3 surface=6 generation=1
ZWL LAT adopt surface=6 at_us=21657881
ZWL RELEASE client=3 buffer=19 dead=0
ZWL LAT draw frame=464 at_us=21657895
ZWL LAT acquired frame=464 at_us=21657904
ZWL DAMAGE frame=464 image=0 x=320 y=233 width=640 height=420
ZWL LAT recorded frame=464 at_us=21658075
ZWL COMPOSE frame=464 image=0 windows=1 at_ms=21667
ZWL LAT submit frame=464 at_us=21667374
ZWL LAT shown frame=464 at_us=21669482
ZWL COMMIT client=3 surface=6 buffer=17 queued=0
ZWL ACQUIRE_FENCE client=3 surface=6 generation=1
ZWL LAT adopt surface=6 at_us=21669794
ZWL RELEASE client=3 buffer=15 dead=0
ZWL LAT draw frame=465 at_us=21669809
ZWL LAT acquired frame=465 at_us=21669817
ZWL DAMAGE frame=465 image=0 x=320 y=233 width=640 height=420
ZWL LAT recorded frame=465 at_us=21669938
ZWL COMPOSE frame=465 image=0 windows=1 at_ms=21679
ZWL LAT submit frame=465 at_us=21679303
ZWL LAT shown frame=465 at_us=21681410
ZWL COMMIT client=3 surface=6 buffer=19 queued=0
ZWL ACQUIRE_FENCE client=3 surface=6 generation=1
ZWL LAT adopt surface=6 at_us=21681705
ZWL RELEASE client=3 buffer=17 dead=0
ZWL LAT draw frame=466 at_us=21681719
ZWL LAT acquired frame=466 at_us=21681729
ZWL DAMAGE frame=466 image=0 x=320 y=233 width=640 height=420
ZWL LAT recorded frame=466 at_us=21681897
ZWL COMPOSE frame=466 image=0 windows=1 at_ms=21690
ZWL LAT submit frame=466 at_us=21690201
ZWL LAT shown frame=466 at_us=21692314
ZWL COMMIT client=3 surface=6 buffer=15 queued=0
ZWL ACQUIRE_FENCE client=3 surface=6 generation=1
ZWL LAT adopt surface=6 at_us=21692515
ZWL RELEASE client=3 buffer=19 dead=0
ZWL LAT draw frame=467 at_us=21692529
ZWL LAT acquired frame=467 at_us=21692538
ZWL DAMAGE frame=467 image=0 x=320 y=233 width=640 height=420
ZWL LAT recorded frame=467 at_us=21692704
ZWL COMPOSE frame=467 image=0 windows=1 at_ms=21701
ZWL LAT submit frame=467 at_us=21701630
ZWL LAT shown frame=467 at_us=21703850
ZWL COMMIT client=3 surface=6 buffer=17 queued=0
ZWL ACQUIRE_FENCE client=3 surface=6 generation=1
ZWL LAT adopt surface=6 at_us=21704062
ZWL RELEASE client=3 buffer=15 dead=0
ZWL LAT draw frame=468 at_us=21704078
ZWL LAT acquired frame=468 at_us=21704088
ZWL DAMAGE frame=468 image=0 x=320 y=233 width=640 height=420
ZWL LAT recorded frame=468 at_us=21704275
ZWL COMPOSE frame=468 image=0 windows=1 at_ms=21716
ZWL LAT submit frame=468 at_us=21716367
ZWL LAT shown frame=468 at_us=21718528
ZWL COMMIT client=3 surface=6 buffer=19 queued=0
ZWL ACQUIRE_FENCE client=3 surface=6 generation=1
ZWL LAT adopt surface=6 at_us=21718862
ZWL RELEASE client=3 buffer=17 dead=0
ZWL LAT draw frame=469 at_us=21718891
ZWL LAT acquired frame=469 at_us=21718900
ZWL DAMAGE frame=469 image=0 x=320 y=233 width=640 height=420
ZWL LAT recorded frame=469 at_us=21719045
ZWL COMPOSE frame=469 image=0 windows=1 at_ms=21728
ZWL LAT submit frame=469 at_us=21728796
ZWL LAT shown frame=469 at_us=21730963
ZWL COMMIT client=3 surface=6 buffer=15 queued=0
ZWL ACQUIRE_FENCE client=3 surface=6 generation=1
ZWL LAT adopt surface=6 at_us=21731241
ZWL RELEASE client=3 buffer=19 dead=0
ZWL LAT draw frame=470 at_us=21731257
ZWL LAT acquired frame=470 at_us=21731268
ZWL DAMAGE frame=470 image=0 x=320 y=233 width=640 height=420
ZWL LAT recorded frame=470 at_us=21731453
ZWL COMPOSE frame=470 image=0 windows=1 at_ms=21741
ZWL LAT submit frame=470 at_us=21741251
ZWL LAT shown frame=470 at_us=21743397
ZWL COMMIT client=3 surface=6 buffer=17 queued=0
ZWL ACQUIRE_FENCE client=3 surface=6 generation=1
ZWL LAT adopt surface=6 at_us=21743667
ZWL RELEASE client=3 buffer=15 dead=0
ZWL LAT draw frame=471 at_us=21743683
ZWL LAT acquired frame=471 at_us=21743703
ZWL DAMAGE frame=471 image=0 x=320 y=233 width=640 height=420
ZWL LAT recorded frame=471 at_us=21743831
ZWL COMPOSE frame=471 image=0 windows=1 at_ms=21753
ZWL LAT submit frame=471 at_us=21753769
ZWL LAT shown frame=471 at_us=21755955
ZWL COMMIT client=3 surface=6 buffer=19 queued=0
ZWL ACQUIRE_FENCE client=3 surface=6 generation=1
ZWL LAT adopt surface=6 at_us=21756161
ZWL RELEASE client=3 buffer=17 dead=0
ZWL LAT draw frame=472 at_us=21756177
ZWL LAT acquired frame=472 at_us=21756187
ZWL DAMAGE frame=472 image=0 x=320 y=233 width=640 height=420
ZWL LAT recorded frame=472 at_us=21756374
ZWL COMPOSE frame=472 image=0 windows=1 at_ms=21766
ZWL LAT submit frame=472 at_us=21766560
ZWL LAT shown frame=472 at_us=21768698
ZWL COMMIT client=3 surface=6 buffer=15 queued=0
ZWL ACQUIRE_FENCE client=3 surface=6 generation=1
ZWL LAT adopt surface=6 at_us=21768932
ZWL RELEASE client=3 buffer=19 dead=0
ZWL LAT draw frame=473 at_us=21768954
ZWL LAT acquired frame=473 at_us=21768961
ZWL DAMAGE frame=473 image=0 x=320 y=233 width=640 height=420
ZWL LAT recorded frame=473 at_us=21769075
ZWL COMPOSE frame=473 image=0 windows=1 at_ms=21777
ZWL LAT submit frame=473 at_us=21777190
ZWL LAT shown frame=473 at_us=21779363
ZWL COMMIT client=3 surface=6 buffer=17 queued=0
ZWL ACQUIRE_FENCE client=3 surface=6 generation=1
ZWL LAT adopt surface=6 at_us=21779599
ZWL RELEASE client=3 buffer=15 dead=0
ZWL LAT draw frame=474 at_us=21779615
ZWL LAT acquired frame=474 at_us=21779626
ZWL DAMAGE frame=474 image=0 x=320 y=233 width=640 height=420
ZWL LAT recorded frame=474 at_us=21779785
ZWL COMPOSE frame=474 image=0 windows=1 at_ms=21789
ZWL LAT submit frame=474 at_us=21789603
ZWL LAT shown frame=474 at_us=21791736
ZWL COMMIT client=3 surface=6 buffer=19 queued=0
ZWL ACQUIRE_FENCE client=3 surface=6 generation=1
ZWL LAT adopt surface=6 at_us=21791899
ZWL RELEASE client=3 buffer=17 dead=0
ZWL LAT draw frame=475 at_us=21791906
ZWL LAT acquired frame=475 at_us=21791911
ZWL DAMAGE frame=475 image=0 x=320 y=233 width=640 height=420
ZWL LAT recorded frame=475 at_us=21792023
ZWL COMPOSE frame=475 image=0 windows=1 at_ms=21800
ZWL LAT submit frame=475 at_us=21800033
ZWL LAT shown frame=475 at_us=21802148
ZWL COMMIT client=3 surface=6 buffer=15 queued=0
ZWL ACQUIRE_FENCE client=3 surface=6 generation=1
ZWL LAT adopt surface=6 at_us=21802431
ZWL RELEASE client=3 buffer=19 dead=0
ZWL LAT draw frame=476 at_us=21802445
ZWL LAT acquired frame=476 at_us=21802454
ZWL DAMAGE frame=476 image=0 x=320 y=233 width=640 height=420
ZWL LAT recorded frame=476 at_us=21802626
ZWL COMPOSE frame=476 image=0 windows=1 at_ms=21811
ZWL LAT submit frame=476 at_us=21811561
ZWL LAT shown frame=476 at_us=21813706
ZWL COMMIT client=3 surface=6 buffer=17 queued=0
ZWL ACQUIRE_FENCE client=3 surface=6 generation=1
ZWL LAT adopt surface=6 at_us=21813996
ZWL RELEASE client=3 buffer=15 dead=0
ZWL LAT draw frame=477 at_us=21814012
ZWL LAT acquired frame=477 at_us=21814021
ZWL DAMAGE frame=477 image=0 x=320 y=233 width=640 height=420
ZWL LAT recorded frame=477 at_us=21814201
ZWL COMPOSE frame=477 image=0 windows=1 at_ms=21824
ZWL LAT submit frame=477 at_us=21824050
ZWL LAT shown frame=477 at_us=21826189
ZWL COMMIT client=3 surface=6 buffer=19 queued=0
ZWL ACQUIRE_FENCE client=3 surface=6 generation=1
ZWL LAT adopt surface=6 at_us=21826425
ZWL RELEASE client=3 buffer=17 dead=0
ZWL LAT draw frame=478 at_us=21826439
ZWL LAT acquired frame=478 at_us=21826448
ZWL DAMAGE frame=478 image=0 x=320 y=233 width=640 height=420
ZWL LAT recorded frame=478 at_us=21826637
ZWL COMPOSE frame=478 image=0 windows=1 at_ms=21835
ZWL LAT submit frame=478 at_us=21835842
ZWL LAT shown frame=478 at_us=21837944
ZWL COMMIT client=3 surface=6 buffer=15 queued=0
ZWL ACQUIRE_FENCE client=3 surface=6 generation=1
ZWL LAT adopt surface=6 at_us=21838163
ZWL RELEASE client=3 buffer=19 dead=0
ZWL LAT draw frame=479 at_us=21838168
ZWL LAT acquired frame=479 at_us=21838172
ZWL DAMAGE frame=479 image=0 x=320 y=233 width=640 height=420
ZWL LAT recorded frame=479 at_us=21838278
ZWL COMPOSE frame=479 image=0 windows=1 at_ms=21848
ZWL LAT submit frame=479 at_us=21848125
ZWL LAT shown frame=479 at_us=21850216
ZWL COMMIT client=3 surface=6 buffer=17 queued=0
ZWL ACQUIRE_FENCE client=3 surface=6 generation=1
ZWL LAT adopt surface=6 at_us=21850432
ZWL RELEASE client=3 buffer=15 dead=0
ZWL LAT draw frame=480 at_us=21850436
ZWL LAT acquired frame=480 at_us=21850440
ZWL DAMAGE frame=480 image=0 x=320 y=233 width=640 height=420
ZWL LAT recorded frame=480 at_us=21850556
ZWL COMPOSE frame=480 image=0 windows=1 at_ms=21859
ZWL LAT submit frame=480 at_us=21859631
ZWL LAT shown frame=480 at_us=21861710
ZWL COMMIT client=3 surface=6 buffer=19 queued=0
ZWL ACQUIRE_FENCE client=3 surface=6 generation=1
ZWL LAT adopt surface=6 at_us=21861921
ZWL RELEASE client=3 buffer=17 dead=0
ZWL LAT draw frame=481 at_us=21861925
ZWL LAT acquired frame=481 at_us=21861928
ZWL DAMAGE frame=481 image=0 x=320 y=233 width=640 height=420
ZWL LAT recorded frame=481 at_us=21862036
ZWL COMPOSE frame=481 image=0 windows=1 at_ms=21870
ZWL LAT submit frame=481 at_us=21870737
ZWL LAT shown frame=481 at_us=21872856
ZWL COMMIT client=3 surface=6 buffer=15 queued=0
ZWL ACQUIRE_FENCE client=3 surface=6 generation=1
ZWL LAT adopt surface=6 at_us=21873013
ZWL RELEASE client=3 buffer=19 dead=0
ZWL LAT draw frame=482 at_us=21873022
ZWL LAT acquired frame=482 at_us=21873028
ZWL DAMAGE frame=482 image=0 x=320 y=233 width=640 height=420
ZWL LAT recorded frame=482 at_us=21873151
ZWL COMPOSE frame=482 image=0 windows=1 at_ms=21882
ZWL LAT submit frame=482 at_us=21882521
ZWL LAT shown frame=482 at_us=21884653
ZWL COMMIT client=3 surface=6 buffer=17 queued=0
ZWL ACQUIRE_FENCE client=3 surface=6 generation=1
ZWL LAT adopt surface=6 at_us=21884831
ZWL RELEASE client=3 buffer=15 dead=0
ZWL LAT draw frame=483 at_us=21884847
ZWL LAT acquired frame=483 at_us=21884857
ZWL DAMAGE frame=483 image=0 x=320 y=233 width=640 height=420
ZWL LAT recorded frame=483 at_us=21885076
ZWL COMPOSE frame=483 image=0 windows=1 at_ms=21895
ZWL LAT submit frame=483 at_us=21895977
ZWL LAT shown frame=483 at_us=21898222
ZWL COMMIT client=3 surface=6 buffer=19 queued=0
ZWL ACQUIRE_FENCE client=3 surface=6 generation=1
ZWL LAT adopt surface=6 at_us=21898495
ZWL RELEASE client=3 buffer=17 dead=0
ZWL LAT draw frame=484 at_us=21898511
ZWL LAT acquired frame=484 at_us=21898522
ZWL DAMAGE frame=484 image=0 x=320 y=233 width=640 height=420
ZWL LAT recorded frame=484 at_us=21898741
ZWL COMPOSE frame=484 image=0 windows=1 at_ms=21912
ZWL LAT submit frame=484 at_us=21912234
ZWL LAT shown frame=484 at_us=21914481
ZWL COMMIT client=3 surface=6 buffer=15 queued=0
ZWL ACQUIRE_FENCE client=3 surface=6 generation=1
ZWL LAT adopt surface=6 at_us=21914825
ZWL RELEASE client=3 buffer=19 dead=0
ZWL LAT draw frame=485 at_us=21914842
ZWL LAT acquired frame=485 at_us=21914853
ZWL DAMAGE frame=485 image=0 x=320 y=233 width=640 height=420
ZWL LAT recorded frame=485 at_us=21915066
ZWL COMPOSE frame=485 image=0 windows=1 at_ms=21925
ZWL LAT submit frame=485 at_us=21925390
ZWL LAT shown frame=485 at_us=21927566
ZWL COMMIT client=3 surface=6 buffer=17 queued=0
ZWL ACQUIRE_FENCE client=3 surface=6 generation=1
ZWL LAT adopt surface=6 at_us=21927722
ZWL RELEASE client=3 buffer=15 dead=0
ZWL LAT draw frame=486 at_us=21927737
ZWL LAT acquired frame=486 at_us=21927747
ZWL DAMAGE frame=486 image=0 x=320 y=233 width=640 height=420
ZWL LAT recorded frame=486 at_us=21927952
ZWL COMPOSE frame=486 image=0 windows=1 at_ms=21940
ZWL LAT submit frame=486 at_us=21940920
ZWL LAT shown frame=486 at_us=21943085
ZWL COMMIT client=3 surface=6 buffer=19 queued=0
ZWL ACQUIRE_FENCE client=3 surface=6 generation=1
ZWL LAT adopt surface=6 at_us=21943657
ZWL RELEASE client=3 buffer=17 dead=0
ZWL LAT draw frame=487 at_us=21943665
ZWL LAT acquired frame=487 at_us=21943671
ZWL DAMAGE frame=487 image=0 x=320 y=233 width=640 height=420
ZWL LAT recorded frame=487 at_us=21943764
ZWL COMPOSE frame=487 image=0 windows=1 at_ms=21952
ZWL LAT submit frame=487 at_us=21952436
ZWL LAT shown frame=487 at_us=21954667
ZWL COMMIT client=3 surface=6 buffer=15 queued=0
ZWL ACQUIRE_FENCE client=3 surface=6 generation=1
ZWL LAT adopt surface=6 at_us=21954868
ZWL RELEASE client=3 buffer=19 dead=0
ZWL LAT draw frame=488 at_us=21954883
ZWL LAT acquired frame=488 at_us=21954894
ZWL DAMAGE frame=488 image=0 x=320 y=233 width=640 height=420
ZWL LAT recorded frame=488 at_us=21955108
ZWL COMPOSE frame=488 image=0 windows=1 at_ms=21967
ZWL LAT submit frame=488 at_us=21967604
ZWL LAT shown frame=488 at_us=21969836
ZWL COMMIT client=3 surface=6 buffer=17 queued=0
ZWL ACQUIRE_FENCE client=3 surface=6 generation=1
ZWL LAT adopt surface=6 at_us=21970173
ZWL RELEASE client=3 buffer=15 dead=0
ZWL LAT draw frame=489 at_us=21970189
ZWL LAT acquired frame=489 at_us=21970200
ZWL DAMAGE frame=489 image=0 x=320 y=233 width=640 height=420
ZWL LAT recorded frame=489 at_us=21970376
ZWL COMPOSE frame=489 image=0 windows=1 at_ms=21981
ZWL LAT submit frame=489 at_us=21981564
ZWL LAT shown frame=489 at_us=21983808
ZWL COMMIT client=3 surface=6 buffer=19 queued=0
ZWL ACQUIRE_FENCE client=3 surface=6 generation=1
ZWL LAT adopt surface=6 at_us=21984149
ZWL RELEASE client=3 buffer=17 dead=0
ZWL LAT draw frame=490 at_us=21984166
ZWL LAT acquired frame=490 at_us=21984177
ZWL DAMAGE frame=490 image=0 x=320 y=233 width=640 height=420
ZWL LAT recorded frame=490 at_us=21984404
ZWL COMPOSE frame=490 image=0 windows=1 at_ms=21998
ZWL LAT submit frame=490 at_us=21998378
ZWL LAT shown frame=490 at_us=22000561
ZWL COMMIT client=3 surface=6 buffer=15 queued=0
ZWL ACQUIRE_FENCE client=3 surface=6 generation=1
ZWL LAT adopt surface=6 at_us=22000778
ZWL RELEASE client=3 buffer=19 dead=0
ZWL LAT draw frame=491 at_us=22000789
ZWL LAT acquired frame=491 at_us=22000797
ZWL DAMAGE frame=491 image=0 x=320 y=233 width=640 height=420
ZWL LAT recorded frame=491 at_us=22000967
ZWL COMPOSE frame=491 image=0 windows=1 at_ms=22012
ZWL LAT submit frame=491 at_us=22012535
ZWL LAT shown frame=491 at_us=22014768
ZWL COMMIT client=3 surface=6 buffer=17 queued=0
ZWL ACQUIRE_FENCE client=3 surface=6 generation=1
ZWL LAT adopt surface=6 at_us=22015081
ZWL RELEASE client=3 buffer=15 dead=0
ZWL LAT draw frame=492 at_us=22015097
ZWL LAT acquired frame=492 at_us=22015108
ZWL DAMAGE frame=492 image=0 x=320 y=233 width=640 height=420
ZWL LAT recorded frame=492 at_us=22015329
ZWL COMPOSE frame=492 image=0 windows=1 at_ms=22026
ZWL LAT submit frame=492 at_us=22026165
ZWL LAT shown frame=492 at_us=22028302
ZWL COMMIT client=3 surface=6 buffer=19 queued=0
ZWL ACQUIRE_FENCE client=3 surface=6 generation=1
ZWL LAT adopt surface=6 at_us=22028533
ZWL RELEASE client=3 buffer=17 dead=0
ZWL LAT draw frame=493 at_us=22028547
ZWL LAT acquired frame=493 at_us=22028557
ZWL DAMAGE frame=493 image=0 x=320 y=233 width=640 height=420
ZWL LAT recorded frame=493 at_us=22028721
ZWL COMPOSE frame=493 image=0 windows=1 at_ms=22039
ZWL LAT submit frame=493 at_us=22039319
ZWL LAT shown frame=493 at_us=22041460
ZWL COMMIT client=3 surface=6 buffer=15 queued=0
ZWL ACQUIRE_FENCE client=3 surface=6 generation=1
ZWL LAT adopt surface=6 at_us=22041764
ZWL RELEASE client=3 buffer=19 dead=0
ZWL LAT draw frame=494 at_us=22041779
ZWL LAT acquired frame=494 at_us=22041790
ZWL DAMAGE frame=494 image=0 x=320 y=233 width=640 height=420
ZWL LAT recorded frame=494 at_us=22041974
ZWL COMPOSE frame=494 image=0 windows=1 at_ms=22051
ZWL LAT submit frame=494 at_us=22051282
ZWL LAT shown frame=494 at_us=22053536
ZWL COMMIT client=3 surface=6 buffer=17 queued=0
ZWL ACQUIRE_FENCE client=3 surface=6 generation=1
ZWL LAT adopt surface=6 at_us=22053845
ZWL RELEASE client=3 buffer=15 dead=0
ZWL LAT draw frame=495 at_us=22053859
ZWL LAT acquired frame=495 at_us=22053870
ZWL DAMAGE frame=495 image=0 x=320 y=233 width=640 height=420
ZWL LAT recorded frame=495 at_us=22054026
ZWL COMPOSE frame=495 image=0 windows=1 at_ms=22063
ZWL LAT submit frame=495 at_us=22063647
ZWL LAT shown frame=495 at_us=22065785
ZWL COMMIT client=3 surface=6 buffer=19 queued=0
ZWL ACQUIRE_FENCE client=3 surface=6 generation=1
ZWL LAT adopt surface=6 at_us=22066039
ZWL RELEASE client=3 buffer=17 dead=0
ZWL LAT draw frame=496 at_us=22066052
ZWL LAT acquired frame=496 at_us=22066060
ZWL DAMAGE frame=496 image=0 x=320 y=233 width=640 height=420
ZWL LAT recorded frame=496 at_us=22066210
ZWL COMPOSE frame=496 image=0 windows=1 at_ms=22078
ZWL LAT submit frame=496 at_us=22078078
ZWL LAT shown frame=496 at_us=22080234
ZWL COMMIT client=3 surface=6 buffer=15 queued=0
ZWL ACQUIRE_FENCE client=3 surface=6 generation=1
ZWL LAT adopt surface=6 at_us=22080452
ZWL RELEASE client=3 buffer=19 dead=0
ZWL LAT draw frame=497 at_us=22080465
ZWL LAT acquired frame=497 at_us=22080473
ZWL DAMAGE frame=497 image=0 x=320 y=233 width=640 height=420
ZWL LAT recorded frame=497 at_us=22080665
ZWL COMPOSE frame=497 image=0 windows=1 at_ms=22093
ZWL LAT submit frame=497 at_us=22093382
ZWL LAT shown frame=497 at_us=22095544
ZWL COMMIT client=3 surface=6 buffer=17 queued=0
ZWL ACQUIRE_FENCE client=3 surface=6 generation=1
ZWL LAT adopt surface=6 at_us=22095752
ZWL RELEASE client=3 buffer=15 dead=0
ZWL LAT draw frame=498 at_us=22095788
ZWL LAT acquired frame=498 at_us=22095800
ZWL DAMAGE frame=498 image=0 x=320 y=233 width=640 height=420
ZWL LAT recorded frame=498 at_us=22096058
ZWL COMPOSE frame=498 image=0 windows=1 at_ms=22106
ZWL LAT submit frame=498 at_us=22106305
ZWL LAT shown frame=498 at_us=22108481
ZWL COMMIT client=3 surface=6 buffer=19 queued=0
ZWL ACQUIRE_FENCE client=3 surface=6 generation=1
ZWL LAT adopt surface=6 at_us=22108686
ZWL RELEASE client=3 buffer=17 dead=0
ZWL LAT draw frame=499 at_us=22108702
ZWL LAT acquired frame=499 at_us=22108712
ZWL DAMAGE frame=499 image=0 x=320 y=233 width=640 height=420
ZWL LAT recorded frame=499 at_us=22108895
ZWL COMPOSE frame=499 image=0 windows=1 at_ms=22119
ZWL LAT submit frame=499 at_us=22119836
ZWL LAT shown frame=499 at_us=22121977
ZWL COMMIT client=3 surface=6 buffer=15 queued=0
ZWL ACQUIRE_FENCE client=3 surface=6 generation=1
ZWL LAT adopt surface=6 at_us=22122259
ZWL RELEASE client=3 buffer=19 dead=0
ZWL LAT draw frame=500 at_us=22122270
ZWL LAT acquired frame=500 at_us=22122279
ZWL DAMAGE frame=500 image=0 x=320 y=233 width=640 height=420
ZWL LAT recorded frame=500 at_us=22122446
ZWL COMPOSE frame=500 image=0 windows=1 at_ms=22131
ZWL LAT submit frame=500 at_us=22131525
ZWL LAT shown frame=500 at_us=22133701
ZWL COMMIT client=3 surface=6 buffer=17 queued=0
ZWL ACQUIRE_FENCE client=3 surface=6 generation=1
ZWL LAT adopt surface=6 at_us=22133934
ZWL RELEASE client=3 buffer=15 dead=0
ZWL LAT draw frame=501 at_us=22133943
ZWL LAT acquired frame=501 at_us=22133949
ZWL DAMAGE frame=501 image=0 x=320 y=233 width=640 height=420
ZWL LAT recorded frame=501 at_us=22134066
ZWL COMPOSE frame=501 image=0 windows=1 at_ms=22143
ZWL LAT submit frame=501 at_us=22143143
ZWL LAT shown frame=501 at_us=22145267
ZWL COMMIT client=3 surface=6 buffer=19 queued=0
ZWL ACQUIRE_FENCE client=3 surface=6 generation=1
ZWL LAT adopt surface=6 at_us=22145546
ZWL RELEASE client=3 buffer=17 dead=0
ZWL LAT draw frame=502 at_us=22145558
ZWL LAT acquired frame=502 at_us=22145566
ZWL DAMAGE frame=502 image=0 x=320 y=233 width=640 height=420
ZWL LAT recorded frame=502 at_us=22145722
ZWL COMPOSE frame=502 image=0 windows=1 at_ms=22156
ZWL LAT submit frame=502 at_us=22156315
ZWL LAT shown frame=502 at_us=22158501
ZWL COMMIT client=3 surface=6 buffer=15 queued=0
ZWL ACQUIRE_FENCE client=3 surface=6 generation=1
ZWL LAT adopt surface=6 at_us=22158685
ZWL RELEASE client=3 buffer=19 dead=0
ZWL LAT draw frame=503 at_us=22158699
ZWL LAT acquired frame=503 at_us=22158709
ZWL DAMAGE frame=503 image=0 x=320 y=233 width=640 height=420
ZWL LAT recorded frame=503 at_us=22158900
ZWL COMPOSE frame=503 image=0 windows=1 at_ms=22173
ZWL LAT submit frame=503 at_us=22173140
ZWL LAT shown frame=503 at_us=22175305
ZWL COMMIT client=3 surface=6 buffer=17 queued=0
ZWL ACQUIRE_FENCE client=3 surface=6 generation=1
ZWL LAT adopt surface=6 at_us=22175508
ZWL RELEASE client=3 buffer=15 dead=0
ZWL LAT draw frame=504 at_us=22175522
ZWL LAT acquired frame=504 at_us=22175534
ZWL DAMAGE frame=504 image=0 x=320 y=233 width=640 height=420
ZWL LAT recorded frame=504 at_us=22175825
ZWL COMPOSE frame=504 image=0 windows=1 at_ms=22196
ZWL LAT submit frame=504 at_us=22196110
ZWL LAT shown frame=504 at_us=22198251
ZWL COMMIT client=3 surface=6 buffer=19 queued=0
ZWL ACQUIRE_FENCE client=3 surface=6 generation=1
ZWL LAT adopt surface=6 at_us=22204251
ZWL RELEASE client=3 buffer=17 dead=0
ZWL LAT draw frame=505 at_us=22204258
ZWL LAT acquired frame=505 at_us=22204266
ZWL DAMAGE frame=505 image=0 x=320 y=233 width=640 height=420
ZWL LAT recorded frame=505 at_us=22204371
ZWL COMPOSE frame=505 image=0 windows=1 at_ms=22213
ZWL LAT submit frame=505 at_us=22213276
ZWL LAT shown frame=505 at_us=22215428
ZWL COMMIT client=3 surface=6 buffer=15 queued=0
ZWL ACQUIRE_FENCE client=3 surface=6 generation=1
ZWL LAT adopt surface=6 at_us=22215592
ZWL RELEASE client=3 buffer=19 dead=0
ZWL LAT draw frame=506 at_us=22215607
ZWL LAT acquired frame=506 at_us=22215617
ZWL DAMAGE frame=506 image=0 x=320 y=233 width=640 height=420
ZWL LAT recorded frame=506 at_us=22215801
ZWL COMPOSE frame=506 image=0 windows=1 at_ms=22223
ZWL LAT submit frame=506 at_us=22223735
ZWL LAT shown frame=506 at_us=22225906
ZWL COMMIT client=3 surface=6 buffer=17 queued=0
ZWL ACQUIRE_FENCE client=3 surface=6 generation=1
ZWL LAT adopt surface=6 at_us=22226155
ZWL RELEASE client=3 buffer=15 dead=0
ZWL LAT draw frame=507 at_us=22226169
ZWL LAT acquired frame=507 at_us=22226179
ZWL DAMAGE frame=507 image=0 x=320 y=233 width=640 height=420
ZWL LAT recorded frame=507 at_us=22226313
ZWL COMPOSE frame=507 image=0 windows=1 at_ms=22235
ZWL LAT submit frame=507 at_us=22235443
ZWL LAT shown frame=507 at_us=22237597
ZWL COMMIT client=3 surface=6 buffer=19 queued=0
ZWL ACQUIRE_FENCE client=3 surface=6 generation=1
ZWL LAT adopt surface=6 at_us=22237849
ZWL RELEASE client=3 buffer=17 dead=0
ZWL LAT draw frame=508 at_us=22237864
ZWL LAT acquired frame=508 at_us=22237876
ZWL DAMAGE frame=508 image=0 x=320 y=233 width=640 height=420
ZWL LAT recorded frame=508 at_us=22238050
ZWL COMPOSE frame=508 image=0 windows=1 at_ms=22247
ZWL LAT submit frame=508 at_us=22247835
ZWL LAT shown frame=508 at_us=22251079
ZWL COMMIT client=3 surface=6 buffer=15 queued=0
ZWL ACQUIRE_FENCE client=3 surface=6 generation=1
ZWL LAT adopt surface=6 at_us=22251178
ZWL RELEASE client=3 buffer=19 dead=0
ZWL LAT draw frame=509 at_us=22251183
ZWL LAT acquired frame=509 at_us=22251186
ZWL DAMAGE frame=509 image=0 x=320 y=233 width=640 height=420
ZWL LAT recorded frame=509 at_us=22251298
ZWL COMPOSE frame=509 image=0 windows=1 at_ms=22262
ZWL LAT submit frame=509 at_us=22262177
ZWL LAT shown frame=509 at_us=22264297
ZWL COMMIT client=3 surface=6 buffer=17 queued=0
ZWL ACQUIRE_FENCE client=3 surface=6 generation=1
ZWL LAT adopt surface=6 at_us=22264378
ZWL RELEASE client=3 buffer=15 dead=0
ZWL LAT draw frame=510 at_us=22264382
ZWL LAT acquired frame=510 at_us=22264386
ZWL DAMAGE frame=510 image=0 x=320 y=233 width=640 height=420
ZWL LAT recorded frame=510 at_us=22264465
ZWL COMPOSE frame=510 image=0 windows=1 at_ms=22272
ZWL LAT submit frame=510 at_us=22272321
ZWL LAT shown frame=510 at_us=22274565
ZWL COMMIT client=3 surface=6 buffer=19 queued=0
ZWL ACQUIRE_FENCE client=3 surface=6 generation=1
ZWL LAT adopt surface=6 at_us=22274947
ZWL RELEASE client=3 buffer=17 dead=0
ZWL LAT draw frame=511 at_us=22274963
ZWL LAT acquired frame=511 at_us=22274974
ZWL DAMAGE frame=511 image=0 x=320 y=233 width=640 height=420
ZWL LAT recorded frame=511 at_us=22275157
ZWL COMPOSE frame=511 image=0 windows=1 at_ms=22286
ZWL LAT submit frame=511 at_us=22286471
ZWL LAT shown frame=511 at_us=22288615
ZWL COMMIT client=3 surface=6 buffer=15 queued=0
ZWL ACQUIRE_FENCE client=3 surface=6 generation=1
ZWL LAT adopt surface=6 at_us=22288792
ZWL RELEASE client=3 buffer=19 dead=0
ZWL LAT draw frame=512 at_us=22288808
ZWL LAT acquired frame=512 at_us=22288817
ZWL DAMAGE frame=512 image=0 x=320 y=233 width=640 height=420
ZWL LAT recorded frame=512 at_us=22289024
ZWL COMPOSE frame=512 image=0 windows=1 at_ms=22299
ZWL LAT submit frame=512 at_us=22299838
ZWL LAT shown frame=512 at_us=22301971
ZWL COMMIT client=3 surface=6 buffer=17 queued=0
ZWL ACQUIRE_FENCE client=3 surface=6 generation=1
ZWL LAT adopt surface=6 at_us=22302160
ZWL RELEASE client=3 buffer=15 dead=0
ZWL LAT draw frame=513 at_us=22302174
ZWL LAT acquired frame=513 at_us=22302184
ZWL DAMAGE frame=513 image=0 x=320 y=233 width=640 height=420
ZWL LAT recorded frame=513 at_us=22302394
ZWL COMPOSE frame=513 image=0 windows=1 at_ms=22314
ZWL LAT submit frame=513 at_us=22314906
ZWL LAT shown frame=513 at_us=22317011
ZWL COMMIT client=3 surface=6 buffer=19 queued=0
ZWL ACQUIRE_FENCE client=3 surface=6 generation=1
ZWL LAT adopt surface=6 at_us=22317125
ZWL RELEASE client=3 buffer=17 dead=0
ZWL LAT draw frame=514 at_us=22317133
ZWL LAT acquired frame=514 at_us=22317139
ZWL DAMAGE frame=514 image=0 x=320 y=233 width=640 height=420
ZWL LAT recorded frame=514 at_us=22317259
ZWL COMPOSE frame=514 image=0 windows=1 at_ms=22325
ZWL LAT submit frame=514 at_us=22325258
ZWL LAT shown frame=514 at_us=22327357
ZWL COMMIT client=3 surface=6 buffer=15 queued=0
ZWL ACQUIRE_FENCE client=3 surface=6 generation=1
ZWL LAT adopt surface=6 at_us=22327480
ZWL RELEASE client=3 buffer=19 dead=0
ZWL LAT draw frame=515 at_us=22327488
ZWL LAT acquired frame=515 at_us=22327493
ZWL DAMAGE frame=515 image=0 x=320 y=233 width=640 height=420
ZWL LAT recorded frame=515 at_us=22327636
ZWL COMPOSE frame=515 image=0 windows=1 at_ms=22335
ZWL LAT submit frame=515 at_us=22335655
ZWL LAT shown frame=515 at_us=22337841
ZWL COMMIT client=3 surface=6 buffer=17 queued=0
ZWL ACQUIRE_FENCE client=3 surface=6 generation=1
ZWL LAT adopt surface=6 at_us=22337988
ZWL RELEASE client=3 buffer=15 dead=0
ZWL LAT draw frame=516 at_us=22337996
ZWL LAT acquired frame=516 at_us=22338002
ZWL DAMAGE frame=516 image=0 x=320 y=233 width=640 height=420
ZWL LAT recorded frame=516 at_us=22338101
ZWL COMPOSE frame=516 image=0 windows=1 at_ms=22350
ZWL LAT submit frame=516 at_us=22350553
ZWL LAT shown frame=516 at_us=22352657
ZWL COMMIT client=3 surface=6 buffer=19 queued=0
ZWL ACQUIRE_FENCE client=3 surface=6 generation=1
ZWL LAT adopt surface=6 at_us=22352778
ZWL RELEASE client=3 buffer=17 dead=0
ZWL LAT draw frame=517 at_us=22352786
ZWL LAT acquired frame=517 at_us=22352791
ZWL DAMAGE frame=517 image=0 x=320 y=233 width=640 height=420
ZWL LAT recorded frame=517 at_us=22352923
ZWL COMPOSE frame=517 image=0 windows=1 at_ms=22363
ZWL LAT submit frame=517 at_us=22363504
ZWL LAT shown frame=517 at_us=22365684
ZWL COMMIT client=3 surface=6 buffer=15 queued=0
ZWL ACQUIRE_FENCE client=3 surface=6 generation=1
ZWL LAT adopt surface=6 at_us=22365899
ZWL RELEASE client=3 buffer=19 dead=0
ZWL LAT draw frame=518 at_us=22365909
ZWL LAT acquired frame=518 at_us=22365916
ZWL DAMAGE frame=518 image=0 x=320 y=233 width=640 height=420
ZWL LAT recorded frame=518 at_us=22366063
ZWL COMPOSE frame=518 image=0 windows=1 at_ms=22373
ZWL LAT submit frame=518 at_us=22373682
ZWL LAT shown frame=518 at_us=22375784
ZWL COMMIT client=3 surface=6 buffer=17 queued=0
ZWL ACQUIRE_FENCE client=3 surface=6 generation=1
ZWL LAT adopt surface=6 at_us=22375879
ZWL RELEASE client=3 buffer=15 dead=0
ZWL LAT draw frame=519 at_us=22375887
ZWL LAT acquired frame=519 at_us=22375892
ZWL DAMAGE frame=519 image=0 x=320 y=233 width=640 height=420
ZWL LAT recorded frame=519 at_us=22376257
ZWL COMPOSE frame=519 image=0 windows=1 at_ms=22383
ZWL LAT submit frame=519 at_us=22383435
ZWL LAT shown frame=519 at_us=22385531
ZWL COMMIT client=3 surface=6 buffer=19 queued=0
ZWL ACQUIRE_FENCE client=3 surface=6 generation=1
ZWL LAT adopt surface=6 at_us=22385619
ZWL RELEASE client=3 buffer=17 dead=0
ZWL LAT draw frame=520 at_us=22385626
ZWL LAT acquired frame=520 at_us=22385631
ZWL DAMAGE frame=520 image=0 x=320 y=233 width=640 height=420
ZWL LAT recorded frame=520 at_us=22385778
ZWL COMPOSE frame=520 image=0 windows=1 at_ms=22393
ZWL LAT submit frame=520 at_us=22393430
ZWL LAT shown frame=520 at_us=22395524
ZWL COMMIT client=3 surface=6 buffer=15 queued=0
ZWL ACQUIRE_FENCE client=3 surface=6 generation=1
ZWL LAT adopt surface=6 at_us=22395618
ZWL RELEASE client=3 buffer=19 dead=0
ZWL LAT draw frame=521 at_us=22395625
ZWL LAT acquired frame=521 at_us=22395630
ZWL DAMAGE frame=521 image=0 x=320 y=233 width=640 height=420
ZWL LAT recorded frame=521 at_us=22395764
ZWL COMPOSE frame=521 image=0 windows=1 at_ms=22403
ZWL LAT submit frame=521 at_us=22403841
ZWL LAT shown frame=521 at_us=22405934
ZWL COMMIT client=3 surface=6 buffer=17 queued=0
ZWL ACQUIRE_FENCE client=3 surface=6 generation=1
ZWL LAT adopt surface=6 at_us=22406035
ZWL RELEASE client=3 buffer=15 dead=0
ZWL LAT draw frame=522 at_us=22406042
ZWL LAT acquired frame=522 at_us=22406047
ZWL DAMAGE frame=522 image=0 x=320 y=233 width=640 height=420
ZWL LAT recorded frame=522 at_us=22406179
ZWL COMPOSE frame=522 image=0 windows=1 at_ms=22416
ZWL LAT submit frame=522 at_us=22416055
ZWL LAT shown frame=522 at_us=22418147
ZWL COMMIT client=3 surface=6 buffer=19 queued=0
ZWL ACQUIRE_FENCE client=3 surface=6 generation=1
ZWL LAT adopt surface=6 at_us=22418375
ZWL RELEASE client=3 buffer=17 dead=0
ZWL LAT draw frame=523 at_us=22418382
ZWL LAT acquired frame=523 at_us=22418400
ZWL DAMAGE frame=523 image=0 x=320 y=233 width=640 height=420
ZWL LAT recorded frame=523 at_us=22418532
ZWL COMPOSE frame=523 image=0 windows=1 at_ms=22427
ZWL LAT submit frame=523 at_us=22427919
ZWL LAT shown frame=523 at_us=22430025
ZWL COMMIT client=3 surface=6 buffer=15 queued=0
ZWL ACQUIRE_FENCE client=3 surface=6 generation=1
ZWL LAT adopt surface=6 at_us=22430272
ZWL RELEASE client=3 buffer=19 dead=0
ZWL LAT draw frame=524 at_us=22430279
ZWL LAT acquired frame=524 at_us=22430284
ZWL DAMAGE frame=524 image=0 x=320 y=233 width=640 height=420
ZWL LAT recorded frame=524 at_us=22430424
ZWL COMPOSE frame=524 image=0 windows=1 at_ms=22440
ZWL LAT submit frame=524 at_us=22440079
ZWL LAT shown frame=524 at_us=22442172
ZWL COMMIT client=3 surface=6 buffer=17 queued=0
ZWL ACQUIRE_FENCE client=3 surface=6 generation=1
ZWL LAT adopt surface=6 at_us=22442402
ZWL RELEASE client=3 buffer=15 dead=0
ZWL LAT draw frame=525 at_us=22442409
ZWL LAT acquired frame=525 at_us=22442413
ZWL DAMAGE frame=525 image=0 x=320 y=233 width=640 height=420
ZWL LAT recorded frame=525 at_us=22442538
ZWL COMPOSE frame=525 image=0 windows=1 at_ms=22452
ZWL LAT submit frame=525 at_us=22452135
ZWL LAT shown frame=525 at_us=22454225
ZWL COMMIT client=3 surface=6 buffer=19 queued=0
ZWL ACQUIRE_FENCE client=3 surface=6 generation=1
ZWL LAT adopt surface=6 at_us=22454370
ZWL RELEASE client=3 buffer=17 dead=0
ZWL LAT draw frame=526 at_us=22454375
ZWL LAT acquired frame=526 at_us=22454379
ZWL DAMAGE frame=526 image=0 x=320 y=233 width=640 height=420
ZWL LAT recorded frame=526 at_us=22454496
ZWL COMPOSE frame=526 image=0 windows=1 at_ms=22463
ZWL LAT submit frame=526 at_us=22463429
ZWL LAT shown frame=526 at_us=22465516
ZWL COMMIT client=3 surface=6 buffer=15 queued=0
ZWL ACQUIRE_FENCE client=3 surface=6 generation=1
ZWL LAT adopt surface=6 at_us=22465731
ZWL RELEASE client=3 buffer=19 dead=0
ZWL LAT draw frame=527 at_us=22465735
ZWL LAT acquired frame=527 at_us=22465738
ZWL DAMAGE frame=527 image=0 x=320 y=233 width=640 height=420
ZWL LAT recorded frame=527 at_us=22465855
ZWL COMPOSE frame=527 image=0 windows=1 at_ms=22473
ZWL LAT submit frame=527 at_us=22473787
ZWL LAT shown frame=527 at_us=22475867
ZWL COMMIT client=3 surface=6 buffer=17 queued=0
ZWL ACQUIRE_FENCE client=3 surface=6 generation=1
ZWL LAT adopt surface=6 at_us=22475979
ZWL RELEASE client=3 buffer=15 dead=0
ZWL LAT draw frame=528 at_us=22475983
ZWL LAT acquired frame=528 at_us=22475986
ZWL DAMAGE frame=528 image=0 x=320 y=233 width=640 height=420
ZWL LAT recorded frame=528 at_us=22476114
ZWL COMPOSE frame=528 image=0 windows=1 at_ms=22483
ZWL LAT submit frame=528 at_us=22483735
ZWL LAT shown frame=528 at_us=22485816
ZWL COMMIT client=3 surface=6 buffer=19 queued=0
ZWL ACQUIRE_FENCE client=3 surface=6 generation=1
ZWL LAT adopt surface=6 at_us=22485926
ZWL RELEASE client=3 buffer=17 dead=0
ZWL LAT draw frame=529 at_us=22485930
ZWL LAT acquired frame=529 at_us=22485933
ZWL DAMAGE frame=529 image=0 x=320 y=233 width=640 height=420
ZWL LAT recorded frame=529 at_us=22486045
ZWL COMPOSE frame=529 image=0 windows=1 at_ms=22493
ZWL LAT submit frame=529 at_us=22493863
ZWL LAT shown frame=529 at_us=22495941
ZWL COMMIT client=3 surface=6 buffer=15 queued=0
ZWL ACQUIRE_FENCE client=3 surface=6 generation=1
ZWL LAT adopt surface=6 at_us=22496069
ZWL RELEASE client=3 buffer=19 dead=0
ZWL LAT draw frame=530 at_us=22496073
ZWL LAT acquired frame=530 at_us=22496077
ZWL DAMAGE frame=530 image=0 x=320 y=233 width=640 height=420
ZWL LAT recorded frame=530 at_us=22496190
ZWL COMPOSE frame=530 image=0 windows=1 at_ms=22503
ZWL LAT submit frame=530 at_us=22504001
ZWL LAT shown frame=530 at_us=22506093
ZWL COMMIT client=3 surface=6 buffer=17 queued=0
ZWL ACQUIRE_FENCE client=3 surface=6 generation=1
ZWL LAT adopt surface=6 at_us=22506200
ZWL RELEASE client=3 buffer=15 dead=0
ZWL LAT draw frame=531 at_us=22506205
ZWL LAT acquired frame=531 at_us=22506207
ZWL DAMAGE frame=531 image=0 x=320 y=233 width=640 height=420
ZWL LAT recorded frame=531 at_us=22506331
ZWL COMPOSE frame=531 image=0 windows=1 at_ms=22514
ZWL LAT submit frame=531 at_us=22514065
ZWL LAT shown frame=531 at_us=22516148
ZWL COMMIT client=3 surface=6 buffer=19 queued=0
ZWL ACQUIRE_FENCE client=3 surface=6 generation=1
ZWL LAT adopt surface=6 at_us=22516261
ZWL RELEASE client=3 buffer=17 dead=0
ZWL LAT draw frame=532 at_us=22516266
ZWL LAT acquired frame=532 at_us=22516269
ZWL DAMAGE frame=532 image=0 x=320 y=233 width=640 height=420
ZWL LAT recorded frame=532 at_us=22516376
ZWL COMPOSE frame=532 image=0 windows=1 at_ms=22523
ZWL LAT submit frame=532 at_us=22523976
ZWL LAT shown frame=532 at_us=22526167
ZWL COMMIT client=3 surface=6 buffer=15 queued=0
ZWL ACQUIRE_FENCE client=3 surface=6 generation=1
ZWL LAT adopt surface=6 at_us=22526345
ZWL RELEASE client=3 buffer=19 dead=0
ZWL LAT draw frame=533 at_us=22526351
ZWL LAT acquired frame=533 at_us=22526357
ZWL DAMAGE frame=533 image=0 x=320 y=233 width=640 height=420
ZWL LAT recorded frame=533 at_us=22526450
ZWL COMPOSE frame=533 image=0 windows=1 at_ms=22534
ZWL LAT submit frame=533 at_us=22534098
ZWL LAT shown frame=533 at_us=22536182
ZWL COMMIT client=3 surface=6 buffer=17 queued=0
ZWL ACQUIRE_FENCE client=3 surface=6 generation=1
ZWL LAT adopt surface=6 at_us=22536327
ZWL RELEASE client=3 buffer=15 dead=0
ZWL LAT draw frame=534 at_us=22536332
ZWL LAT acquired frame=534 at_us=22536335
ZWL DAMAGE frame=534 image=0 x=320 y=233 width=640 height=420
ZWL LAT recorded frame=534 at_us=22536427
ZWL COMPOSE frame=534 image=0 windows=1 at_ms=22544
ZWL LAT submit frame=534 at_us=22544716
ZWL LAT shown frame=534 at_us=22546999
ZWL COMMIT client=3 surface=6 buffer=19 queued=0
ZWL ACQUIRE_FENCE client=3 surface=6 generation=1
ZWL LAT adopt surface=6 at_us=22547261
ZWL RELEASE client=3 buffer=17 dead=0
ZWL LAT draw frame=535 at_us=22547277
ZWL LAT acquired frame=535 at_us=22547287
ZWL DAMAGE frame=535 image=0 x=320 y=233 width=640 height=420
ZWL LAT recorded frame=535 at_us=22547516
ZWL COMPOSE frame=535 image=0 windows=1 at_ms=22557
ZWL LAT submit frame=535 at_us=22557756
ZWL LAT shown frame=535 at_us=22559905
ZWL COMMIT client=3 surface=6 buffer=15 queued=0
ZWL ACQUIRE_FENCE client=3 surface=6 generation=1
ZWL LAT adopt surface=6 at_us=22560117
ZWL RELEASE client=3 buffer=19 dead=0
ZWL LAT draw frame=536 at_us=22560133
ZWL LAT acquired frame=536 at_us=22560143
ZWL DAMAGE frame=536 image=0 x=320 y=233 width=640 height=420
ZWL LAT recorded frame=536 at_us=22560318
ZWL COMPOSE frame=536 image=0 windows=1 at_ms=22572
ZWL LAT submit frame=536 at_us=22572319
ZWL LAT shown frame=536 at_us=22574465
ZWL COMMIT client=3 surface=6 buffer=17 queued=0
ZWL ACQUIRE_FENCE client=3 surface=6 generation=1
ZWL LAT adopt surface=6 at_us=22574755
ZWL RELEASE client=3 buffer=15 dead=0
ZWL LAT draw frame=537 at_us=22574767
ZWL LAT acquired frame=537 at_us=22574776
ZWL DAMAGE frame=537 image=0 x=320 y=233 width=640 height=420
ZWL LAT recorded frame=537 at_us=22574987
ZWL COMPOSE frame=537 image=0 windows=1 at_ms=22587
ZWL LAT submit frame=537 at_us=22587489
ZWL LAT shown frame=537 at_us=22589604
ZWL COMMIT client=3 surface=6 buffer=19 queued=0
ZWL ACQUIRE_FENCE client=3 surface=6 generation=1
ZWL LAT adopt surface=6 at_us=22589836
ZWL RELEASE client=3 buffer=17 dead=0
ZWL LAT draw frame=538 at_us=22589844
ZWL LAT acquired frame=538 at_us=22589851
ZWL DAMAGE frame=538 image=0 x=320 y=233 width=640 height=420
ZWL LAT recorded frame=538 at_us=22589964
ZWL COMPOSE frame=538 image=0 windows=1 at_ms=22598
ZWL LAT submit frame=538 at_us=22598473
ZWL LAT shown frame=538 at_us=22600584
ZWL COMMIT client=3 surface=6 buffer=15 queued=0
ZWL ACQUIRE_FENCE client=3 surface=6 generation=1
ZWL LAT adopt surface=6 at_us=22600752
ZWL RELEASE client=3 buffer=19 dead=0
ZWL LAT draw frame=539 at_us=22600762
ZWL LAT acquired frame=539 at_us=22600768
ZWL DAMAGE frame=539 image=0 x=320 y=233 width=640 height=420
ZWL LAT recorded frame=539 at_us=22600879
ZWL COMPOSE frame=539 image=0 windows=1 at_ms=22611
ZWL LAT submit frame=539 at_us=22611959
ZWL LAT shown frame=539 at_us=22614152
ZWL COMMIT client=3 surface=6 buffer=17 queued=0
ZWL ACQUIRE_FENCE client=3 surface=6 generation=1
ZWL LAT adopt surface=6 at_us=22614493
ZWL RELEASE client=3 buffer=15 dead=0
ZWL LAT draw frame=540 at_us=22614508
ZWL LAT acquired frame=540 at_us=22614519
ZWL DAMAGE frame=540 image=0 x=320 y=233 width=640 height=420
ZWL LAT recorded frame=540 at_us=22614721
ZWL COMPOSE frame=540 image=0 windows=1 at_ms=22628
ZWL LAT submit frame=540 at_us=22628080
ZWL LAT shown frame=540 at_us=22630230
ZWL COMMIT client=3 surface=6 buffer=19 queued=0
ZWL ACQUIRE_FENCE client=3 surface=6 generation=1
ZWL LAT adopt surface=6 at_us=22630567
ZWL RELEASE client=3 buffer=17 dead=0
ZWL LAT draw frame=541 at_us=22630577
ZWL LAT acquired frame=541 at_us=22630584
ZWL DAMAGE frame=541 image=0 x=320 y=233 width=640 height=420
ZWL LAT recorded frame=541 at_us=22630744
ZWL COMPOSE frame=541 image=0 windows=1 at_ms=22640
ZWL LAT submit frame=541 at_us=22640941
ZWL LAT shown frame=541 at_us=22643054
ZWL COMMIT client=3 surface=6 buffer=15 queued=0
ZWL ACQUIRE_FENCE client=3 surface=6 generation=1
ZWL LAT adopt surface=6 at_us=22643238
ZWL RELEASE client=3 buffer=19 dead=0
ZWL LAT draw frame=542 at_us=22643249
ZWL LAT acquired frame=542 at_us=22643256
ZWL DAMAGE frame=542 image=0 x=320 y=233 width=640 height=420
ZWL LAT recorded frame=542 at_us=22643434
ZWL COMPOSE frame=542 image=0 windows=1 at_ms=22655
ZWL LAT submit frame=542 at_us=22655510
ZWL LAT shown frame=542 at_us=22657632
ZWL COMMIT client=3 surface=6 buffer=17 queued=0
ZWL ACQUIRE_FENCE client=3 surface=6 generation=1
ZWL LAT adopt surface=6 at_us=22657861
ZWL RELEASE client=3 buffer=15 dead=0
ZWL LAT draw frame=543 at_us=22657871
ZWL LAT acquired frame=543 at_us=22657878
ZWL DAMAGE frame=543 image=0 x=320 y=233 width=640 height=420
ZWL LAT recorded frame=543 at_us=22658016
ZWL COMPOSE frame=543 image=0 windows=1 at_ms=22667
ZWL LAT submit frame=543 at_us=22667211
ZWL LAT shown frame=543 at_us=22669313
ZWL COMMIT client=3 surface=6 buffer=19 queued=0
ZWL ACQUIRE_FENCE client=3 surface=6 generation=1
ZWL LAT adopt surface=6 at_us=22669529
ZWL RELEASE client=3 buffer=17 dead=0
ZWL LAT draw frame=544 at_us=22669537
ZWL LAT acquired frame=544 at_us=22669543
ZWL DAMAGE frame=544 image=0 x=320 y=233 width=640 height=420
ZWL LAT recorded frame=544 at_us=22669675
ZWL COMPOSE frame=544 image=0 windows=1 at_ms=22679
ZWL LAT submit frame=544 at_us=22679390
ZWL LAT shown frame=544 at_us=22681530
ZWL COMMIT client=3 surface=6 buffer=15 queued=0
ZWL ACQUIRE_FENCE client=3 surface=6 generation=1
ZWL LAT adopt surface=6 at_us=22681672
ZWL RELEASE client=3 buffer=19 dead=0
ZWL LAT draw frame=545 at_us=22681684
ZWL LAT acquired frame=545 at_us=22681692
ZWL DAMAGE frame=545 image=0 x=320 y=233 width=640 height=420
ZWL LAT recorded frame=545 at_us=22681869
ZWL COMPOSE frame=545 image=0 windows=1 at_ms=22691
ZWL LAT submit frame=545 at_us=22691794
ZWL LAT shown frame=545 at_us=22693907
ZWL COMMIT client=3 surface=6 buffer=17 queued=0
ZWL ACQUIRE_FENCE client=3 surface=6 generation=1
ZWL LAT adopt surface=6 at_us=22694062
ZWL RELEASE client=3 buffer=15 dead=0
ZWL LAT draw frame=546 at_us=22694072
ZWL LAT acquired frame=546 at_us=22694079
ZWL DAMAGE frame=546 image=0 x=320 y=233 width=640 height=420
ZWL LAT recorded frame=546 at_us=22694249
ZWL COMPOSE frame=546 image=0 windows=1 at_ms=22704
ZWL LAT submit frame=546 at_us=22705001
ZWL LAT shown frame=546 at_us=22707163
ZWL COMMIT client=3 surface=6 buffer=19 queued=0
ZWL ACQUIRE_FENCE client=3 surface=6 generation=1
ZWL LAT adopt surface=6 at_us=22707329
ZWL RELEASE client=3 buffer=17 dead=0
ZWL LAT draw frame=547 at_us=22707340
ZWL LAT acquired frame=547 at_us=22707347
ZWL DAMAGE frame=547 image=0 x=320 y=233 width=640 height=420
ZWL LAT recorded frame=547 at_us=22707512
ZWL COMPOSE frame=547 image=0 windows=1 at_ms=22717
ZWL LAT submit frame=547 at_us=22717399
ZWL LAT shown frame=547 at_us=22719511
ZWL COMMIT client=3 surface=6 buffer=15 queued=0
ZWL ACQUIRE_FENCE client=3 surface=6 generation=1
ZWL LAT adopt surface=6 at_us=22719650
ZWL RELEASE client=3 buffer=19 dead=0
ZWL LAT draw frame=548 at_us=22719659
ZWL LAT acquired frame=548 at_us=22719676
ZWL DAMAGE frame=548 image=0 x=320 y=233 width=640 height=420
ZWL LAT recorded frame=548 at_us=22719827
ZWL COMPOSE frame=548 image=0 windows=1 at_ms=22729
ZWL LAT submit frame=548 at_us=22729290
ZWL LAT shown frame=548 at_us=22731392
ZWL COMMIT client=3 surface=6 buffer=17 queued=0
ZWL ACQUIRE_FENCE client=3 surface=6 generation=1
ZWL LAT adopt surface=6 at_us=22731512
ZWL RELEASE client=3 buffer=15 dead=0
ZWL LAT draw frame=549 at_us=22731520
ZWL LAT acquired frame=549 at_us=22731525
ZWL DAMAGE frame=549 image=0 x=320 y=233 width=640 height=420
ZWL LAT recorded frame=549 at_us=22731663
ZWL COMPOSE frame=549 image=0 windows=1 at_ms=22740
ZWL LAT submit frame=549 at_us=22740913
ZWL LAT shown frame=549 at_us=22743046
ZWL COMMIT client=3 surface=6 buffer=19 queued=0
ZWL ACQUIRE_FENCE client=3 surface=6 generation=1
ZWL LAT adopt surface=6 at_us=22743197
ZWL RELEASE client=3 buffer=17 dead=0
ZWL LAT draw frame=550 at_us=22743210
ZWL LAT acquired frame=550 at_us=22743218
ZWL DAMAGE frame=550 image=0 x=320 y=233 width=640 height=420
ZWL LAT recorded frame=550 at_us=22743388
ZWL COMPOSE frame=550 image=0 windows=1 at_ms=22752
ZWL LAT submit frame=550 at_us=22752601
ZWL LAT shown frame=550 at_us=22754722
ZWL COMMIT client=3 surface=6 buffer=15 queued=0
ZWL ACQUIRE_FENCE client=3 surface=6 generation=1
ZWL LAT adopt surface=6 at_us=22754991
ZWL RELEASE client=3 buffer=19 dead=0
ZWL LAT draw frame=551 at_us=22755003
ZWL LAT acquired frame=551 at_us=22755010
ZWL DAMAGE frame=551 image=0 x=320 y=233 width=640 height=420
ZWL LAT recorded frame=551 at_us=22755161
ZWL COMPOSE frame=551 image=0 windows=1 at_ms=22764
ZWL LAT submit frame=551 at_us=22764480
ZWL LAT shown frame=551 at_us=22766592
ZWL COMMIT client=3 surface=6 buffer=17 queued=0
ZWL ACQUIRE_FENCE client=3 surface=6 generation=1
ZWL LAT adopt surface=6 at_us=22766839
ZWL RELEASE client=3 buffer=15 dead=0
ZWL LAT draw frame=552 at_us=22766849
ZWL LAT acquired frame=552 at_us=22766856
ZWL DAMAGE frame=552 image=0 x=320 y=233 width=640 height=420
ZWL LAT recorded frame=552 at_us=22767000
ZWL COMPOSE frame=552 image=0 windows=1 at_ms=22775
ZWL LAT submit frame=552 at_us=22775955
ZWL LAT shown frame=552 at_us=22778056
ZWL COMMIT client=3 surface=6 buffer=19 queued=0
ZWL ACQUIRE_FENCE client=3 surface=6 generation=1
ZWL LAT adopt surface=6 at_us=22778282
ZWL RELEASE client=3 buffer=17 dead=0
ZWL LAT draw frame=553 at_us=22778289
ZWL LAT acquired frame=553 at_us=22778294
ZWL DAMAGE frame=553 image=0 x=320 y=233 width=640 height=420
ZWL LAT recorded frame=553 at_us=22778396
ZWL COMPOSE frame=553 image=0 windows=1 at_ms=22786
ZWL LAT submit frame=553 at_us=22786476
ZWL LAT shown frame=553 at_us=22788589
ZWL COMMIT client=3 surface=6 buffer=15 queued=0
ZWL ACQUIRE_FENCE client=3 surface=6 generation=1
ZWL LAT adopt surface=6 at_us=22788742
ZWL RELEASE client=3 buffer=19 dead=0
ZWL LAT draw frame=554 at_us=22788751
ZWL LAT acquired frame=554 at_us=22788757
ZWL DAMAGE frame=554 image=0 x=320 y=233 width=640 height=420
ZWL LAT recorded frame=554 at_us=22788889
ZWL COMPOSE frame=554 image=0 windows=1 at_ms=22796
ZWL LAT submit frame=554 at_us=22796534
ZWL LAT shown frame=554 at_us=22798634
ZWL COMMIT client=3 surface=6 buffer=17 queued=0
ZWL ACQUIRE_FENCE client=3 surface=6 generation=1
ZWL LAT adopt surface=6 at_us=22798889
ZWL RELEASE client=3 buffer=15 dead=0
ZWL LAT draw frame=555 at_us=22798895
ZWL LAT acquired frame=555 at_us=22798899
ZWL DAMAGE frame=555 image=0 x=320 y=233 width=640 height=420
ZWL LAT recorded frame=555 at_us=22799009
ZWL COMPOSE frame=555 image=0 windows=1 at_ms=22807
ZWL LAT submit frame=555 at_us=22807095
ZWL LAT shown frame=555 at_us=22809180
ZWL COMMIT client=3 surface=6 buffer=19 queued=0
ZWL ACQUIRE_FENCE client=3 surface=6 generation=1
ZWL LAT adopt surface=6 at_us=22809414
ZWL RELEASE client=3 buffer=17 dead=0
ZWL LAT draw frame=556 at_us=22809419
ZWL LAT acquired frame=556 at_us=22809423
ZWL DAMAGE frame=556 image=0 x=320 y=233 width=640 height=420
ZWL LAT recorded frame=556 at_us=22809547
ZWL COMPOSE frame=556 image=0 windows=1 at_ms=22817
ZWL LAT submit frame=556 at_us=22817759
ZWL LAT shown frame=556 at_us=22819866
ZWL COMMIT client=3 surface=6 buffer=15 queued=0
ZWL ACQUIRE_FENCE client=3 surface=6 generation=1
ZWL LAT adopt surface=6 at_us=22820030
ZWL RELEASE client=3 buffer=19 dead=0
ZWL LAT draw frame=557 at_us=22820038
ZWL LAT acquired frame=557 at_us=22820044
ZWL DAMAGE frame=557 image=0 x=320 y=233 width=640 height=420
ZWL LAT recorded frame=557 at_us=22820146
ZWL COMPOSE frame=557 image=0 windows=1 at_ms=22828
ZWL LAT submit frame=557 at_us=22828534
ZWL LAT shown frame=557 at_us=22830633
ZWL COMMIT client=3 surface=6 buffer=17 queued=0
ZWL ACQUIRE_FENCE client=3 surface=6 generation=1
ZWL LAT adopt surface=6 at_us=22830891
ZWL RELEASE client=3 buffer=15 dead=0
ZWL LAT draw frame=558 at_us=22830898
ZWL LAT acquired frame=558 at_us=22830902
ZWL DAMAGE frame=558 image=0 x=320 y=233 width=640 height=420
ZWL LAT recorded frame=558 at_us=22831027
ZWL COMPOSE frame=558 image=0 windows=1 at_ms=22838
ZWL LAT submit frame=558 at_us=22838989
ZWL LAT shown frame=558 at_us=22841082
ZWL COMMIT client=3 surface=6 buffer=19 queued=0
ZWL ACQUIRE_FENCE client=3 surface=6 generation=1
ZWL LAT adopt surface=6 at_us=22841321
ZWL RELEASE client=3 buffer=17 dead=0
ZWL LAT draw frame=559 at_us=22841327
ZWL LAT acquired frame=559 at_us=22841331
ZWL DAMAGE frame=559 image=0 x=320 y=233 width=640 height=420
ZWL LAT recorded frame=559 at_us=22841452
ZWL COMPOSE frame=559 image=0 windows=1 at_ms=22849
ZWL LAT submit frame=559 at_us=22849456
ZWL LAT shown frame=559 at_us=22851544
ZWL COMMIT client=3 surface=6 buffer=15 queued=0
ZWL ACQUIRE_FENCE client=3 surface=6 generation=1
ZWL LAT adopt surface=6 at_us=22851683
ZWL RELEASE client=3 buffer=19 dead=0
ZWL LAT draw frame=560 at_us=22851689
ZWL LAT acquired frame=560 at_us=22851692
ZWL DAMAGE frame=560 image=0 x=320 y=233 width=640 height=420
ZWL LAT recorded frame=560 at_us=22851807
ZWL COMPOSE frame=560 image=0 windows=1 at_ms=22860
ZWL LAT submit frame=560 at_us=22860514
ZWL LAT shown frame=560 at_us=22930332
ZWL COMMIT client=3 surface=6 buffer=17 queued=0
ZWL ACQUIRE_FENCE client=3 surface=6 generation=1
ZWL LAT adopt surface=6 at_us=22930693
ZWL RELEASE client=3 buffer=15 dead=0
ZWL LAT draw frame=561 at_us=22930709
ZWL LAT acquired frame=561 at_us=22930722
ZWL DAMAGE frame=561 image=0 x=320 y=233 width=640 height=420
ZWL LAT recorded frame=561 at_us=22930957
ZWL COMPOSE frame=561 image=0 windows=1 at_ms=22943
ZWL LAT submit frame=561 at_us=22943886
ZWL LAT shown frame=561 at_us=22946050
ZWL COMMIT client=3 surface=6 buffer=19 queued=0
ZWL ACQUIRE_FENCE client=3 surface=6 generation=1
ZWL LAT adopt surface=6 at_us=22946744
ZWL RELEASE client=3 buffer=17 dead=0
ZWL LAT draw frame=562 at_us=22946759
ZWL LAT acquired frame=562 at_us=22946771
ZWL DAMAGE frame=562 image=0 x=320 y=233 width=640 height=420
ZWL LAT recorded frame=562 at_us=22947042
ZWL COMPOSE frame=562 image=0 windows=1 at_ms=22959
ZWL LAT submit frame=562 at_us=22959539
ZWL LAT shown frame=562 at_us=22961662
ZWL COMMIT client=3 surface=6 buffer=15 queued=0
ZWL ACQUIRE_FENCE client=3 surface=6 generation=1
ZWL LAT adopt surface=6 at_us=22961897
ZWL RELEASE client=3 buffer=19 dead=0
ZWL LAT draw frame=563 at_us=22961908
ZWL LAT acquired frame=563 at_us=22961915
ZWL DAMAGE frame=563 image=0 x=320 y=233 width=640 height=420
ZWL LAT recorded frame=563 at_us=22962080
ZWL COMPOSE frame=563 image=0 windows=1 at_ms=22972
ZWL LAT submit frame=563 at_us=22972557
ZWL LAT shown frame=563 at_us=22974773
ZWL COMMIT client=3 surface=6 buffer=17 queued=0
ZWL ACQUIRE_FENCE client=3 surface=6 generation=1
ZWL LAT adopt surface=6 at_us=22975066
ZWL RELEASE client=3 buffer=15 dead=0
ZWL LAT draw frame=564 at_us=22975081
ZWL LAT acquired frame=564 at_us=22975091
ZWL DAMAGE frame=564 image=0 x=320 y=233 width=640 height=420
ZWL LAT recorded frame=564 at_us=22975288
ZWL COMPOSE frame=564 image=0 windows=1 at_ms=22989
ZWL LAT submit frame=564 at_us=22989597
ZWL LAT shown frame=564 at_us=22991791
ZWL COMMIT client=3 surface=6 buffer=19 queued=0
ZWL ACQUIRE_FENCE client=3 surface=6 generation=1
ZWL LAT adopt surface=6 at_us=22992054
ZWL RELEASE client=3 buffer=17 dead=0
ZWL LAT draw frame=565 at_us=22992066
ZWL LAT acquired frame=565 at_us=22992075
ZWL DAMAGE frame=565 image=0 x=320 y=233 width=640 height=420
ZWL LAT recorded frame=565 at_us=22992257
ZWL COMPOSE frame=565 image=0 windows=1 at_ms=23004
ZWL LAT submit frame=565 at_us=23004509
ZWL LAT shown frame=565 at_us=23006666
ZWL COMMIT client=3 surface=6 buffer=15 queued=0
ZWL ACQUIRE_FENCE client=3 surface=6 generation=1
ZWL LAT adopt surface=6 at_us=23006985
ZWL RELEASE client=3 buffer=19 dead=0
ZWL LAT draw frame=566 at_us=23006999
ZWL LAT acquired frame=566 at_us=23007009
ZWL DAMAGE frame=566 image=0 x=320 y=233 width=640 height=420
ZWL LAT recorded frame=566 at_us=23007203
ZWL COMPOSE frame=566 image=0 windows=1 at_ms=23019
ZWL LAT submit frame=566 at_us=23019065
ZWL LAT shown frame=566 at_us=23021199
ZWL COMMIT client=3 surface=6 buffer=17 queued=0
ZWL ACQUIRE_FENCE client=3 surface=6 generation=1
ZWL LAT adopt surface=6 at_us=23021350
ZWL RELEASE client=3 buffer=15 dead=0
ZWL LAT draw frame=567 at_us=23021361
ZWL LAT acquired frame=567 at_us=23021369
ZWL DAMAGE frame=567 image=0 x=320 y=233 width=640 height=420
ZWL LAT recorded frame=567 at_us=23021555
ZWL COMPOSE frame=567 image=0 windows=1 at_ms=23033
ZWL LAT submit frame=567 at_us=23033985
ZWL LAT shown frame=567 at_us=23036100
ZWL COMMIT client=3 surface=6 buffer=19 queued=0
ZWL ACQUIRE_FENCE client=3 surface=6 generation=1
ZWL LAT adopt surface=6 at_us=23036276
ZWL RELEASE client=3 buffer=17 dead=0
ZWL LAT draw frame=568 at_us=23036286
ZWL LAT acquired frame=568 at_us=23036292
ZWL DAMAGE frame=568 image=0 x=320 y=233 width=640 height=420
ZWL LAT recorded frame=568 at_us=23036464
ZWL COMPOSE frame=568 image=0 windows=1 at_ms=23048
ZWL LAT submit frame=568 at_us=23048133
ZWL LAT shown frame=568 at_us=23050254
ZWL COMMIT client=3 surface=6 buffer=15 queued=0
ZWL ACQUIRE_FENCE client=3 surface=6 generation=1
ZWL LAT adopt surface=6 at_us=23050503
ZWL RELEASE client=3 buffer=19 dead=0
ZWL LAT draw frame=569 at_us=23050512
ZWL LAT acquired frame=569 at_us=23050519
ZWL DAMAGE frame=569 image=0 x=320 y=233 width=640 height=420
ZWL LAT recorded frame=569 at_us=23050683
ZWL COMPOSE frame=569 image=0 windows=1 at_ms=23062
ZWL LAT submit frame=569 at_us=23062212
ZWL LAT shown frame=569 at_us=23064352
ZWL COMMIT client=3 surface=6 buffer=17 queued=0
ZWL ACQUIRE_FENCE client=3 surface=6 generation=1
ZWL LAT adopt surface=6 at_us=23064555
ZWL RELEASE client=3 buffer=15 dead=0
ZWL LAT draw frame=570 at_us=23064568
ZWL LAT acquired frame=570 at_us=23064578
ZWL DAMAGE frame=570 image=0 x=320 y=233 width=640 height=420
ZWL LAT recorded frame=570 at_us=23064790
ZWL COMPOSE frame=570 image=0 windows=1 at_ms=23074
ZWL LAT submit frame=570 at_us=23074978
ZWL LAT shown frame=570 at_us=23077106
ZWL COMMIT client=3 surface=6 buffer=19 queued=0
ZWL ACQUIRE_FENCE client=3 surface=6 generation=1
ZWL LAT adopt surface=6 at_us=23077398
ZWL RELEASE client=3 buffer=17 dead=0
ZWL LAT draw frame=571 at_us=23077411
ZWL LAT acquired frame=571 at_us=23077419
ZWL DAMAGE frame=571 image=0 x=320 y=233 width=640 height=420
ZWL LAT recorded frame=571 at_us=23077594
ZWL COMPOSE frame=571 image=0 windows=1 at_ms=23089
ZWL LAT submit frame=571 at_us=23089071
ZWL LAT shown frame=571 at_us=23091250
ZWL COMMIT client=3 surface=6 buffer=15 queued=0
ZWL ACQUIRE_FENCE client=3 surface=6 generation=1
ZWL LAT adopt surface=6 at_us=23091468
ZWL RELEASE client=3 buffer=19 dead=0
ZWL LAT draw frame=572 at_us=23091481
ZWL LAT acquired frame=572 at_us=23091491
ZWL DAMAGE frame=572 image=0 x=320 y=233 width=640 height=420
ZWL LAT recorded frame=572 at_us=23091670
ZWL COMPOSE frame=572 image=0 windows=1 at_ms=23105
ZWL LAT submit frame=572 at_us=23105642
ZWL LAT shown frame=572 at_us=23107800
ZWL COMMIT client=3 surface=6 buffer=17 queued=0
ZWL ACQUIRE_FENCE client=3 surface=6 generation=1
ZWL LAT adopt surface=6 at_us=23108095
ZWL RELEASE client=3 buffer=15 dead=0
ZWL LAT draw frame=573 at_us=23108110
ZWL LAT acquired frame=573 at_us=23108139
ZWL DAMAGE frame=573 image=0 x=320 y=233 width=640 height=420
ZWL LAT recorded frame=573 at_us=23108361
ZWL COMPOSE frame=573 image=0 windows=1 at_ms=23123
ZWL LAT submit frame=573 at_us=23123435
ZWL LAT shown frame=573 at_us=23125556
ZWL COMMIT client=3 surface=6 buffer=19 queued=0
ZWL ACQUIRE_FENCE client=3 surface=6 generation=1
ZWL LAT adopt surface=6 at_us=23125836
ZWL RELEASE client=3 buffer=17 dead=0
ZWL LAT draw frame=574 at_us=23125847
ZWL LAT acquired frame=574 at_us=23125855
ZWL DAMAGE frame=574 image=0 x=320 y=233 width=640 height=420
ZWL LAT recorded frame=574 at_us=23125999
ZWL COMPOSE frame=574 image=0 windows=1 at_ms=23136
ZWL LAT submit frame=574 at_us=23136140
ZWL LAT shown frame=574 at_us=23138260
ZWL COMMIT client=3 surface=6 buffer=15 queued=0
ZWL ACQUIRE_FENCE client=3 surface=6 generation=1
ZWL LAT adopt surface=6 at_us=23138515
ZWL RELEASE client=3 buffer=19 dead=0
ZWL LAT draw frame=575 at_us=23138526
ZWL LAT acquired frame=575 at_us=23138534
ZWL DAMAGE frame=575 image=0 x=320 y=233 width=640 height=420
ZWL LAT recorded frame=575 at_us=23138663
ZWL COMPOSE frame=575 image=0 windows=1 at_ms=23151
ZWL LAT submit frame=575 at_us=23151897
ZWL LAT shown frame=575 at_us=23154099
ZWL COMMIT client=3 surface=6 buffer=17 queued=0
ZWL ACQUIRE_FENCE client=3 surface=6 generation=1
ZWL LAT adopt surface=6 at_us=23154355
ZWL RELEASE client=3 buffer=15 dead=0
ZWL LAT draw frame=576 at_us=23154367
ZWL LAT acquired frame=576 at_us=23154375
ZWL DAMAGE frame=576 image=0 x=320 y=233 width=640 height=420
ZWL LAT recorded frame=576 at_us=23154551
ZWL COMPOSE frame=576 image=0 windows=1 at_ms=23163
ZWL LAT submit frame=576 at_us=23163702
ZWL LAT shown frame=576 at_us=23165816
ZWL COMMIT client=3 surface=6 buffer=19 queued=0
ZWL ACQUIRE_FENCE client=3 surface=6 generation=1
ZWL LAT adopt surface=6 at_us=23166043
ZWL RELEASE client=3 buffer=17 dead=0
ZWL LAT draw frame=577 at_us=23166053
ZWL LAT acquired frame=577 at_us=23166060
ZWL DAMAGE frame=577 image=0 x=320 y=233 width=640 height=420
ZWL LAT recorded frame=577 at_us=23166220
ZWL COMPOSE frame=577 image=0 windows=1 at_ms=23176
ZWL LAT submit frame=577 at_us=23176908
ZWL LAT shown frame=577 at_us=23179026
ZWL COMMIT client=3 surface=6 buffer=15 queued=0
ZWL ACQUIRE_FENCE client=3 surface=6 generation=1
ZWL LAT adopt surface=6 at_us=23179217
ZWL RELEASE client=3 buffer=19 dead=0
ZWL LAT draw frame=578 at_us=23179227
ZWL LAT acquired frame=578 at_us=23179234
ZWL DAMAGE frame=578 image=0 x=320 y=233 width=640 height=420
ZWL LAT recorded frame=578 at_us=23179364
ZWL COMPOSE frame=578 image=0 windows=1 at_ms=23192
ZWL LAT submit frame=578 at_us=23192594
ZWL LAT shown frame=578 at_us=23194717
ZWL COMMIT client=3 surface=6 buffer=17 queued=0
ZWL ACQUIRE_FENCE client=3 surface=6 generation=1
ZWL LAT adopt surface=6 at_us=23194946
ZWL RELEASE client=3 buffer=15 dead=0
ZWL LAT draw frame=579 at_us=23194956
ZWL LAT acquired frame=579 at_us=23194964
ZWL DAMAGE frame=579 image=0 x=320 y=233 width=640 height=420
ZWL LAT recorded frame=579 at_us=23195103
ZWL COMPOSE frame=579 image=0 windows=1 at_ms=23208
ZWL LAT submit frame=579 at_us=23208122
ZWL LAT shown frame=579 at_us=23210241
ZWL COMMIT client=3 surface=6 buffer=19 queued=0
ZWL ACQUIRE_FENCE client=3 surface=6 generation=1
ZWL LAT adopt surface=6 at_us=23210464
ZWL RELEASE client=3 buffer=17 dead=0
ZWL LAT draw frame=580 at_us=23210476
ZWL LAT acquired frame=580 at_us=23210483
ZWL DAMAGE frame=580 image=0 x=320 y=233 width=640 height=420
ZWL LAT recorded frame=580 at_us=23210630
ZWL COMPOSE frame=580 image=0 windows=1 at_ms=23223
ZWL LAT submit frame=580 at_us=23223393
ZWL LAT shown frame=580 at_us=23225489
ZWL COMMIT client=3 surface=6 buffer=15 queued=0
ZWL ACQUIRE_FENCE client=3 surface=6 generation=1
ZWL LAT adopt surface=6 at_us=23225726
ZWL RELEASE client=3 buffer=19 dead=0
ZWL LAT draw frame=581 at_us=23225733
ZWL LAT acquired frame=581 at_us=23225738
ZWL DAMAGE frame=581 image=0 x=320 y=233 width=640 height=420
ZWL LAT recorded frame=581 at_us=23225848
ZWL COMPOSE frame=581 image=0 windows=1 at_ms=23237
ZWL LAT submit frame=581 at_us=23237588
ZWL LAT shown frame=581 at_us=23239690
ZWL COMMIT client=3 surface=6 buffer=17 queued=0
ZWL ACQUIRE_FENCE client=3 surface=6 generation=1
ZWL LAT adopt surface=6 at_us=23239840
ZWL RELEASE client=3 buffer=15 dead=0
ZWL LAT draw frame=582 at_us=23239848
ZWL LAT acquired frame=582 at_us=23239853
ZWL DAMAGE frame=582 image=0 x=320 y=233 width=640 height=420
ZWL LAT recorded frame=582 at_us=23239967
ZWL COMPOSE frame=582 image=0 windows=1 at_ms=23251
ZWL LAT submit frame=582 at_us=23251126
ZWL LAT shown frame=582 at_us=23253262
ZWL COMMIT client=3 surface=6 buffer=19 queued=0
ZWL ACQUIRE_FENCE client=3 surface=6 generation=1
ZWL LAT adopt surface=6 at_us=23253500
ZWL RELEASE client=3 buffer=17 dead=0
ZWL LAT draw frame=583 at_us=23253511
ZWL LAT acquired frame=583 at_us=23253519
ZWL DAMAGE frame=583 image=0 x=320 y=233 width=640 height=420
ZWL LAT recorded frame=583 at_us=23253661
ZWL COMPOSE frame=583 image=0 windows=1 at_ms=23264
ZWL LAT submit frame=583 at_us=23264113
ZWL LAT shown frame=583 at_us=23266224
ZWL COMMIT client=3 surface=6 buffer=15 queued=0
ZWL ACQUIRE_FENCE client=3 surface=6 generation=1
ZWL LAT adopt surface=6 at_us=23266425
ZWL RELEASE client=3 buffer=19 dead=0
ZWL LAT draw frame=584 at_us=23266435
ZWL LAT acquired frame=584 at_us=23266441
ZWL DAMAGE frame=584 image=0 x=320 y=233 width=640 height=420
ZWL LAT recorded frame=584 at_us=23266565
ZWL COMPOSE frame=584 image=0 windows=1 at_ms=23276
ZWL LAT submit frame=584 at_us=23276647
ZWL LAT shown frame=584 at_us=23278755
ZWL COMMIT client=3 surface=6 buffer=17 queued=0
ZWL ACQUIRE_FENCE client=3 surface=6 generation=1
ZWL LAT adopt surface=6 at_us=23278969
ZWL RELEASE client=3 buffer=15 dead=0
ZWL LAT draw frame=585 at_us=23278978
ZWL LAT acquired frame=585 at_us=23278984
ZWL DAMAGE frame=585 image=0 x=320 y=233 width=640 height=420
ZWL LAT recorded frame=585 at_us=23279093
ZWL COMPOSE frame=585 image=0 windows=1 at_ms=23290
ZWL LAT submit frame=585 at_us=23290999
ZWL LAT shown frame=585 at_us=23293214
ZWL COMMIT client=3 surface=6 buffer=19 queued=0
ZWL ACQUIRE_FENCE client=3 surface=6 generation=1
ZWL LAT adopt surface=6 at_us=23293463
ZWL RELEASE client=3 buffer=17 dead=0
ZWL LAT draw frame=586 at_us=23293475
ZWL LAT acquired frame=586 at_us=23293483
ZWL DAMAGE frame=586 image=0 x=320 y=233 width=640 height=420
ZWL LAT recorded frame=586 at_us=23293668
ZWL COMPOSE frame=586 image=0 windows=1 at_ms=23304
ZWL LAT submit frame=586 at_us=23304088
ZWL LAT shown frame=586 at_us=23306291
ZWL COMMIT client=3 surface=6 buffer=15 queued=0
ZWL ACQUIRE_FENCE client=3 surface=6 generation=1
ZWL LAT adopt surface=6 at_us=23306535
ZWL RELEASE client=3 buffer=19 dead=0
ZWL LAT draw frame=587 at_us=23306546
ZWL LAT acquired frame=587 at_us=23306555
ZWL DAMAGE frame=587 image=0 x=320 y=233 width=640 height=420
ZWL LAT recorded frame=587 at_us=23306711
ZWL COMPOSE frame=587 image=0 windows=1 at_ms=23316
ZWL LAT submit frame=587 at_us=23316757
ZWL LAT shown frame=587 at_us=23318910
ZWL COMMIT client=3 surface=6 buffer=17 queued=0
ZWL ACQUIRE_FENCE client=3 surface=6 generation=1
ZWL LAT adopt surface=6 at_us=23319136
ZWL RELEASE client=3 buffer=15 dead=0
ZWL LAT draw frame=588 at_us=23319148
ZWL LAT acquired frame=588 at_us=23319156
ZWL DAMAGE frame=588 image=0 x=320 y=233 width=640 height=420
ZWL LAT recorded frame=588 at_us=23319333
ZWL COMPOSE frame=588 image=0 windows=1 at_ms=23330
ZWL LAT submit frame=588 at_us=23330232
ZWL LAT shown frame=588 at_us=23332351
ZWL COMMIT client=3 surface=6 buffer=19 queued=0
ZWL ACQUIRE_FENCE client=3 surface=6 generation=1
ZWL LAT adopt surface=6 at_us=23332513
ZWL RELEASE client=3 buffer=17 dead=0
ZWL LAT draw frame=589 at_us=23332523
ZWL LAT acquired frame=589 at_us=23332529
ZWL DAMAGE frame=589 image=0 x=320 y=233 width=640 height=420
ZWL LAT recorded frame=589 at_us=23332642
ZWL COMPOSE frame=589 image=0 windows=1 at_ms=23344
ZWL LAT submit frame=589 at_us=23344410
ZWL LAT shown frame=589 at_us=23346579
ZWL COMMIT client=3 surface=6 buffer=15 queued=0
ZWL ACQUIRE_FENCE client=3 surface=6 generation=1
ZWL LAT adopt surface=6 at_us=23346948
ZWL RELEASE client=3 buffer=19 dead=0
ZWL LAT draw frame=590 at_us=23346965
ZWL LAT acquired frame=590 at_us=23346977
ZWL DAMAGE frame=590 image=0 x=320 y=233 width=640 height=420
ZWL LAT recorded frame=590 at_us=23347194
ZWL COMPOSE frame=590 image=0 windows=1 at_ms=23358
ZWL LAT submit frame=590 at_us=23358122
ZWL LAT shown frame=590 at_us=23360260
ZWL COMMIT client=3 surface=6 buffer=17 queued=0
ZWL ACQUIRE_FENCE client=3 surface=6 generation=1
ZWL LAT adopt surface=6 at_us=23360406
ZWL RELEASE client=3 buffer=15 dead=0
ZWL LAT draw frame=591 at_us=23360421
ZWL LAT acquired frame=591 at_us=23360430
ZWL DAMAGE frame=591 image=0 x=320 y=233 width=640 height=420
ZWL LAT recorded frame=591 at_us=23360608
ZWL COMPOSE frame=591 image=0 windows=1 at_ms=23372
ZWL LAT submit frame=591 at_us=23372566
ZWL LAT shown frame=591 at_us=23374679
ZWL COMMIT client=3 surface=6 buffer=19 queued=0
ZWL ACQUIRE_FENCE client=3 surface=6 generation=1
ZWL LAT adopt surface=6 at_us=23374913
ZWL RELEASE client=3 buffer=17 dead=0
ZWL LAT draw frame=592 at_us=23374921
ZWL LAT acquired frame=592 at_us=23374927
ZWL DAMAGE frame=592 image=0 x=320 y=233 width=640 height=420
ZWL LAT recorded frame=592 at_us=23375082
ZWL COMPOSE frame=592 image=0 windows=1 at_ms=23384
ZWL LAT submit frame=592 at_us=23384817
ZWL LAT shown frame=592 at_us=23386911
ZWL COMMIT client=3 surface=6 buffer=15 queued=0
ZWL ACQUIRE_FENCE client=3 surface=6 generation=1
ZWL LAT adopt surface=6 at_us=23387069
ZWL RELEASE client=3 buffer=19 dead=0
ZWL LAT draw frame=593 at_us=23387076
ZWL LAT acquired frame=593 at_us=23387080
ZWL DAMAGE frame=593 image=0 x=320 y=233 width=640 height=420
ZWL LAT recorded frame=593 at_us=23387223
ZWL COMPOSE frame=593 image=0 windows=1 at_ms=23395
ZWL LAT submit frame=593 at_us=23395803
ZWL LAT shown frame=593 at_us=23397897
ZWL COMMIT client=3 surface=6 buffer=17 queued=0
ZWL ACQUIRE_FENCE client=3 surface=6 generation=1
ZWL LAT adopt surface=6 at_us=23398115
ZWL RELEASE client=3 buffer=15 dead=0
ZWL LAT draw frame=594 at_us=23398121
ZWL LAT acquired frame=594 at_us=23398126
ZWL DAMAGE frame=594 image=0 x=320 y=233 width=640 height=420
ZWL LAT recorded frame=594 at_us=23398263
ZWL COMPOSE frame=594 image=0 windows=1 at_ms=23407
ZWL LAT submit frame=594 at_us=23407253
ZWL LAT shown frame=594 at_us=23409344
ZWL COMMIT client=3 surface=6 buffer=19 queued=0
ZWL ACQUIRE_FENCE client=3 surface=6 generation=1
ZWL LAT adopt surface=6 at_us=23409558
ZWL RELEASE client=3 buffer=17 dead=0
ZWL LAT draw frame=595 at_us=23409564
ZWL LAT acquired frame=595 at_us=23409568
ZWL DAMAGE frame=595 image=0 x=320 y=233 width=640 height=420
ZWL LAT recorded frame=595 at_us=23409697
ZWL COMPOSE frame=595 image=0 windows=1 at_ms=23418
ZWL LAT submit frame=595 at_us=23419005
ZWL LAT shown frame=595 at_us=23421101
ZWL COMMIT client=3 surface=6 buffer=15 queued=0
ZWL ACQUIRE_FENCE client=3 surface=6 generation=1
ZWL LAT adopt surface=6 at_us=23421255
ZWL RELEASE client=3 buffer=19 dead=0
ZWL LAT draw frame=596 at_us=23421261
ZWL LAT acquired frame=596 at_us=23421266
ZWL DAMAGE frame=596 image=0 x=320 y=233 width=640 height=420
ZWL LAT recorded frame=596 at_us=23421405
ZWL COMPOSE frame=596 image=0 windows=1 at_ms=23432
ZWL LAT submit frame=596 at_us=23432182
ZWL LAT shown frame=596 at_us=23434326
ZWL COMMIT client=3 surface=6 buffer=17 queued=0
ZWL ACQUIRE_FENCE client=3 surface=6 generation=1
ZWL LAT adopt surface=6 at_us=23434551
ZWL RELEASE client=3 buffer=15 dead=0
ZWL LAT draw frame=597 at_us=23434563
ZWL LAT acquired frame=597 at_us=23434571
ZWL DAMAGE frame=597 image=0 x=320 y=233 width=640 height=420
ZWL LAT recorded frame=597 at_us=23434742
ZWL COMPOSE frame=597 image=0 windows=1 at_ms=23445
ZWL LAT submit frame=597 at_us=23445421
ZWL LAT shown frame=597 at_us=23447550
ZWL COMMIT client=3 surface=6 buffer=19 queued=0
ZWL ACQUIRE_FENCE client=3 surface=6 generation=1
ZWL LAT adopt surface=6 at_us=23447713
ZWL RELEASE client=3 buffer=17 dead=0
ZWL LAT draw frame=598 at_us=23447722
ZWL LAT acquired frame=598 at_us=23447729
ZWL DAMAGE frame=598 image=0 x=320 y=233 width=640 height=420
ZWL LAT recorded frame=598 at_us=23447904
ZWL COMPOSE frame=598 image=0 windows=1 at_ms=23459
ZWL LAT submit frame=598 at_us=23459797
ZWL LAT shown frame=598 at_us=23461912
ZWL COMMIT client=3 surface=6 buffer=15 queued=0
ZWL ACQUIRE_FENCE client=3 surface=6 generation=1
ZWL LAT adopt surface=6 at_us=23462137
ZWL RELEASE client=3 buffer=19 dead=0
ZWL LAT draw frame=599 at_us=23462147
ZWL LAT acquired frame=599 at_us=23462153
ZWL DAMAGE frame=599 image=0 x=320 y=233 width=640 height=420
ZWL LAT recorded frame=599 at_us=23462308
ZWL COMPOSE frame=599 image=0 windows=1 at_ms=23473
ZWL LAT submit frame=599 at_us=23473602
ZWL LAT shown frame=599 at_us=23475747
ZWL COMMIT client=3 surface=6 buffer=17 queued=0
ZWL ACQUIRE_FENCE client=3 surface=6 generation=1
ZWL LAT adopt surface=6 at_us=23475896
ZWL RELEASE client=3 buffer=15 dead=0
ZWL LAT draw frame=600 at_us=23475907
ZWL LAT acquired frame=600 at_us=23475914
ZWL DAMAGE frame=600 image=0 x=320 y=233 width=640 height=420
ZWL LAT recorded frame=600 at_us=23476106
ZWL COMPOSE frame=600 image=0 windows=1 at_ms=23487
ZWL LAT submit frame=600 at_us=23487965
ZWL LAT shown frame=600 at_us=23490081
ZWL COMMIT client=3 surface=6 buffer=19 queued=0
ZWL ACQUIRE_FENCE client=3 surface=6 generation=1
ZWL LAT adopt surface=6 at_us=23490324
ZWL RELEASE client=3 buffer=17 dead=0
ZWL LAT draw frame=601 at_us=23490334
ZWL LAT acquired frame=601 at_us=23490341
ZWL DAMAGE frame=601 image=0 x=320 y=233 width=640 height=420
ZWL LAT recorded frame=601 at_us=23490476
ZWL COMPOSE frame=601 image=0 windows=1 at_ms=23501
ZWL LAT submit frame=601 at_us=23501049
ZWL LAT shown frame=601 at_us=23503167
ZWL COMMIT client=3 surface=6 buffer=15 queued=0
ZWL ACQUIRE_FENCE client=3 surface=6 generation=1
ZWL LAT adopt surface=6 at_us=23503387
ZWL RELEASE client=3 buffer=19 dead=0
ZWL LAT draw frame=602 at_us=23503398
ZWL LAT acquired frame=602 at_us=23503405
ZWL DAMAGE frame=602 image=0 x=320 y=233 width=640 height=420
ZWL LAT recorded frame=602 at_us=23503585
ZWL COMPOSE frame=602 image=0 windows=1 at_ms=23513
ZWL LAT submit frame=602 at_us=23513906
ZWL LAT shown frame=602 at_us=23516050
ZWL COMMIT client=3 surface=6 buffer=17 queued=0
ZWL ACQUIRE_FENCE client=3 surface=6 generation=1
ZWL LAT adopt surface=6 at_us=23516205
ZWL RELEASE client=3 buffer=15 dead=0
ZWL LAT draw frame=603 at_us=23516217
ZWL LAT acquired frame=603 at_us=23516224
ZWL DAMAGE frame=603 image=0 x=320 y=233 width=640 height=420
ZWL LAT recorded frame=603 at_us=23516370
ZWL COMPOSE frame=603 image=0 windows=1 at_ms=23524
ZWL LAT submit frame=603 at_us=23524671
ZWL LAT shown frame=603 at_us=23526802
ZWL COMMIT client=3 surface=6 buffer=19 queued=0
ZWL ACQUIRE_FENCE client=3 surface=6 generation=1
ZWL LAT adopt surface=6 at_us=23527014
ZWL RELEASE client=3 buffer=17 dead=0
ZWL LAT draw frame=604 at_us=23527024
ZWL LAT acquired frame=604 at_us=23527031
ZWL DAMAGE frame=604 image=0 x=320 y=233 width=640 height=420
ZWL LAT recorded frame=604 at_us=23527161
ZWL COMPOSE frame=604 image=0 windows=1 at_ms=23534
ZWL LAT submit frame=604 at_us=23534987
ZWL LAT shown frame=604 at_us=23537092
ZWL CLIENT gone client=3 reason=read
ZWL CLEANUP client=3 objects=12 unread_fds=0
ZWL RELEASE client=3 buffer=19 dead=0
ZWL LAT draw frame=605 at_us=23543083
ZWL LAT acquired frame=605 at_us=23543095
ZWL LAT recorded frame=605 at_us=23543198
ZWL COMPOSE frame=605 image=0 windows=0 at_ms=23563
ZWL LAT submit frame=605 at_us=23563242
ZWL LAT shown frame=605 at_us=23565377
ZWL PERF 5001ms: passes=694 timeouts=402 | poll 36.4% work 61.1%
ZWL PERF compose frames=286 draw_ms=10.49 (acquire 0.00 submit+present 10.32) frame_ms=13.11
ZWL CLIENT client=4 fd=23
ZWL CONFIGURE client=4 surface=6 serial=8 width=0 height=0 fullscreen=0
ZWL LAT draw frame=606 at_us=27903603
ZWL LAT acquired frame=606 at_us=27903672
ZWL LAT recorded frame=606 at_us=27904000
ZWL COMPOSE frame=606 image=0 windows=0 at_ms=27931
ZWL LAT submit frame=606 at_us=27931563
ZWL LAT shown frame=606 at_us=27933647
ZWL IMPORT client=4 buffer=15 width=640 height=420 bytes=1077248
ZWL IMPORT client=4 buffer=17 width=640 height=420 bytes=1077248
ZWL IMPORT client=4 buffer=19 width=640 height=420 bytes=1077248
ZWL COMMIT client=4 surface=6 buffer=15 queued=0
ZWL ACQUIRE_FENCE client=4 surface=6 generation=1
ZWL LAT adopt surface=6 at_us=27992918
ZWL MAP client=4 surface=6 x=320 y=233
ZWL LAT draw frame=607 at_us=27992950
ZWL LAT acquired frame=607 at_us=27992967
ZWL LAT recorded frame=607 at_us=27993192
ZWL COMPOSE frame=607 image=0 windows=1 at_ms=28020
ZWL LAT submit frame=607 at_us=28020179
ZWL LAT shown frame=607 at_us=28022283
ZWL COMMIT client=4 surface=6 buffer=17 queued=0
ZWL ACQUIRE_FENCE client=4 surface=6 generation=1
ZWL LAT adopt surface=6 at_us=28022489
ZWL RELEASE client=4 buffer=15 dead=0
ZWL LAT draw frame=608 at_us=28022499
ZWL LAT acquired frame=608 at_us=28022505
ZWL DAMAGE frame=608 image=0 x=320 y=233 width=640 height=420
ZWL LAT recorded frame=608 at_us=28022671
ZWL COMPOSE frame=608 image=0 windows=1 at_ms=28032
ZWL LAT submit frame=608 at_us=28032654
ZWL LAT shown frame=608 at_us=28034832
ZWL COMMIT client=4 surface=6 buffer=15 queued=0
ZWL ACQUIRE_FENCE client=4 surface=6 generation=1
ZWL LAT adopt surface=6 at_us=28039781
ZWL RELEASE client=4 buffer=17 dead=0
ZWL LAT draw frame=609 at_us=28039791
ZWL LAT acquired frame=609 at_us=28039799
ZWL DAMAGE frame=609 image=0 x=320 y=233 width=640 height=420
ZWL LAT recorded frame=609 at_us=28039927
ZWL COMPOSE frame=609 image=0 windows=1 at_ms=28048
ZWL LAT submit frame=609 at_us=28048096
ZWL LAT shown frame=609 at_us=28050274
ZWL COMMIT client=4 surface=6 buffer=17 queued=0
ZWL ACQUIRE_FENCE client=4 surface=6 generation=1
ZWL LAT adopt surface=6 at_us=28057608
ZWL RELEASE client=4 buffer=15 dead=0
ZWL LAT draw frame=610 at_us=28057625
ZWL LAT acquired frame=610 at_us=28057638
ZWL DAMAGE frame=610 image=0 x=320 y=233 width=640 height=420
ZWL LAT recorded frame=610 at_us=28057851
ZWL COMPOSE frame=610 image=0 windows=1 at_ms=28070
ZWL LAT submit frame=610 at_us=28070164
ZWL LAT shown frame=610 at_us=28072297
ZWL COMMIT client=4 surface=6 buffer=15 queued=0
ZWL ACQUIRE_FENCE client=4 surface=6 generation=1
ZWL LAT adopt surface=6 at_us=28075149
ZWL RELEASE client=4 buffer=17 dead=0
ZWL LAT draw frame=611 at_us=28075166
ZWL LAT acquired frame=611 at_us=28075181
ZWL DAMAGE frame=611 image=0 x=320 y=233 width=640 height=420
ZWL LAT recorded frame=611 at_us=28075404
ZWL COMPOSE frame=611 image=0 windows=1 at_ms=28087
ZWL LAT submit frame=611 at_us=28087211
ZWL LAT shown frame=611 at_us=28089337
ZWL COMMIT client=4 surface=6 buffer=17 queued=0
ZWL ACQUIRE_FENCE client=4 surface=6 generation=1
ZWL LAT adopt surface=6 at_us=28092561
ZWL RELEASE client=4 buffer=15 dead=0
ZWL LAT draw frame=612 at_us=28092577
ZWL LAT acquired frame=612 at_us=28092590
ZWL DAMAGE frame=612 image=0 x=320 y=233 width=640 height=420
ZWL LAT recorded frame=612 at_us=28092796
ZWL COMPOSE frame=612 image=0 windows=1 at_ms=28104
ZWL LAT submit frame=612 at_us=28104611
ZWL LAT shown frame=612 at_us=28106740
ZWL COMMIT client=4 surface=6 buffer=15 queued=0
ZWL ACQUIRE_FENCE client=4 surface=6 generation=1
ZWL LAT adopt surface=6 at_us=28109778
ZWL RELEASE client=4 buffer=17 dead=0
ZWL LAT draw frame=613 at_us=28109792
ZWL LAT acquired frame=613 at_us=28109802
ZWL DAMAGE frame=613 image=0 x=320 y=233 width=640 height=420
ZWL LAT recorded frame=613 at_us=28109984
ZWL COMPOSE frame=613 image=0 windows=1 at_ms=28121
ZWL LAT submit frame=613 at_us=28121083
ZWL LAT shown frame=613 at_us=28123220
ZWL COMMIT client=4 surface=6 buffer=17 queued=0
ZWL ACQUIRE_FENCE client=4 surface=6 generation=1
ZWL LAT adopt surface=6 at_us=28127539
ZWL RELEASE client=4 buffer=15 dead=0
ZWL LAT draw frame=614 at_us=28127557
ZWL LAT acquired frame=614 at_us=28127573
ZWL DAMAGE frame=614 image=0 x=320 y=233 width=640 height=420
ZWL LAT recorded frame=614 at_us=28127895
ZWL COMPOSE frame=614 image=0 windows=1 at_ms=28140
ZWL LAT submit frame=614 at_us=28140314
ZWL LAT shown frame=614 at_us=28142457
ZWL COMMIT client=4 surface=6 buffer=15 queued=0
ZWL ACQUIRE_FENCE client=4 surface=6 generation=1
ZWL LAT adopt surface=6 at_us=28145019
ZWL RELEASE client=4 buffer=17 dead=0
ZWL LAT draw frame=615 at_us=28145035
ZWL LAT acquired frame=615 at_us=28145047
ZWL DAMAGE frame=615 image=0 x=320 y=233 width=640 height=420
ZWL LAT recorded frame=615 at_us=28145318
ZWL COMPOSE frame=615 image=0 windows=1 at_ms=28157
ZWL LAT submit frame=615 at_us=28157371
ZWL LAT shown frame=615 at_us=28159502
ZWL COMMIT client=4 surface=6 buffer=17 queued=0
ZWL ACQUIRE_FENCE client=4 surface=6 generation=1
ZWL LAT adopt surface=6 at_us=28162321
ZWL RELEASE client=4 buffer=15 dead=0
ZWL LAT draw frame=616 at_us=28162335
ZWL LAT acquired frame=616 at_us=28162348
ZWL DAMAGE frame=616 image=0 x=320 y=233 width=640 height=420
ZWL LAT recorded frame=616 at_us=28162549
ZWL COMPOSE frame=616 image=0 windows=1 at_ms=28173
ZWL LAT submit frame=616 at_us=28173887
ZWL LAT shown frame=616 at_us=28176034
ZWL COMMIT client=4 surface=6 buffer=15 queued=0
ZWL ACQUIRE_FENCE client=4 surface=6 generation=1
ZWL LAT adopt surface=6 at_us=28179616
ZWL RELEASE client=4 buffer=17 dead=0
ZWL LAT draw frame=617 at_us=28179630
ZWL LAT acquired frame=617 at_us=28179641
ZWL DAMAGE frame=617 image=0 x=320 y=233 width=640 height=420
ZWL LAT recorded frame=617 at_us=28179826
ZWL COMPOSE frame=617 image=0 windows=1 at_ms=28189
ZWL LAT submit frame=617 at_us=28189943
ZWL LAT shown frame=617 at_us=28192057
ZWL COMMIT client=4 surface=6 buffer=17 queued=0
ZWL ACQUIRE_FENCE client=4 surface=6 generation=1
ZWL LAT adopt surface=6 at_us=28197116
ZWL RELEASE client=4 buffer=15 dead=0
ZWL LAT draw frame=618 at_us=28197134
ZWL LAT acquired frame=618 at_us=28197147
ZWL DAMAGE frame=618 image=0 x=320 y=233 width=640 height=420
ZWL LAT recorded frame=618 at_us=28197376
ZWL COMPOSE frame=618 image=0 windows=1 at_ms=28209
ZWL LAT submit frame=618 at_us=28209422
ZWL LAT shown frame=618 at_us=28211560
ZWL COMMIT client=4 surface=6 buffer=15 queued=0
ZWL ACQUIRE_FENCE client=4 surface=6 generation=1
ZWL LAT adopt surface=6 at_us=28214623
ZWL RELEASE client=4 buffer=17 dead=0
ZWL LAT draw frame=619 at_us=28214640
ZWL LAT acquired frame=619 at_us=28214654
ZWL DAMAGE frame=619 image=0 x=320 y=233 width=640 height=420
ZWL LAT recorded frame=619 at_us=28214899
ZWL COMPOSE frame=619 image=0 windows=1 at_ms=28227
ZWL LAT submit frame=619 at_us=28227529
ZWL LAT shown frame=619 at_us=28229655
ZWL COMMIT client=4 surface=6 buffer=17 queued=0
ZWL ACQUIRE_FENCE client=4 surface=6 generation=1
ZWL LAT adopt surface=6 at_us=28231952
ZWL RELEASE client=4 buffer=15 dead=0
ZWL LAT draw frame=620 at_us=28231965
ZWL LAT acquired frame=620 at_us=28231976
ZWL DAMAGE frame=620 image=0 x=320 y=233 width=640 height=420
ZWL LAT recorded frame=620 at_us=28232200
ZWL COMPOSE frame=620 image=0 windows=1 at_ms=28243
ZWL LAT submit frame=620 at_us=28243204
ZWL LAT shown frame=620 at_us=28245350
ZWL COMMIT client=4 surface=6 buffer=15 queued=0
ZWL ACQUIRE_FENCE client=4 surface=6 generation=1
ZWL LAT adopt surface=6 at_us=28249383
ZWL RELEASE client=4 buffer=17 dead=0
ZWL LAT draw frame=621 at_us=28249400
ZWL LAT acquired frame=621 at_us=28249412
ZWL DAMAGE frame=621 image=0 x=320 y=233 width=640 height=420
ZWL LAT recorded frame=621 at_us=28249623
ZWL COMPOSE frame=621 image=0 windows=1 at_ms=28260
ZWL LAT submit frame=621 at_us=28260357
ZWL LAT shown frame=621 at_us=28262496
ZWL COMMIT client=4 surface=6 buffer=17 queued=0
ZWL ACQUIRE_FENCE client=4 surface=6 generation=1
ZWL LAT adopt surface=6 at_us=28266914
ZWL RELEASE client=4 buffer=15 dead=0
ZWL LAT draw frame=622 at_us=28266931
ZWL LAT acquired frame=622 at_us=28266945
ZWL DAMAGE frame=622 image=0 x=320 y=233 width=640 height=420
ZWL LAT recorded frame=622 at_us=28267190
ZWL COMPOSE frame=622 image=0 windows=1 at_ms=28281
ZWL LAT submit frame=622 at_us=28281577
ZWL LAT shown frame=622 at_us=28283699
ZWL COMMIT client=4 surface=6 buffer=15 queued=0
ZWL ACQUIRE_FENCE client=4 surface=6 generation=1
ZWL LAT adopt surface=6 at_us=28284140
ZWL RELEASE client=4 buffer=17 dead=0
ZWL LAT draw frame=623 at_us=28284153
ZWL LAT acquired frame=623 at_us=28284180
ZWL DAMAGE frame=623 image=0 x=320 y=233 width=640 height=420
ZWL LAT recorded frame=623 at_us=28284359
ZWL COMPOSE frame=623 image=0 windows=1 at_ms=28298
ZWL LAT submit frame=623 at_us=28298453
ZWL LAT shown frame=623 at_us=28300561
ZWL COMMIT client=4 surface=6 buffer=17 queued=0
ZWL ACQUIRE_FENCE client=4 surface=6 generation=1
ZWL LAT adopt surface=6 at_us=28301338
ZWL RELEASE client=4 buffer=15 dead=0
ZWL LAT draw frame=624 at_us=28301348
ZWL LAT acquired frame=624 at_us=28301356
ZWL DAMAGE frame=624 image=0 x=320 y=233 width=640 height=420
ZWL LAT recorded frame=624 at_us=28301515
ZWL COMPOSE frame=624 image=0 windows=1 at_ms=28311
ZWL LAT submit frame=624 at_us=28311264
ZWL LAT shown frame=624 at_us=28313365
ZWL COMMIT client=4 surface=6 buffer=15 queued=0
ZWL ACQUIRE_FENCE client=4 surface=6 generation=1
ZWL LAT adopt surface=6 at_us=28318935
ZWL RELEASE client=4 buffer=17 dead=0
ZWL LAT draw frame=625 at_us=28318949
ZWL LAT acquired frame=625 at_us=28318961
ZWL DAMAGE frame=625 image=0 x=320 y=233 width=640 height=420
ZWL LAT recorded frame=625 at_us=28319148
ZWL COMPOSE frame=625 image=0 windows=1 at_ms=28333
ZWL LAT submit frame=625 at_us=28333071
ZWL LAT shown frame=625 at_us=28335194
ZWL COMMIT client=4 surface=6 buffer=17 queued=0
ZWL ACQUIRE_FENCE client=4 surface=6 generation=1
ZWL LAT adopt surface=6 at_us=28336501
ZWL RELEASE client=4 buffer=15 dead=0
ZWL LAT draw frame=626 at_us=28336514
ZWL LAT acquired frame=626 at_us=28336524
ZWL DAMAGE frame=626 image=0 x=320 y=233 width=640 height=420
ZWL LAT recorded frame=626 at_us=28336713
ZWL COMPOSE frame=626 image=0 windows=1 at_ms=28348
ZWL LAT submit frame=626 at_us=28348379
ZWL LAT shown frame=626 at_us=28350489
ZWL CLIENT gone client=4 reason=read
ZWL CLEANUP client=4 objects=12 unread_fds=0
ZWL RELEASE client=4 buffer=17 dead=0
ZWL LAT draw frame=627 at_us=28357503
ZWL LAT acquired frame=627 at_us=28357518
ZWL LAT recorded frame=627 at_us=28357682
ZWL COMPOSE frame=627 image=0 windows=0 at_ms=28383
ZWL LAT submit frame=627 at_us=28383639
ZWL CLIENT client=5 fd=23
ZWL LAT shown frame=627 at_us=28383735
ZWL CONFIGURE client=5 surface=6 serial=13 width=0 height=0 fullscreen=0
ZWL LAT draw frame=628 at_us=28384152
ZWL LAT acquired frame=628 at_us=28384159
ZWL LAT recorded frame=628 at_us=28384269
ZWL COMPOSE frame=628 image=0 windows=0 at_ms=28400
ZWL LAT submit frame=628 at_us=28400032
ZWL LAT shown frame=628 at_us=28402110
ZWL IMPORT client=5 buffer=15 width=640 height=420 bytes=1077248
ZWL IMPORT client=5 buffer=17 width=640 height=420 bytes=1077248
ZWL IMPORT client=5 buffer=19 width=640 height=420 bytes=1077248
ZWL COMMIT client=5 surface=6 buffer=15 queued=0
ZWL ACQUIRE_FENCE client=5 surface=6 generation=1
ZWL LAT adopt surface=6 at_us=28451436
ZWL MAP client=5 surface=6 x=320 y=233
ZWL LAT draw frame=629 at_us=28451458
ZWL LAT acquired frame=629 at_us=28451475
ZWL LAT recorded frame=629 at_us=28451694
ZWL COMPOSE frame=629 image=0 windows=1 at_ms=28473
ZWL LAT submit frame=629 at_us=28473425
ZWL LAT shown frame=629 at_us=28475570
ZWL COMMIT client=5 surface=6 buffer=17 queued=0
ZWL ACQUIRE_FENCE client=5 surface=6 generation=1
ZWL LAT adopt surface=6 at_us=28475849
ZWL RELEASE client=5 buffer=15 dead=0
ZWL LAT draw frame=630 at_us=28475866
ZWL LAT acquired frame=630 at_us=28475877
ZWL DAMAGE frame=630 image=0 x=320 y=233 width=640 height=420
ZWL LAT recorded frame=630 at_us=28476157
ZWL COMPOSE frame=630 image=0 windows=1 at_ms=28485
ZWL LAT submit frame=630 at_us=28485224
ZWL LAT shown frame=630 at_us=28487324
ZWL COMMIT client=5 surface=6 buffer=15 queued=0
ZWL ACQUIRE_FENCE client=5 surface=6 generation=1
ZWL LAT adopt surface=6 at_us=28493414
ZWL RELEASE client=5 buffer=17 dead=0
ZWL LAT draw frame=631 at_us=28493430
ZWL LAT acquired frame=631 at_us=28493442
ZWL DAMAGE frame=631 image=0 x=320 y=233 width=640 height=420
ZWL LAT recorded frame=631 at_us=28493620
ZWL COMPOSE frame=631 image=0 windows=1 at_ms=28505
ZWL LAT submit frame=631 at_us=28505027
ZWL LAT shown frame=631 at_us=28507163
ZWL COMMIT client=5 surface=6 buffer=17 queued=0
ZWL ACQUIRE_FENCE client=5 surface=6 generation=1
ZWL LAT adopt surface=6 at_us=28511111
ZWL RELEASE client=5 buffer=15 dead=0
ZWL LAT draw frame=632 at_us=28511131
ZWL LAT acquired frame=632 at_us=28511146
ZWL DAMAGE frame=632 image=0 x=320 y=233 width=640 height=420
ZWL LAT recorded frame=632 at_us=28511396
ZWL COMPOSE frame=632 image=0 windows=1 at_ms=28523
ZWL LAT submit frame=632 at_us=28523177
ZWL LAT shown frame=632 at_us=28525407
ZWL COMMIT client=5 surface=6 buffer=15 queued=0
ZWL ACQUIRE_FENCE client=5 surface=6 generation=1
ZWL LAT adopt surface=6 at_us=28528768
ZWL RELEASE client=5 buffer=17 dead=0
ZWL LAT draw frame=633 at_us=28528787
ZWL LAT acquired frame=633 at_us=28528802
ZWL DAMAGE frame=633 image=0 x=320 y=233 width=640 height=420
ZWL LAT recorded frame=633 at_us=28529028
ZWL COMPOSE frame=633 image=0 windows=1 at_ms=28540
ZWL LAT submit frame=633 at_us=28540423
ZWL LAT shown frame=633 at_us=28542561
ZWL COMMIT client=5 surface=6 buffer=17 queued=0
ZWL ACQUIRE_FENCE client=5 surface=6 generation=1
ZWL LAT adopt surface=6 at_us=28546324
ZWL RELEASE client=5 buffer=15 dead=0
ZWL LAT draw frame=634 at_us=28546340
ZWL LAT acquired frame=634 at_us=28546353
ZWL DAMAGE frame=634 image=0 x=320 y=233 width=640 height=420
ZWL LAT recorded frame=634 at_us=28546525
ZWL COMPOSE frame=634 image=0 windows=1 at_ms=28558
ZWL LAT submit frame=634 at_us=28558113
ZWL LAT shown frame=634 at_us=28560256
ZWL COMMIT client=5 surface=6 buffer=15 queued=0
ZWL ACQUIRE_FENCE client=5 surface=6 generation=1
ZWL LAT adopt surface=6 at_us=28563695
ZWL RELEASE client=5 buffer=17 dead=0
ZWL LAT draw frame=635 at_us=28563709
ZWL LAT acquired frame=635 at_us=28563722
ZWL DAMAGE frame=635 image=0 x=320 y=233 width=640 height=420
ZWL LAT recorded frame=635 at_us=28563884
ZWL COMPOSE frame=635 image=0 windows=1 at_ms=28574
ZWL LAT submit frame=635 at_us=28574494
ZWL LAT shown frame=635 at_us=28576642
ZWL COMMIT client=5 surface=6 buffer=17 queued=0
ZWL ACQUIRE_FENCE client=5 surface=6 generation=1
ZWL LAT adopt surface=6 at_us=28581471
ZWL RELEASE client=5 buffer=15 dead=0
ZWL LAT draw frame=636 at_us=28581491
ZWL LAT acquired frame=636 at_us=28581506
ZWL DAMAGE frame=636 image=0 x=320 y=233 width=640 height=420
ZWL LAT recorded frame=636 at_us=28581742
ZWL COMPOSE frame=636 image=0 windows=1 at_ms=28593
ZWL LAT submit frame=636 at_us=28593629
ZWL LAT shown frame=636 at_us=28595773
ZWL COMMIT client=5 surface=6 buffer=15 queued=0
ZWL ACQUIRE_FENCE client=5 surface=6 generation=1
ZWL LAT adopt surface=6 at_us=28599054
ZWL RELEASE client=5 buffer=17 dead=0
ZWL LAT draw frame=637 at_us=28599073
ZWL LAT acquired frame=637 at_us=28599089
ZWL DAMAGE frame=637 image=0 x=320 y=233 width=640 height=420
ZWL LAT recorded frame=637 at_us=28599299
ZWL COMPOSE frame=637 image=0 windows=1 at_ms=28613
ZWL LAT submit frame=637 at_us=28613146
ZWL LAT shown frame=637 at_us=28615278
ZWL COMMIT client=5 surface=6 buffer=17 queued=0
ZWL ACQUIRE_FENCE client=5 surface=6 generation=1
ZWL LAT adopt surface=6 at_us=28616456
ZWL RELEASE client=5 buffer=15 dead=0
ZWL LAT draw frame=638 at_us=28616470
ZWL LAT acquired frame=638 at_us=28616481
ZWL DAMAGE frame=638 image=0 x=320 y=233 width=640 height=420
ZWL LAT recorded frame=638 at_us=28616656
ZWL COMPOSE frame=638 image=0 windows=1 at_ms=28627
ZWL LAT submit frame=638 at_us=28627518
ZWL LAT shown frame=638 at_us=28629657
ZWL COMMIT client=5 surface=6 buffer=15 queued=0
ZWL ACQUIRE_FENCE client=5 surface=6 generation=1
ZWL LAT adopt surface=6 at_us=28633972
ZWL RELEASE client=5 buffer=17 dead=0
ZWL LAT draw frame=639 at_us=28633987
ZWL LAT acquired frame=639 at_us=28633998
ZWL DAMAGE frame=639 image=0 x=320 y=233 width=640 height=420
ZWL LAT recorded frame=639 at_us=28634155
ZWL COMPOSE frame=639 image=0 windows=1 at_ms=28643
ZWL LAT submit frame=639 at_us=28643876
ZWL LAT shown frame=639 at_us=28646011
ZWL COMMIT client=5 surface=6 buffer=17 queued=0
ZWL ACQUIRE_FENCE client=5 surface=6 generation=1
ZWL LAT adopt surface=6 at_us=28651592
ZWL RELEASE client=5 buffer=15 dead=0
ZWL LAT draw frame=640 at_us=28651628
ZWL LAT acquired frame=640 at_us=28651642
ZWL DAMAGE frame=640 image=0 x=320 y=233 width=640 height=420
ZWL LAT recorded frame=640 at_us=28651903
ZWL COMPOSE frame=640 image=0 windows=1 at_ms=28663
ZWL LAT submit frame=640 at_us=28663462
ZWL LAT shown frame=640 at_us=28665589
ZWL COMMIT client=5 surface=6 buffer=15 queued=0
ZWL ACQUIRE_FENCE client=5 surface=6 generation=1
ZWL LAT adopt surface=6 at_us=28669092
ZWL RELEASE client=5 buffer=17 dead=0
ZWL LAT draw frame=641 at_us=28669106
ZWL LAT acquired frame=641 at_us=28669118
ZWL DAMAGE frame=641 image=0 x=320 y=233 width=640 height=420
ZWL LAT recorded frame=641 at_us=28669290
ZWL COMPOSE frame=641 image=0 windows=1 at_ms=28680
ZWL LAT submit frame=641 at_us=28680828
ZWL LAT shown frame=641 at_us=28682960
ZWL COMMIT client=5 surface=6 buffer=17 queued=0
ZWL ACQUIRE_FENCE client=5 surface=6 generation=1
ZWL LAT adopt surface=6 at_us=28686745
ZWL RELEASE client=5 buffer=15 dead=0
ZWL LAT draw frame=642 at_us=28686759
ZWL LAT acquired frame=642 at_us=28686770
ZWL DAMAGE frame=642 image=0 x=320 y=233 width=640 height=420
ZWL LAT recorded frame=642 at_us=28686956
ZWL COMPOSE frame=642 image=0 windows=1 at_ms=28700
ZWL LAT submit frame=642 at_us=28700419
ZWL LAT shown frame=642 at_us=28702542
ZWL COMMIT client=5 surface=6 buffer=15 queued=0
ZWL ACQUIRE_FENCE client=5 surface=6 generation=1
ZWL LAT adopt surface=6 at_us=28704227
ZWL RELEASE client=5 buffer=17 dead=0
ZWL LAT draw frame=643 at_us=28704238
ZWL LAT acquired frame=643 at_us=28704247
ZWL DAMAGE frame=643 image=0 x=320 y=233 width=640 height=420
ZWL LAT recorded frame=643 at_us=28704392
ZWL COMPOSE frame=643 image=0 windows=1 at_ms=28716
ZWL LAT submit frame=643 at_us=28716143
ZWL LAT shown frame=643 at_us=28718251
ZWL COMMIT client=5 surface=6 buffer=17 queued=0
ZWL ACQUIRE_FENCE client=5 surface=6 generation=1
ZWL LAT adopt surface=6 at_us=28721845
ZWL RELEASE client=5 buffer=15 dead=0
ZWL LAT draw frame=644 at_us=28721862
ZWL LAT acquired frame=644 at_us=28721875
ZWL DAMAGE frame=644 image=0 x=320 y=233 width=640 height=420
ZWL LAT recorded frame=644 at_us=28722075
ZWL COMPOSE frame=644 image=0 windows=1 at_ms=28733
ZWL LAT submit frame=644 at_us=28733340
ZWL LAT shown frame=644 at_us=28735462
ZWL COMMIT client=5 surface=6 buffer=15 queued=0
ZWL ACQUIRE_FENCE client=5 surface=6 generation=1
ZWL LAT adopt surface=6 at_us=28739330
ZWL RELEASE client=5 buffer=17 dead=0
ZWL LAT draw frame=645 at_us=28739344
ZWL LAT acquired frame=645 at_us=28739355
ZWL DAMAGE frame=645 image=0 x=320 y=233 width=640 height=420
ZWL LAT recorded frame=645 at_us=28739524
ZWL COMPOSE frame=645 image=0 windows=1 at_ms=28750
ZWL LAT submit frame=645 at_us=28750843
ZWL LAT shown frame=645 at_us=28752971
ZWL COMMIT client=5 surface=6 buffer=17 queued=0
ZWL ACQUIRE_FENCE client=5 surface=6 generation=1
ZWL LAT adopt surface=6 at_us=28756807
ZWL RELEASE client=5 buffer=15 dead=0
ZWL LAT draw frame=646 at_us=28756820
ZWL LAT acquired frame=646 at_us=28756831
ZWL DAMAGE frame=646 image=0 x=320 y=233 width=640 height=420
ZWL LAT recorded frame=646 at_us=28757008
ZWL COMPOSE frame=646 image=0 windows=1 at_ms=28767
ZWL LAT submit frame=646 at_us=28767204
ZWL LAT shown frame=646 at_us=28769333
ZWL COMMIT client=5 surface=6 buffer=15 queued=0
ZWL ACQUIRE_FENCE client=5 surface=6 generation=1
ZWL LAT adopt surface=6 at_us=28774352
ZWL RELEASE client=5 buffer=17 dead=0
ZWL LAT draw frame=647 at_us=28774369
ZWL LAT acquired frame=647 at_us=28774382
ZWL DAMAGE frame=647 image=0 x=320 y=233 width=640 height=420
ZWL LAT recorded frame=647 at_us=28774564
ZWL COMPOSE frame=647 image=0 windows=1 at_ms=28787
ZWL LAT submit frame=647 at_us=28787844
ZWL LAT shown frame=647 at_us=28789982
ZWL COMMIT client=5 surface=6 buffer=17 queued=0
ZWL ACQUIRE_FENCE client=5 surface=6 generation=1
ZWL LAT adopt surface=6 at_us=28791971
ZWL RELEASE client=5 buffer=15 dead=0
ZWL LAT draw frame=648 at_us=28791988
ZWL LAT acquired frame=648 at_us=28792028
ZWL DAMAGE frame=648 image=0 x=320 y=233 width=640 height=420
ZWL LAT recorded frame=648 at_us=28792240
ZWL COMPOSE frame=648 image=0 windows=1 at_ms=28803
ZWL LAT submit frame=648 at_us=28803385
ZWL LAT shown frame=648 at_us=28805511
ZWL CLIENT gone client=5 reason=read
ZWL CLEANUP client=5 objects=12 unread_fds=0
ZWL RELEASE client=5 buffer=17 dead=0
ZWL LAT draw frame=649 at_us=28813157
ZWL LAT acquired frame=649 at_us=28813174
ZWL LAT recorded frame=649 at_us=28813312
ZWL COMPOSE frame=649 image=0 windows=0 at_ms=28835
ZWL LAT submit frame=649 at_us=28835633
ZWL CLIENT client=6 fd=23
ZWL LAT shown frame=649 at_us=28835723
ZWL LAT draw frame=650 at_us=28835922
ZWL LAT acquired frame=650 at_us=28835929
ZWL LAT recorded frame=650 at_us=28836053
ZWL COMPOSE frame=650 image=0 windows=0 at_ms=28848
ZWL LAT submit frame=650 at_us=28848969
ZWL LAT shown frame=650 at_us=28848988
ZWL CONFIGURE client=6 surface=6 serial=18 width=0 height=0 fullscreen=0
ZWL IMPORT client=6 buffer=15 width=640 height=420 bytes=1077248
ZWL IMPORT client=6 buffer=17 width=640 height=420 bytes=1077248
ZWL IMPORT client=6 buffer=19 width=640 height=420 bytes=1077248
ZWL COMMIT client=6 surface=6 buffer=15 queued=0
ZWL ACQUIRE_FENCE client=6 surface=6 generation=1
ZWL LAT adopt surface=6 at_us=29036474
ZWL MAP client=6 surface=6 x=320 y=233
ZWL LAT draw frame=651 at_us=29036496
ZWL LAT acquired frame=651 at_us=29036514
ZWL LAT recorded frame=651 at_us=29036741
ZWL COMPOSE frame=651 image=0 windows=1 at_ms=29057
ZWL LAT submit frame=651 at_us=29057251
ZWL LAT shown frame=651 at_us=29059408
ZWL COMMIT client=6 surface=6 buffer=17 queued=0
ZWL ACQUIRE_FENCE client=6 surface=6 generation=1
ZWL LAT adopt surface=6 at_us=29059680
ZWL RELEASE client=6 buffer=15 dead=0
ZWL LAT draw frame=652 at_us=29059691
ZWL LAT acquired frame=652 at_us=29059699
ZWL DAMAGE frame=652 image=0 x=320 y=233 width=640 height=420
ZWL LAT recorded frame=652 at_us=29059877
ZWL COMPOSE frame=652 image=0 windows=1 at_ms=29067
ZWL LAT submit frame=652 at_us=29067520
ZWL LAT shown frame=652 at_us=29069642
ZWL COMMIT client=6 surface=6 buffer=15 queued=0
ZWL ACQUIRE_FENCE client=6 surface=6 generation=1
ZWL LAT adopt surface=6 at_us=29077280
ZWL RELEASE client=6 buffer=17 dead=0
ZWL LAT draw frame=653 at_us=29077297
ZWL LAT acquired frame=653 at_us=29077310
ZWL DAMAGE frame=653 image=0 x=320 y=233 width=640 height=420
ZWL LAT recorded frame=653 at_us=29077505
ZWL COMPOSE frame=653 image=0 windows=1 at_ms=29089
ZWL LAT submit frame=653 at_us=29089470
ZWL LAT shown frame=653 at_us=29091621
ZWL COMMIT client=6 surface=6 buffer=17 queued=0
ZWL ACQUIRE_FENCE client=6 surface=6 generation=1
ZWL LAT adopt surface=6 at_us=29094787
ZWL RELEASE client=6 buffer=15 dead=0
ZWL LAT draw frame=654 at_us=29094825
ZWL LAT acquired frame=654 at_us=29094839
ZWL DAMAGE frame=654 image=0 x=320 y=233 width=640 height=420
ZWL LAT recorded frame=654 at_us=29095053
ZWL COMPOSE frame=654 image=0 windows=1 at_ms=29108
ZWL LAT submit frame=654 at_us=29108557
ZWL LAT shown frame=654 at_us=29110773
ZWL COMMIT client=6 surface=6 buffer=15 queued=0
ZWL ACQUIRE_FENCE client=6 surface=6 generation=1
ZWL LAT adopt surface=6 at_us=29112178
ZWL RELEASE client=6 buffer=17 dead=0
ZWL LAT draw frame=655 at_us=29112192
ZWL LAT acquired frame=655 at_us=29112203
ZWL DAMAGE frame=655 image=0 x=320 y=233 width=640 height=420
ZWL LAT recorded frame=655 at_us=29112362
ZWL COMPOSE frame=655 image=0 windows=1 at_ms=29123
ZWL LAT submit frame=655 at_us=29123361
ZWL LAT shown frame=655 at_us=29125486
ZWL COMMIT client=6 surface=6 buffer=17 queued=0
ZWL ACQUIRE_FENCE client=6 surface=6 generation=1
ZWL LAT adopt surface=6 at_us=29129629
ZWL RELEASE client=6 buffer=15 dead=0
ZWL LAT draw frame=656 at_us=29129641
ZWL LAT acquired frame=656 at_us=29129652
ZWL DAMAGE frame=656 image=0 x=320 y=233 width=640 height=420
ZWL LAT recorded frame=656 at_us=29129800
ZWL COMPOSE frame=656 image=0 windows=1 at_ms=29139
ZWL LAT submit frame=656 at_us=29139930
ZWL LAT shown frame=656 at_us=29142144
ZWL COMMIT client=6 surface=6 buffer=15 queued=0
ZWL ACQUIRE_FENCE client=6 surface=6 generation=1
ZWL LAT adopt surface=6 at_us=29147312
ZWL RELEASE client=6 buffer=17 dead=0
ZWL LAT draw frame=657 at_us=29147348
ZWL LAT acquired frame=657 at_us=29147362
ZWL DAMAGE frame=657 image=0 x=320 y=233 width=640 height=420
ZWL LAT recorded frame=657 at_us=29147574
ZWL COMPOSE frame=657 image=0 windows=1 at_ms=29159
ZWL LAT submit frame=657 at_us=29159440
ZWL LAT shown frame=657 at_us=29161572
ZWL COMMIT client=6 surface=6 buffer=17 queued=0
ZWL ACQUIRE_FENCE client=6 surface=6 generation=1
ZWL LAT adopt surface=6 at_us=29164792
ZWL RELEASE client=6 buffer=15 dead=0
ZWL LAT draw frame=658 at_us=29164810
ZWL LAT acquired frame=658 at_us=29164823
ZWL DAMAGE frame=658 image=0 x=320 y=233 width=640 height=420
ZWL LAT recorded frame=658 at_us=29165046
ZWL COMPOSE frame=658 image=0 windows=1 at_ms=29176
ZWL LAT submit frame=658 at_us=29176894
ZWL LAT shown frame=658 at_us=29179059
ZWL COMMIT client=6 surface=6 buffer=15 queued=0
ZWL ACQUIRE_FENCE client=6 surface=6 generation=1
ZWL LAT adopt surface=6 at_us=29182176
ZWL RELEASE client=6 buffer=17 dead=0
ZWL LAT draw frame=659 at_us=29182189
ZWL LAT acquired frame=659 at_us=29182201
ZWL DAMAGE frame=659 image=0 x=320 y=233 width=640 height=420
ZWL LAT recorded frame=659 at_us=29182344
ZWL COMPOSE frame=659 image=0 windows=1 at_ms=29193
ZWL LAT submit frame=659 at_us=29193374
ZWL LAT shown frame=659 at_us=29195547
ZWL COMMIT client=6 surface=6 buffer=17 queued=0
ZWL ACQUIRE_FENCE client=6 surface=6 generation=1
ZWL LAT adopt surface=6 at_us=29199688
ZWL RELEASE client=6 buffer=15 dead=0
ZWL LAT draw frame=660 at_us=29199702
ZWL LAT acquired frame=660 at_us=29199713
ZWL DAMAGE frame=660 image=0 x=320 y=233 width=640 height=420
ZWL LAT recorded frame=660 at_us=29199892
ZWL COMPOSE frame=660 image=0 windows=1 at_ms=29210
ZWL LAT submit frame=660 at_us=29210777
ZWL LAT shown frame=660 at_us=29212929
ZWL COMMIT client=6 surface=6 buffer=15 queued=0
ZWL ACQUIRE_FENCE client=6 surface=6 generation=1
ZWL LAT adopt surface=6 at_us=29217181
ZWL RELEASE client=6 buffer=17 dead=0
ZWL LAT draw frame=661 at_us=29217198
ZWL LAT acquired frame=661 at_us=29217211
ZWL DAMAGE frame=661 image=0 x=320 y=233 width=640 height=420
ZWL LAT recorded frame=661 at_us=29217392
ZWL COMPOSE frame=661 image=0 windows=1 at_ms=29228
ZWL LAT submit frame=661 at_us=29228965
ZWL LAT shown frame=661 at_us=29231092
ZWL COMMIT client=6 surface=6 buffer=17 queued=0
ZWL ACQUIRE_FENCE client=6 surface=6 generation=1
ZWL LAT adopt surface=6 at_us=29234684
ZWL RELEASE client=6 buffer=15 dead=0
ZWL LAT draw frame=662 at_us=29234700
ZWL LAT acquired frame=662 at_us=29234713
ZWL DAMAGE frame=662 image=0 x=320 y=233 width=640 height=420
ZWL LAT recorded frame=662 at_us=29234911
ZWL COMPOSE frame=662 image=0 windows=1 at_ms=29246
ZWL LAT submit frame=662 at_us=29246243
ZWL LAT shown frame=662 at_us=29248392
ZWL COMMIT client=6 surface=6 buffer=15 queued=0
ZWL ACQUIRE_FENCE client=6 surface=6 generation=1
ZWL LAT adopt surface=6 at_us=29252185
ZWL RELEASE client=6 buffer=17 dead=0
ZWL LAT draw frame=663 at_us=29252198
ZWL LAT acquired frame=663 at_us=29252209
ZWL DAMAGE frame=663 image=0 x=320 y=233 width=640 height=420
ZWL LAT recorded frame=663 at_us=29252356
ZWL COMPOSE frame=663 image=0 windows=1 at_ms=29265
ZWL LAT submit frame=663 at_us=29265718
ZWL LAT shown frame=663 at_us=29267931
ZWL COMMIT client=6 surface=6 buffer=17 queued=0
ZWL ACQUIRE_FENCE client=6 surface=6 generation=1
ZWL LAT adopt surface=6 at_us=29269327
ZWL RELEASE client=6 buffer=15 dead=0
ZWL LAT draw frame=664 at_us=29269340
ZWL LAT acquired frame=664 at_us=29269349
ZWL DAMAGE frame=664 image=0 x=320 y=233 width=640 height=420
ZWL LAT recorded frame=664 at_us=29269512
ZWL COMPOSE frame=664 image=0 windows=1 at_ms=29281
ZWL LAT submit frame=664 at_us=29281781
ZWL LAT shown frame=664 at_us=29283904
ZWL COMMIT client=6 surface=6 buffer=15 queued=0
ZWL ACQUIRE_FENCE client=6 surface=6 generation=1
ZWL LAT adopt surface=6 at_us=29286796
ZWL RELEASE client=6 buffer=17 dead=0
ZWL LAT draw frame=665 at_us=29286826
ZWL LAT acquired frame=665 at_us=29286837
ZWL DAMAGE frame=665 image=0 x=320 y=233 width=640 height=420
ZWL LAT recorded frame=665 at_us=29287014
ZWL COMPOSE frame=665 image=0 windows=1 at_ms=29299
ZWL LAT submit frame=665 at_us=29299559
ZWL LAT shown frame=665 at_us=29301684
ZWL COMMIT client=6 surface=6 buffer=17 queued=0
ZWL ACQUIRE_FENCE client=6 surface=6 generation=1
ZWL LAT adopt surface=6 at_us=29304276
ZWL RELEASE client=6 buffer=15 dead=0
ZWL LAT draw frame=666 at_us=29304288
ZWL LAT acquired frame=666 at_us=29304297
ZWL DAMAGE frame=666 image=0 x=320 y=233 width=640 height=420
ZWL LAT recorded frame=666 at_us=29304458
ZWL COMPOSE frame=666 image=0 windows=1 at_ms=29315
ZWL LAT submit frame=666 at_us=29315991
ZWL LAT shown frame=666 at_us=29318129
ZWL COMMIT client=6 surface=6 buffer=15 queued=0
ZWL ACQUIRE_FENCE client=6 surface=6 generation=1
ZWL LAT adopt surface=6 at_us=29321807
ZWL RELEASE client=6 buffer=17 dead=0
ZWL LAT draw frame=667 at_us=29321818
ZWL LAT acquired frame=667 at_us=29321828
ZWL DAMAGE frame=667 image=0 x=320 y=233 width=640 height=420
ZWL LAT recorded frame=667 at_us=29321967
ZWL COMPOSE frame=667 image=0 windows=1 at_ms=29332
ZWL LAT submit frame=667 at_us=29332521
ZWL LAT shown frame=667 at_us=29334648
ZWL COMMIT client=6 surface=6 buffer=17 queued=0
ZWL ACQUIRE_FENCE client=6 surface=6 generation=1
ZWL LAT adopt surface=6 at_us=29339382
ZWL RELEASE client=6 buffer=15 dead=0
ZWL LAT draw frame=668 at_us=29339400
ZWL LAT acquired frame=668 at_us=29339414
ZWL DAMAGE frame=668 image=0 x=320 y=233 width=640 height=420
ZWL LAT recorded frame=668 at_us=29339620
ZWL COMPOSE frame=668 image=0 windows=1 at_ms=29353
ZWL LAT submit frame=668 at_us=29353955
ZWL LAT shown frame=668 at_us=29356126
ZWL COMMIT client=6 surface=6 buffer=15 queued=0
ZWL ACQUIRE_FENCE client=6 surface=6 generation=1
ZWL LAT adopt surface=6 at_us=29356748
ZWL RELEASE client=6 buffer=17 dead=0
ZWL LAT draw frame=669 at_us=29356763
ZWL LAT acquired frame=669 at_us=29356773
ZWL DAMAGE frame=669 image=0 x=320 y=233 width=640 height=420
ZWL LAT recorded frame=669 at_us=29356955
ZWL COMPOSE frame=669 image=0 windows=1 at_ms=29368
ZWL LAT submit frame=669 at_us=29368404
ZWL LAT shown frame=669 at_us=29370532
ZWL COMMIT client=6 surface=6 buffer=17 queued=0
ZWL ACQUIRE_FENCE client=6 surface=6 generation=1
ZWL LAT adopt surface=6 at_us=29374101
ZWL RELEASE client=6 buffer=15 dead=0
ZWL LAT draw frame=670 at_us=29374114
ZWL LAT acquired frame=670 at_us=29374124
ZWL DAMAGE frame=670 image=0 x=320 y=233 width=640 height=420
ZWL LAT recorded frame=670 at_us=29374276
ZWL COMPOSE frame=670 image=0 windows=1 at_ms=29385
ZWL LAT submit frame=670 at_us=29385523
ZWL LAT shown frame=670 at_us=29387654
ZWL CLIENT gone client=6 reason=read
ZWL CLEANUP client=6 objects=12 unread_fds=0
ZWL RELEASE client=6 buffer=17 dead=0
ZWL LAT draw frame=671 at_us=29395226
ZWL LAT acquired frame=671 at_us=29395241
ZWL LAT recorded frame=671 at_us=29395365
ZWL COMPOSE frame=671 image=0 windows=0 at_ms=29416
ZWL LAT submit frame=671 at_us=29416554
ZWL CLIENT client=7 fd=23
ZWL LAT shown frame=671 at_us=29416638
ZWL LAT draw frame=672 at_us=29416872
ZWL LAT acquired frame=672 at_us=29416879
ZWL LAT recorded frame=672 at_us=29416967
ZWL COMPOSE frame=672 image=0 windows=0 at_ms=29431
ZWL LAT submit frame=672 at_us=29431601
ZWL LAT shown frame=672 at_us=29431615
ZWL CONFIGURE client=7 surface=6 serial=23 width=0 height=0 fullscreen=0
ZWL IMPORT client=7 buffer=15 width=640 height=420 bytes=1077248
ZWL IMPORT client=7 buffer=17 width=640 height=420 bytes=1077248
ZWL IMPORT client=7 buffer=19 width=640 height=420 bytes=1077248
ZWL COMMIT client=7 surface=6 buffer=15 queued=0
ZWL ACQUIRE_FENCE client=7 surface=6 generation=1
ZWL LAT adopt surface=6 at_us=29489021
ZWL MAP client=7 surface=6 x=320 y=233
ZWL LAT draw frame=673 at_us=29489043
ZWL LAT acquired frame=673 at_us=29489058
ZWL LAT recorded frame=673 at_us=29489276
ZWL COMPOSE frame=673 image=0 windows=1 at_ms=29510
ZWL LAT submit frame=673 at_us=29510254
ZWL LAT shown frame=673 at_us=29512344
ZWL COMMIT client=7 surface=6 buffer=17 queued=0
ZWL ACQUIRE_FENCE client=7 surface=6 generation=1
ZWL LAT adopt surface=6 at_us=29512445
ZWL RELEASE client=7 buffer=15 dead=0
ZWL LAT draw frame=674 at_us=29512480
ZWL LAT acquired frame=674 at_us=29512486
ZWL DAMAGE frame=674 image=0 x=320 y=233 width=640 height=420
ZWL LAT recorded frame=674 at_us=29512632
ZWL COMPOSE frame=674 image=0 windows=1 at_ms=29519
ZWL LAT submit frame=674 at_us=29519754
ZWL LAT shown frame=674 at_us=29521851
ZWL COMMIT client=7 surface=6 buffer=15 queued=0
ZWL ACQUIRE_FENCE client=7 surface=6 generation=1
ZWL LAT adopt surface=6 at_us=29529981
ZWL RELEASE client=7 buffer=17 dead=0
ZWL LAT draw frame=675 at_us=29529998
ZWL LAT acquired frame=675 at_us=29530013
ZWL DAMAGE frame=675 image=0 x=320 y=233 width=640 height=420
ZWL LAT recorded frame=675 at_us=29530223
ZWL COMPOSE frame=675 image=0 windows=1 at_ms=29539
ZWL LAT submit frame=675 at_us=29539690
ZWL LAT shown frame=675 at_us=29541838
ZWL COMMIT client=7 surface=6 buffer=17 queued=0
ZWL ACQUIRE_FENCE client=7 surface=6 generation=1
ZWL LAT adopt surface=6 at_us=29547514
ZWL RELEASE client=7 buffer=15 dead=0
ZWL LAT draw frame=676 at_us=29547530
ZWL LAT acquired frame=676 at_us=29547543
ZWL DAMAGE frame=676 image=0 x=320 y=233 width=640 height=420
ZWL LAT recorded frame=676 at_us=29547728
ZWL COMPOSE frame=676 image=0 windows=1 at_ms=29558
ZWL LAT submit frame=676 at_us=29558604
ZWL LAT shown frame=676 at_us=29560730
ZWL COMMIT client=7 surface=6 buffer=15 queued=0
ZWL ACQUIRE_FENCE client=7 surface=6 generation=1
ZWL LAT adopt surface=6 at_us=29564881
ZWL RELEASE client=7 buffer=17 dead=0
ZWL LAT draw frame=677 at_us=29564895
ZWL LAT acquired frame=677 at_us=29564907
ZWL DAMAGE frame=677 image=0 x=320 y=233 width=640 height=420
ZWL LAT recorded frame=677 at_us=29565089
ZWL COMPOSE frame=677 image=0 windows=1 at_ms=29574
ZWL LAT submit frame=677 at_us=29574713
ZWL LAT shown frame=677 at_us=29576845
ZWL COMMIT client=7 surface=6 buffer=17 queued=0
ZWL ACQUIRE_FENCE client=7 surface=6 generation=1
ZWL LAT adopt surface=6 at_us=29582509
ZWL RELEASE client=7 buffer=15 dead=0
ZWL LAT draw frame=678 at_us=29582526
ZWL LAT acquired frame=678 at_us=29582540
ZWL DAMAGE frame=678 image=0 x=320 y=233 width=640 height=420
ZWL LAT recorded frame=678 at_us=29582739
ZWL COMPOSE frame=678 image=0 windows=1 at_ms=29594
ZWL LAT submit frame=678 at_us=29594054
ZWL LAT shown frame=678 at_us=29596194
ZWL COMMIT client=7 surface=6 buffer=15 queued=0
ZWL ACQUIRE_FENCE client=7 surface=6 generation=1
ZWL LAT adopt surface=6 at_us=29600226
ZWL RELEASE client=7 buffer=17 dead=0
ZWL LAT draw frame=679 at_us=29600243
ZWL LAT acquired frame=679 at_us=29600257
ZWL DAMAGE frame=679 image=0 x=320 y=233 width=640 height=420
ZWL LAT recorded frame=679 at_us=29600450
ZWL COMPOSE frame=679 image=0 windows=1 at_ms=29614
ZWL LAT submit frame=679 at_us=29614193
ZWL LAT shown frame=679 at_us=29616320
ZWL COMMIT client=7 surface=6 buffer=17 queued=0
ZWL ACQUIRE_FENCE client=7 surface=6 generation=1
ZWL LAT adopt surface=6 at_us=29617546
ZWL RELEASE client=7 buffer=15 dead=0
ZWL LAT draw frame=680 at_us=29617561
ZWL LAT acquired frame=680 at_us=29617572
ZWL DAMAGE frame=680 image=0 x=320 y=233 width=640 height=420
ZWL LAT recorded frame=680 at_us=29617756
ZWL COMPOSE frame=680 image=0 windows=1 at_ms=29629
ZWL LAT submit frame=680 at_us=29629121
ZWL LAT shown frame=680 at_us=29631244
ZWL COMMIT client=7 surface=6 buffer=15 queued=0
ZWL ACQUIRE_FENCE client=7 surface=6 generation=1
ZWL LAT adopt surface=6 at_us=29634965
ZWL RELEASE client=7 buffer=17 dead=0
ZWL LAT draw frame=681 at_us=29634978
ZWL LAT acquired frame=681 at_us=29634988
ZWL DAMAGE frame=681 image=0 x=320 y=233 width=640 height=420
ZWL LAT recorded frame=681 at_us=29635136
ZWL COMPOSE frame=681 image=0 windows=1 at_ms=29645
ZWL LAT submit frame=681 at_us=29645282
ZWL LAT shown frame=681 at_us=29647413
ZWL COMMIT client=7 surface=6 buffer=17 queued=0
ZWL ACQUIRE_FENCE client=7 surface=6 generation=1
ZWL LAT adopt surface=6 at_us=29652620
ZWL RELEASE client=7 buffer=15 dead=0
ZWL LAT draw frame=682 at_us=29652637
ZWL LAT acquired frame=682 at_us=29652651
ZWL DAMAGE frame=682 image=0 x=320 y=233 width=640 height=420
ZWL LAT recorded frame=682 at_us=29652890
ZWL COMPOSE frame=682 image=0 windows=1 at_ms=29664
ZWL LAT submit frame=682 at_us=29664936
ZWL LAT shown frame=682 at_us=29667111
ZWL COMMIT client=7 surface=6 buffer=15 queued=0
ZWL ACQUIRE_FENCE client=7 surface=6 generation=1
ZWL LAT adopt surface=6 at_us=29670045
ZWL RELEASE client=7 buffer=17 dead=0
ZWL LAT draw frame=683 at_us=29670062
ZWL LAT acquired frame=683 at_us=29670076
ZWL DAMAGE frame=683 image=0 x=320 y=233 width=640 height=420
ZWL LAT recorded frame=683 at_us=29670254
ZWL COMPOSE frame=683 image=0 windows=1 at_ms=29681
ZWL LAT submit frame=683 at_us=29681437
ZWL LAT shown frame=683 at_us=29683565
ZWL COMMIT client=7 surface=6 buffer=17 queued=0
ZWL ACQUIRE_FENCE client=7 surface=6 generation=1
ZWL LAT adopt surface=6 at_us=29687487
ZWL RELEASE client=7 buffer=15 dead=0
ZWL LAT draw frame=684 at_us=29687501
ZWL LAT acquired frame=684 at_us=29687512
ZWL DAMAGE frame=684 image=0 x=320 y=233 width=640 height=420
ZWL LAT recorded frame=684 at_us=29687688
ZWL COMPOSE frame=684 image=0 windows=1 at_ms=29698
ZWL LAT submit frame=684 at_us=29698935
ZWL LAT shown frame=684 at_us=29701070
ZWL COMMIT client=7 surface=6 buffer=15 queued=0
ZWL ACQUIRE_FENCE client=7 surface=6 generation=1
ZWL LAT adopt surface=6 at_us=29704893
ZWL RELEASE client=7 buffer=17 dead=0
ZWL LAT draw frame=685 at_us=29704908
ZWL LAT acquired frame=685 at_us=29704920
ZWL DAMAGE frame=685 image=0 x=320 y=233 width=640 height=420
ZWL LAT recorded frame=685 at_us=29705096
ZWL COMPOSE frame=685 image=0 windows=1 at_ms=29715
ZWL LAT submit frame=685 at_us=29715967
ZWL LAT shown frame=685 at_us=29718120
ZWL COMMIT client=7 surface=6 buffer=17 queued=0
ZWL ACQUIRE_FENCE client=7 surface=6 generation=1
ZWL LAT adopt surface=6 at_us=29722549
ZWL RELEASE client=7 buffer=15 dead=0
ZWL LAT draw frame=686 at_us=29722566
ZWL LAT acquired frame=686 at_us=29722579
ZWL DAMAGE frame=686 image=0 x=320 y=233 width=640 height=420
ZWL LAT recorded frame=686 at_us=29722776
ZWL COMPOSE frame=686 image=0 windows=1 at_ms=29736
ZWL LAT submit frame=686 at_us=29736968
ZWL LAT shown frame=686 at_us=29739134
ZWL COMMIT client=7 surface=6 buffer=15 queued=0
ZWL ACQUIRE_FENCE client=7 surface=6 generation=1
ZWL LAT adopt surface=6 at_us=29740205
ZWL RELEASE client=7 buffer=17 dead=0
ZWL LAT draw frame=687 at_us=29740220
ZWL LAT acquired frame=687 at_us=29740234
ZWL DAMAGE frame=687 image=0 x=320 y=233 width=640 height=420
ZWL LAT recorded frame=687 at_us=29740414
ZWL COMPOSE frame=687 image=0 windows=1 at_ms=29751
ZWL LAT submit frame=687 at_us=29751416
ZWL LAT shown frame=687 at_us=29753537
ZWL PERF 5009ms: passes=515 timeouts=395 | poll 74.1% work 21.9%
ZWL PERF compose frames=82 draw_ms=12.94 (acquire 0.01 submit+present 12.73) frame_ms=14.98
ZWL COMMIT client=7 surface=6 buffer=17 queued=0
ZWL ACQUIRE_FENCE client=7 surface=6 generation=1
ZWL LAT adopt surface=6 at_us=29757782
ZWL RELEASE client=7 buffer=15 dead=0
ZWL LAT draw frame=688 at_us=29757794
ZWL LAT acquired frame=688 at_us=29757805
ZWL DAMAGE frame=688 image=0 x=320 y=233 width=640 height=420
ZWL LAT recorded frame=688 at_us=29757956
ZWL COMPOSE frame=688 image=0 windows=1 at_ms=29769
ZWL LAT submit frame=688 at_us=29769456
ZWL LAT shown frame=688 at_us=29771583
ZWL COMMIT client=7 surface=6 buffer=15 queued=0
ZWL ACQUIRE_FENCE client=7 surface=6 generation=1
ZWL LAT adopt surface=6 at_us=29775317
ZWL RELEASE client=7 buffer=17 dead=0
ZWL LAT draw frame=689 at_us=29775330
ZWL LAT acquired frame=689 at_us=29775341
ZWL DAMAGE frame=689 image=0 x=320 y=233 width=640 height=420
ZWL LAT recorded frame=689 at_us=29775503
ZWL COMPOSE frame=689 image=0 windows=1 at_ms=29789
ZWL LAT submit frame=689 at_us=29789174
ZWL LAT shown frame=689 at_us=29791338
ZWL COMMIT client=7 surface=6 buffer=17 queued=0
ZWL ACQUIRE_FENCE client=7 surface=6 generation=1
ZWL LAT adopt surface=6 at_us=29792820
ZWL RELEASE client=7 buffer=15 dead=0
ZWL LAT draw frame=690 at_us=29792834
ZWL LAT acquired frame=690 at_us=29792846
ZWL DAMAGE frame=690 image=0 x=320 y=233 width=640 height=420
ZWL LAT recorded frame=690 at_us=29793057
ZWL COMPOSE frame=690 image=0 windows=1 at_ms=29803
ZWL LAT submit frame=690 at_us=29803652
ZWL LAT shown frame=690 at_us=29805805
ZWL COMMIT client=7 surface=6 buffer=15 queued=0
ZWL ACQUIRE_FENCE client=7 surface=6 generation=1
ZWL LAT adopt surface=6 at_us=29810435
ZWL RELEASE client=7 buffer=17 dead=0
ZWL LAT draw frame=691 at_us=29810448
ZWL LAT acquired frame=691 at_us=29810460
ZWL DAMAGE frame=691 image=0 x=320 y=233 width=640 height=420
ZWL LAT recorded frame=691 at_us=29810649
ZWL COMPOSE frame=691 image=0 windows=1 at_ms=29821
ZWL LAT submit frame=691 at_us=29821976
ZWL LAT shown frame=691 at_us=29824074
ZWL COMMIT client=7 surface=6 buffer=17 queued=0
ZWL ACQUIRE_FENCE client=7 surface=6 generation=1
ZWL LAT adopt surface=6 at_us=29827879
ZWL RELEASE client=7 buffer=15 dead=0
ZWL LAT draw frame=692 at_us=29827894
ZWL LAT acquired frame=692 at_us=29827906
ZWL DAMAGE frame=692 image=0 x=320 y=233 width=640 height=420
ZWL LAT recorded frame=692 at_us=29828123
ZWL COMPOSE frame=692 image=0 windows=1 at_ms=29839
ZWL LAT submit frame=692 at_us=29839090
ZWL LAT shown frame=692 at_us=29841318
ZWL CLIENT gone client=7 reason=read
ZWL CLEANUP client=7 objects=12 unread_fds=0
ZWL RELEASE client=7 buffer=17 dead=0
ZWL LAT draw frame=693 at_us=29849691
ZWL LAT acquired frame=693 at_us=29849708
ZWL LAT recorded frame=693 at_us=29849834
ZWL COMPOSE frame=693 image=0 windows=0 at_ms=29873
ZWL LAT submit frame=693 at_us=29873381
ZWL CLIENT client=8 fd=23
ZWL LAT shown frame=693 at_us=29873457
ZWL CONFIGURE client=8 surface=6 serial=28 width=0 height=0 fullscreen=0
ZWL LAT draw frame=694 at_us=29873786
ZWL LAT acquired frame=694 at_us=29873793
ZWL LAT recorded frame=694 at_us=29873868
ZWL COMPOSE frame=694 image=0 windows=0 at_ms=29888
ZWL LAT submit frame=694 at_us=29888189
ZWL LAT shown frame=694 at_us=29890269
ZWL IMPORT client=8 buffer=15 width=640 height=420 bytes=1077248
ZWL IMPORT client=8 buffer=17 width=640 height=420 bytes=1077248
ZWL IMPORT client=8 buffer=19 width=640 height=420 bytes=1077248
ZWL COMMIT client=8 surface=6 buffer=15 queued=0
ZWL ACQUIRE_FENCE client=8 surface=6 generation=1
ZWL LAT adopt surface=6 at_us=29942266
ZWL MAP client=8 surface=6 x=320 y=233
ZWL LAT draw frame=695 at_us=29942290
ZWL LAT acquired frame=695 at_us=29942309
ZWL LAT recorded frame=695 at_us=29942555
ZWL COMPOSE frame=695 image=0 windows=1 at_ms=29964
ZWL LAT submit frame=695 at_us=29964541
ZWL LAT shown frame=695 at_us=29966702
ZWL COMMIT client=8 surface=6 buffer=17 queued=0
ZWL ACQUIRE_FENCE client=8 surface=6 generation=1
ZWL LAT adopt surface=6 at_us=29966844
ZWL RELEASE client=8 buffer=15 dead=0
ZWL LAT draw frame=696 at_us=29966853
ZWL LAT acquired frame=696 at_us=29966860
ZWL DAMAGE frame=696 image=0 x=320 y=233 width=640 height=420
ZWL LAT recorded frame=696 at_us=29967020
ZWL COMPOSE frame=696 image=0 windows=1 at_ms=29974
ZWL LAT submit frame=696 at_us=29974410
ZWL LAT shown frame=696 at_us=29976529
ZWL COMMIT client=8 surface=6 buffer=15 queued=0
ZWL ACQUIRE_FENCE client=8 surface=6 generation=1
ZWL LAT adopt surface=6 at_us=29984520
ZWL RELEASE client=8 buffer=17 dead=0
ZWL LAT draw frame=697 at_us=29984537
ZWL LAT acquired frame=697 at_us=29984551
ZWL DAMAGE frame=697 image=0 x=320 y=233 width=640 height=420
ZWL LAT recorded frame=697 at_us=29984739
ZWL COMPOSE frame=697 image=0 windows=1 at_ms=29994
ZWL LAT submit frame=697 at_us=29994609
ZWL LAT shown frame=697 at_us=29996745
ZWL COMMIT client=8 surface=6 buffer=17 queued=0
ZWL ACQUIRE_FENCE client=8 surface=6 generation=1
ZWL LAT adopt surface=6 at_us=30002008
ZWL RELEASE client=8 buffer=15 dead=0
ZWL LAT draw frame=698 at_us=30002024
ZWL LAT acquired frame=698 at_us=30002036
ZWL DAMAGE frame=698 image=0 x=320 y=233 width=640 height=420
ZWL LAT recorded frame=698 at_us=30002221
ZWL COMPOSE frame=698 image=0 windows=1 at_ms=30013
ZWL LAT submit frame=698 at_us=30013140
ZWL LAT shown frame=698 at_us=30015304
ZWL COMMIT client=8 surface=6 buffer=15 queued=0
ZWL ACQUIRE_FENCE client=8 surface=6 generation=1
ZWL LAT adopt surface=6 at_us=30019523
ZWL RELEASE client=8 buffer=17 dead=0
ZWL LAT draw frame=699 at_us=30019537
ZWL LAT acquired frame=699 at_us=30019549
ZWL DAMAGE frame=699 image=0 x=320 y=233 width=640 height=420
ZWL LAT recorded frame=699 at_us=30019716
ZWL COMPOSE frame=699 image=0 windows=1 at_ms=30032
ZWL LAT submit frame=699 at_us=30032950
ZWL LAT shown frame=699 at_us=30035137
ZWL COMMIT client=8 surface=6 buffer=17 queued=0
ZWL ACQUIRE_FENCE client=8 surface=6 generation=1
ZWL LAT adopt surface=6 at_us=30036964
ZWL RELEASE client=8 buffer=15 dead=0
ZWL LAT draw frame=700 at_us=30036981
ZWL LAT acquired frame=700 at_us=30036993
ZWL DAMAGE frame=700 image=0 x=320 y=233 width=640 height=420
ZWL LAT recorded frame=700 at_us=30037204
ZWL COMPOSE frame=700 image=0 windows=1 at_ms=30048
ZWL LAT submit frame=700 at_us=30048522
ZWL LAT shown frame=700 at_us=30050659
ZWL COMMIT client=8 surface=6 buffer=15 queued=0
ZWL ACQUIRE_FENCE client=8 surface=6 generation=1
ZWL LAT adopt surface=6 at_us=30054504
ZWL RELEASE client=8 buffer=17 dead=0
ZWL LAT draw frame=701 at_us=30054521
ZWL LAT acquired frame=701 at_us=30054536
ZWL DAMAGE frame=701 image=0 x=320 y=233 width=640 height=420
ZWL LAT recorded frame=701 at_us=30054723
ZWL COMPOSE frame=701 image=0 windows=1 at_ms=30065
ZWL LAT submit frame=701 at_us=30065988
ZWL LAT shown frame=701 at_us=30068058
ZWL COMMIT client=8 surface=6 buffer=17 queued=0
ZWL ACQUIRE_FENCE client=8 surface=6 generation=1
ZWL LAT adopt surface=6 at_us=30071969
ZWL RELEASE client=8 buffer=15 dead=0
ZWL LAT draw frame=702 at_us=30071985
ZWL LAT acquired frame=702 at_us=30071997
ZWL DAMAGE frame=702 image=0 x=320 y=233 width=640 height=420
ZWL LAT recorded frame=702 at_us=30072225
ZWL COMPOSE frame=702 image=0 windows=1 at_ms=30083
ZWL LAT submit frame=702 at_us=30083420
ZWL LAT shown frame=702 at_us=30085559
ZWL COMMIT client=8 surface=6 buffer=15 queued=0
ZWL ACQUIRE_FENCE client=8 surface=6 generation=1
ZWL LAT adopt surface=6 at_us=30089079
ZWL RELEASE client=8 buffer=17 dead=0
ZWL LAT draw frame=703 at_us=30089091
ZWL LAT acquired frame=703 at_us=30089101
ZWL DAMAGE frame=703 image=0 x=320 y=233 width=640 height=420
ZWL LAT recorded frame=703 at_us=30089243
ZWL COMPOSE frame=703 image=0 windows=1 at_ms=30099
ZWL LAT submit frame=703 at_us=30099410
ZWL LAT shown frame=703 at_us=30101546
ZWL COMMIT client=8 surface=6 buffer=17 queued=0
ZWL ACQUIRE_FENCE client=8 surface=6 generation=1
ZWL LAT adopt surface=6 at_us=30106721
ZWL RELEASE client=8 buffer=15 dead=0
ZWL LAT draw frame=704 at_us=30106739
ZWL LAT acquired frame=704 at_us=30106753
ZWL DAMAGE frame=704 image=0 x=320 y=233 width=640 height=420
ZWL LAT recorded frame=704 at_us=30106972
ZWL COMPOSE frame=704 image=0 windows=1 at_ms=30118
ZWL LAT submit frame=704 at_us=30118373
ZWL LAT shown frame=704 at_us=30120503
ZWL COMMIT client=8 surface=6 buffer=15 queued=0
ZWL ACQUIRE_FENCE client=8 surface=6 generation=1
ZWL LAT adopt surface=6 at_us=30124288
ZWL RELEASE client=8 buffer=17 dead=0
ZWL LAT draw frame=705 at_us=30124305
ZWL LAT acquired frame=705 at_us=30124319
ZWL DAMAGE frame=705 image=0 x=320 y=233 width=640 height=420
ZWL LAT recorded frame=705 at_us=30124515
ZWL COMPOSE frame=705 image=0 windows=1 at_ms=30135
ZWL LAT submit frame=705 at_us=30135638
ZWL LAT shown frame=705 at_us=30137767
ZWL COMMIT client=8 surface=6 buffer=17 queued=0
ZWL ACQUIRE_FENCE client=8 surface=6 generation=1
ZWL LAT adopt surface=6 at_us=30141566
ZWL RELEASE client=8 buffer=15 dead=0
ZWL LAT draw frame=706 at_us=30141579
ZWL LAT acquired frame=706 at_us=30141590
ZWL DAMAGE frame=706 image=0 x=320 y=233 width=640 height=420
ZWL LAT recorded frame=706 at_us=30141755
ZWL COMPOSE frame=706 image=0 windows=1 at_ms=30152
ZWL LAT submit frame=706 at_us=30152647
ZWL LAT shown frame=706 at_us=30154784
ZWL COMMIT client=8 surface=6 buffer=15 queued=0
ZWL ACQUIRE_FENCE client=8 surface=6 generation=1
ZWL LAT adopt surface=6 at_us=30159093
ZWL RELEASE client=8 buffer=17 dead=0
ZWL LAT draw frame=707 at_us=30159108
ZWL LAT acquired frame=707 at_us=30159120
ZWL DAMAGE frame=707 image=0 x=320 y=233 width=640 height=420
ZWL LAT recorded frame=707 at_us=30159300
ZWL COMPOSE frame=707 image=0 windows=1 at_ms=30169
ZWL LAT submit frame=707 at_us=30169736
ZWL LAT shown frame=707 at_us=30171872
ZWL COMMIT client=8 surface=6 buffer=17 queued=0
ZWL ACQUIRE_FENCE client=8 surface=6 generation=1
ZWL LAT adopt surface=6 at_us=30176732
ZWL RELEASE client=8 buffer=15 dead=0
ZWL LAT draw frame=708 at_us=30176750
ZWL LAT acquired frame=708 at_us=30176763
ZWL DAMAGE frame=708 image=0 x=320 y=233 width=640 height=420
ZWL LAT recorded frame=708 at_us=30177012
ZWL COMPOSE frame=708 image=0 windows=1 at_ms=30188
ZWL LAT submit frame=708 at_us=30188904
ZWL LAT shown frame=708 at_us=30191033
ZWL COMMIT client=8 surface=6 buffer=15 queued=0
ZWL ACQUIRE_FENCE client=8 surface=6 generation=1
ZWL LAT adopt surface=6 at_us=30194337
ZWL RELEASE client=8 buffer=17 dead=0
ZWL LAT draw frame=709 at_us=30194352
ZWL LAT acquired frame=709 at_us=30194365
ZWL DAMAGE frame=709 image=0 x=320 y=233 width=640 height=420
ZWL LAT recorded frame=709 at_us=30194535
ZWL COMPOSE frame=709 image=0 windows=1 at_ms=30205
ZWL LAT submit frame=709 at_us=30205757
ZWL LAT shown frame=709 at_us=30207885
ZWL COMMIT client=8 surface=6 buffer=17 queued=0
ZWL ACQUIRE_FENCE client=8 surface=6 generation=1
ZWL LAT adopt surface=6 at_us=30211631
ZWL RELEASE client=8 buffer=15 dead=0
ZWL LAT draw frame=710 at_us=30211644
ZWL LAT acquired frame=710 at_us=30211655
ZWL DAMAGE frame=710 image=0 x=320 y=233 width=640 height=420
ZWL LAT recorded frame=710 at_us=30211830
ZWL COMPOSE frame=710 image=0 windows=1 at_ms=30225
ZWL LAT submit frame=710 at_us=30225246
ZWL LAT shown frame=710 at_us=30227408
ZWL COMMIT client=8 surface=6 buffer=15 queued=0
ZWL ACQUIRE_FENCE client=8 surface=6 generation=1
ZWL LAT adopt surface=6 at_us=30228978
ZWL RELEASE client=8 buffer=17 dead=0
ZWL LAT draw frame=711 at_us=30228990
ZWL LAT acquired frame=711 at_us=30229000
ZWL DAMAGE frame=711 image=0 x=320 y=233 width=640 height=420
ZWL LAT recorded frame=711 at_us=30229149
ZWL COMPOSE frame=711 image=0 windows=1 at_ms=30238
ZWL LAT submit frame=711 at_us=30238980
ZWL LAT shown frame=711 at_us=30241200
ZWL COMMIT client=8 surface=6 buffer=17 queued=0
ZWL ACQUIRE_FENCE client=8 surface=6 generation=1
ZWL LAT adopt surface=6 at_us=30246657
ZWL RELEASE client=8 buffer=15 dead=0
ZWL LAT draw frame=712 at_us=30246674
ZWL LAT acquired frame=712 at_us=30246688
ZWL DAMAGE frame=712 image=0 x=320 y=233 width=640 height=420
ZWL LAT recorded frame=712 at_us=30246912
ZWL COMPOSE frame=712 image=0 windows=1 at_ms=30258
ZWL LAT submit frame=712 at_us=30258108
ZWL LAT shown frame=712 at_us=30260239
ZWL COMMIT client=8 surface=6 buffer=15 queued=0
ZWL ACQUIRE_FENCE client=8 surface=6 generation=1
ZWL LAT adopt surface=6 at_us=30263980
ZWL RELEASE client=8 buffer=17 dead=0
ZWL LAT draw frame=713 at_us=30263996
ZWL LAT acquired frame=713 at_us=30264038
ZWL DAMAGE frame=713 image=0 x=320 y=233 width=640 height=420
ZWL LAT recorded frame=713 at_us=30264211
ZWL COMPOSE frame=713 image=0 windows=1 at_ms=30277
ZWL LAT submit frame=713 at_us=30277772
ZWL LAT shown frame=713 at_us=30279900
ZWL COMMIT client=8 surface=6 buffer=17 queued=0
ZWL ACQUIRE_FENCE client=8 surface=6 generation=1
ZWL LAT adopt surface=6 at_us=30281220
ZWL RELEASE client=8 buffer=15 dead=0
ZWL LAT draw frame=714 at_us=30281232
ZWL LAT acquired frame=714 at_us=30281241
ZWL DAMAGE frame=714 image=0 x=320 y=233 width=640 height=420
ZWL LAT recorded frame=714 at_us=30281402
ZWL COMPOSE frame=714 image=0 windows=1 at_ms=30294
ZWL LAT submit frame=714 at_us=30294037
ZWL LAT shown frame=714 at_us=30296167
ZWL CLIENT gone client=8 reason=read
ZWL CLEANUP client=8 objects=12 unread_fds=0
ZWL RELEASE client=8 buffer=17 dead=0
ZWL LAT draw frame=715 at_us=30302346
ZWL LAT acquired frame=715 at_us=30302358
ZWL LAT recorded frame=715 at_us=30302473
ZWL COMPOSE frame=715 image=0 windows=0 at_ms=30321
ZWL LAT submit frame=715 at_us=30321702
ZWL LAT shown frame=715 at_us=30323793
ZWL LAT draw frame=716 at_us=31169501
ZWL LAT acquired frame=716 at_us=31169546
ZWL LAT recorded frame=716 at_us=31169756
ZWL COMPOSE frame=716 image=0 windows=0 at_ms=31190
ZWL LAT submit frame=716 at_us=31190390
ZWL LAT shown frame=716 at_us=31192494
ZWL CLIENT client=9 fd=23
ZWL IMPORT_ERROR client=9 errno=22
ZWL ERROR client=9 object=6 code=6 reason=buffer layout exceeds allocation emit=0
ZWL CLIENT gone client=9 reason=error
ZWL CLEANUP client=9 objects=4 unread_fds=0
ZWL CLEANUP client=2 objects=19 unread_fds=0
ZWL DESKTOP gone client=2
ZWL RELEASE client=2 buffer=22 dead=0
ZWL IME lost pid=994
ZWL CLEANUP client=1 objects=10 unread_fds=0
ZFILES DONE reason=disconnected
KEI-IME DONE
ZWL OUTPUT closed
ZWL EXIT frames=716 error=0 cleanup_failed=0 pid=969 input_events=0 seat_events=2 at_ms=32576
